sample_id,clim_precip,clim_temp,soil_texture,topo_elevation,topo_slope
0,0.1150220653035057,290.2861475285239,8,60,2.1739998
1,0.1172688589267915,290.40797212534426,8,67,2.171378
2,0.1238686950349683,290.8646920822385,8,56,1.4549625
3,0.1258473908243787,291.11550378054375,8,46,3.4684653
4,0.1092280135602596,289.5493351975145,8,118,2.2833185
5,0.1211203078165568,290.6386878807886,8,56,1.4592474
6,0.1218691031147133,290.7644602477409,5,49,1.4570484
7,0.1195489444704628,290.55669895012824,8,62,1.4596932
8,0.1154713082877478,290.310660525258,8,58,1.1341499
9,0.1266733911097756,291.2419285960221,8,43,1.112444
10,0.1258187718180599,291.04609636064146,8,50,2.2330914
11,0.1212759383012712,290.65520956242665,8,63,1.4583213
12,0.1131052972457482,290.1748915815223,8,69,0.92740995
13,0.1091582292516757,289.4794525523735,8,106,1.1427461
14,0.1218632332077322,290.86415506691026,4,49,1.4550024
15,0.1131682186098598,290.1814247748628,7,63,2.9318256
16,0.1093639719532721,289.61603384284854,7,109,2.9394264
17,0.1087954040365887,288.8825669136055,7,77,0.92740995
18,0.111312526211929,289.3022283726896,8,102,14.805317
19,0.1116077081784109,289.7019041584315,8,75,1.1421247
20,0.1104019169249082,289.5266524689247,5,73,3.4252293
21,0.1181851958411903,290.4763522210325,8,76,3.8611166
22,0.1218790297591841,290.657791277062,8,64,1.1261836
23,0.1117394546120786,289.9097458742279,8,73,2.461219
24,0.1123225304860515,289.77610078766475,8,69,4.6273675
25,0.1145425147181195,290.25718304419814,7,59,2.173726
26,0.1075433549462107,289.00296670809985,8,167,2.9454074
27,0.1223211807357864,290.72166585893183,8,56,2.9136646
28,0.1149298234445306,290.2806001436447,8,62,0.92740995
29,0.1129405812920821,290.14353206759966,7,67,2.1741295
30,0.1184686870096605,290.4927889439723,8,67,1.4620318
31,0.1180080173097883,290.46460855773785,8,65,0.92740995
32,0.1205630277780511,290.59740798726733,8,56,2.1698773
33,0.1188604361262971,290.52089962855774,4,52,2.1710544
34,0.1258383171860553,291.1148920130385,8,51,0.0
35,0.1216507598311932,290.7007792344004,8,49,1.12565
36,0.1220680308402829,290.91218101112105,5,48,1.1200699
37,0.1228600025857835,290.7196036315765,8,63,0.0
38,0.1233778474341753,290.81573965381136,5,55,1.4555953
39,0.1100792001215813,289.5298981497777,7,70,0.0
40,0.1167759344557847,290.3778283038923,8,53,3.3930998
41,0.1113730251454066,289.98155227831273,8,66,0.92740995
42,0.1120175328417485,289.6414856266966,8,70,0.92740995
43,0.1218225106043965,291.09288253011096,8,37,0.92740995
44,0.1164049018050047,290.36546184575013,8,61,3.8669364
45,0.1123460484013457,289.7682820778249,8,66,1.1419337
46,0.1200372051879248,290.57469010360273,8,53,3.8543518
47,0.1092877780482133,289.27556993590014,7,69,6.3373632
48,0.1211213556393872,290.6132951770243,8,62,2.436356
49,0.1221852776733337,291.0896487057838,2,35,2.1630037
50,0.1206184929336747,290.62389044538577,8,69,1.1273633
51,0.1219405345608462,290.6888613336872,8,55,0.0
52,0.1153947780190824,290.3074270663358,8,63,3.0021517
53,0.1237592363366581,290.92864597654454,8,55,0.0
54,0.1184876874078652,290.49682933856457,5,61,2.260023
55,0.1266615117933581,291.2458287080289,8,44,1.8543341
56,0.1247597187315264,290.9365241550642,8,55,0.0
57,0.1220860790914305,290.8590398952375,7,49,1.1214597
58,0.1119049710005267,290.1105192276792,7,66,1.468306
59,0.1085305784488567,289.066841337307,8,80,0.92740995
60,0.107346271558894,288.91817202316463,7,197,3.0065598
61,0.1114673472977468,290.02948863146605,8,65,1.4690721
62,0.1183575265258669,290.47278081175153,7,58,1.4624367
63,0.1236827474664122,291.1899465873339,1,38,2.2255437
64,0.1239890417555773,290.8831305312085,5,51,0.0
65,0.1226012463520706,290.7948073590795,8,44,2.2452526
66,0.1132361499880435,290.18496813344115,7,61,2.2726312
67,0.1125429490129542,290.139210328808,5,72,9.145241
68,0.1139561341895156,290.21962555888786,4,62,0.0
69,0.1222664587464258,290.80095511252546,4,50,1.4562502
70,0.1115270965732084,289.7712623955222,8,73,2.463053
71,0.1123132754027367,289.9675699495225,8,124,0.92740995
72,0.1133923693889623,290.1917089168156,8,67,0.92740995
73,0.1074770718047024,288.9478700279877,8,179,9.794517
74,0.1114806091199778,289.92204915167497,5,68,4.3467355
75,0.1127657758650021,289.9897639015307,7,67,5.154124
76,0.1095605681675703,289.5270184329565,8,95,4.6273675
77,0.1202957707948224,290.6016590763915,8,63,1.1265788
78,0.1107642018782443,289.9168040769369,4,67,1.1401141
79,0.1248045092965917,291.0950319980629,8,48,2.1637206
80,0.1187879598741061,290.5193100246046,4,63,0.92740995
81,0.1218772728785322,290.734200918814,8,53,2.248725
82,0.1203945393767783,290.6016879519594,8,60,1.1277565
83,0.120210924720749,290.4338781026059,3,59,1.1294714
84,0.115917308308445,290.3372217268102,8,63,1.1337051
85,0.1214166494892626,290.6782117498563,8,105,5.816018
86,0.1226454179264634,290.83725275027587,8,48,0.0
87,0.1121114242977047,289.660458942613,7,66,0.92740995
88,0.1208024606493955,290.6223156122873,8,54,3.50264
89,0.1168838672947787,290.3952467497371,8,64,2.4464245
90,0.1091475082297415,289.26046256806984,8,74,2.9438245
91,0.1245773316886046,290.9180386755346,8,55,0.0
92,0.1095298507845552,289.4865612865016,8,73,1.4716542
93,0.1231463329965752,290.98725578803777,8,46,3.5654209
94,0.1098426611884093,289.812828833692,8,220,3.8753557
95,0.1210692973290656,290.63998166905554,8,58,2.4358964
96,0.1245677013491437,290.942651221537,8,51,0.92740995
97,0.1073618914076385,288.9028753262527,8,180,1.8543341
98,0.121382599553198,290.65929803328123,8,55,2.9159658
99,0.1104452557572423,289.8915960038404,8,77,7.345601
100,0.1179457772058986,290.45170353054743,8,62,1.4624544
101,0.1251373095600932,291.0366929980464,8,51,1.1172062
102,0.1145216457155541,290.25715856198,8,65,1.466076
103,0.1178231506270786,290.457918446796,4,61,1.4628335
104,0.1134112146013505,290.1924634152888,8,66,0.0
105,0.1087995706872773,288.5852647786948,7,79,1.1497319
106,0.1074225276490108,288.93197468865924,8,194,3.4344916
107,0.110273960511177,289.92798766644154,8,154,2.1761234
108,0.1244018479185528,291.17768763472685,8,41,1.4490749
109,0.114529389578072,290.25707821126286,8,72,1.4663684
110,0.1215922571966634,290.6646493093819,8,56,0.0
111,0.121915083107924,290.8450894081232,8,51,1.4553899
112,0.1228863443108341,290.77765690349696,4,57,0.0
113,0.1246860249109182,291.0463737633544,2,45,2.901352
114,0.1197415052088498,290.53608886331347,8,68,2.9999883
115,0.1197334107488144,290.5618176527674,8,59,3.3824887
116,0.1187523502778619,290.50767659779456,8,53,8.704555
117,0.1108210583726823,289.2692587475076,8,117,4.765782
118,0.1246454004165557,290.9172205636361,8,56,1.4538221
119,0.118039927244184,290.463270700986,8,62,1.4624456
120,0.1116263824151308,290.0956631311844,8,133,2.175346
121,0.1228839197936031,290.857615317579,2,45,0.92740995
122,0.1121369912119111,290.12231445132,7,211,3.8785894
123,0.1116176669768242,290.0891814297695,8,145,2.456583
124,0.1155472372284727,290.3029945006295,7,64,3.3937552
125,0.1220869941160094,290.79223696758635,8,52,1.4564451
126,0.116220548459559,290.3573153300893,8,65,1.1335622
127,0.1185289872031427,290.4905326332402,8,59,0.92740995
128,0.1098360438469092,289.70180104835896,8,70,3.5944831
129,0.1233121025720796,290.7885643439231,8,63,1.1230017
130,0.1231675997088138,291.00387696417124,8,46,2.9027102
131,0.1120948365213229,289.8883250737044,8,75,0.0
132,0.1209199443290039,290.6268141367206,8,53,1.4594542
133,0.1185366630533726,290.4898256894867,8,61,2.4422033
134,0.1105311466175167,289.31036041296926,8,73,1.8543341
135,0.1221000844668448,290.83908896515453,7,48,1.1219777
136,0.1241390185456863,291.1714150774764,7,47,2.9944155
137,0.1087327200642911,289.4216652811827,8,86,12.750375
138,0.1197844461166111,290.5477901752569,8,54,1.1286429
139,0.1180834840282985,290.46872808223947,8,67,2.1716044
140,0.118023187031334,290.46281360209434,8,61,0.0
141,0.1110751733562331,289.39921051704937,8,94,0.92740995
142,0.1229801827327022,290.7482409425261,8,58,1.1240968
143,0.1226153546784906,291.05373074650566,8,44,1.4512602
144,0.1257338855843018,291.0273236339949,8,51,0.0
145,0.1183921270663677,290.4917508427753,4,56,2.4428244
146,0.1257534420777248,291.038423768343,8,52,3.5640745
147,0.1121480264919398,290.1237798364167,8,67,2.4570403
148,0.1212556943716019,291.3607627132438,0,34,4.3300476
149,0.1161748518083447,290.34560201916645,7,53,1.1329489
150,0.119222357249278,290.5435959046715,7,58,1.4612129
151,0.1200199855962848,290.55421174177786,8,61,1.4602891
152,0.1220505772786328,290.7395247449748,8,54,1.4575121
153,0.1103691883340119,289.54151218667045,5,66,2.4654171
154,0.1244941142838314,291.1757994350424,8,40,2.411598
155,0.1178073367166345,290.4365788753486,7,51,2.1716344
156,0.1095758610466182,289.6615006431104,8,75,2.1770616
157,0.1245853689514934,290.91520215299147,8,55,1.4538758
158,0.1242880301700997,290.887891438236,8,57,1.4543121
159,0.1122207598751082,290.0234375366146,8,72,0.92740995
160,0.120294253016873,290.59841001790465,8,60,2.43778
161,0.1222782302649668,290.71267577391075,8,57,2.4327729
162,0.1153760807490576,290.3029634551428,8,59,2.927657
163,0.1090134200905771,289.4359742488328,8,120,5.547545
164,0.113671270946541,290.20578668389254,8,76,0.92740995
165,0.1206446293387996,290.596162610171,8,50,2.437256
166,0.1224277840482053,290.8053658654393,4,48,1.4561471
167,0.1243868560189722,291.19408400796044,8,42,2.1624222
168,0.1127107699442148,289.97524371376085,7,64,1.1404423
169,0.1202889473111753,290.60059736070787,8,62,0.0
170,0.1236785331307599,290.9106317993343,8,54,1.8543341
171,0.1223551469406251,290.7041743287426,8,50,0.92740995
172,0.1222970402029311,290.84309308685613,8,47,0.92740995
173,0.1209441669942027,291.3806113947582,5,31,3.5532355
174,0.1163940733603203,290.37013265675773,6,60,0.92740995
175,0.1149810997229618,290.2730284322714,8,65,0.0
176,0.1116946865787049,289.4006702963641,8,71,2.4686904
177,0.1085196036831254,289.3382763736757,8,106,3.5490563
178,0.1218767533501946,290.9678289745118,7,46,4.351257
179,0.1220735232376945,290.8757773055043,4,47,2.425126
180,0.1226394656301932,290.82510415157685,4,45,2.909622
181,0.1253665301167426,291.0841522775885,8,50,1.450962
182,0.1105358749724272,289.13347145096225,8,79,5.0456095
183,0.1105363517260778,290.0068133543833,8,169,6.84791
184,0.1181927912923822,290.4753791907465,8,63,1.4623243
185,0.122268832544724,290.86771673432986,8,46,4.326931
186,0.107782270788865,289.0277401325173,8,204,2.9455447
187,0.1191140004656886,290.5255321566063,8,60,1.461307
188,0.1091019683477675,289.4341148342145,8,162,7.0696487
189,0.1131673429605626,290.1800192713948,7,60,4.392113
190,0.1230421957870324,290.9847661355519,7,47,2.7802885
191,0.1198804300029557,290.57555132507605,8,64,1.4604852
192,0.1202850566963645,290.5847549789178,8,55,2.4379687
193,0.1223708889437827,291.20868263051,8,38,2.7802885
194,0.1092808142959687,289.5804535145013,8,85,6.3260975
195,0.124595254195734,290.94933068180165,8,53,1.1192658
196,0.1223289503429934,290.7641158564025,7,49,3.4929574
197,0.1126489477496857,289.9642239660121,7,63,0.92740995
198,0.1203931306031809,290.5990198710164,8,54,2.4376054
199,0.1120581596940746,290.10965839210195,7,161,2.9329624
200,0.1221284569275848,291.04482306703306,5,35,2.8993378
201,0.1115961843695021,290.0537759543683,8,70,3.0032265
202,0.124252621275946,290.9516416506955,8,53,1.1191962
203,0.1244692301212441,291.1707240842144,8,41,0.0
204,0.11178116047876,289.7952378549993,8,75,4.556831
205,0.1231604780377155,290.94716661600955,7,48,1.453387
206,0.1224174818484001,290.9922326307144,4,45,1.4524553
207,0.1140007119149372,290.2251449711615,8,83,0.0
208,0.1226710774333636,290.7050331841654,8,58,2.1685872
209,0.1078572515064292,289.06063307250065,8,208,10.234659
210,0.1111489632708949,290.0337054102147,7,69,3.879958
211,0.1224071781580691,290.74584077096176,8,58,0.92740995
212,0.1113061491263285,289.35540603269163,8,102,1.144763
213,0.1255488759275339,291.0075223217763,8,52,1.4523066
214,0.1136449819380602,290.20460965633987,8,71,1.1372865
215,0.1209137738900942,290.6368781482864,8,65,1.4593725
216,0.1186953048593308,290.50117788490104,8,70,2.1703296
217,0.1092749735234113,289.12120978008505,7,73,3.7047918
218,0.1170425793509894,290.4069084608024,8,73,4.5108957
219,0.1166697434141786,290.38429042242376,8,73,0.92740995
220,0.1220421629124468,290.822489317662,8,51,2.9976454
221,0.1219899130820298,290.8308747827525,8,52,1.4556724
222,0.1102395400771609,289.6515343558186,7,70,0.92740995
223,0.1207196904093213,290.62774052072353,8,59,1.459562
224,0.1224622906700634,290.9924093491372,5,44,3.3506677
225,0.1093696619981918,289.44101179275737,8,104,2.285373
226,0.1219785747645951,290.6875676393149,8,54,0.92740995
227,0.124143174067015,291.03603824453575,6,44,2.2333672
228,0.1223171371660816,290.7655226705699,7,48,4.3296223
229,0.1220365197609913,290.83224652311674,8,48,2.4272351
230,0.1101484601729848,289.7312804767048,7,66,2.9388914
231,0.1202743979197496,290.5969718259688,8,60,2.1700108
232,0.1124910538917498,289.79430072496206,7,65,1.8543341
233,0.1160737722910163,290.34943932325467,8,112,2.1731284
234,0.1210378233446481,290.6344768582927,8,53,2.25301
235,0.1126459980642654,289.9805825714172,7,66,0.0
236,0.1210181561483168,290.6248758227544,8,55,1.4594191
237,0.1219260316025232,290.9254330244013,2,48,1.1197171
238,0.1092356640330711,289.2688880864822,8,68,1.1444218
239,0.1222134383909039,290.8296652250413,8,48,0.92740995
240,0.1230501818587657,290.80113393935306,8,54,1.1228456
241,0.1116398108640173,290.08884923369794,8,143,2.456474
242,0.1234477700439752,290.80071236096825,8,59,0.92740995
243,0.119912916550507,290.56127177308235,8,68,0.92740995
244,0.1114218446163066,289.64730218610777,8,75,2.1776073
245,0.110135709677767,289.4530805105025,8,74,2.1780968
246,0.1121723065179097,289.99226764871094,8,72,1.4695038
247,0.1235230466812062,291.50250901437823,4,33,2.7802885
248,0.1187033454065443,290.5053817320767,7,58,3.8724008
249,0.1248820945768114,290.9593032992643,8,52,2.2370632
250,0.1095921229156022,289.5218242797867,7,74,1.4714653
251,0.127195415656261,291.1609783243799,8,59,1.4496686
252,0.1248478592790323,291.1035383140101,8,45,1.1155308
253,0.1274083702266606,291.2007260814712,8,53,3.867617
254,0.1122877860607911,289.78330028229664,8,64,1.4708197
255,0.1121410966584868,289.6535564080258,7,70,1.4715737
256,0.1127731390023972,290.135158240409,8,61,0.0
257,0.1219821945468968,290.99611846957106,7,40,1.4518527
258,0.1221038322493116,290.7281390262525,8,47,0.92740995
259,0.1225610510038247,290.9728909603972,8,45,2.4205377
260,0.1107949437720398,289.4221439196472,8,76,2.46754
261,0.1257056990721264,291.06949547201475,8,49,0.0
262,0.1190904524859385,290.5176785998356,8,54,1.1295133
263,0.1251849735391058,290.968470453196,1,54,1.8543341
264,0.1254108698192267,291.1883028560327,8,41,0.92740995
265,0.1093518418946169,289.44295401731324,8,124,4.6273675
266,0.120066138673691,290.5822674784963,8,61,0.92740995
267,0.1264914627281424,291.1805706638104,8,53,7.2020116
268,0.1113016751611349,289.4280956345292,8,87,2.1784976
269,0.1123377291982086,290.13314748597384,8,66,4.544207
270,0.1100092948854001,289.19031942416075,7,79,0.92740995
271,0.1166146736498699,290.37738413734826,7,62,2.925785
272,0.1100997809707623,289.8943315292857,8,225,2.7802885
273,0.1231535935106565,290.9996187315772,8,45,3.827221
274,0.1111071390683886,290.00605523900106,7,65,2.4594135
275,0.1233650413430438,291.2165542062662,7,36,1.1124691
276,0.1086477106368007,289.1536360756138,8,108,3.0061636
277,0.125686500282898,291.0234160124233,8,52,0.0
278,0.112847511853453,290.1574454595836,8,70,2.7802885
279,0.1186511520138052,290.50600697451443,8,55,1.1302031
280,0.1252293338948095,291.0011013104293,8,52,1.1180077
281,0.1096526442449623,289.6019792492776,8,92,2.9400852
282,0.1179097659645438,290.45544496485894,8,66,1.1311473
283,0.1255398006667691,291.23426964774046,1,40,2.8944595
284,0.1191072792828615,290.5389112712351,7,56,0.92740995
285,0.1220859893372234,290.83045610218653,8,52,0.0
286,0.1209948942998996,290.6311596525922,8,54,2.253138
287,0.1243011591065353,290.88875797303695,8,58,1.454295
288,0.118354124435008,290.48539647160953,8,65,0.92740995
289,0.1106177403677473,289.34238078929025,8,73,1.4729435
290,0.1224080640189852,290.7748190888961,7,47,2.9116063
291,0.1223800496375073,290.7090969509781,8,48,1.4579856
292,0.1127416234042566,289.9821974298931,7,64,0.92740995
293,0.1085065631880081,289.0338594106622,8,97,8.122954
294,0.1103100768763121,289.9294706519983,8,187,2.176142
295,0.1212739100434933,290.66343531861514,7,65,1.1253912
296,0.1188244095214118,290.5175501213704,7,54,3.8587644
297,0.1251252565572624,290.9588938279669,8,54,1.8543341
298,0.1252970683669809,291.0496571265421,8,50,1.4516009
299,0.1102090670321279,289.7636181728451,7,67,0.92740995
300,0.11886810469105,290.5214089747297,4,56,4.3772635
301,0.1209880781947774,290.6439645470384,8,61,1.8543341
302,0.1250892733510048,290.97238160030224,8,51,2.4207265
303,0.1187485692157355,290.51894531442133,7,58,2.2593825
304,0.1113357808462991,290.04214227600994,8,137,2.933429
305,0.1219311382214841,290.7905030684205,7,53,1.4565026
306,0.1227779655362286,290.7015342844881,6,61,1.4579769
307,0.1169007217071618,290.3935509252685,8,63,3.5831842
308,0.1186956299257359,290.485875460199,8,71,0.92740995
309,0.1124677593691913,289.9045591828966,7,63,1.1409016
310,0.1080847569709996,289.0626127398512,8,158,2.4703345
311,0.1217657541092268,290.6699944739105,8,51,1.1260746
312,0.1125823275874938,290.1498991296679,8,67,2.1747954
313,0.1103790683040494,289.9713475110177,8,167,5.0317936
314,0.1218752522832376,290.775872783902,7,51,1.4568098
315,0.1086508456853424,289.14395430975736,8,92,5.9959245
316,0.1194128302255461,290.5398237765715,8,55,1.1290948
317,0.1254909407242329,291.10773486103096,8,47,0.0
318,0.1219266173816056,290.8301080110858,8,51,1.8543341
319,0.1240057428635857,291.4326860987103,4,37,4.757147
320,0.1166814005494571,290.37919541822896,8,64,1.4636979
321,0.1231382664694126,291.17865576917166,8,41,2.994284
322,0.1264067408457917,291.22858313576904,8,49,5.6566772
323,0.1138987743013301,290.2185205770535,8,111,4.6273675
324,0.1116275607743767,290.06943381966545,5,65,4.908753
325,0.1133602640665055,290.1652337783331,8,103,0.92740995
326,0.1091692120071412,289.44716035843174,8,124,2.1778853
327,0.110524506720139,289.9566239418585,8,217,6.86854
328,0.1124753894786267,290.1438871461221,6,57,3.5894215
329,0.1232165442313086,291.06327919708843,5,45,1.8543341
330,0.1116308836006981,289.4024319711093,8,74,2.4686012
331,0.1259020089415076,291.1804474351712,8,46,4.9805894
332,0.1254737467892003,291.0202505971297,8,51,0.92740995
333,0.1215310056545393,290.6733917996294,5,62,3.496935
334,0.1224518571465122,290.7054092612227,8,49,1.8543341
335,0.1084027815162551,289.30035441773555,8,160,5.1569347
336,0.1172087166392767,290.42101446464835,8,60,0.0
337,0.1146762979825711,290.2661152724613,8,64,2.4518807
338,0.1175812008299865,290.42358294277886,8,64,0.92740995
339,0.1256377040784324,291.19384271250294,4,47,2.1625364
340,0.1248961791044174,290.9394278292834,1,56,0.0
341,0.1237860851468198,290.8490036650251,8,54,0.92740995
342,0.1194637913957429,290.5482095000036,9,63,2.1705937
343,0.1184077650195816,290.4760005723687,8,71,1.8543341
344,0.1159232195751913,290.3400792885541,8,81,5.3068466
345,0.1148299423038164,290.27502981256293,8,66,1.465784
346,0.1192819677663583,290.52314636960523,8,67,3.38191
347,0.1146507489920627,290.2642786926331,8,57,2.4513705
348,0.1156931446048052,290.3134086986523,8,61,1.4639869
349,0.1178635812170854,290.44816823843377,7,72,3.3852057
350,0.1203127179913363,290.59140254999124,8,52,2.1700127
351,0.1107250672500512,289.9803834949063,7,198,4.9099717
352,0.1159212333233533,290.3412843774791,4,61,1.4651772
353,0.1162453060124011,290.3579144311784,8,64,1.1334349
354,0.1191985120341043,290.5412779839644,4,58,3.3847277
355,0.1125463898172547,290.1304831335673,8,125,3.8743122
356,0.1178923953320556,290.4638568457981,7,58,1.8543341
357,0.1085848554924652,289.16997376022863,7,153,5.8735347
358,0.1094134973192175,289.1519830020176,4,74,1.8543341
359,0.111700042320865,290.1017883599976,7,60,0.92740995
360,0.1178686528855427,290.4499983922237,8,71,0.0
361,0.1243556533021777,291.0277504956523,7,43,2.164545
362,0.1263330667420016,291.24793347730736,8,41,2.4089253
363,0.109977902060453,289.7834892024032,7,227,4.6465807
364,0.1206561234423937,290.59688535562776,8,54,3.379238
365,0.1189664254633897,290.52109269651424,8,60,0.92740995
366,0.1229125886685628,290.74580331951745,8,59,2.168074
367,0.1171121207078621,290.39422240927854,8,63,2.1718097
368,0.1159687684830839,290.34328657147705,8,111,2.7802885
369,0.1109759546006764,289.4598610611829,8,79,1.1437528
370,0.1081428590096171,289.159258683831,8,165,4.928559
371,0.1191868446298387,290.5192244690609,8,56,0.0
372,0.1188467993168521,290.51258120327793,8,61,2.1710386
373,0.1080337987416714,289.13119853518015,8,169,10.195709
374,0.1246174926377315,290.91045417681846,7,57,1.1199118
375,0.1234188022052241,291.2256441079617,4,32,0.92740995
376,0.1113410768478516,289.7915248984133,8,71,1.4704437
377,0.1180675362249071,290.4620618937193,8,63,0.92740995
378,0.1219886363926901,290.95934953592666,5,44,2.7802885
379,0.125193050867777,291.04856735941934,8,48,1.1169262
380,0.1224191652553742,290.70187126703024,8,49,2.4330776
381,0.1079954887285543,289.0059791766689,8,109,2.7802885
382,0.1230350187171921,290.78164560161383,8,56,2.4293532
383,0.1219166810191299,290.72569660810973,8,49,3.496211
384,0.1118504132197018,289.6461249153944,8,70,5.994089
385,0.1079007075258561,289.0702374633738,7,207,3.5994434
386,0.1260116401127784,291.15730567814086,8,48,1.1143911
387,0.1105234448349586,289.45826798140246,5,73,1.8543341
388,0.1220632865591015,290.80121494548905,8,50,1.4562675
389,0.110832932983497,289.63426762424734,6,70,2.1775217
390,0.1219044224836582,290.8187712434434,8,52,1.4559268
391,0.1218678320622456,290.81052571454507,8,51,0.92740995
392,0.1207144691687121,290.6183544323142,8,54,2.1697185
393,0.1232904028557934,291.0470789709494,4,41,2.1642303
394,0.1187744355839156,290.4896422256373,8,67,1.4611571
395,0.1248281022316894,290.93801426197047,7,56,2.1655948
396,0.1110977542788683,289.6515265576448,8,71,0.0
397,0.1238356703671872,290.8833984201044,8,57,1.4546186
398,0.1237976705810042,291.1508592200519,2,44,1.1141932
399,0.1230246462499396,290.75255715640714,8,60,3.8431258
400,0.1095594996753449,289.5219276081757,8,81,3.5960624
401,0.1238297448451009,290.9033477034955,8,56,1.1203495
402,0.1281125093733837,291.17419930645144,8,93,2.994574
403,0.1204516930535172,290.60087518205506,8,53,1.4599237
404,0.1192678173452453,290.5227143912442,8,68,1.4605057
405,0.1155588249474247,290.05082875440223,7,69,3.536808
406,0.1255034532636249,291.01833027835283,8,52,2.1646821
407,0.1218953780958946,290.8300659574255,8,49,3.4882092
408,0.1228753218897931,291.181629816417,5,38,2.4108112
409,0.1240907888773086,290.8751728388711,6,56,0.92740995
410,0.1229194206293897,290.8870141412756,4,40,2.902201
411,0.1258847587415781,291.07635905022494,8,50,0.92740995
412,0.1220037099105086,290.7002343749273,8,52,1.4582229
413,0.1134354722313835,290.1904846207874,7,63,2.1741662
414,0.116452536595654,290.36352415138623,8,56,2.1725273
415,0.1083597794534962,289.2155447571564,8,180,3.8765752
416,0.1162738407480582,290.3624585854715,8,59,3.0018997
417,0.1174700854067825,290.4358379060302,4,59,1.1319909
418,0.1203749482020619,290.60392021677814,8,59,0.92740995
419,0.112687136739388,289.940090650025,7,63,0.92740995
420,0.1228405630440048,291.1540337439208,8,40,1.1139524
421,0.1085331054374803,289.0788110302105,8,97,5.7529626
422,0.1235900161351589,290.81613932102573,8,58,1.1224076
423,0.1139739806285433,290.2257494286499,8,66,2.9311981
424,0.1159345396614741,290.34166729177696,8,63,1.4649823
425,0.1218921589205347,290.73193816156066,8,51,3.3710935
426,0.1205735851366791,290.6202603363813,8,65,2.4369698
427,0.1124669776653474,290.11978560820216,8,127,2.2722566
428,0.1222624955232138,291.1981969464333,8,34,1.1127264
429,0.1102860293043362,289.9255169807599,8,177,2.4596033
430,0.1231579602873616,290.830572400343,8,57,0.92740995
431,0.1227557846221671,290.7498360460133,8,58,1.4568615
432,0.1187493140217113,290.5045997891484,8,60,1.130001
433,0.1227457105398497,290.7207094914997,8,58,2.9134455
434,0.122574141157076,290.75971990019514,7,62,2.4292367
435,0.114762400698543,290.2711180869742,8,65,1.4659766
436,0.1221204806824036,290.78757844170644,8,51,2.429367
437,0.124763019682007,291.03970104234355,4,48,1.1170897
438,0.1108249111571131,289.3755428837827,7,84,4.765578
439,0.1101678853480396,289.88969799593485,8,162,2.459983
440,0.1149260508739163,290.26485315291666,7,61,0.0
441,0.1222417722061364,290.8885931436539,8,46,0.0
442,0.111590240898693,289.7077325073881,8,73,2.1773968
443,0.1226821599961101,290.75143578519874,8,58,1.1236306
444,0.1109214001876154,289.74042163050586,8,69,1.4706131
445,0.1219300178107284,290.9520962865006,2,45,6.683458
446,0.1089174874189381,289.4488108571392,8,76,0.0
447,0.1248540030713179,290.9712550463644,8,51,1.4529952
448,0.1210369918992638,290.6506880982482,5,61,0.0
449,0.1222324242351906,290.84141977940783,7,46,1.121911
450,0.1219300283741754,290.8760716574946,7,48,1.4547578
451,0.1143833381681611,290.2489646574802,8,61,2.4517872
452,0.1171605488720129,290.40316730352055,7,64,5.0140157
453,0.1223759202535991,291.12533592947455,5,41,0.92740995
454,0.1213062770760364,290.6990878361986,8,71,3.5729682
455,0.1128469120766809,290.01288643031097,8,64,2.4605677
456,0.1169834767543549,290.3895139344508,4,52,2.2630682
457,0.1183448490892374,290.4634617821205,8,62,3.386368
458,0.12506202892736,291.1558071425316,4,40,1.8543341
459,0.1224245034496717,290.7383852008089,8,51,1.4574343
460,0.1132111527106175,290.179697058203,8,70,3.7047918
461,0.1234832216996687,290.85576974965016,8,59,1.8543341
462,0.1098249897288186,289.8286532233556,8,192,4.4006934
463,0.1145326422920086,290.23958008715897,8,65,4.619183
464,0.1139285097311048,290.21073191071366,8,68,1.4655554
465,0.1172100759703308,290.4119652238462,8,61,2.263145
466,0.1122199588466246,289.769322176102,8,66,1.1418661
467,0.1080237870070234,289.11702875225103,7,161,2.944609
468,0.1172095085656081,290.4012913850346,8,58,3.001119
469,0.1218394874884758,290.8376660825973,5,47,1.1220332
470,0.1084114971516749,289.30079859165727,8,140,2.466792
471,0.1250152685807757,291.0093531335959,8,48,1.452329
472,0.1219341240844251,290.83158226433,8,51,3.3631294
473,0.1215024436470459,290.6423964774252,8,65,0.92740995
474,0.1078701140821159,289.0456295016794,8,192,5.3456044
475,0.1098776737372883,289.6350262842776,7,69,1.4708906
476,0.1196512402174843,290.56236412578244,8,63,0.92740995
477,0.1223242155507449,291.05480996041786,7,42,2.164064
478,0.1189766551839028,290.5284465756613,7,54,2.441238
479,0.1208731449919858,290.60048128420954,8,65,3.50264
480,0.1176439856219297,290.4453680643227,8,60,2.2624931
481,0.1090474424279847,289.36415627878966,8,120,3.5973103
482,0.1255992506227632,291.14334991012987,8,45,2.994761
483,0.1137670473696371,289.3910820132261,4,68,0.0
484,0.1104412774302811,289.9868912117045,8,183,6.562739
485,0.122287622764018,290.8397688354334,7,48,0.0
486,0.1227611524048886,290.8583206203345,8,44,2.166673
487,0.1220771882311712,290.8085890020137,8,49,0.92740995
488,0.1219625817251377,290.70727804156127,8,53,0.92740995
489,0.122542423242835,290.74636809028203,8,49,0.92740995
490,0.1114078430112758,289.6313846040483,8,76,1.1425906
491,0.1226880593024735,291.05810981942625,8,43,1.1163672
492,0.1182718816883715,290.47968319214414,8,64,3.0007463
493,0.1197609882932559,290.5532230487528,8,68,2.7802885
494,0.1085756354997712,289.0093870055938,7,98,2.179538
495,0.1218503611186517,290.9585142605523,8,42,1.8543341
496,0.1252473444127615,290.97673885741244,2,54,0.0
497,0.1180006079152614,290.44479206342766,8,59,0.0
498,0.1254765140726783,291.01224608893995,8,51,2.4190695
499,0.1077423786923507,289.0617126318255,8,171,7.1703453
500,0.1224489122086034,290.7182101040437,8,48,1.1249566
501,0.1080204754263634,288.97455114976816,8,126,2.7802885
502,0.1170998725348238,290.39548236897974,8,57,0.92740995
503,0.1221839969021917,290.68921873780965,8,55,3.574662
504,0.1263343549440702,291.04387517977506,7,99,4.554172
505,0.1098145988420608,289.7064819334115,8,75,5.688461
506,0.1195730789620649,290.5573798648094,8,66,1.8543341
507,0.1169505943335463,290.3894016329783,8,62,0.0
508,0.1104665773918437,289.3106882713952,7,75,0.0
509,0.1221764169012226,291.15543700829943,8,37,4.541738
510,0.1111491130447063,289.5884262291822,8,73,1.471617
511,0.1247931155912574,290.98611625008385,7,49,2.1650922
512,0.1222937520970086,290.71798747092714,8,58,3.4944317
513,0.1273635879833071,291.1273917027886,8,74,2.8986723
514,0.1186828317414289,290.5000324568059,8,59,2.1711435
515,0.1101520041604862,289.19696700967773,8,77,1.4736679
516,0.11778637976312,290.43567834994707,5,51,2.4436653
517,0.118242993297406,290.4796989721571,8,70,1.4622889
518,0.1144094740329071,290.23388907738456,8,62,1.4648325
519,0.1173090354136423,290.41328723155783,8,64,2.444933
520,0.122718569086948,290.73709359872294,8,59,0.92740995
521,0.122642657563274,290.8384010493575,8,45,2.4268658
522,0.1111548330854635,289.4118344958644,8,91,4.9269195
523,0.1108164311574353,289.44287864044406,8,76,0.92740995
524,0.1219806943035009,291.1991432340211,8,31,2.8948045
525,0.1158629235494166,290.1600850911452,2,68,0.92740995
526,0.1226868116381485,290.73824675142606,8,60,0.92740995
527,0.1161967823797822,290.34272433673004,8,73,3.0011592
528,0.1244275641332261,291.1586644050536,4,41,0.92740995
529,0.1259605149392126,291.05933878181645,8,51,0.92740995
530,0.1261227081863267,291.17093010161864,8,46,3.8677835
531,0.1073298389853341,288.9002578146511,8,178,3.5575063
532,0.1257148710585668,291.08109317470945,8,47,0.92740995
533,0.1225759846380539,290.7578750051157,8,48,1.8543341
534,0.1219185677323715,290.87784036954434,7,49,0.0
535,0.1253491599017267,291.0945604619717,8,52,2.415539
536,0.1105794429239107,289.901624185922,7,69,1.4695528
537,0.1118215264063676,289.3980854243121,8,74,3.598685
538,0.1226365498426291,290.83570348083504,8,48,1.4555439
539,0.1087986049042198,289.3613240834089,8,153,7.3788605
540,0.1176063969357979,290.44309803358254,8,62,0.92740995
541,0.1107793674007254,289.4250755345792,8,76,0.0
542,0.1235279313242487,290.83002321182585,8,58,1.1221148
543,0.1107060557840846,289.6621275701516,6,69,1.471011
544,0.1161976442230719,290.34976980480644,8,64,7.4634643
545,0.1123671741121614,289.7564942392426,7,66,1.8543341
546,0.1219745920598756,290.8359688855381,8,50,2.1669886
547,0.1204901414949253,290.591296696765,8,53,1.8543341
548,0.114811383945436,290.2595139799971,7,63,1.1337168
549,0.1097940801163106,289.51712704877986,7,70,0.92740995
550,0.1221776727454934,290.70584563127784,7,59,1.1246834
551,0.1173021596294948,290.4237556272897,8,68,3.7047918
552,0.1222487089435829,290.8897005678961,8,47,1.1206589
553,0.1123509692642315,289.78976193338013,8,67,0.92740995
554,0.1124109973299807,289.8733448271105,8,65,1.1411235
555,0.1219205938476513,290.7242674134716,8,51,0.92740995
556,0.1220958428286053,290.83758528891553,7,48,1.1220185
557,0.1186940115328776,290.5148791385461,7,59,1.4618518
558,0.1255614034008773,291.0106270616586,8,55,3.564847
559,0.1225403120754975,290.75766523165635,8,61,1.1232843
560,0.1082813361681423,289.1008333684267,7,153,3.8989732
561,0.1224047272312713,290.7297981940076,8,50,1.1246984
562,0.1241672211888669,291.1597310458981,8,44,1.4493867
563,0.1199956867677001,290.5845461317744,8,71,1.1282675
564,0.1098033670409274,289.43657613855225,9,75,3.8762767
565,0.124446221588911,291.1798128808687,8,42,1.8543341
566,0.1221327527705691,291.0966431080689,8,42,0.92740995
567,0.1176061078387521,290.4441374833925,5,58,3.3918247
568,0.1222970025888323,290.770862935386,7,50,1.8543341
569,0.1210393408142204,290.60844815454584,8,57,0.92740995
570,0.1229043314517459,290.73043977956155,8,63,0.0
571,0.1257473676892606,291.03635319350894,8,52,0.92740995
572,0.1101323352145937,289.94251323405103,8,198,4.3456297
573,0.1234199495945612,291.155432809047,1,38,1.4493729
574,0.1176970675423616,290.4462857669406,8,70,2.1718974
575,0.1120187626993332,289.5830048959816,8,69,2.1780255
576,0.1133280389266025,290.19017454131216,7,63,2.174512
577,0.1081020381764708,289.1408816650508,8,164,3.7047918
578,0.1246423073203147,291.161497763209,8,42,0.92740995
579,0.1107940107418258,289.49508171720026,8,72,2.2858598
580,0.1237855560710442,290.8543612649572,8,60,1.1215262
581,0.122153803127959,291.15146556817126,8,36,0.0
582,0.1101558076456933,289.8628653441539,8,219,6.464861
583,0.1210674035329577,290.6187564953032,8,68,1.4591427
584,0.1244087503757314,290.92242146880005,8,52,0.92740995
585,0.1199364486020198,290.5809032745159,8,70,0.0
586,0.120215270418659,290.58576471076776,8,54,1.1280365
587,0.1164637576150644,290.3740062030964,8,61,1.1334734
588,0.1223876146111165,290.7226470946731,8,52,1.4577343
589,0.1134943842744921,290.17405710234544,8,107,1.4655104
590,0.1196648511055788,290.57276479807183,4,56,1.8543341
591,0.1123765008356118,289.9264084260721,8,66,2.1766734
592,0.1168027050522129,290.38882774357967,8,63,1.46368
593,0.114671627206054,290.2658371116395,8,61,2.7802885
594,0.1239759659535721,290.8642415940194,7,58,1.120976
595,0.1207558847426314,290.6195926251579,8,54,1.4596057
596,0.1195779653279125,290.5579839029049,8,64,1.4608135
597,0.1125832281176147,290.00948259610595,7,64,0.92740995
598,0.1133923630571495,290.1906046950137,8,68,1.1374705
599,0.1230849576415236,291.1764922879162,8,40,1.1134247
600,0.1095243965079656,289.6301926586085,7,71,3.5443184
601,0.1146273054045581,290.24974186671767,7,65,0.0
602,0.1251834527393926,291.0768186967816,8,46,1.1162331
603,0.1114286913062535,289.8389701179449,8,70,0.0
604,0.1231768074591389,290.7595567527059,8,60,1.1237947
605,0.1227116842344699,290.8453996860581,8,48,1.1217852
606,0.1105778825601664,289.7152403316312,8,69,3.5439746
607,0.1259003231468776,291.2421623579038,8,44,2.4090374
608,0.1237332502089306,291.1335862355916,4,42,6.406582
609,0.1256455317294713,291.1230165392302,8,44,1.4502642
610,0.1113411989445905,290.06984527915336,8,182,5.7479835
611,0.1130772634644449,290.1738357018395,8,66,1.8543341
612,0.1109345118053392,289.4806549543332,8,76,0.92740995
613,0.1161350765014536,290.35466306670617,1,59,1.4649283
614,0.1104614764375597,289.14210229539566,8,73,1.4741406
615,0.1180888444009295,290.4740006497117,5,60,2.2612605
616,0.1223081847504606,290.7703365798883,8,50,2.4301164
617,0.1230746134407745,290.94411953597444,8,45,1.4534435
618,0.1089152464544405,289.3877721527809,8,152,2.1780653
619,0.1145767593541119,290.2603315080023,8,68,1.8543341
620,0.1090365458078152,289.4494041526033,8,114,3.005346
621,0.1219357801576095,290.93932695544606,4,48,1.4534801
622,0.1107215894601764,289.56570983566564,7,70,2.9412642
623,0.1260096805065641,291.1551424946302,8,46,0.92740995
624,0.1233582512579934,291.09523302715945,7,38,8.233382
625,0.1113051601437063,289.2030953212746,8,133,0.92740995
626,0.1105396114872524,289.6820592511257,8,71,0.92740995
627,0.12296334600493,290.9683921445926,7,47,4.8330164
628,0.1094925066345149,289.6019021583166,8,75,1.4709369
629,0.1087737939540595,289.13692449774805,8,90,6.51214
630,0.1126315070175825,289.9100243672701,8,66,1.4701514
631,0.1188082479239769,290.5100409802444,8,61,2.1710644
632,0.1239362425557894,290.88580593392857,5,55,0.92740995
633,0.1186656244009846,290.51057947276934,7,59,2.2595656
634,0.111883186272436,290.07774806088327,8,68,2.1759605
635,0.1158897615577711,290.3329246391606,8,62,2.7802885
636,0.1186174845302821,290.5071033742291,4,57,1.130287
637,0.1181282061045015,290.46575523753614,8,63,0.92740995
638,0.1139518290850861,290.2193273650184,4,62,1.8543341
639,0.1221689971969174,291.29319784781705,8,33,1.4468718
640,0.1202599607185898,290.6013387745886,8,62,2.170001
641,0.1221553828475119,290.74102084088304,8,49,2.9984257
642,0.109487353917781,289.5419060518138,8,110,1.1424192
643,0.1099018701202466,289.4523910637597,8,74,1.1433009
644,0.1222371750879777,290.8323771905765,8,50,1.4556296
645,0.1125902709862223,288.4667956328868,8,87,1.4792591
646,0.1074086946059954,288.9075364992907,8,220,3.9016428
647,0.1094300923633114,289.6571091704048,7,234,7.3137407
648,0.1094585084537926,289.5255999977219,8,97,2.4648786
649,0.1255497562123909,291.0700289066192,8,48,1.1164361
650,0.1140353125663754,290.2269579703229,8,98,8.735832
651,0.1094483908517933,289.5386356108289,8,101,4.653219
652,0.1219108214231924,290.78588651431846,7,51,0.92740995
653,0.1220190826508032,290.98275604878404,4,41,0.0
654,0.1230532660549201,291.2154946276522,8,37,1.448162
655,0.1111100124105855,289.54468666594715,7,74,1.4718711
656,0.1117308084881208,290.0689743019392,8,126,1.4673455
657,0.1237679287540748,290.8479201361118,7,58,2.1666176
658,0.111999335491027,289.57848830627006,8,71,0.0
659,0.1079536334165293,289.0200998040365,8,130,2.1793263
660,0.1240483054368568,290.870721359639,5,59,0.92740995
661,0.1226321672111016,290.6883585663785,4,46,0.0
662,0.1262181659773767,291.1867406380808,8,45,1.8543341
663,0.1246626321855699,291.02121679796977,8,48,1.1175338
664,0.1116001470105964,290.0773610454591,8,148,2.456213
665,0.1221436847301988,291.0205351178728,4,41,2.1645076
666,0.1216200313761772,290.68540024819106,8,62,3.4988391
667,0.1083782498826273,289.13915678877805,8,175,2.178946
668,0.1111556725957664,289.66812762642985,8,72,1.4711314
669,0.1115365313970385,289.26641416729024,8,78,1.1456075
670,0.1219746768991008,290.69085559781115,4,58,0.0
671,0.1218115876219227,290.93400811857043,8,48,1.4535818
672,0.1197038739486576,290.5679438469174,8,66,0.92740995
673,0.1232673912164699,291.0436136329972,4,44,2.4173646
674,0.1212232851579588,290.6464153678129,8,56,2.9992387
675,0.1121292100251274,289.55425913786024,7,68,1.8543341
676,0.1229029889505287,290.71852939464634,8,65,1.8543341
677,0.1152392491495219,290.29937987345124,8,108,1.1351268
678,0.1225415269090494,290.7435047593545,8,50,2.1681552
679,0.1174176981991389,290.4319098811509,8,59,0.0
680,0.119182484933614,290.5082738023207,8,55,3.000245
681,0.1147519656439847,290.25578419682495,7,63,3.8734698
682,0.1145338873594802,290.2421514389027,7,62,0.0
683,0.1123167136544412,289.77046909619673,7,64,2.4637148
684,0.125735735438953,291.0789661672926,8,50,2.2316122
685,0.1100823988936254,289.1519371150692,8,75,0.92740995
686,0.1129314761709959,290.16232516255,8,71,1.1383018
687,0.121972569987342,290.78448547188486,7,51,1.1234258
688,0.1219645976130951,290.6905477453687,8,55,2.9988642
689,0.125254109433098,291.05510028165696,8,47,0.0
690,0.1088770609633968,289.20162515074526,8,98,1.4731431
691,0.1254979238927352,291.1431342638636,8,45,0.0
692,0.1191396684339446,290.5263120442497,8,59,1.1294638
693,0.1200847878973918,290.5757343820155,8,62,1.4596057
694,0.1231403817275194,290.79886503516553,8,51,2.1674128
695,0.1249126557821669,290.93840448042164,5,56,0.92740995
696,0.1246605955310619,291.0691451208956,8,45,1.451171
697,0.1189520824834428,290.5275923757715,4,55,0.92740995
698,0.1180100656831183,290.4543314760313,8,62,2.4433472
699,0.1232758222730552,291.17492126876584,4,38,2.1625695
700,0.1248661290945758,291.10435680745195,8,43,0.92740995
701,0.1221520317007995,290.9410947502123,2,45,2.165568
702,0.1251871370961585,290.9984461146701,8,53,1.1180733
703,0.1168258225046437,290.3816761023563,8,70,1.4624574
704,0.1233397294621089,290.91534021413526,5,38,2.8998096
705,0.1220305882396654,290.79410718429915,8,52,2.9979227
706,0.1251909553287414,290.96074369357643,8,55,1.4530826
707,0.121441833557386,290.6411494911644,8,48,1.1266127
708,0.1215341772320446,290.6508076095592,8,50,0.0
709,0.1215798453271769,290.6694949693225,8,61,1.8543341
710,0.11219595153536,290.11056699009873,8,118,1.4671818
711,0.11167639555295,289.8139687808948,8,80,5.1549325
712,0.116367997539186,290.36923980398274,5,59,2.2667627
713,0.1118499752894275,289.5407524170988,8,68,1.472172
714,0.1200670788937827,290.5630731324863,8,52,1.8543341
715,0.1185810771230614,290.48047030026817,8,70,0.0
716,0.1154794594528032,290.3086860903141,8,57,3.0019405
717,0.1219185414840851,290.9444502277891,5,46,3.479529
718,0.1193177378481931,290.44160730517666,8,62,0.0
719,0.1230879705301709,290.80154967390905,8,55,2.428468
720,0.1248426094327232,291.06810727822864,7,45,1.45121
721,0.1220902620380726,290.7855672655463,8,54,1.1233774
722,0.1218576270533482,290.9577224715282,8,43,2.1653337
723,0.1256672165433792,291.2456447569188,8,41,1.4479563
724,0.1153007106206026,290.3019692053805,8,64,1.1345527
725,0.1194474449513594,290.5200435150548,8,67,1.4609603
726,0.1238575216321204,290.883254122063,8,57,0.0
727,0.1123762315969034,289.9190834505756,8,67,1.4700131
728,0.1239133670633971,290.8592819784527,8,55,1.121083
729,0.1219098416843212,290.8288000912412,8,50,0.0
730,0.122049750909793,290.68799703810413,8,51,2.9148307
731,0.110376793503314,289.57265566131986,6,71,1.8543341
732,0.1187523446075753,290.4878094122674,8,68,1.1293763
733,0.111102874529247,289.84133386959434,8,69,1.4700685
734,0.1196203899420524,290.5601360319,8,65,2.2567291
735,0.1226222256242682,291.0680854559215,8,43,1.4509815
736,0.1115002598969978,289.757963870101,8,74,3.004871
737,0.1236549279301391,290.8651350563821,8,58,1.8543341
738,0.1238468937774743,290.89289192358865,8,57,0.92740995
739,0.1258047903225991,291.06169562682845,8,49,1.8543341
740,0.1166000180995548,290.3800825628905,8,72,2.4473498
741,0.1221103650389243,290.6991383171719,4,58,0.92740995
742,0.1230429278763789,291.0150774320472,4,44,1.4520599
743,0.1118950607490095,290.1099093108777,7,66,2.7802885
744,0.1129970759646835,290.12248421169306,4,65,2.459078
745,0.122085621897603,290.8266033787588,8,52,0.92740995
746,0.1257826260918006,291.2455209528903,8,43,1.4479755
747,0.1282162379449237,291.182265855942,7,84,5.5532074
748,0.1122025443338491,290.1211126016207,8,69,1.468739
749,0.1121115729929558,289.98914558664376,8,70,0.92740995
750,0.1127479355829458,290.0384128427315,7,64,0.0
751,0.1205377954240798,290.61413358617995,8,63,1.1275258
752,0.1212264109658208,290.6620221907363,8,68,1.4589683
753,0.1220758794566382,290.6865624127991,8,51,1.4583677
754,0.1249297723011148,290.96356573745584,8,53,1.4530966
755,0.1117030706302373,289.45182747372826,8,69,1.8543341
756,0.1156969884312296,290.3226892946645,8,57,3.0019054
757,0.1140486885813132,290.21241765707947,8,65,3.4000483
758,0.1220981527791371,290.69995082625684,8,57,3.8470142
759,0.1211598723176672,290.6124476284798,8,62,2.1695776
760,0.1100105706281576,289.5159139352994,7,73,2.9413567
761,0.1160852360108986,290.3415962053868,8,56,2.2653282
762,0.1081156773651188,289.04479230694,8,115,3.5999024
763,0.1163284072548972,290.35583598444435,5,55,0.92740995
764,0.1135392086144551,290.2001709578983,8,68,2.4547503
765,0.111610118164526,290.08291450504566,8,180,0.92740995
766,0.1108715717947882,290.0577807778837,8,155,4.764329
767,0.1163889668840487,290.36521690424587,8,60,0.0
768,0.1080876026824844,289.17298464835943,8,177,2.4684303
769,0.1082953005987268,289.27289752892347,8,147,1.1436927
770,0.1251817711967542,291.0558950792579,1,46,1.8543341
771,0.1207951665304008,290.6091173570852,8,68,4.8627834
772,0.1154776507177783,290.31240806311155,8,63,1.1343668
773,0.1211307253953469,290.6339223587013,8,53,1.8543341
774,0.118942185808502,290.52812046391995,6,58,2.4413507
775,0.1256656127796795,291.22390430340664,8,41,3.5585408
776,0.1211115443955489,290.6431983399219,8,54,2.435778
777,0.1206899730046551,290.5999295483333,8,72,1.1270349
778,0.1194256182165719,290.51904123779354,8,70,0.0
779,0.1161761479691024,290.3412421368701,7,74,1.4631479
780,0.121468000070962,290.6429998327848,8,51,1.126575
781,0.1231544178432572,290.829692989777,8,53,3.8383086
782,0.1156661143587303,290.3236617761232,8,65,3.522639
783,0.1178296007785255,290.45433183958,8,72,1.4627357
784,0.1102316570540411,289.65008283934395,7,73,1.1419177
785,0.117031702007645,290.3894178526382,8,63,1.4629847
786,0.1120768378791477,290.0851769066503,8,69,3.5299854
787,0.1240581602810227,290.88419429243334,8,55,0.0
788,0.1252259321989071,290.98414694691166,8,51,0.0
789,0.1233950860826733,290.805901729803,8,58,1.8543341
790,0.1251823958154992,290.95991902755776,8,55,1.4530938
791,0.1095623575367478,289.6054527340978,8,75,4.765009
792,0.1122817941102677,290.13162894307595,7,68,1.8543341
793,0.1263936128770736,291.2016759718292,8,47,0.0
794,0.1108618074324921,289.47382999314084,8,75,1.4722186
795,0.1128030760315278,289.99268317701103,7,64,0.92740995
796,0.1238571102071459,291.2132469866123,1,38,0.0
797,0.1103897650630615,289.9891181217172,7,198,1.1391671
798,0.1098894690139869,289.5357103289186,7,73,2.7802885
799,0.1244778213680566,291.21707960297385,8,41,1.1126585
800,0.1116898354700277,289.6502764744606,8,75,1.1425747
801,0.108909673444008,289.4603010147667,8,106,3.8760474
802,0.124434827995386,291.02653361640586,7,47,1.451959
803,0.12293702140117,290.9629870367171,6,45,2.7802885
804,0.1253723979590621,291.1237884382543,2,42,1.1151118
805,0.1252364475482445,291.0547221821934,8,47,0.0
806,0.1201094244199322,290.5803058016083,8,53,2.9997964
807,0.1256975411937882,291.1015581681049,8,48,0.0
808,0.1215329331286082,290.6354676920414,8,60,3.5759397
809,0.1245806487846384,290.94736891055027,8,51,1.8543341
810,0.1126261415771111,290.0092538792262,7,64,1.8543341
811,0.1140237734430054,290.2230448884303,4,64,0.92740995
812,0.1117582463888072,289.42847509888685,8,73,1.8543341
813,0.1183727642163727,290.48169452652047,8,60,2.4426408
814,0.1083637512840882,289.28917322922786,8,153,2.1782098
815,0.1222288451605828,290.6735110613527,8,62,0.0
816,0.1221453234313574,290.668460627682,8,67,1.4584807
817,0.1191962762637651,290.52744200043054,8,60,1.1293839
818,0.1220486814434566,291.2114836551867,5,36,0.92740995
819,0.1249274549074185,290.9587290566084,8,53,2.237056
820,0.1079611862123213,289.0818065525572,8,198,2.4698877
821,0.1247805927088645,290.9295484556913,7,54,0.92740995
822,0.1257256080255575,291.03206501339275,8,51,1.1172862
823,0.1177431639304316,290.43885708074424,8,58,2.1717339
824,0.122307678064517,291.4893806011799,8,34,0.92740995
825,0.1121108437435738,290.1217698235449,8,67,2.7802885
826,0.1255560009501413,291.15163648130584,8,47,2.163063
827,0.1183936111748119,290.4888197683881,8,76,3.3881488
828,0.1254768436000909,291.14071757518343,8,43,0.0
829,0.1169360783900775,290.3873098597235,8,67,0.92740995
830,0.1251837435361905,291.0962016546758,8,43,2.4154258
831,0.1098173180697112,289.6589861961943,7,73,0.92740995
832,0.1127071045386485,290.0363328637519,7,63,1.1399599
833,0.1120796511410559,289.73523971373066,8,68,1.8543341
834,0.1123031801692904,289.7523582294212,7,67,2.4639723
835,0.1117158974179886,289.7578371643417,8,76,2.4633985
836,0.113969815192243,290.20878497395074,8,66,0.0
837,0.1113115522429373,289.3212846712407,8,118,3.8767662
838,0.125695155022131,291.17819034161687,7,42,1.4492321
839,0.1187162639992273,290.5128532779256,5,57,2.2593977
840,0.1220142370589019,290.82697051453687,8,54,1.8543341
841,0.1220031572919791,290.8774264632156,7,46,1.8543341
842,0.1189495629576401,290.5050711782691,8,56,2.4411044
843,0.1242405572135392,290.9182119220719,4,52,2.9967449
844,0.1151201342551219,290.2921902617689,8,72,3.872214
845,0.1093808342359461,289.4191891597486,8,82,4.7653303
846,0.118933612487976,290.51327828701494,8,63,3.385707
847,0.1116424780303047,290.0855444037418,8,189,2.175225
848,0.1089042156563066,289.2925775857648,8,141,2.1784492
849,0.1234469442252047,290.8191691454048,8,60,0.92740995
850,0.123100139472321,291.18899762946063,8,38,2.8955123
851,0.1244858561534771,291.2319247485046,8,38,0.92740995
852,0.1219073469533022,290.6867172891684,8,54,1.1257627
853,0.1220027435913727,290.69462678118856,8,56,1.4582924
854,0.119447818239609,290.5338456157885,8,56,1.1290493
855,0.1227713379980166,291.0621411130469,7,40,3.4710515
856,0.124345048495645,291.04669966405424,4,47,2.1643033
857,0.111873970397081,289.5892352809808,8,70,2.1779628
858,0.1177483669484236,290.44800336534047,8,63,0.92740995
859,0.1228227181253576,291.0229797820943,8,45,1.1172826
860,0.1147651720979067,290.25537836334524,7,59,5.020258
861,0.1115770947988144,289.9531366641395,7,68,1.4695528
862,0.1108751080359858,290.02964292199755,8,181,1.8543341
863,0.1219020931150163,290.7351536484253,5,50,3.495499
864,0.1220931146604086,290.8577965230233,5,47,2.9972987
865,0.1229741820978565,291.2154605652315,8,40,0.92740995
866,0.1134475090852589,290.1960696305978,5,64,0.0
867,0.1222494067567521,290.7047081630653,8,56,1.4580956
868,0.1220161796057275,290.71091238459456,5,53,3.3725052
869,0.1222828083983739,291.1640795930737,8,36,1.8543341
870,0.1079392991023916,289.0904910783139,8,180,12.529479
871,0.1097574303017624,289.41944677832714,9,74,0.92740995
872,0.1157260484519165,290.32842792546035,8,82,1.1343551
873,0.1080956557661403,289.1436685367312,8,154,3.7047918
874,0.1257754788073284,291.1279739025624,8,47,0.92740995
875,0.1103034689098656,289.5317034998453,8,73,1.1428658
876,0.1278669508440399,291.1863614980694,8,70,1.4492625
877,0.1226796395977866,290.7217665989033,8,60,3.370892
878,0.1077362047496017,289.0064829942106,8,195,3.0064173
879,0.1104698432372711,289.31961585989194,7,71,0.0
880,0.1093448784996723,289.5447755615429,8,90,5.6625013
881,0.1212022081194664,290.64981926341545,8,54,0.92740995
882,0.1240235561141175,290.87137959768296,8,56,0.0
883,0.1214270161115692,290.6758981289448,8,68,4.8604736
884,0.1194889517376624,290.55270132941445,8,66,1.4609103
885,0.1178567922938079,290.45616392477496,8,75,0.92740995
886,0.122261258470852,290.84969558486955,8,46,1.8543341
887,0.1103255058908836,289.20413336967954,7,71,1.8543341
888,0.1127934527230524,290.14374834517406,8,119,4.6273675
889,0.1240899712587326,290.8763801227644,8,55,2.424711
890,0.1117684811191147,289.93462159898644,8,74,5.328268
891,0.1195761756936854,290.55943079971007,8,71,1.4608135
892,0.1224711600864288,290.70963477765025,8,47,1.4579422
893,0.1231508828324439,291.1588790711212,4,39,1.4492735
894,0.1092531222278648,288.1947720495954,9,85,1.4797575
895,0.1174035276710925,290.4245015193767,8,62,1.4630827
896,0.1157976972807153,290.31885710327845,7,72,0.0
897,0.1202533259773408,290.5914531662996,8,57,2.4379408
898,0.1243912837148127,291.1924384544543,8,42,3.4623487
899,0.1194250695929289,290.53688174640376,8,69,1.4601837
900,0.1220154162960678,290.7783974867966,8,49,1.8543341
901,0.1207012084188471,290.6266785774512,8,59,1.1272689
902,0.1119473120906184,290.0802911901497,8,69,3.8744044
903,0.1111149522051947,289.3785508824218,8,101,1.8543341
904,0.114090424639026,290.2223191170469,8,70,0.0
905,0.1228415930396372,290.73852875199566,8,59,0.92740995
906,0.1075743637479878,288.9656485026484,8,194,8.429936
907,0.1222487405933678,290.72129638482045,8,55,0.92740995
908,0.1199321686534622,290.5682201335617,8,53,2.4387805
909,0.1218855652954997,290.8931781890052,8,46,3.4834054
910,0.1127212378526974,290.14768337512146,8,81,1.1388797
911,0.1223551773612066,290.73887724398344,8,55,3.8444552
912,0.1248297275312877,291.1032899075924,8,47,4.8214602
913,0.1213012178249302,290.6317920550846,8,67,0.92740995
914,0.1240954361708459,290.8846539045633,8,57,2.1663334
915,0.1117387739249377,289.3681564968453,8,73,3.553543
916,0.1166140294709325,290.3806954930993,8,66,1.4640257
917,0.112904439078384,290.07261732470386,7,65,1.8543341
918,0.1107512734135801,289.3918184371297,8,72,2.7802885
919,0.125591432280404,291.07365885844666,8,47,1.1163527
920,0.1167066658474449,290.37415731963034,8,55,1.4634658
921,0.1189348112639414,290.49611363158715,8,54,0.0
922,0.1189936474963587,290.5084642989428,8,56,0.92740995
923,0.1172057293736218,290.398953925735,8,60,1.4629254
924,0.1204321906801833,290.57666625291006,8,62,1.8543341
925,0.1181574174965548,290.4541810544315,8,63,0.0
926,0.1175710101632969,290.42344077447274,8,62,1.46202
927,0.1088538056523938,289.3459364898215,8,107,2.4669254
928,0.1120413799048815,289.61359697189465,7,71,0.0
929,0.1223977957587475,291.18578689557125,5,34,0.0
930,0.123269846828273,290.7813465587625,8,62,2.4291267
931,0.1108155256213122,289.3324605885557,8,87,3.7047918
932,0.1173248925170466,290.4201879633452,8,64,3.8729298
933,0.1222639356325875,290.7164076190264,8,50,6.5604024
934,0.1185548517117603,290.4946897572245,8,64,2.9219148
935,0.1247176289994624,290.9342068784923,8,56,1.1194896
936,0.1158671965419116,290.33144864962605,8,60,2.266122
937,0.1242947348753509,290.98187682602014,7,50,1.1184605
938,0.1127754356543581,290.1394880565541,8,127,3.8752463
939,0.123343987807798,291.148280617547,1,40,0.0
940,0.1219990411335971,290.73597649346755,8,52,0.0
941,0.1164101810959013,290.3543826139055,8,62,0.92740995
942,0.1112845307932464,289.35022182194143,8,104,1.4731556
943,0.1125645055033229,289.9262595848153,7,63,2.2806377
944,0.1220609890112535,290.85947779423014,7,48,2.1666672
945,0.1190195902016715,290.5034799331513,8,68,5.921649
946,0.1095062839472299,289.5515868219949,8,104,2.464547
947,0.1181420336045519,290.47362204084794,8,71,2.9228935
948,0.1255173896603158,291.0205428545528,8,51,1.4520935
949,0.1222211197257571,290.70400833500133,8,54,1.8543341
950,0.1128534120031784,290.16276577277097,8,61,2.1750183
951,0.117372300877632,290.4204793777591,8,62,0.0
952,0.1107228980775647,290.0073236621665,8,168,5.661754
953,0.1173078807684175,290.4170367144517,8,63,1.4631331
954,0.1227439715953754,290.85234770638,8,45,0.0
955,0.1261635118427454,291.1487676749934,8,47,1.1146107
956,0.1102865407398681,289.38225840251005,8,76,2.1784282
957,0.1218336577978175,290.6922846925075,8,56,0.92740995
958,0.1264516389620739,291.1032001376984,8,62,1.1156827
959,0.1186659978741904,290.5075673939739,7,62,1.1301879
960,0.1087172733270467,289.32863739105164,8,126,4.925003
961,0.1256089960953053,291.12752676408746,8,44,2.8984952
962,0.1248627551223457,291.1050484016462,8,46,1.4505141
963,0.1225452862348914,290.7728318186445,7,46,0.0
964,0.1238020187258119,290.85358482869407,8,59,2.2422307
965,0.1212143352593704,291.3732954117788,8,34,1.4447758
966,0.1246190068196372,291.05935741659965,4,44,0.0
967,0.1242502075983211,290.8864559456078,8,59,2.2401297
968,0.1219444236244216,291.0708952452012,8,41,0.92740995
969,0.1095162650445526,289.67126239320856,7,246,0.92740995
970,0.1198775110559749,290.57881441813583,8,66,0.0
971,0.1137557531674917,290.19189052255626,8,63,0.92740995
972,0.1103435738062146,289.9461903625141,8,161,1.4690813
973,0.1117685182607466,289.7447058076418,5,71,8.949636
974,0.1186608778170209,290.4924052338889,8,55,1.8543341
975,0.1243959667393932,291.19568522508746,8,43,1.4487306
976,0.1251131859357416,291.0542499170037,6,48,0.0
977,0.1186251201079132,290.5091401207754,7,59,1.4619197
978,0.1136011347904747,290.185644571805,7,68,2.4511335
979,0.1162168938045216,290.3441749845446,8,70,0.92740995
980,0.1127184946616802,289.9678963188646,9,64,0.92740995
981,0.1105540138771948,289.9868982854626,8,195,5.970474
982,0.1161494772760495,290.3494062303124,8,64,3.0017252
983,0.121993719741905,290.6596218570482,8,63,1.1261047
984,0.1256236968708479,291.13692671632646,8,46,2.163252
985,0.1219716805117053,290.7758748577155,4,46,4.3294263
986,0.108884702619978,289.4292697389305,8,117,5.986803
987,0.1234880246712915,290.8313407205817,8,62,0.0
988,0.1229619147472243,290.9422866467288,7,46,1.1193428
989,0.1252860531820142,290.9887514522932,8,52,1.1182595
990,0.1188589789442222,290.5219820699893,6,59,2.9213676
991,0.1276470739775474,291.17385428231427,8,63,0.0
992,0.1147121489517589,290.2681708021676,8,64,3.7047918
993,0.1077729655166732,289.0322930948583,8,205,1.8543341
994,0.1208981426453909,290.61056971207887,8,50,2.1696873
995,0.1226783433044852,290.7193687546165,8,63,0.92740995
996,0.1126189231324749,289.8972650980885,7,65,0.92740995
997,0.1138519764041969,290.21914411248804,8,58,2.1743145
998,0.1225836854519993,290.9688139311762,7,45,1.4529305
999,0.1124713175168597,290.1422512445085,8,66,2.9335198
1000,0.1187040641870343,290.4968179585898,8,71,2.1704438
1001,0.1250704342397161,290.9712035561569,7,53,1.1186652
1002,0.1218728682413535,290.9231558005892,4,46,3.4811363
1003,0.1258334310123249,291.2371445811569,8,41,1.4481399
1004,0.1131680815160051,290.17913604279346,8,68,0.92740995
1005,0.1210952003931696,290.66653988002645,8,56,1.1264921
1006,0.1227685141994283,290.95311856738425,5,47,0.92740995
1007,0.1126047636392832,290.1478071707428,8,66,3.5337799
1008,0.12667935026943,291.24168758501565,8,43,1.4481729
1009,0.1202026749478616,290.59217113299644,8,59,1.1280062
1010,0.1082808131582825,289.19270777853023,8,203,5.3423204
1011,0.1108975771338214,289.2544204564606,8,101,2.470141
1012,0.1250941477765125,290.999621581876,8,49,0.92740995
1013,0.1212987331526766,290.65076224277897,5,60,1.8543341
1014,0.1204109123650244,290.5973287794523,8,67,6.464861
1015,0.1121232270331221,290.09525403653174,7,91,7.46403
1016,0.1096831419144207,289.143845719103,4,76,0.92740995
1017,0.1147400780498024,290.25815227259113,8,64,0.92740995
1018,0.11098453471838,289.73350464142766,4,68,1.4706748
1019,0.123607624330461,290.90092916661894,8,60,2.4239833
1020,0.1163838160307854,290.3541426704051,8,70,4.3376184
1021,0.11964422997693,290.5630466282197,8,65,1.1287682
1022,0.1221376455581469,290.84865441766215,7,47,0.92740995
1023,0.1162285914528905,290.35194705355207,8,59,2.4473855
1024,0.1102435870782126,289.92207581812147,8,148,0.92740995
1025,0.1203218702340581,290.5998486369851,8,58,2.1699755
1026,0.1087947727172271,289.38728367787405,8,98,3.7047918
1027,0.1132817717664208,290.1833562890873,8,69,1.4676944
1028,0.1172190680638622,290.41663201938286,8,66,3.5828989
1029,0.1219160830212625,290.7470119204427,8,51,1.4573967
1030,0.1114308746532865,289.6829660379784,8,76,0.92740995
1031,0.1224944324104633,291.35678773597186,4,34,0.0
1032,0.1171526003289379,290.3965900123907,8,63,1.8543341
1033,0.1127801131260929,289.9726011286783,7,62,1.4698166
1034,0.1163069744537099,290.35865627663753,8,65,1.4641062
1035,0.1212151071216888,290.63405570175536,8,52,2.4358475
1036,0.1129226663826773,290.14101990909813,7,99,8.634654
1037,0.1234247336364664,290.84945788259535,8,61,2.9973607
1038,0.1158906914771313,290.3245625144966,8,71,2.7802885
1039,0.1125107105387575,290.1409374958454,8,63,1.8543341
1040,0.1103801029670464,289.4952972004104,5,69,2.9418764
1041,0.122987859612938,291.06690591774185,5,41,1.4510428
1042,0.1250105382814776,291.1635269585435,4,42,1.4494226
1043,0.1185586002062799,290.49933665752644,8,59,0.0
1044,0.1246842562531056,291.0669854195759,8,45,0.0
1045,0.1084128172753606,289.3249335800658,8,182,7.46499
1046,0.1088806225273395,289.38418555329446,8,152,5.7726707
1047,0.1224886526423089,290.7516342551649,8,51,2.1680603
1048,0.1110358771553279,289.8689479609053,8,72,0.0
1049,0.1227640994485485,290.9742799960967,8,41,0.92740995
1050,0.1250143657896148,291.0849354661217,8,45,1.4509091
1051,0.1232321361928506,290.77670413680295,8,60,0.0
1052,0.1208348664934388,290.6345018540679,8,62,1.4594367
1053,0.1130370840561063,290.1718069767187,8,66,1.46757
1054,0.1208248310505658,290.62534202571027,5,63,2.251618
1055,0.1195602610138703,290.54820044682754,8,57,3.5074446
1056,0.110327775556566,289.7873933371639,7,65,2.938345
1057,0.1222815002528993,291.12951499498934,5,41,2.7802885
1058,0.1212444696156321,290.6385689819932,8,52,1.1267596
1059,0.1248141592867644,290.9439669576274,8,52,0.0
1060,0.1272690917142164,291.161814582282,8,57,0.0
1061,0.1249197694310322,291.0812643415515,8,45,2.7802885
1062,0.1241543665047846,290.88317598244043,8,56,2.424466
1063,0.107796628800114,288.95813608902256,8,153,7.0872626
1064,0.1233111795951466,290.7890076213629,8,57,1.4563649
1065,0.1204178043891103,290.61027071294035,8,61,2.4373958
1066,0.1228707074695382,290.7185424038146,8,64,1.1247882
1067,0.1223304555919706,290.7114843629241,8,51,2.998672
1068,0.1196561834093637,290.5612625435893,8,60,1.1287568
1069,0.1097415319661859,289.62021119813625,8,84,4.6273675
1070,0.1156643391551394,290.310410125665,8,74,2.2636209
1071,0.1205629374534737,290.6161995413079,8,62,2.1697931
1072,0.1226434494655365,290.8352578908112,8,47,2.4270163
1073,0.1110206176417156,289.3548809167216,8,99,12.936255
1074,0.1241701189225697,291.23013236046535,8,40,1.4480385
1075,0.1250243759137207,291.0891423201939,8,44,0.0
1076,0.1219727141740006,290.76943303184066,8,49,2.1678963
1077,0.1259557893787903,291.0791299220958,8,54,2.4162805
1078,0.121827834420802,290.7015438549096,8,59,3.8472402
1079,0.112277778396383,289.6534508583551,7,66,1.4716263
1080,0.1080642794475477,289.1068646423486,8,201,1.4734085
1081,0.1206711210371083,290.6157815151072,8,53,1.4596844
1082,0.1232889407049932,291.20937580661064,8,36,1.4483129
1083,0.1241203035060948,290.88041174212447,8,54,2.166301
1084,0.1183458213699351,290.48510056415125,8,69,1.1306118
1085,0.1241924419301581,290.950021558565,8,53,1.4533842
1086,0.1229970086596855,290.7425926495211,8,62,2.4310327
1087,0.1242185099019522,291.1716778240158,5,41,0.92740995
1088,0.1237556571733161,291.1052544016548,8,43,1.1153286
1089,0.1216229082104325,290.644781081656,8,70,4.3688583
1090,0.1108730938346504,290.0081777881956,7,166,1.8543341
1091,0.1220443724670499,290.739892353253,8,52,1.1245787
1092,0.1220565030932053,290.71784591897745,5,56,3.8707006
1093,0.123047839331985,290.7824785387237,8,54,1.123288
1094,0.1181816636164573,290.4705493179978,8,61,2.443121
1095,0.1131875982454701,290.1764331153115,8,72,0.92740995
1096,0.1227383578109442,290.7787165059666,8,62,1.8543341
1097,0.1137106935437032,290.2085911629199,8,72,2.7802885
1098,0.1254746175387321,291.13542144167985,8,41,2.7802885
1099,0.1242707044450371,290.89126777999195,5,55,2.4240446
1100,0.1182932347406139,290.4720549479494,8,62,2.2602062
1101,0.1218749346720293,290.7819548243376,4,51,2.246167
1102,0.1117553694021818,289.64587530522283,8,98,2.177695
1103,0.1105564133174419,289.87421528950733,7,64,0.92740995
1104,0.1143273682567393,288.8727369529206,7,77,2.7802885
1105,0.1117676400919532,289.85243243567743,8,74,0.0
1106,0.109305749378116,289.5871326775831,8,80,2.2827463
1107,0.1220487043332978,290.798816090665,7,49,3.5714424
1108,0.1219230042454453,290.960913815965,4,43,1.1187897
1109,0.1190403289180047,290.5220461757653,8,59,3.000335
1110,0.11891235310643,290.5168793104464,8,66,5.1449084
1111,0.1225692266171869,290.7602743986545,7,60,1.4564595
1112,0.1177790213575567,290.4500385996272,8,64,1.8543341
1113,0.1112855941421231,290.0562296308405,7,136,7.2960896
1114,0.1186675326720149,290.5119311647279,7,56,2.2595885
1115,0.1257383849163534,291.19156163742593,8,45,1.4489866
1116,0.117498677900443,290.4336932310437,8,62,0.0
1117,0.1223072968946817,290.7076679906155,8,53,0.92740995
1118,0.1087325446721805,288.807334292606,7,75,0.0
1119,0.1245392138538864,291.1745655184855,8,40,2.7802885
1120,0.1149787358262893,290.2682823226875,7,60,1.4642704
1121,0.1224955255918703,290.7247123458942,8,49,1.1247844
1122,0.12581131805036,291.04547510670574,8,50,0.0
1123,0.1227646672098531,290.7593454461554,8,58,2.1679308
1124,0.1097309890478157,289.3965711118977,9,76,2.4669623
1125,0.1259324371223321,291.0501818638119,8,51,0.92740995
1126,0.1228575796368305,290.8823450815602,7,46,1.1208543
1127,0.1089967714384107,289.3510931128601,8,126,1.1436647
1128,0.1200153986793882,290.57985550843745,8,58,1.4603564
1129,0.1206996070616824,290.59219335570486,8,61,2.437235
1130,0.1190685436682556,290.52213348471395,8,60,2.9208033
1131,0.119183997353619,290.53230074103715,5,62,0.0
1132,0.1229584394626532,290.78454936339847,1,56,1.4561013
1133,0.110925402871706,290.0490529419445,7,235,7.1555014
1134,0.1104946088628845,289.9882495798952,8,161,2.2777412
1135,0.1122701632033747,290.1274965037816,8,182,1.137314
1136,0.1119887863628627,289.6460493080017,8,69,1.1427461
1137,0.1120518393942029,289.6738105035743,8,68,1.1425548
1138,0.1117624187339247,289.93878158833087,8,72,0.92740995
1139,0.1177649756935903,290.4458483532395,8,61,1.1313196
1140,0.1230608863245988,290.7926153850284,8,52,2.428866
1141,0.1195204655558725,290.5544374096876,8,64,0.92740995
1142,0.1264235858884653,291.0628700605923,8,70,1.8543341
1143,0.122003625919709,290.7328596708191,5,53,0.92740995
1144,0.1177049231650226,290.4358035713756,8,70,0.92740995
1145,0.124657437302548,290.9548538947859,8,53,4.4679966
1146,0.1220194578352423,290.83954974025187,8,50,0.0
1147,0.1133255389915219,290.1836747531568,8,127,1.1380428
1148,0.1198659874982002,290.5751275246551,8,65,1.8543341
1149,0.1233663006336184,291.0755130074376,5,43,0.92740995
1150,0.1121599894638275,289.76302146704705,8,67,3.544915
1151,0.110711241234429,290.00094174720283,7,74,3.881071
1152,0.122108625712787,290.85984046132086,4,48,1.8543341
1153,0.1220366919346145,290.8397841250554,8,51,0.0
1154,0.1220115168472955,291.0667771596188,8,41,2.2312574
1155,0.1192781006805455,290.53068406862,8,57,2.9203632
1156,0.124851283529994,290.9468403001593,8,54,1.4533645
1157,0.1223072615117242,290.8821564775782,8,47,1.1192108
1158,0.1172632364788316,290.42205596987014,8,59,3.8647459
1159,0.1221048415271275,290.79267843580703,8,50,2.2455127
1160,0.1148059644999174,290.26089340626515,8,65,1.4646978
1161,0.1219700264231418,291.1994735246288,8,34,1.1126406
1162,0.1127465619020995,290.14940520833693,8,74,2.1745527
1163,0.1244949921064362,291.1980639334792,8,42,0.0
1164,0.118776374255313,290.5028202830328,8,69,1.8543341
1165,0.1240821937705526,290.87802721716287,5,54,2.9073758
1166,0.1135871815747464,290.20447455899995,8,62,2.174343
1167,0.1185542264168636,290.48142252965965,8,68,1.1292697
1168,0.1124932987642716,289.98430491751554,8,63,1.4696509
1169,0.122393531469535,290.7228519975491,8,52,3.8454247
1170,0.1231917392594508,291.2101813070128,8,38,0.0
1171,0.1127053635568139,289.93768122174106,7,63,1.470007
1172,0.1220617934016376,291.2034112518311,8,36,1.8543341
1173,0.1259650383241135,291.1614419034026,8,46,1.4495801
1174,0.1216942227831488,290.69475090722005,5,61,3.3706348
1175,0.1121527491472711,289.81008819122457,8,66,2.462994
1176,0.1115358111746817,289.259714424262,8,80,0.0
1177,0.1129661816024476,290.15974478789514,8,63,2.1757114
1178,0.1272510864610513,291.164945833837,8,57,0.0
1179,0.1233649654493566,291.0888732085229,8,42,2.23052
1180,0.1161924143576076,290.3576619139289,8,59,0.92740995
1181,0.1203475776443263,290.59315194192504,8,54,1.4600406
1182,0.1245085437194006,291.22358458170527,8,41,2.8945744
1183,0.1249414544356113,291.11490385253035,8,44,2.2296898
1184,0.1231698570111423,291.2222745214289,8,42,1.4480467
1185,0.1107790171888431,290.0328650676712,8,181,4.6394606
1186,0.119167142925178,290.5298528902477,8,68,2.4379828
1187,0.1223073621160604,291.2103988503214,8,37,1.4481536
1188,0.1226970583654254,290.84085310994664,7,46,1.1219
1189,0.118016523461214,290.4519377755448,8,71,2.441231
1190,0.1091897085256163,289.4826343786676,8,105,5.3362737
1191,0.1230881651099609,290.82188718695744,8,47,1.455781
1192,0.1101750027916086,289.9032655663515,7,169,4.9104505
1193,0.1218428309526848,290.8383338040393,4,48,2.16696
1194,0.1256179192037612,291.0199350543223,8,53,1.4520963
1195,0.107578011887459,288.96542396445074,8,201,4.414314
1196,0.1174789230766385,290.43450561394815,8,59,1.4631568
1197,0.1244610555151338,291.1696873842519,8,43,2.4118695
1198,0.1221647728664755,290.741462928935,8,50,0.0
1199,0.1221002851346002,290.79533901583585,8,50,3.490778
1200,0.111645983777784,290.0957357394672,7,68,1.4686047
1201,0.1114409170469268,289.4443437159659,7,89,2.4677997
1202,0.1213322257500366,290.64938914198177,8,52,3.5007372
1203,0.1236561323770582,290.8606579895806,8,60,1.4550394
1204,0.1117145601088014,290.09890057046334,8,66,2.7802885
1205,0.1226535586741468,290.8400891081501,8,47,3.8377173
1206,0.1180749171308072,290.4728957043354,8,61,1.8543341
1207,0.1184119569155818,290.48942672308647,7,68,1.4620968
1208,0.1251606086555511,291.07353013258586,8,46,2.2317789
1209,0.1083383132003452,289.2802016557756,8,178,5.9905257
1210,0.1232481768643347,291.21734654566427,4,34,3.8128934
1211,0.1211913904952068,290.642306459164,8,54,2.252626
1212,0.1202258656788567,290.59370440159233,8,59,3.5047657
1213,0.1127459291403641,290.0999221786625,8,63,2.2780561
1214,0.1202387378250384,290.567802251083,8,61,2.9181757
1215,0.122302672243924,290.74339116659377,8,49,0.92740995
1216,0.1189136528766451,290.5037208112701,8,58,1.1297227
1217,0.1259239095568544,291.1894301620462,8,43,0.92740995
1218,0.1188286771113273,290.49692194310035,8,56,0.92740995
1219,0.122479848760697,290.7265038461109,8,49,0.92740995
1220,0.1146698277479287,290.265736637591,8,65,2.92997
1221,0.1244239769058211,291.20063390972405,5,41,0.0
1222,0.1211202805298491,290.6335434909751,8,53,1.459294
1223,0.1187349875140386,290.4943148403893,8,57,0.92740995
1224,0.1225094573219338,290.7560219054577,8,50,1.4570829
1225,0.1127429968784879,289.97403252442507,7,65,0.92740995
1226,0.1169449135180858,290.3904824572947,8,55,3.582841
1227,0.1243808030673074,291.19473980003823,8,43,2.162413
1228,0.1101965664990918,289.8772123114499,8,204,5.033243
1229,0.1166496011256075,290.3828713031124,8,69,1.132972
1230,0.1120579239336324,289.8701714934832,8,75,1.8543341
1231,0.1116411175252095,290.0990031899398,8,124,1.4680715
1232,0.1154032051764781,290.3092660012056,8,123,3.0023403
1233,0.1166658311489958,290.38524877878865,8,107,0.0
1234,0.1102017240529106,289.85825864612235,7,174,2.9373398
1235,0.1173209268742928,290.42082247206326,8,61,1.1319525
1236,0.110598212999247,290.0128374107718,8,183,5.153125
1237,0.1222581543488443,291.1351005391067,8,37,1.1143371
1238,0.1265026465276501,291.2027883113218,8,46,3.8153327
1239,0.12508648453502,291.0159018366711,8,49,2.4190023
1240,0.1247584341094323,291.0903553355587,8,46,0.92740995
1241,0.1240725630587339,290.8764743809264,6,56,1.1208543
1242,0.1228726236602988,290.7196278106199,8,63,0.92740995
1243,0.1097877499227464,289.8028869036912,8,217,1.1402602
1244,0.1112640155521988,289.7986872022084,8,72,0.92740995
1245,0.1118571148755561,289.38270502134685,8,72,2.1788385
1246,0.1193039810878124,290.5395818342396,8,60,1.129247
1247,0.1227602785561919,290.7526838301952,8,57,0.92740995
1248,0.1233061996537886,290.8173347943532,8,69,5.8875256
1249,0.1114213923588966,290.0165140264179,8,69,0.92740995
1250,0.1209019316576673,290.6126433930396,8,55,2.1696754
1251,0.1162902700963346,290.34753121481543,8,59,3.0012197
1252,0.1227932565829385,290.7469948868923,8,62,1.4571923
1253,0.1223860720920531,290.7661821693616,7,46,3.4927638
1254,0.1188035417165969,290.5083184055312,8,61,1.4616367
1255,0.1166390051341458,290.38190090446307,8,63,3.5191522
1256,0.1172990570577526,290.41749749496546,8,63,2.445231
1257,0.1107132864938593,289.387056030663,8,76,1.4727006
1258,0.1229631687297914,290.7340755834722,8,62,1.1243694
1259,0.1088789755351771,289.34946373986804,8,115,0.92740995
1260,0.120098605049869,290.5835189195289,8,57,2.9186542
1261,0.1123877807270368,289.8309258026174,7,64,2.4628766
1262,0.1078780342720275,289.06202255273394,8,207,1.1453258
1263,0.1215521425212117,291.4482861061557,1,32,1.444574
1264,0.1139484250374114,290.22456162515294,8,60,3.587816
1265,0.1198164952278128,290.57493478634285,8,63,1.1285177
1266,0.1229687579822416,290.91719280582373,7,47,4.565785
1267,0.1253920253123379,291.1041419885878,8,45,1.1155959
1268,0.1259561415800584,291.13987187980536,8,47,1.4499842
1269,0.1122313385330423,289.6972434792612,7,67,0.92740995
1270,0.1225429849904957,290.73776114111564,8,58,1.8543341
1271,0.1203734310750472,290.6063538932725,8,67,1.1277375
1272,0.1255344960296147,291.13536728294577,8,42,0.92740995
1273,0.1140547090745154,290.2305408172169,7,63,2.2708938
1274,0.123611794037744,290.8682826040301,8,57,2.1665375
1275,0.124663338651287,291.06673225280633,8,45,1.1164143
1276,0.110482783209762,289.6903614390311,8,72,2.9395926
1277,0.110027344928752,289.4515061456996,7,74,2.942149
1278,0.1120479007692084,289.718921330792,8,68,0.92740995
1279,0.1161125198732667,290.33710307281984,4,54,1.132356
1280,0.1170804751176815,290.40637905741323,8,63,1.1322676
1281,0.1169868415286733,290.4077999466648,4,59,0.0
1282,0.1219099229139263,290.7075047570446,5,61,2.9129217
1283,0.1125423374591876,289.9805162986247,7,64,1.4696908
1284,0.1219826216823818,290.78276896278885,7,50,1.4566518
1285,0.1097602929421171,289.7069597597763,7,103,2.7802885
1286,0.1110151048511121,290.0649863191088,8,223,3.4134936
1287,0.1249104453651109,290.96207784562563,8,53,0.92740995
1288,0.1099882400793552,289.3032880389578,5,73,2.2881317
1289,0.1147322058395098,290.2672048750497,5,66,1.8543341
1290,0.1238182210162417,290.847171224715,5,53,0.0
1291,0.1104820429741405,289.5230213980216,5,71,0.92740995
1292,0.1255139812228759,291.206845830114,8,42,2.4105072
1293,0.1103802829476761,289.95814335498017,8,171,5.9707522
1294,0.1225736214817223,291.14566055383887,7,40,1.1141213
1295,0.1249032627383483,291.0694313150464,5,45,0.92740995
1296,0.112105855310373,289.7817484554154,8,68,3.5444102
1297,0.12090523675206,290.6427099289154,8,70,2.169509
1298,0.112396671245344,290.09717225170283,8,71,0.0
1299,0.1221692135364629,290.68840222639403,8,52,3.5746853
1300,0.1219241338309273,290.7286881640048,8,52,1.1249229
1301,0.1252732084886069,291.00129059693666,1,51,1.4524385
1302,0.120540583961417,290.6150738085454,8,60,1.8543341
1303,0.1252408909486777,291.1538585719938,1,40,0.92740995
1304,0.125378092778461,291.09673709100105,8,48,3.3439407
1305,0.1109612414743193,289.2862749761559,8,96,2.1790113
1306,0.1218249370523057,290.86526680817167,7,50,4.5709357
1307,0.1223606321353265,290.76280004968726,7,48,0.0
1308,0.1228488356527848,291.0182450868413,8,45,2.1645806
1309,0.1238934255759751,290.9142931611948,8,55,0.92740995
1310,0.1192370815389863,290.529152879087,8,60,1.8543341
1311,0.1087226560621359,289.1100601023538,8,96,6.902185
1312,0.1086182440158338,289.26055067775553,8,170,2.2874668
1313,0.112746665810918,290.14949677669216,8,75,2.4579928
1314,0.1077618067838481,289.02930286503386,8,202,5.7831783
1315,0.1225262270384017,290.79653840255764,5,48,2.4288316
1316,0.1105328371402229,289.2954694202416,7,74,1.4732023
1317,0.1126341482681088,290.016009043772,7,63,1.4695038
1318,0.1103836826366247,289.40920625358143,6,75,1.4724393
1319,0.1103010018668249,289.92343501745654,8,175,2.278545
1320,0.11734131318768,290.42622000354214,8,63,3.5828118
1321,0.1224630601499702,291.10862926695825,8,40,3.5614583
1322,0.1234625568509234,291.0800931807563,8,46,0.92740995
1323,0.1099121877110518,289.430749207594,4,73,3.7047918
1324,0.1226530663248278,290.7605287662989,5,59,2.1676223
1325,0.1212430033395908,290.6405289469002,8,54,2.4356806
1326,0.1222721685921124,290.7272533512586,8,51,1.1248106
1327,0.1218430011500292,290.93177546653874,8,47,0.92740995
1328,0.1143063864636617,290.23976879864074,1,66,1.4672303
1329,0.1236323812161411,291.1809974363068,1,40,2.2259805
1330,0.1252797722844232,291.14800373692725,8,42,1.4497489
1331,0.1171143216727948,290.4131666611636,8,61,0.0
1332,0.1130289552500381,290.16263031640176,8,62,1.13886
1333,0.1219246294313919,290.8412636454447,8,51,2.4268112
1334,0.1221838299004913,290.696517106352,8,52,1.8543341
1335,0.1218736133082118,290.82579738171245,4,47,2.9976177
1336,0.1232477247505921,290.7735984132514,6,60,3.7047918
1337,0.1219357898092596,290.7023326959164,8,54,1.458217
1338,0.118485898095923,290.49457873406726,8,68,1.8543341
1339,0.1108834344032874,289.92703536714464,7,64,5.327277
1340,0.1222396953024061,290.69953907637176,8,53,2.7802885
1341,0.1172672056795454,290.40228900170086,8,59,0.0
1342,0.1225358870304446,290.77055680871786,5,45,1.8543341
1343,0.1088573154815682,289.385810408824,8,114,3.8937888
1344,0.124400984673318,291.0074105245524,5,46,1.4523178
1345,0.1103242734757215,289.815816325486,7,69,2.4614828
1346,0.1155559505224873,290.3171205060751,8,64,1.8543341
1347,0.1232287217091952,291.1906003592985,8,39,0.0
1348,0.1082088491755913,289.2247366929381,8,178,5.8710537
1349,0.1228514606142894,290.96579285258525,5,43,1.4530065
1350,0.1226991559331117,290.84084867197896,7,45,1.1219
1351,0.124540067127793,291.0244210278515,8,47,1.1174392
1352,0.113683571949827,290.2097822879108,8,62,3.0027742
1353,0.1218032564798246,290.9270839540553,8,50,2.905577
1354,0.1202321246874987,290.59227856196503,8,58,2.1700482
1355,0.1194714781541994,290.5424500407342,8,53,2.4398954
1356,0.1225242507525752,290.9543635431501,6,45,0.92740995
1357,0.12233330982953,291.0381399345221,2,43,2.4173982
1358,0.1127214746766319,290.1556626586398,8,66,1.8543341
1359,0.1207700481819976,291.40877106168614,8,35,0.0
1360,0.1124588748557064,290.1131081045579,8,69,1.4688642
1361,0.1224734546556688,291.2592366839918,8,40,1.4473982
1362,0.1259279478504025,291.0792823416027,8,48,0.92740995
1363,0.1185877656254308,290.49601427385664,8,62,1.4618696
1364,0.1278974726666148,291.16114040902534,8,71,0.92740995
1365,0.1121807107496978,289.95031021298854,8,77,1.4697583
1366,0.1154348831037413,290.309799869758,8,61,0.0
1367,0.1196158118473849,290.5328937323244,8,65,6.987043
1368,0.1250020251685024,290.95197720594564,1,55,2.4215033
1369,0.1251614064368433,291.0442093802688,8,50,2.4177601
1370,0.1228725961064355,290.7205098010685,8,63,1.4576015
1371,0.1247895171752511,290.982585651688,5,49,1.118486
1372,0.122091812100898,290.69043991811463,8,53,0.92740995
1373,0.111359892449867,289.8367300160341,8,68,0.0
1374,0.1185971585291555,290.5048648863469,4,60,2.4422739
1375,0.1184901009441045,290.49048479249166,8,63,1.4619758
1376,0.1174138085984961,290.42773555942034,8,63,2.172077
1377,0.1117034638991171,289.83071016454653,8,75,1.1411552
1378,0.1118751113679285,289.6090220042202,8,71,0.0
1379,0.1243593304305328,290.91352772391383,8,53,2.4233859
1380,0.1218845683159308,291.3510109224964,8,32,1.446005
1381,0.1123291237233705,289.803975714611,7,68,2.4632294
1382,0.1222390981741344,290.69068124081264,8,52,1.1255676
1383,0.1092496429739274,289.2500260420147,7,68,1.1445783
1384,0.1254599574159504,291.032922713122,7,49,1.451889
1385,0.11132558588484,289.29636755681025,8,92,2.2895923
1386,0.1118848004849388,290.00143690595485,8,72,2.4600196
1387,0.1178104778865659,290.45245477633034,8,65,0.0
1388,0.110140567997936,289.7517233446385,8,72,5.9784174
1389,0.1139181119856871,290.2137117157253,5,58,2.4512627
1390,0.1175016702133204,290.4395095124784,8,61,3.5827153
1391,0.1188860314363969,290.5231277152981,7,56,0.0
1392,0.1164246887886093,290.3717592183078,8,60,0.0
1393,0.1184470414760447,290.48941354200457,8,56,1.8543341
1394,0.1253529168903405,291.1007578290231,8,46,0.92740995
1395,0.1123558636545296,290.11736356091376,8,142,5.0267444
1396,0.1245252669373284,290.9488317931526,8,52,1.8543341
1397,0.1251236630429971,290.9807012766019,8,53,0.0
1398,0.122151172295128,290.73380269129166,8,51,2.4319088
1399,0.1105685238302715,290.01370385270786,8,187,6.314094
1400,0.1186774957036339,290.49886009581184,8,58,0.0
1401,0.1220413968103963,290.734772904859,8,51,1.8543341
1402,0.1238108626142607,290.9924580108417,8,41,0.0
1403,0.1094685289738891,289.62157728026403,7,91,4.3481326
1404,0.1238444619567395,290.853996882006,5,56,1.4550052
1405,0.1223874582057094,291.09611604863744,6,40,0.92740995
1406,0.1231449608567888,291.21589610957506,8,38,2.4093072
1407,0.1074760446082935,288.927735898309,8,197,3.0065935
1408,0.118788966390555,290.49317888922894,8,53,2.4414492
1409,0.1125860527738591,290.1187130772007,8,108,0.0
1410,0.1223809451328933,291.1297460796045,8,42,1.4497405
1411,0.1236187234788171,290.8365523132788,8,59,1.1215669
1412,0.1255115681373381,291.0171504467657,8,55,2.4188678
1413,0.1112704675086988,289.6806101059209,8,70,1.1421405
1414,0.109075866996664,289.49008801298146,8,76,4.4064264
1415,0.1085458172535197,289.2271561047533,8,162,4.4108176
1416,0.1223286659249516,291.1331001917653,8,40,2.8974836
1417,0.1220087037080259,290.7757019776472,8,53,0.92740995
1418,0.1154356929299744,290.3106304377142,8,66,1.1345837
1419,0.112749720992741,290.0078526384416,8,64,2.1764188
1420,0.1094749290187544,289.4742985914657,8,76,2.2849584
1421,0.1247261623513575,291.0918804214326,8,46,1.8543341
1422,0.1201513574390174,290.5886964959253,8,57,0.92740995
1423,0.1254032627211292,291.105355592449,8,46,2.8992767
1424,0.11163991793625,289.89850696586143,8,72,2.2802978
1425,0.1197435959553368,290.5639552442607,8,59,2.1703944
1426,0.1124594948226742,290.14100384596486,7,65,1.4678372
1427,0.1074948221453112,288.95541418389564,8,187,2.4711251
1428,0.1253222818421364,291.0221985132088,8,52,1.4520794
1429,0.1132793992240518,290.1769239562145,4,61,1.8543341
1430,0.1232174255346019,290.97931346492123,8,38,2.8980582
1431,0.1231685890928329,291.1150403929775,4,39,2.1633375
1432,0.1253197212675486,291.17125512536865,8,42,1.449315
1433,0.1244889245874509,290.9156048894241,1,53,1.453924
1434,0.1200918957562816,290.5757585379793,8,59,5.547545
1435,0.1173968446595364,290.4306175938443,8,58,0.92740995
1436,0.10792872192232,289.0726172020072,8,200,3.8768382
1437,0.1249308158888972,290.9592211926844,8,54,0.92740995
1438,0.1133370626949876,290.18834654062186,8,68,0.92740995
1439,0.1183130257834983,290.48228588442964,8,63,1.4621913
1440,0.1220790372730639,290.806925222173,8,50,5.712955
1441,0.1162513163840223,290.3604896643586,8,133,1.8543341
1442,0.119571038677844,290.5590866697024,7,70,1.8543341
1443,0.1250871243021158,291.0750057100745,8,48,2.163993
1444,0.1203264796991911,290.59429447956006,8,55,3.3801315
1445,0.1155455861567301,290.31777556278803,5,62,0.0
1446,0.1259035425429581,291.06128578258813,8,50,2.4170232
1447,0.1105908895205222,289.8862779728293,7,67,3.8858218
1448,0.109431197359873,289.57336043805344,8,80,3.0050652
1449,0.1178930017531423,290.4434102630544,8,68,1.4616691
1450,0.119319589197704,290.51333326169447,8,66,2.1706846
1451,0.1244055789531856,290.92173940186115,7,51,0.0
1452,0.1225317285578956,290.8395040359303,5,46,1.8543341
1453,0.119990958406206,290.57550933999585,8,61,2.4385984
1454,0.1106125830423991,289.128848861233,8,93,1.1462486
1455,0.1097159627202551,289.5697599925707,8,68,2.1775217
1456,0.1108749948611668,289.8235301839054,8,71,0.0
1457,0.1185967916357809,290.50126465976354,8,58,1.8543341
1458,0.1224557262284725,290.7460556782173,8,50,1.4572816
1459,0.1129759065481964,290.1581263379404,8,81,1.4665103
1460,0.1127019803514504,290.03119361367646,7,64,1.8543341
1461,0.1132262380048406,290.1740800285826,5,61,2.7802885
1462,0.1223843848223751,290.9514755425969,1,46,0.0
1463,0.1236871089567068,290.90903965644054,8,55,0.0
1464,0.1196836268683797,290.56517042559017,8,66,2.9999998
1465,0.1157462515798626,290.3151342829532,8,72,2.7802885
1466,0.1194038986921983,290.5198517976384,8,65,1.4608605
1467,0.1158994801127812,290.32523515355683,8,57,1.4638021
1468,0.1221601072529508,290.6674043545777,8,61,2.1689878
1469,0.1255797974842863,291.0174821404203,8,52,1.4521412
1470,0.110097863687312,289.86550120430024,8,189,4.7645516
1471,0.1259840088937326,291.11048566708,8,49,0.0
1472,0.1124302705098058,289.77547387677424,7,67,0.92740995
1473,0.1242610273770648,290.89165835126613,8,57,0.0
1474,0.1188358795326755,290.50922206051735,8,68,1.1283813
1475,0.1254480782514255,291.1066222045674,8,46,2.4150188
1476,0.1108193212588371,289.5714606264512,8,68,1.1427939
1477,0.124153722973664,290.94349697976554,8,53,1.4535056
1478,0.1172471599327203,290.4076231129428,8,57,1.463053
1479,0.1104569087332257,289.5912065207667,5,73,0.92740995
1480,0.1100217651748979,289.46451607348763,5,75,6.783451
1481,0.1194744696152912,290.5346757216185,5,53,3.5789409
1482,0.1242912012117541,291.01886880986723,8,46,1.4520906
1483,0.1250319362868205,291.060330003626,7,48,0.92740995
1484,0.1212093645632764,290.6488823303881,8,53,0.0
1485,0.1219046165669961,290.78837285677605,7,50,4.362139
1486,0.1128121752515769,290.0043000374461,7,64,0.0
1487,0.1254985492818277,291.0682337656072,8,50,1.4512658
1488,0.1260632472079716,291.1771126458178,8,46,0.92740995
1489,0.1129011658974026,290.07683235981546,8,64,1.1397191
1490,0.1246419631863769,291.00506836537335,7,47,1.1179237
1491,0.1232512262811838,291.2102030917667,8,38,1.1126049
1492,0.1097060276797866,289.70929981033,8,119,13.442971
1493,0.1123553738732641,290.1377112672339,7,71,5.743232
1494,0.1228635456118847,290.8735155934322,4,48,2.2412934
1495,0.1220919494028167,290.8358062040371,7,51,0.92740995
1496,0.122302342419287,290.8728302516006,8,48,1.1210978
1497,0.1226642826241912,290.6960171159608,8,61,1.4580897
1498,0.1212053382199243,290.6316364889761,8,52,1.1268615
1499,0.1240097507892618,290.86653261067,5,60,1.4546782
1500,0.1159147002755908,290.3253511511584,8,66,0.0
1501,0.1181370814831033,290.4738959970046,8,74,2.4434319
1502,0.1126730810404813,289.9325671011643,7,65,1.4700284
1503,0.1204108955090752,290.59773473939606,8,64,0.92740995
1504,0.1163370682757895,290.35953835636565,6,60,3.5193412
1505,0.1228042685481895,291.089641719798,8,41,2.4150922
1506,0.1113138107485993,289.2341078084313,8,104,1.4739026
1507,0.1201735614301513,290.5909688219601,8,58,1.128044
1508,0.1218350675748025,290.9626711338775,8,43,2.7802885
1509,0.1148039988905008,290.2589215870712,8,64,1.4645602
1510,0.1222464894558305,290.8834872113081,8,48,1.8543341
1511,0.1084148273117424,289.3145130332313,8,145,1.4720913
1512,0.1219291460204787,290.89647195088565,8,48,1.4543461
1513,0.1165301539810462,290.37807433075227,8,62,1.4643033
1514,0.1240446809197139,290.8751318754987,6,54,2.4250512
1515,0.1227645475798431,290.98651878615607,7,46,1.4525958
1516,0.1119163364179913,289.6100223204845,8,70,2.4657495
1517,0.125750874937751,291.24302659797434,8,42,1.4480193
1518,0.1218875197599125,290.7665714359574,4,49,0.92740995
1519,0.1173121983665736,290.42549328754,7,53,0.92740995
1520,0.1116398665117724,290.0626993579249,7,96,3.8745277
1521,0.1122286973813898,290.09605435691174,8,83,4.6273675
1522,0.1220276824370402,291.12692452757994,5,39,3.4659503
1523,0.1235710915301804,290.8538755822072,8,59,1.1215447
1524,0.108944439117346,289.4093611388432,8,136,7.0702643
1525,0.1245122026204572,290.93515998503574,8,53,2.1657045
1526,0.1167061622416977,290.37935717955725,8,62,3.7047918
1527,0.1258302383315579,291.2270825900978,4,42,6.64679
1528,0.1199133718436222,290.578664321535,8,70,1.4604472
1529,0.1251838903870629,290.99912724736964,8,50,2.2352667
1530,0.1178253699197452,290.44770852308625,8,60,2.1717238
1531,0.1223627676730045,290.7192729001515,8,53,1.8543341
1532,0.1116147176251527,290.094585317835,9,65,2.935191
1533,0.1222147299992252,290.6886603755099,8,48,2.9988363
1534,0.1149530766981922,290.2795369129552,8,61,2.450022
1535,0.1226332279367141,291.063327344864,8,46,1.8543341
1536,0.1174535818575953,290.42228254000844,8,57,1.4629165
1537,0.1221613077330964,290.72270320094145,8,51,3.845699
1538,0.1148808252620689,290.2770594896669,2,59,1.1359553
1539,0.1252240184011589,291.0833679551125,8,48,1.450962
1540,0.1233127932736839,291.21465249321574,8,35,0.0
1541,0.1209985655086507,290.6399026188277,8,61,0.92740995
1542,0.1117797771529446,289.8772523049648,8,71,0.0
1543,0.1253488956864053,291.0807405407434,8,49,2.4161603
1544,0.1106094367331979,289.2592579799496,8,74,1.8543341
1545,0.1229255104105387,290.96365106219906,8,47,2.4210303
1546,0.1076335604485853,289.01571277124856,8,195,10.361618
1547,0.1125635733188964,290.1161779720734,8,118,1.8543341
1548,0.1202675649347877,290.59685836035464,8,61,1.1279116
1549,0.114251006035391,290.2403275663148,8,80,0.0
1550,0.1177103887621362,290.45378938542297,4,61,0.0
1551,0.1257515527576964,291.0433783315821,8,51,1.4516959
1552,0.1229158066561463,290.7881903991346,8,55,0.0
1553,0.1240747913765674,290.9743326346121,8,60,2.236398
1554,0.1223406622640128,290.7683271930524,7,48,1.1237686
1555,0.1089118189719528,289.46022126394706,8,112,1.4714499
1556,0.1192028103131932,290.5301813241168,8,66,2.9205275
1557,0.1118593235885039,289.8039864540033,7,73,7.7162647
1558,0.1151044882305909,290.2906467878794,8,64,5.309415
1559,0.1204017127218156,290.59656981581566,8,62,2.169466
1560,0.112807154510052,290.0351071702196,7,66,2.9369483
1561,0.1262099962346541,291.1795324922525,8,46,1.1138841
1562,0.1171266618752921,290.40906782844786,8,65,0.92740995
1563,0.1227040962869903,291.16107860452297,5,37,2.994421
1564,0.1182968047332184,290.48311640812,8,69,1.4622297
1565,0.1129656753235568,290.1571523724176,7,79,5.737829
1566,0.112666321461383,290.07145321147226,8,63,2.17614
1567,0.1218738922446338,290.7983204881528,7,52,0.92740995
1568,0.1232246378894057,290.7707713441435,8,59,2.4297588
1569,0.1221460646114937,290.8686127993619,4,47,1.4549085
1570,0.1222935675159372,290.7424881516098,7,48,0.0
1571,0.1105274057513291,289.4404204294583,7,72,2.4670289
1572,0.1221149354887114,291.0550694065707,8,41,2.4165413
1573,0.1230650906098109,291.0045689036444,8,46,3.4753675
1574,0.111990737905667,289.9789613580197,8,71,1.4695282
1575,0.1125562475681474,289.8812886348635,8,64,1.4703052
1576,0.1096290470406484,289.08122867641544,5,77,3.6005154
1577,0.1238603335777583,290.8741531675216,4,56,1.1210535
1578,0.1146878932540172,290.2666647103051,8,67,0.0
1579,0.1252245531730425,290.9998192989023,8,52,1.4524666
1580,0.1223048087426318,290.69732580504825,8,49,2.168733
1581,0.1124900966763187,289.9772991377465,8,62,2.4608166
1582,0.1233850703049718,291.2262202011961,7,37,1.8543341
1583,0.1190784785780588,290.5372402689746,8,58,4.6032724
1584,0.1082412756821612,289.2331856311528,8,194,4.5670433
1585,0.1254340482370143,291.0319025076324,8,52,1.117308
1586,0.1244856167070951,291.1608750471235,4,41,0.92740995
1587,0.1229107483121532,290.7198291082368,8,64,2.168372
1588,0.1233243931891117,290.9340695072875,8,47,0.92740995
1589,0.1127505474890184,290.15840960377886,7,65,0.92740995
1590,0.1103285486462751,289.8099034711632,7,67,1.8543341
1591,0.1226096223960034,290.76233472229205,8,47,2.2468445
1592,0.1269011389994642,291.21048309171715,7,49,2.1624238
1593,0.1125473872676086,290.1389399852004,8,68,1.1389309
1594,0.1231711723683635,290.7998571918011,5,53,1.4558553
1595,0.1200527852004678,290.582119030293,8,57,1.1282183
1596,0.1123693768879319,290.08490810392675,8,69,0.0
1597,0.1132286699917888,290.18478687730664,7,61,2.9312766
1598,0.1087841392707663,289.41569119012235,8,79,3.4250264
1599,0.10879160281826,289.41928060179043,8,81,4.6548967
1600,0.1196804424399322,290.5624429312391,8,61,3.000004
1601,0.1208451360696031,290.6169119007884,8,53,0.92740995
1602,0.1220808855749894,290.808709445883,8,50,0.0
1603,0.1237879834214763,290.9301544706211,8,52,1.4537401
1604,0.1191213447239512,290.51647259408594,8,55,1.1294638
1605,0.1263498995744644,291.1681240763399,8,46,2.162913
1606,0.1220963687513354,290.8536715483085,7,46,3.3613577
1607,0.1209863628072464,290.61572220514245,8,50,1.4595065
1608,0.1257431084889902,291.1385347440338,8,46,0.92740995
1609,0.1260651597119487,291.2040789552415,5,43,3.3364234
1610,0.1093835520434777,289.55551429865056,8,80,1.142268
1611,0.1148306739828345,290.27473354602137,5,66,4.7633796
1612,0.1242676403341806,291.040335859573,1,44,0.92740995
1613,0.1223284562994465,291.1209309124216,5,41,1.114708
1614,0.1215367741324481,290.6616845796899,8,57,2.1691809
1615,0.1226068484387561,291.0572659942384,8,43,1.4511905
1616,0.12200483663674,290.7199219583703,8,53,2.168564
1617,0.1105942145412428,290.0056224764792,8,195,2.4588594
1618,0.1225205439238699,290.94437788145143,4,46,1.8543341
1619,0.1252845188648315,291.170451843331,7,39,0.92740995
1620,0.1108810027362806,289.8057367351911,8,71,2.1768372
1621,0.1122830710372254,290.10054071655816,8,100,0.0
1622,0.1256380997532856,291.0349096952169,8,50,0.0
1623,0.1228212012603853,291.0131376544715,7,42,4.545702
1624,0.1089524290700417,289.4148548819631,8,138,2.4659934
1625,0.1242242220888097,291.1712975401084,5,41,0.0
1626,0.114453922649878,290.2508466408919,2,61,1.4667974
1627,0.1220788092662032,291.1418321303725,8,37,1.8543341
1628,0.1173453313553329,290.4265889617616,8,61,2.445586
1629,0.1125441042977155,290.14784730274926,7,65,2.174816
1630,0.1217031023523289,290.67112253264656,8,54,2.434478
1631,0.1187620949921994,290.51343643922223,7,55,1.1300467
1632,0.1249009114322601,290.943394194138,8,55,0.92740995
1633,0.1253998997391721,291.1176617884956,8,42,0.92740995
1634,0.1140151534063844,290.22822455432305,8,58,3.7047918
1635,0.1253566179911125,291.14081151236473,8,41,1.1146935
1636,0.1218967797865863,290.83467527907976,8,51,0.92740995
1637,0.1167786381319642,290.3949357581026,1,61,1.1331841
1638,0.1252148038149773,291.09594906959234,8,41,1.4507226
1639,0.1092292162945751,289.3035964663653,8,89,4.567489
1640,0.1098533858946626,289.8473027814448,8,257,3.0042098
1641,0.1212825028002176,290.64221214095625,8,51,2.435604
1642,0.1233299780603038,290.77995797790146,7,59,2.1676264
1643,0.123405389402335,291.313903681276,1,34,1.1105434
1644,0.118957412288356,290.5008975383115,8,68,0.0
1645,0.1219173829908394,290.8245639688706,7,51,2.1671457
1646,0.123525117598491,290.81405048663095,4,51,2.4276662
1647,0.116166582357318,290.356556982901,4,58,1.4648684
1648,0.1156910245860367,290.3118064251947,8,60,2.9254937
1649,0.1081282761581604,289.1576356414381,8,181,8.01457
1650,0.1156036925114873,290.3079785168254,8,62,1.8543341
1651,0.1204836631343186,290.61072950333954,8,60,2.25433
1652,0.1127460537123295,290.00183435055504,9,64,1.4696263
1653,0.1229744024455947,290.7391388218564,8,62,4.7608433
1654,0.1102749909775951,289.32109562614914,8,74,0.92740995
1655,0.11947676370847,290.5434832635938,8,56,2.4398813
1656,0.1198794359962511,290.57581343887944,8,66,1.4604852
1657,0.1212472671668854,290.61833293852925,8,61,2.1695285
1658,0.1183048913846024,290.4788127706573,8,65,6.9985538
1659,0.1187890132195785,290.5072653220296,8,58,1.1299475
1660,0.1237056930766386,290.8425828933531,8,56,0.92740995
1661,0.1218733586039043,290.92885695687585,8,50,3.8317087
1662,0.1228273225711313,290.75239183150893,8,55,1.4570886
1663,0.1220995358794544,290.7307645190515,8,51,3.495596
1664,0.1138468521720451,290.215605607649,8,96,0.0
1665,0.1178907787742149,290.44815045263766,8,62,1.1310477
1666,0.1250419753386801,290.94605987182786,5,57,2.9964263
1667,0.1137693599661068,290.2112434101813,8,80,2.2736073
1668,0.1074207974231434,288.94521270896223,8,186,7.718856
1669,0.1220764534265727,290.820027236041,8,50,2.4278169
1670,0.1221005192902632,290.8203508957802,8,51,0.92740995
1671,0.1113411286370013,289.9207900582224,8,71,2.1764748
1672,0.1233545540141384,290.8928377864904,4,39,3.4713023
1673,0.1087663199318793,289.31659181364085,8,129,13.591663
1674,0.1250369722221569,290.9916030462757,8,48,2.420005
1675,0.1232863164202347,291.1235300560664,1,42,3.3410244
1676,0.1116637020538187,289.3672633882603,8,79,2.7802885
1677,0.1113094292443216,289.37430306391,8,102,1.4730121
1678,0.124426228720913,291.1779952015242,8,43,1.113622
1679,0.1225086347189005,291.1856182448231,5,36,1.1130915
1680,0.122873397227666,291.2068908825496,8,38,0.92740995
1681,0.1204784358247117,290.6095686452515,8,59,0.92740995
1682,0.120487297042177,290.6136710180773,8,60,0.92740995
1683,0.1242879616206572,290.8939083074705,8,54,2.1661222
1684,0.1241397077425889,290.88217886334377,8,54,0.0
1685,0.1223734195320588,291.173040967364,8,39,1.1133889
1686,0.1111099630052344,289.7633526740271,8,69,0.0
1687,0.1118589230404267,289.48911759927194,8,70,1.143953
1688,0.1209734278435363,290.6325031090725,8,53,1.4593784
1689,0.1208319941201825,290.6272872466791,8,55,1.1271632
1690,0.1192170587070842,290.51027631398495,8,68,1.8543341
1691,0.1153057583885288,289.38742011508486,4,71,2.288308
1692,0.1229669318162262,291.01947227203686,4,44,3.348771
1693,0.1155758530057472,290.3198295571863,3,62,3.0023284
1694,0.1185131008368681,290.49725695892903,8,57,0.92740995
1695,0.1223218949746093,290.72405389922903,8,56,1.4577285
1696,0.1218841196969531,290.9351256162832,8,48,0.92740995
1697,0.1077995851141808,289.02429359216967,8,187,2.1792564
1698,0.1212823676690018,290.65819033366085,8,60,2.916076
1699,0.1258122098009641,291.0342246422831,8,50,2.418136
1700,0.1196138434749591,290.55032015561915,7,65,0.92740995
1701,0.1191431358396494,290.5285212175922,8,66,2.4380248
1702,0.1144381856121835,290.2522064606037,8,63,2.1741784
1703,0.1109050145676688,289.1444159190429,8,129,5.9967957
1704,0.1144685847265739,290.253847850283,8,61,2.9298139
1705,0.1254982169247549,291.1182532494617,8,47,0.0
1706,0.1129532864200998,290.1402002846527,8,97,1.8543341
1707,0.1248567691357103,290.97121797075897,8,51,1.4529952
1708,0.1229545966438785,290.9211273607817,7,44,5.1363206
1709,0.1160190018705858,290.34686447490685,8,65,1.1341422
1710,0.1228330912842387,290.73096229807186,8,63,1.1243731
1711,0.123442818878065,290.8088609874263,8,56,1.1224706
1712,0.1220906203141883,290.8267249752556,8,52,1.4557524
1713,0.1228308238503978,290.72396573621427,8,61,2.168341
1714,0.1122878793796481,290.10594574055864,8,100,3.5299404
1715,0.1119160716333758,289.64225977753813,8,71,0.92740995
1716,0.1222359834911308,291.3340038892022,4,35,3.5551732
1717,0.1088311499020316,289.26469847264,8,134,5.9952774
1718,0.1242290141272726,291.191156703569,4,40,1.4487939
1719,0.1120921866696385,289.73499028546786,8,68,4.3485346
1720,0.1210942558641756,290.64533635053044,8,58,1.4592009
1721,0.122063995513244,290.7882400827531,7,50,5.894745
1722,0.1213644536996696,290.7143183980596,8,63,2.9118414
1723,0.1180328641099019,290.46368074228815,8,63,3.7047918
1724,0.1252369319178465,291.0144870069253,8,51,2.1647403
1725,0.123545371525931,290.8714192684532,8,55,0.0
1726,0.1242801696179514,290.9565374837628,8,54,0.92740995
1727,0.1231397691093897,290.9096294217366,2,42,1.1201729
1728,0.1156631623841918,290.31008061058634,8,64,3.8650987
1729,0.1084095012691495,289.3078955521938,8,131,4.6273675
1730,0.122786295127997,290.72512607438983,8,59,1.8543341
1731,0.1252096458259897,291.14854600537853,1,40,1.1144775
1732,0.1091372367864792,289.4909880043139,8,91,3.0052342
1733,0.1176417710822188,290.4429532541375,8,72,1.4629402
1734,0.1128421921459574,290.1629954831154,8,59,1.4673364
1735,0.1170326690928815,290.3995941282193,8,62,1.4633617
1736,0.1099687043804998,289.873852049178,8,179,1.8543341
1737,0.1222580059904027,290.8497008235049,8,48,3.4866722
1738,0.121787312342984,291.16215177697086,4,34,1.113353
1739,0.1227407075968571,290.7368049988773,8,56,0.92740995
1740,0.1111734978638413,289.3159495488548,8,117,1.1450161
1741,0.1226569363618803,290.9737746387326,8,46,0.92740995
1742,0.1194837749696003,290.552274817149,8,64,0.0
1743,0.1134741215653281,290.18746805004633,7,64,1.1384865
1744,0.1089364686157152,289.1477021405663,8,70,1.1452332
1745,0.1197504174828376,290.5728274616639,8,94,4.334539
1746,0.1210548539033235,290.6401754707389,8,55,0.0
1747,0.1185923690501219,290.50175172042213,8,56,1.1302794
1748,0.1132640219637901,288.8033833648773,8,76,1.1497033
1749,0.1092436819667709,289.3446639982411,8,101,1.4724082
1750,0.117851072103105,290.4626650009064,4,60,2.1718974
1751,0.1202424786932876,290.58283227130653,8,55,0.0
1752,0.1105261021628078,289.3517283991328,6,72,0.0
1753,0.1105539451560326,289.83929841298846,7,66,2.461329
1754,0.1116361727013938,290.08925846657763,8,66,1.4687725
1755,0.1195929583102959,290.540749746082,5,54,1.8543341
1756,0.1129847475315305,290.1443768699728,7,71,1.466088
1757,0.1222578821159228,290.72231962884183,8,52,1.1249379
1758,0.1078343672367945,289.0363520169061,8,201,5.8755517
1759,0.1249232061348762,291.11081216770503,7,44,0.92740995
1760,0.1244802631728417,291.15634685965733,6,43,0.92740995
1761,0.1233056997740874,290.83614302207064,8,57,5.592793
1762,0.1178486026931879,290.45565145985734,8,75,0.92740995
1763,0.1200974144673407,290.5817996685426,8,55,1.1281728
1764,0.1099524735698483,289.78971122901555,7,214,2.461351
1765,0.1228661168624479,291.20395440310216,8,39,1.1126943
1766,0.1253729003698624,291.1156388538525,8,42,0.0
1767,0.1196379855446873,290.57110285397926,4,57,2.256638
1768,0.1132890823976129,290.1880315443725,7,61,2.1745343
1769,0.1234195740696108,290.78970624098554,8,62,0.0
1770,0.1126371187376796,289.88812273536774,7,65,0.92740995
1771,0.1083522198969197,289.27950988148154,8,181,4.6581964
1772,0.1197831466844605,290.5687549065313,8,61,0.0
1773,0.1088824197313172,289.442972614122,8,76,3.7047918
1774,0.122134784000344,290.8460408187029,5,50,1.8543341
1775,0.1244967760336405,291.08334144556,7,44,3.822186
1776,0.1244575051482696,291.17849030683607,8,42,0.0
1777,0.1146884722443126,290.265012071892,8,60,0.92740995
1778,0.1176893029272502,290.43495616176745,8,71,1.1299323
1779,0.119444877547287,290.54802919546074,8,63,1.4609573
1780,0.1223039512969084,290.77094565565665,8,51,2.1678364
1781,0.1211144046893826,290.64929740676587,8,64,0.0
1782,0.1130221561269389,290.1731069892437,7,60,0.92740995
1783,0.116969855816262,290.3862682776601,8,62,0.0
1784,0.1249168698211647,290.9612585393845,8,53,0.92740995
1785,0.1193314325254844,290.52893382833497,8,55,1.4610718
1786,0.1218787797922264,290.90796531401827,8,47,2.1660082
1787,0.1219154318456904,290.7318230216471,7,50,2.9985516
1788,0.1106527940587351,289.56855496035,7,70,1.4715582
1789,0.1243983696934655,291.07116071604395,4,41,1.1162694
1790,0.1216094514099284,290.6974009763359,8,54,0.0
1791,0.1142117886780425,290.23808671401525,8,74,2.453768
1792,0.1163719774369233,290.3608908010774,8,59,2.7802885
1793,0.1109631267884221,289.2643301336706,8,107,2.7802885
1794,0.1198522776957029,290.56509314067625,8,55,0.0
1795,0.1206583734065373,290.58506611493834,7,63,1.1276656
1796,0.110145067885906,289.36967411711623,5,73,1.4725916
1797,0.112724562660238,290.0577252779537,7,63,1.8543341
1798,0.1222918442368318,290.69553598777503,8,50,2.1687505
1799,0.1101350314509753,289.2414186833546,8,75,1.4733834
1800,0.1258737243094476,291.1732687947629,8,44,3.3385808
1801,0.1118896359806295,290.08580986890297,8,156,2.2737012
1802,0.1213725392162435,290.6438790764752,8,54,0.0
1803,0.1086684114853226,289.33523753933144,8,105,2.9424648
1804,0.1197454570300607,290.53752643799254,5,67,5.7010746
1805,0.1221444561953782,290.8181110887895,8,54,3.8702106
1806,0.1191712490077208,290.52897788707634,8,61,0.92740995
1807,0.1201864683081045,290.5694039887833,8,52,0.92740995
1808,0.1247139049008272,291.06099096303285,8,46,2.2322788
1809,0.1119415463533352,289.624981593198,8,69,1.471679
1810,0.1214561589733789,290.6932785080128,8,64,1.4575034
1811,0.1156716467026781,290.3240270991519,8,64,0.92740995
1812,0.1242839522995391,290.9067292329165,5,52,1.4541817
1813,0.1092918444920586,289.121310285065,7,77,0.92740995
1814,0.1220953194071509,290.768575412152,5,51,5.0005894
1815,0.123113867937526,291.00015733776155,8,49,1.4523543
1816,0.1182480533167069,290.46357351954384,8,74,1.129616
1817,0.1187780556774164,290.34948966583045,8,63,2.172099
1818,0.1220584244461284,290.715203332139,8,51,2.7802885
1819,0.1242355390208548,291.0057250750977,8,51,3.4756408
1820,0.124950411003652,290.96396855067155,8,53,1.1188409
1821,0.1111622197515021,289.4267500390038,8,86,1.1441132
1822,0.1121107109276027,289.573204882171,7,68,1.4720665
1823,0.1211865618973205,290.6184316675665,8,63,2.999363
1824,0.1255868262287326,291.1203649018491,8,43,1.1152273
1825,0.1249844011554266,291.0745968674431,8,47,2.4163475
1826,0.1116826669779075,289.4749904211558,8,73,0.92740995
1827,0.1113264892159184,289.2787655417025,8,105,6.792296
1828,0.1151895796860292,289.62704384375667,4,69,2.2842252
1829,0.1223601139217937,290.7620807925157,7,48,1.4569966
1830,0.1102827180403273,289.70024991132874,7,72,1.4706378
1831,0.1173641853222291,290.42751289405925,8,65,1.4632845
1832,0.1163150113759122,290.36527225619227,6,64,1.1337593
1833,0.1092158771362224,289.4343590912672,8,116,7.0699224
1834,0.1085325117095607,289.28155042643914,8,147,1.4724921
1835,0.1199468883465036,290.5754142030678,8,62,0.0
1836,0.1156441307720793,290.3195025171092,8,56,1.4646529
1837,0.1259396792630247,291.2156907433609,8,43,1.4485574
1838,0.1244231482230783,291.17615392308187,8,42,2.2264893
1839,0.1258836666207286,291.1457303220248,8,46,0.0
1840,0.1220326355152647,290.70041667752844,8,54,2.914536
1841,0.1207548700408326,290.6162716210346,8,53,1.4596289
1842,0.121802093801641,291.0448630868417,4,37,1.1165885
1843,0.1253455945075978,291.14643590493114,8,44,2.4131956
1844,0.1086165223893823,289.08904566212027,8,87,1.4737335
1845,0.117866203830101,290.44780457402163,8,60,1.4625432
1846,0.1229236670237546,290.7362621904095,8,61,2.431136
1847,0.1093383451512801,289.49640021340883,8,126,4.349183
1848,0.1267592722523418,291.1083990791375,8,64,3.7047918
1849,0.1242205885367053,291.035550760786,2,46,1.4517688
1850,0.1202873881879103,290.59628422385003,8,60,3.5045474
1851,0.1117178735501083,290.1011708201342,8,127,1.1380507
1852,0.1226185664858656,291.03031743697784,4,43,2.4178338
1853,0.1210931464347601,290.6663765546205,8,57,2.9160817
1854,0.1188586158991779,290.50358634783186,8,55,2.170999
1855,0.1219752223558778,290.97660110631296,7,45,2.1650848
1856,0.1118670466352359,290.10978676763347,7,118,1.137882
1857,0.107979565415211,289.0296727970084,8,115,2.1792946
1858,0.1200931846512998,290.58320160482214,8,57,1.1281691
1859,0.1254391901000277,291.0920477581842,8,47,1.1158962
1860,0.1130295415082173,290.1626584954212,8,61,1.4685497
1861,0.1111096599098915,289.8351810511791,8,67,3.004581
1862,0.1222406611185459,290.855689241045,7,48,1.4551647
1863,0.116160428223274,290.34628807823987,4,60,1.4640466
1864,0.1143442412043942,290.2362894351116,7,65,2.1734834
1865,0.1088880778009262,289.20626704681683,8,104,3.8975787
1866,0.1222877980132259,290.88723158235035,7,49,1.1207252
1867,0.1223247254435332,290.8916784404156,8,47,2.9070244
1868,0.1163163389882969,290.36319256895274,8,70,3.8733766
1869,0.1119077660921721,290.0895851228143,8,158,1.1373414
1870,0.1223742675072013,290.7014913053814,8,48,0.0
1871,0.1104463452403807,289.77704673599544,7,66,1.8543341
1872,0.1180410086588362,290.4618449688014,8,61,2.443453
1873,0.1126264588279175,289.90153809208334,7,64,0.0
1874,0.1232541403022631,290.7759816354516,8,62,1.4565513
1875,0.1241922703714941,291.03114184936584,1,44,2.9018376
1876,0.1193418559197799,290.5517711251332,4,56,2.2575262
1877,0.1170355307596688,290.4029904133297,8,60,4.613734
1878,0.1151738595224149,290.2950692661568,4,61,0.92740995
1879,0.1225374633559593,290.7525661599217,8,58,1.123463
1880,0.123804962013993,290.85088863473743,8,59,2.166587
1881,0.1287356859298916,291.25999016995087,8,65,2.4089649
1882,0.1183230133920675,290.48109105386493,8,64,1.8543341
1883,0.1106085257115971,289.4663364317612,8,73,0.92740995
1884,0.1088999275229312,289.16113692317225,8,78,3.006188
1885,0.1249544700902498,290.97181657708427,8,52,1.1186836
1886,0.1155846038739124,290.3196614931172,8,65,1.8543341
1887,0.1264017999697884,291.24844615861696,8,40,0.92740995
1888,0.1113296777562925,290.05225874770167,8,122,3.4103558
1889,0.1239502129889215,290.8623934284632,8,56,1.4547663
1890,0.1154604312793216,290.2979702837898,4,58,3.5189075
1891,0.1128346310749612,290.00982731515114,7,64,3.0043354
1892,0.125166427902123,291.09653239674685,8,45,1.4507087
1893,0.1182154695675936,290.4777065879532,8,66,2.171517
1894,0.1151155554315532,290.29174602749447,4,61,2.173953
1895,0.1190749932516924,290.5174574343868,8,55,1.1295323
1896,0.1187293109019271,290.49458151647514,8,56,3.8587744
1897,0.1251201111193016,291.0875298101449,8,45,2.8998876
1898,0.1082754768024938,288.9914930397529,8,83,1.4742002
1899,0.1219908170771501,290.6940195057831,8,57,1.4583039
1900,0.1219999515793604,290.9882700654712,7,43,1.4525031
1901,0.1239716072272311,291.1942128743619,8,38,1.113138
1902,0.112461462778045,289.8916075209004,8,65,1.1410006
1903,0.1224500909718559,290.72651535709497,8,59,2.9126053
1904,0.1155204165510093,290.3137481661554,8,58,4.889764
1905,0.1210945976416346,290.66003710894483,7,64,7.124124
1906,0.1120401937807194,289.6687972604172,8,68,1.1425866
1907,0.1224468868461187,290.7298078370929,8,58,4.329922
1908,0.1125691466358332,289.96195550473846,7,65,1.4698135
1909,0.1092597351706879,289.3829705293816,8,102,2.2861712
1910,0.1231579310749396,291.0032769199646,8,45,2.2347858
1911,0.1206105024378525,290.6119422749993,5,63,2.1692882
1912,0.1115954848651448,290.0967498832236,8,170,4.3445363
1913,0.1226270957868414,290.841285932641,7,49,1.1218926
1914,0.1245334972485413,290.9971002464379,8,49,2.9031808
1915,0.1235274969072421,290.80717615966347,8,58,2.2444437
1916,0.112628663550568,290.0167033373329,7,63,1.1400824
1917,0.1204224794392713,290.59017059470244,8,61,3.377871
1918,0.1079771839270093,289.106271227599,8,174,5.7068152
1919,0.1091854241975234,289.35206354522705,8,113,8.415921
1920,0.1174064172074308,290.412293521187,8,65,1.4623007
1921,0.1242249776031997,291.22330788458305,6,42,1.1124583
1922,0.1232141862561677,291.0533825938291,5,45,1.4513301
1923,0.1084145727679174,289.30747706152715,8,135,5.7492805
1924,0.1124823518977519,290.1364451567531,8,69,5.547545
1925,0.125250547808716,291.05131446530123,8,47,1.8543341
1926,0.1169070702079036,290.39084606575466,8,60,2.172275
1927,0.1212657050731401,290.657564481611,8,62,2.1692882
1928,0.1237265552897571,291.13396150368965,5,42,3.5609057
1929,0.1100418863985076,289.8739754214416,8,236,0.0
1930,0.1220897767632106,290.8275538885099,8,51,2.427454
1931,0.1167149514101143,290.3789086204262,8,58,1.4635878
1932,0.1182585207663458,290.4799824921781,8,67,1.4622623
1933,0.1240996596295141,290.92491138225915,8,56,1.8543341
1934,0.1231602320816682,290.7715868934522,8,60,2.4297519
1935,0.1181931705311002,290.47218630886755,8,63,2.443121
1936,0.1241772935378531,291.0430290097211,8,43,2.2330332
1937,0.1193123290240166,290.53340232880527,8,56,2.1706984
1938,0.1187627149181144,290.5018575085019,8,65,0.0
1939,0.1173240776903982,290.4268474164114,2,56,0.92740995
1940,0.1151886943121452,290.29527916988343,7,64,1.4661332
1941,0.1199842014349212,290.5833555403848,8,61,2.1694973
1942,0.126289730475171,291.1648246733799,8,50,4.981449
1943,0.1241405846035559,290.87504442308125,8,59,1.454505
1944,0.122103464902257,290.82158154216427,7,52,0.92740995
1945,0.1080112300640696,289.1134846422514,8,166,2.7802885
1946,0.1224361868269852,290.7844166908027,4,47,1.8543341
1947,0.1212232672367652,291.4017195877198,8,29,5.6881886
1948,0.1228630528858538,290.7171595336918,8,62,1.1248218
1949,0.1108240238416457,289.3943587551904,8,75,2.2874987
1950,0.1119856907675261,290.0937417809088,7,161,2.174869
1951,0.1248542688551882,291.1061364142678,8,45,3.561985
1952,0.1220940799216205,290.7945457824669,8,50,1.123143
1953,0.1180360461126725,290.45219312799856,8,71,2.2586818
1954,0.1180221305972537,290.46585726679547,8,68,4.762433
1955,0.1168907304785983,290.38484637048214,4,52,3.8729835
1956,0.1249777891903215,290.9741079447099,8,51,2.4207132
1957,0.1127575064803096,290.1405214403425,8,117,1.1363333
1958,0.1195508819966365,290.55730331045544,8,65,2.1705287
1959,0.1145924106138679,290.26084969772813,8,60,2.4514065
1960,0.1180240471221429,290.465588786926,8,66,1.4625136
1961,0.1148993363699503,289.6471845048948,7,69,1.4713385
1962,0.1265523038401353,291.2222240292302,8,45,1.4485189
1963,0.108988631265117,289.4831265209036,8,107,4.9204326
1964,0.1181694550066798,290.47480212486005,8,67,2.4433117
1965,0.112158638331098,289.8947012358825,8,90,4.6273675
1966,0.1093966495416256,289.5838410126348,8,77,2.7802885
1967,0.1227765493413638,290.72397299225617,8,58,1.4576015
1968,0.1239188592592806,290.9177036002903,8,55,2.4232502
1969,0.1199706132105617,290.3896801347552,4,61,1.1302108
1970,0.1186650500157713,290.5124042020577,4,55,1.1302451
1971,0.1158742410104561,290.3230044490606,8,65,2.2634518
1972,0.1251562640867642,290.9599350615312,8,57,0.92740995
1973,0.1222886474168112,290.7655031522952,8,51,2.1679096
1974,0.1257733742131522,290.99994690653034,8,55,2.4194732
1975,0.1221828467184386,290.6958484717281,8,52,1.8543341
1976,0.1165292358739182,290.37773049778457,8,62,1.8543341
1977,0.1206539408432738,290.60686351176736,7,60,4.761412
1978,0.1249367921157793,291.08307479715273,8,45,0.92740995
1979,0.1251404196803847,291.09308992693445,8,43,1.4507699
1980,0.1087224092888496,289.19096630487854,7,134,8.015364
1981,0.1243733449953489,290.8953451136316,8,56,1.8543341
1982,0.1242329241126544,290.88635540248936,7,54,1.1205152
1983,0.1224820043068078,291.02237362083946,6,43,1.1172571
1984,0.111355790457066,289.7218086231145,8,67,1.1418542
1985,0.1116493807988326,289.4102683398797,8,75,2.1786659
1986,0.1117360311279434,289.7902770164907,8,75,2.4629428
1987,0.1226806921310587,290.8041350046688,7,45,1.4561471
1988,0.1218088210368444,290.91098572895413,8,49,3.3568578
1989,0.1217989356483466,290.9421029042238,8,46,1.8543341
1990,0.1224734668005911,290.71590001431,8,50,4.7610064
1991,0.1118064132827966,289.4973919154994,8,71,1.47243
1992,0.1173130290473472,290.41457860399606,8,60,1.4630588
1993,0.1224278121787575,290.80849563044137,4,48,3.4896746
1994,0.1137844034826554,290.212149328112,8,80,2.174865
1995,0.1218932364894883,290.76597406530846,5,49,1.457011
1996,0.1122434625058503,290.1200503023711,7,98,7.4640775
1997,0.1252993096830294,291.06242380875136,8,48,1.1165993
1998,0.1163374640358367,290.35883935907646,8,59,2.4472218
1999,0.1221460120019998,291.1719987970858,8,34,2.9942813
2000,0.1197705402318905,290.55588443906043,8,52,2.1703906
2001,0.1199603848863554,290.5754273945063,8,58,1.8543341
2002,0.1183758573449795,290.48827597762374,8,68,0.92740995
2003,0.1244293878968878,290.9016025770002,8,58,2.423542
2004,0.1078806850378404,289.058374662713,8,232,10.795349
2005,0.1187275044522094,290.5029851752517,8,69,0.92740995
2006,0.1202743092689657,290.588517313491,8,54,1.1279608
2007,0.122704164918733,290.7791557859946,8,64,3.3644383
2008,0.1247379638553659,290.93711445088616,8,54,1.1194309
2009,0.1076299810053308,288.96859114426286,8,176,2.1794405
2010,0.1119466613111478,289.44823124314814,8,72,2.1785817
2011,0.113537307270978,290.19755134314346,8,75,0.92740995
2012,0.1259645454621525,291.1352102104116,8,48,1.1149207
2013,0.1175579088716046,290.4406977183106,8,59,0.0
2014,0.1205419806938242,290.61916124299773,5,64,2.9156528
2015,0.1136525886758064,290.20646935881985,8,66,3.5889478
2016,0.122478318091756,290.7387168013388,8,49,1.457414
2017,0.1249771632043905,291.1754401878279,4,41,1.1137763
2018,0.1230750777982436,291.02574183485063,7,40,2.9945195
2019,0.1220001688979982,290.69211426099304,4,58,0.0
2020,0.1111383730191664,289.6686080398474,6,71,1.4711221
2021,0.1103990622263184,289.97587213609813,8,161,2.4589322
2022,0.1170958859462248,290.3949822991559,8,65,1.1310363
2023,0.1267929476671856,291.1824154121635,8,50,2.9944649
2024,0.1179709345456439,290.4545405278185,8,61,1.1309788
2025,0.1240605264918043,290.8737334029664,8,58,2.4248266
2026,0.1267116013422803,291.07353511326005,8,68,5.786164
2027,0.1232552844675398,291.1916169476212,8,39,2.4104676
2028,0.1108739773975313,289.29086136575194,8,125,6.490554
2029,0.1254699358336022,290.97427379898414,8,57,2.4204972
2030,0.1243857438228144,291.1758975727413,8,41,0.92740995
2031,0.1140656728723351,290.2307128892107,8,68,1.8543341
2032,0.1226769406653193,291.00792951798746,8,43,0.92740995
2033,0.1100055693008552,289.102614779538,8,80,3.0065813
2034,0.1144856793477584,290.2516388362976,4,62,1.1367705
2035,0.1096719329844095,289.1679154462655,5,75,2.470275
2036,0.1089408426441091,289.4342712962389,8,92,5.662619
2037,0.118935458205298,290.5085649750389,8,55,2.258545
2038,0.1198093141093124,290.5683864840511,8,62,4.8692436
2039,0.1222897622591989,290.87061645206563,8,51,1.4548658
2040,0.1208925419102414,290.63236330483227,8,54,1.1270651
2041,0.1208583340789204,290.6275373556638,8,54,1.8543341
2042,0.1258598386927117,291.05756886194297,8,49,0.92740995
2043,0.1223531770800423,290.7148707403028,8,52,1.4578903
2044,0.1246435769285616,290.98660381830524,5,49,1.452725
2045,0.123700242503699,291.12417906113603,5,43,2.1632614
2046,0.1141835826242846,290.183849106926,1,65,1.1380389
2047,0.10811873983351,289.14938043433943,8,164,0.92740995
2048,0.1119130270752696,290.1083554508357,7,176,4.3953857
2049,0.1252002438667875,290.99900764825304,8,57,0.92740995
2050,0.1223408962593951,290.7699071909861,7,47,3.8424425
2051,0.1122504966603993,289.7874756639663,8,67,1.1417348
2052,0.1223534379657769,291.20131593796793,8,36,3.8135188
2053,0.1085385799173647,289.36481282065574,8,171,1.4718184
2054,0.1192160845561153,290.53252151662446,8,60,2.1707695
2055,0.1246890132293173,291.0652955615319,8,47,0.92740995
2056,0.1226109075520174,290.95489253310654,7,46,1.1189983
2057,0.1152472786281155,290.2998432800208,8,79,1.1350492
2058,0.1112798426707241,289.3623901168943,8,105,1.8543341
2059,0.1162027281255797,290.3531433579016,8,63,1.1332881
2060,0.1218833729132702,290.8032752272382,7,49,2.997841
2061,0.1175729955425085,290.4451584691195,4,57,1.4632162
2062,0.1209081550373681,290.63167939310665,8,54,1.4594221
2063,0.1241736255825526,290.8877153710698,7,52,2.9070356
2064,0.1214189573472045,290.6663526513389,8,59,1.126304
2065,0.121302759081604,290.6615370194341,8,61,2.9987843
2066,0.1218922807250993,290.8451337280764,8,50,1.1218333
2067,0.1249396471772614,290.94733603733306,5,53,2.4216993
2068,0.1252322120631135,290.9678555828697,8,54,1.4529699
2069,0.1227581102106006,291.379638383542,0,29,0.0
2070,0.1188858384124385,290.52307582594005,7,58,2.4414914
2071,0.1181525825215522,290.4812040832719,5,59,0.0
2072,0.1094138639769853,289.09843713195727,8,75,3.7047918
2073,0.1121173318771555,289.8338884467103,8,91,4.5561996
2074,0.1238991866601783,290.8564609493134,8,60,1.1214486
2075,0.1211630291046522,290.64134755562503,8,55,0.92740995
2076,0.1228053154559581,291.0388223754215,4,40,1.1168753
2077,0.1247135887353095,290.93411782575606,8,55,0.0
2078,0.1224586690189318,290.78527119306443,4,46,5.674736
2079,0.1227537852109912,290.7579214699354,8,58,1.4570023
2080,0.1080946035159689,289.1948711337511,8,207,7.7567325
2081,0.1145965940156572,290.2530516466978,5,55,0.0
2082,0.1239466061540619,290.918334188661,8,53,2.165913
2083,0.1226566271794061,290.7028086021926,8,60,1.125215
2084,0.1220509430649269,290.78584543698645,8,47,1.45658
2085,0.1239035130779805,290.908284879918,8,56,1.1202317
2086,0.1111276407513841,289.59057951270984,8,73,1.1427859
2087,0.1233959441849229,291.1491779209837,1,40,0.92740995
2088,0.1123965923075928,289.73704437855696,8,65,3.8908968
2089,0.1224302295340976,290.723616435861,8,49,1.4577054
2090,0.1209077955035296,290.6513962933444,8,56,2.1694503
2091,0.1226515603661614,290.6955738775316,8,64,0.92740995
2092,0.1124970425109988,290.1376942568733,7,127,2.9322727
2093,0.1126621322668579,290.03843946625443,7,62,1.469375
2094,0.1216103324910869,291.5061822485901,3,31,1.8543341
2095,0.1120794560704964,289.57276191785263,7,69,3.5970473
2096,0.1229634767916071,290.98363698753394,7,46,2.235741
2097,0.1222379857150217,290.7537088273962,8,54,2.16807
2098,0.1196835806634601,290.5651923363633,8,65,1.8543341
2099,0.1151171294860507,290.29193092520376,8,60,0.92740995
2100,0.1252683439174318,291.1785523034475,4,41,2.1626987
2101,0.1139813483340729,290.2261404828106,8,64,1.4660971
2102,0.1223202220201822,290.9328361180392,1,46,1.8543341
2103,0.1224579346190032,291.2175253234582,8,35,2.408991
2104,0.122750167621996,290.7387315338825,8,64,1.8543341
2105,0.1108706491490393,290.02338403441445,8,169,1.4682846
2106,0.124688930833739,291.08868166985246,8,46,0.92740995
2107,0.1254350460139929,291.1043922205571,8,46,0.0
2108,0.1089941307626559,289.49457588122675,8,85,2.4645543
2109,0.1250159626752915,291.00750369407024,8,49,0.92740995
2110,0.1244236109882367,290.9071627523651,8,54,0.92740995
2111,0.1237181977755193,291.1301460900497,5,42,1.4499011
2112,0.1201281461992231,290.5728552495137,8,52,2.1701603
2113,0.1075700049882228,288.95850367389374,8,193,4.933373
2114,0.1222601393205436,290.84928082895374,8,47,2.166801
2115,0.1137851982092459,290.2137368191745,8,68,1.1369072
2116,0.1105609250804186,289.3059317705536,8,72,8.952897
2117,0.1266726101720685,291.1952596537216,8,59,3.463206
2118,0.1256912059549196,291.0791161493115,8,51,2.4162805
2119,0.1104858352349433,289.977427946792,8,188,3.8751178
2120,0.1122257822439892,288.7380647725636,8,82,1.8543341
2121,0.1122412427479091,289.6690271957243,7,65,4.654213
2122,0.1178367275993036,290.4549984096624,8,77,3.8727648
2123,0.1211618989831063,290.63507762771286,8,54,2.4358895
2124,0.1122471982394449,290.1170230717637,8,91,4.9007664
2125,0.122557343098823,290.7565240127586,8,60,2.4294152
2126,0.1195482982627537,290.53223620055235,8,66,2.4389207
2127,0.1178735171894477,290.45941471984565,8,59,0.92740995
2128,0.1186313154737134,290.4932749770676,8,57,1.130123
2129,0.1109630221686873,289.35852149363023,8,106,7.3695893
2130,0.1098942949222693,289.646084344843,7,66,5.1553955
2131,0.1218716122675471,290.8625217322211,7,46,0.92740995
2132,0.1233933068526191,291.22172954293103,7,34,0.92740995
2133,0.1189138243566252,290.52272954163163,8,54,1.1298256
2134,0.1253726178067259,291.08778717510233,8,49,0.0
2135,0.1084961829467504,289.0966634386449,8,123,8.591167
2136,0.1219214296782165,290.8135393499443,4,50,2.4281662
2137,0.1160135349743577,290.33193193277407,8,73,3.8638594
2138,0.1159771291355886,290.3289579032228,8,60,1.1323367
2139,0.1259039623797792,291.0990799013659,8,50,1.4507171
2140,0.1238713298757189,290.93729982381467,8,56,1.4536101
2141,0.1222448618816865,290.72077371764226,8,52,2.432441
2142,0.1187529161267998,290.50780867536184,8,59,14.409715
2143,0.1156328247208204,290.3229163138469,8,87,3.523622
2144,0.1195839448906705,290.5620100765121,9,97,2.7802885
2145,0.123122091584323,291.15454501249565,4,39,2.4121542
2146,0.1272143542503604,291.1519005888151,8,58,1.8543341
2147,0.1108547313553799,289.6094110977789,8,71,1.4713818
2148,0.1172802767187235,290.422698058762,8,61,2.172241
2149,0.1182995970497523,290.4634327734684,8,70,2.4413154
2150,0.118464278129987,290.49232688891374,8,69,1.4620348
2151,0.1222330101598978,290.703519429555,8,56,1.458113
2152,0.1126096575182063,290.117835822693,7,134,7.713145
2153,0.1229720700152515,291.539481007993,5,32,0.92740995
2154,0.1220922258963446,290.80879403347785,8,49,1.1227714
2155,0.1153388619117614,290.30413905440525,8,61,0.92740995
2156,0.1201194584341308,290.58241669754904,8,55,1.4602628
2157,0.1220025700369203,290.78371745744823,7,52,2.2460182
2158,0.1204121914381079,290.5928426263997,8,54,1.4599967
2159,0.1239527027951066,290.87022069731364,8,54,1.4548601
2160,0.109046769649902,289.3301799606453,8,130,2.7802885
2161,0.1239224946579891,290.9365427120541,8,52,2.422403
2162,0.1095205616376585,289.6293079067567,7,65,2.1771967
2163,0.1117837154210289,290.06633629224393,8,69,2.2778437
2164,0.124675069974612,291.0697931553415,8,46,1.4511627
2165,0.1122876193978978,289.9314400725674,8,96,7.934233
2166,0.1110326252955192,290.0554783499021,8,167,1.1387262
2167,0.1100932645321254,289.9135160239821,7,191,3.8751523
2168,0.112227033992166,290.12843530884777,7,68,2.175344
2169,0.1192784458835642,290.5505261892829,4,58,1.4611511
2170,0.1211972727478106,290.6526470535516,8,57,2.1693428
2171,0.1148571553368677,290.27627618169896,5,67,2.7802885
2172,0.1088429038325546,289.39342431088187,8,118,2.2855005
2173,0.1173392582598397,290.4274933941077,3,56,1.1321677
2174,0.1194557773774275,290.5477019979355,9,60,0.0
2175,0.1231468657929386,290.77231744255766,8,60,0.92740995
2176,0.1142183746677847,290.23838577271346,8,79,1.466752
2177,0.1231513038155252,290.99176262583984,8,46,4.463953
2178,0.111596491289325,289.32778521383443,8,78,5.158323
2179,0.115330438901839,290.3036548172919,8,63,3.0021794
2180,0.1121145908201538,289.56197144192527,7,68,2.4666514
2181,0.1127595446376976,290.04533926267635,7,63,1.4693627
2182,0.1123603412036466,289.8100719515804,7,65,1.8543341
2183,0.1121264083851668,289.7007785787936,8,67,3.8913362
2184,0.1250688112675912,290.9896728884472,8,51,2.165032
2185,0.1102784677549893,289.9178280067488,8,169,3.004156
2186,0.1127447788984987,290.149313366754,8,77,0.0
2187,0.1164244262872543,290.3618642335474,8,57,3.001525
2188,0.1219085000700831,290.75172034336754,8,48,4.3301067
2189,0.1124845450082473,290.13458043609376,7,118,9.266066
2190,0.1110765868283678,290.06622417685725,8,194,3.003803
2191,0.1205417274605403,290.5996035513924,8,56,2.917855
2192,0.1177233967307398,290.19218147937715,4,61,2.173716
2193,0.1229741084345524,291.0954691149492,1,37,0.92740995
2194,0.1147334606350136,290.2549383936991,7,64,1.464644
2195,0.1101232809355714,289.73396378381443,4,67,1.8543341
2196,0.1225002559574993,290.72618399133336,8,50,0.0
2197,0.1229027002802405,291.1805852498502,6,38,1.1132921
2198,0.1243593412877771,290.8937695190364,8,56,3.482673
2199,0.1234766067186576,290.82724615394375,8,61,0.0
2200,0.1157780315775066,290.3314718281269,8,79,1.4649912
2201,0.1196543269007476,290.56226643175694,8,64,1.1287568
2202,0.1173709558787935,290.423794764915,8,61,1.4631509
2203,0.1165787462198554,290.3671641285634,8,75,2.1717238
2204,0.1106872014848013,289.2641692093585,8,79,1.8543341
2205,0.1119823621631697,289.71757313014933,8,68,1.1421723
2206,0.1243650381081059,291.0300839424258,7,47,0.92740995
2207,0.1236540443213513,290.8230855976248,8,61,0.92740995
2208,0.1255959831412623,291.13589474632323,8,44,1.4500146
2209,0.122616791377692,290.8397418205574,8,48,2.7802885
2210,0.1155232121791057,290.3164327746583,8,114,3.5241923
2211,0.1224145892579478,290.75598588460053,5,46,2.168016
2212,0.1248631553800236,290.9347927887364,5,54,0.0
2213,0.1257119308237732,291.1424915088032,7,45,1.1147044
2214,0.1255722956224228,291.13760558496574,8,45,1.4499815
2215,0.1105500334873256,289.2184132668761,8,80,6.792662
2216,0.1107387194164553,289.568683989968,8,69,2.465336
2217,0.1179790569533322,290.46270246465866,8,66,1.462561
2218,0.1129711927181867,290.1400334667221,8,97,6.464861
2219,0.1147268576469973,290.2565914933868,7,64,2.9276688
2220,0.1217106994557317,290.67648918069506,6,60,2.9987128
2221,0.1122650991994975,289.8731492785565,8,67,2.4621572
2222,0.1142270732952289,290.2391102794651,8,74,1.1364698
2223,0.1076770142095238,289.0333687142227,8,206,3.4323592
2224,0.1223700101778372,291.13504528743647,6,36,2.4100256
2225,0.1169542406877167,290.40125076998135,8,69,0.92740995
2226,0.11848841420044,290.49144386687647,8,66,2.1712983
2227,0.1223892894642617,290.7674570351311,7,46,1.4568874
2228,0.1119239705641073,290.1143388064051,7,85,7.3008227
2229,0.1126291745339938,290.1438069711545,8,68,4.546286
2230,0.1141296724534836,290.234755841207,7,62,0.92740995
2231,0.1217089394711674,291.16365534186195,5,35,1.4489866
2232,0.1142118517711359,290.2346890645115,4,62,2.4549818
2233,0.1193386148247191,290.531901220365,8,56,2.2575033
2234,0.1253934509712467,291.1186248230778,8,42,1.4503169
2235,0.1201871651585061,290.58359178289885,8,54,1.4602042
2236,0.1218983936373299,290.8929153331899,8,48,1.8543341
2237,0.1187100019796866,290.5084571885598,5,55,1.1301078
2238,0.1192176700889065,290.5189301359576,8,66,1.8543341
2239,0.1093812988239102,289.4542213235751,8,111,2.9416537
2240,0.1259376262634145,291.05192528185205,8,53,1.1168354
2241,0.1119791670896779,290.1108150773557,8,69,2.277214
2242,0.1187504841624292,290.5067772348317,8,63,2.7802885
2243,0.1262979088103864,291.2045755637648,8,46,4.539741
2244,0.122360706402724,290.7710303984716,7,48,0.92740995
2245,0.1147250007785255,290.2688491066769,8,68,2.2704506
2246,0.1192353516018065,290.529857732265,8,56,1.4611747
2247,0.1195467430786599,290.5559194208441,8,65,2.9198005
2248,0.108587590696915,289.3026065679443,8,133,3.8764
2249,0.1221118674929244,290.73553411881403,8,48,3.370534
2250,0.1209799696469868,290.6169244884202,8,53,2.2534547
2251,0.125703349675543,291.1917448657448,6,46,5.130827
2252,0.1186380227430773,290.5058392626411,5,59,7.133177
2253,0.1144899952267369,290.2540997815289,8,116,3.588101
2254,0.1087848773709258,289.4161596509947,8,80,2.465528
2255,0.1174753445667837,290.434344835807,8,61,2.172089
2256,0.1107934545323057,289.47846767839985,8,71,0.92740995
2257,0.1275209488689175,291.1642810661464,8,63,1.4496299
2258,0.1191732308105323,290.5155405094068,8,53,2.1707833
2259,0.1148464602726806,290.25936088598263,8,69,1.1333423
2260,0.1246580669827434,290.99175943416947,5,49,2.420012
2261,0.113021788891227,290.17303379936686,7,63,1.1370479
2262,0.1212330909580012,290.63790754152524,8,54,2.169425
2263,0.1168187911448468,290.39295052599226,8,67,2.1725233
2264,0.1126902570307845,289.9412248251172,7,63,4.347099
2265,0.1096628068971286,289.72053580668995,8,248,4.5547333
2266,0.1242151360974511,290.94832788936924,8,53,2.1655436
2267,0.1217495118578269,291.11618106022854,5,34,1.4499288
2268,0.1199679662029391,290.58338319267733,8,64,3.5057158
2269,0.1203570652401761,290.5955151807062,8,53,1.4600201
2270,0.1259144368303039,291.1037679589166,8,47,2.4152255
2271,0.1220575307448618,290.7256754520155,5,53,1.1249416
2272,0.1195381043772061,290.5672263796111,4,55,2.9197948
2273,0.1097979848524582,289.3725082747447,8,72,2.2868507
2274,0.1074950788311376,288.9474422467743,8,224,2.4712818
2275,0.1115992612279574,290.05383886362483,8,74,2.9327264
2276,0.122455217248164,290.68494852377984,8,60,1.1255713
2277,0.1085944849630287,289.2899641513572,8,153,0.0
2278,0.1232929029786499,290.8177375502343,8,57,2.427721
2279,0.1222628331039636,290.9095748682775,7,50,2.165995
2280,0.1238979602588678,290.85788547996594,8,59,2.425276
2281,0.125621284165601,291.0283815042684,8,52,1.1173736
2282,0.1122365035196277,289.7389119674119,8,65,1.1421167
2283,0.1165190957302187,290.3680036559787,8,56,2.2645123
2284,0.1122351065147221,289.6289204538171,7,69,3.4253724
2285,0.1118600031740709,290.1077284762807,7,68,1.4683882
2286,0.1105832857575833,289.1518643344539,8,78,0.92740995
2287,0.1252181729819093,291.076286256524,8,48,1.451093
2288,0.1246081128566275,290.9445351897115,8,53,1.4534801
2289,0.1220459253553476,290.801859636153,7,49,1.8543341
2290,0.1127147380759081,290.0523434093784,7,64,2.7802885
2291,0.1214046193038481,290.6275346074414,8,62,2.1693916
2292,0.1110649485732022,290.03654060385463,7,116,3.003613
2293,0.109018942006575,289.17798340202256,7,69,3.5539954
2294,0.1182035709567838,290.47748079375486,8,73,2.171531
2295,0.1144514614795241,290.24631669844405,8,65,2.4503229
2296,0.1147221967708591,290.26796705054886,8,59,2.45099
2297,0.1169107745784159,290.3921036613696,8,64,1.4634658
2298,0.1235143226161727,290.8371655574266,8,59,0.92740995
2299,0.1162924877979499,290.3581452015985,7,66,2.172744
2300,0.1205119382355978,290.57869895715265,8,66,2.1699677
2301,0.1158684471025977,290.32304445705586,6,58,1.8543341
2302,0.1207862078408805,290.62134068847246,8,52,1.4595736
2303,0.1124779235273163,290.0684753991064,8,89,1.4691362
2304,0.1263248433407587,291.2399250153963,8,41,1.1124297
2305,0.1187978695084,290.5099874360189,8,62,2.7802885
2306,0.1142098874591907,290.23631990590906,5,60,2.4544396
2307,0.1180006427242072,290.45283544168507,7,55,1.8543341
2308,0.1146945612078125,290.2656671153383,2,63,1.4665073
2309,0.1145982697026316,290.2439586170989,8,64,0.0
2310,0.1125662859587517,289.96764327662794,7,64,2.461014
2311,0.1130433137536649,290.1632195108471,7,62,1.4685589
2312,0.1229647910596934,291.0136191795545,4,42,2.418693
2313,0.1247630698208197,291.0454571887476,1,45,2.9013965
2314,0.1102404426927658,289.80877379764223,7,68,4.4022503
2315,0.1244206812108382,290.9020050432377,8,55,1.4541051
2316,0.122056524320285,290.9077897674266,5,46,1.4541193
2317,0.1223193851978543,290.89195207517764,8,47,3.8342676
2318,0.1157443781813243,290.32847608812324,8,62,1.4648684
2319,0.1244488846622637,291.0237260288454,8,48,1.4520122
2320,0.1171295557672338,290.415818599362,8,59,1.4636681
2321,0.1225080186951246,291.1117851680038,8,39,2.7802885
2322,0.1215647856659746,290.66909531731386,8,56,2.4346654
2323,0.1139084071356444,290.22211189745275,7,62,2.4523842
2324,0.122246566370477,290.7131556839957,8,56,2.1685913
2325,0.1158017738587636,290.1465168919278,2,68,2.4553075
2326,0.1222021985086139,290.7101882714495,8,56,4.586353
2327,0.1221194681868988,291.081522109591,4,33,0.0
2328,0.1139425990273293,290.2184625291795,1,64,1.1375253
2329,0.1145725849097158,290.2599207830513,8,69,2.1741397
2330,0.1133158298336955,290.1884600348772,8,59,2.9323754
2331,0.1230476726212818,291.0008657875047,8,44,1.8543341
2332,0.1105201382396783,289.9953682192559,8,167,1.8543341
2333,0.1227886570747922,290.7301033580773,8,59,0.0
2334,0.1192085791291677,290.5341403203636,8,60,0.92740995
2335,0.1102177464127001,289.6653724325798,7,69,1.1417946
2336,0.1257741350823928,291.0317458718978,8,54,2.1645207
2337,0.1192082428446634,290.54316897497927,4,58,4.5088663
2338,0.1197166391277497,290.56753007309067,8,67,2.439243
2339,0.1233751127590014,290.8470108533956,8,59,2.1668048
2340,0.1106061976778988,289.64300432206755,5,70,0.92740995
2341,0.1152419773350218,290.2994547422457,8,67,1.4655374
2342,0.1232054116124462,290.9255590155147,4,46,0.92740995
2343,0.1173675469469166,290.4280698618529,8,63,2.1721768
2344,0.1232512167608478,291.1881389255269,6,39,1.4487196
2345,0.1187904170745583,290.5086383764339,8,64,3.7047918
2346,0.1211026920694874,290.63777890881096,8,54,2.2528443
2347,0.1098321151104169,289.13930316556844,5,79,2.470849
2348,0.1208640634788949,290.61888186844004,8,56,1.4595474
2349,0.113418058787482,290.16954865691014,8,109,2.9292796
2350,0.1186205178053784,290.4927228253512,8,56,3.0005352
2351,0.1108111179250426,289.4202219035067,8,76,1.4725325
2352,0.1230132374823065,290.9504388384433,8,49,2.2374291
2353,0.1255670891404337,291.08857995271467,8,49,1.1159976
2354,0.1221297751992006,290.69086764723954,8,51,1.1256051
2355,0.1090006653097427,289.4670389734309,8,77,4.9211216
2356,0.1260827352951108,291.0495971647962,8,54,4.347306
2357,0.1116696059703653,289.92944289786743,8,72,0.92740995
2358,0.1232501461384627,290.7820610255257,8,60,0.92740995
2359,0.1231029975710741,290.76686255763417,8,65,8.631578
2360,0.1169912605567311,290.3888488404704,8,61,6.561561
2361,0.1194543500506885,290.5314779838285,8,55,0.0
2362,0.1218820830037613,290.7873106634071,7,52,4.3291345
2363,0.1150243519509681,290.2832245390534,8,61,0.92740995
2364,0.1073351946894181,288.91664268093376,8,194,3.6004744
2365,0.1089820353285877,289.41996046736625,8,128,2.9417713
2366,0.1147899589576704,290.26632848649786,8,57,0.0
2367,0.1228436823377584,290.7564492945813,8,56,2.7802885
2368,0.1230241027912538,290.7378791553267,8,63,0.92740995
2369,0.1127190417255117,290.1541257034091,8,65,1.8543341
2370,0.1112742482938496,289.3682755024687,8,109,2.468787
2371,0.1223963565568646,290.7759229011292,7,45,2.9980729
2372,0.1184664325611248,290.4819401982508,8,67,2.1705997
2373,0.1156345378451972,290.3231617662232,8,111,2.9285302
2374,0.111025656147755,289.4531920693965,8,91,5.662802
2375,0.1145261596348143,290.0533644074321,2,66,0.0
2376,0.1125747449715416,290.1391514541776,8,75,2.1758246
2377,0.1090334890545697,289.45414688952445,8,138,2.4654467
2378,0.1230785958976616,290.7736191490513,8,58,4.329261
2379,0.1118175931350169,290.1066607640106,7,65,2.175512
2380,0.1257660419826442,291.08626676236946,8,48,1.4509453
2381,0.1200826270344146,290.56383000167506,8,52,1.4603652
2382,0.1080228309816469,289.0092142726984,8,114,8.429649
2383,0.1129676799208739,290.15860930024246,5,62,1.8543341
2384,0.1147664316273637,290.2586930811011,8,65,1.4647397
2385,0.110145361865027,289.9319875472064,8,206,7.3066587
2386,0.1252871425020218,291.05526574309533,8,49,2.9011288
2387,0.1180306427408575,290.4702137583531,8,59,0.92740995
2388,0.1117816365149236,290.0991674730747,8,151,5.0288277
2389,0.1220560661138457,290.7381876444703,8,52,2.9984677
2390,0.1253944920588593,291.0864681383203,8,50,2.415913
2391,0.1100331453162082,289.8683533531512,8,248,2.460049
2392,0.1171520683770749,290.4130196036912,8,66,2.2636745
2393,0.1234390642232899,291.22510514949016,4,36,0.92740995
2394,0.1233791389897466,291.22369343255235,7,35,0.92740995
2395,0.1232884356778857,291.12090996355766,1,39,5.2421184
2396,0.1137975113689116,290.2051731696749,7,62,1.4657478
2397,0.1250341878126835,290.96937221675034,8,54,3.8293223
2398,0.1103353438969071,289.97318259677274,8,191,3.8821034
2399,0.1106700843672411,289.7685646781924,8,69,2.281485
2400,0.1079843150179905,289.1442341595416,8,161,1.1446065
2401,0.1211906799100437,291.32528198168654,8,40,7.5798693
2402,0.1265977911902175,291.1576342636803,8,46,4.449334
2403,0.1219134291478337,290.7248068711235,8,52,1.1250315
2404,0.1226990220667052,291.1382526818538,8,43,2.9946356
2405,0.1252394305719914,290.9611745617528,8,55,2.236778
2406,0.1091311491450406,289.3094765929861,8,101,4.350593
2407,0.1220577835694293,290.6986857564354,8,55,0.92740995
2408,0.1159270756959524,290.326176178245,8,73,0.0
2409,0.1275994626155274,291.1344816515994,7,101,4.3430433
2410,0.1144011117207811,290.24981113527326,8,52,1.465841
2411,0.1107261024003546,289.944185675229,7,68,4.4003463
2412,0.1245563582898528,290.9403865992015,8,51,0.0
2413,0.1217960330942353,290.69557070761385,8,51,0.0
2414,0.1122273662141849,289.9625885791073,8,76,0.92740995
2415,0.1083316798079016,289.11936945104367,8,176,2.4697387
2416,0.1215857694293601,290.6518102738142,8,52,0.92740995
2417,0.1150731143597486,290.2892966951704,8,65,1.8543341
2418,0.1226718015702593,290.71436335277474,8,60,1.1247507
2419,0.1197305788689011,290.53585456409235,8,68,2.2564638
2420,0.1240034884883422,290.94966983592894,8,52,1.1192255
2421,0.1214692837015686,290.66382669180376,8,53,3.849208
2422,0.1127739964153193,289.9679249144183,7,64,0.0
2423,0.1223297886901785,290.87212754374315,8,45,2.241367
2424,0.1221540988387927,291.2061324240292,8,36,1.8543341
2425,0.112248827117507,290.06804129706245,5,68,0.92740995
2426,0.1095915559001855,289.6502999488516,8,85,7.716345
2427,0.1219025840980578,290.8668402940583,7,46,2.166568
2428,0.1220130642308324,291.2065972957467,1,35,1.4475266
2429,0.111094703052359,289.9674755306952,7,66,0.92740995
2430,0.1206052643220552,291.5392871252099,8,33,0.92740995
2431,0.1142612507126575,290.24113059744144,8,75,1.1364269
2432,0.1220841712787666,290.8659023084293,2,48,0.92740995
2433,0.1227181155518441,290.7397643553537,8,59,1.1243619
2434,0.1218509151871433,290.9115888824937,8,47,2.1659586
2435,0.1129822409184753,290.1608451134894,8,62,1.1388088
2436,0.1131370332863504,290.1787399371939,8,61,3.8776546
2437,0.1163822360445713,290.36934375782334,8,62,1.1336472
2438,0.1121324899564707,289.6079903215738,7,67,2.4659712
2439,0.1138410468206804,290.2169904822031,8,68,1.8543341
2440,0.1222545483402058,290.85525585878827,8,47,1.4551733
2441,0.1261047889795989,291.24580610815013,8,40,3.4594429
2442,0.1095652468662652,289.2128471802915,7,75,1.1450322
2443,0.110307419563715,289.9744082667619,8,192,3.8749807
2444,0.1219708824198605,290.8352962704905,7,51,1.4555839
2445,0.122414111898529,290.7788126663146,7,45,2.7802885
2446,0.1218748037077281,290.7638626614415,4,54,0.92740995
2447,0.1163359121123995,290.3580148653906,8,61,1.1329411
2448,0.1175643938663205,290.43119990943205,8,63,2.1718855
2449,0.1221192583627297,290.7238804383721,7,51,1.1249603
2450,0.1174804599757193,290.4345614575887,8,61,0.92740995
2451,0.1252877082040574,291.0651120003006,8,46,1.4513105
2452,0.118032949859018,290.4609895389332,8,63,5.9306493
2453,0.1121361523633506,290.10708772049384,8,68,1.4688092
2454,0.1082168746332909,289.1711836539595,8,215,3.5986648
2455,0.1138832444312062,290.2025983907956,7,64,0.92740995
2456,0.1284407138274649,291.2342755468749,8,65,2.4100058
2457,0.1206958726969675,290.62602621845707,8,60,1.4595912
2458,0.1216018407525548,290.6672041732423,8,53,2.1691244
2459,0.1226630132811097,290.9755991390322,8,47,1.4528039
2460,0.1126426254017163,289.9789475998237,7,66,0.92740995
2461,0.1187803850098593,290.5146554736812,7,56,0.0
2462,0.1207533921930059,290.5976381224823,8,67,0.92740995
2463,0.112369195759728,289.7253892365268,7,65,1.4712087
2464,0.1176062774895852,290.4468572213751,4,55,1.1318988
2465,0.1206667955347091,290.615367455562,8,54,1.8543341
2466,0.1171038679777036,290.3984931103958,7,57,3.3921692
2467,0.1093871984730312,289.44806164950216,8,106,4.922752
2468,0.1182624516490993,290.4807660902784,8,70,1.4622651
2469,0.1243962203042994,290.90552896405063,8,54,1.8543341
2470,0.1212471206379082,290.64878183088587,8,55,0.92740995
2471,0.1181017466009983,290.47838994891214,5,59,3.000913
2472,0.1116618991453312,289.6938143117136,8,76,4.6523814
2473,0.1212227252698204,290.6490998386485,8,53,0.92740995
2474,0.110654717446506,289.3703527288325,8,76,1.4727815
2475,0.1226663465875282,291.05335885367805,8,38,1.4495165
2476,0.1188425243869289,290.5092895281598,8,70,2.999879
2477,0.1139195656593192,290.21720546922296,4,61,1.4675244
2478,0.1246134627536297,291.21820843002047,8,40,2.1621351
2479,0.1113126341406584,290.0812554765258,8,150,2.1756005
2480,0.1133039648514347,290.18573610136445,8,68,2.933126
2481,0.1226377605760622,290.8371280896006,8,46,2.1669502
2482,0.1201252495227832,290.5807686812876,8,51,1.8543341
2483,0.1200198275300024,290.57309056378506,8,52,1.8543341
2484,0.1126992872715848,290.15317424644223,5,66,3.8796182
2485,0.113137111881429,290.1777842567653,5,65,0.0
2486,0.110123552162768,289.9227603450435,7,189,4.6273675
2487,0.107527307233754,288.9359084389084,8,181,3.6005716
2488,0.1235261786402953,291.3206669047758,1,34,0.92740995
2489,0.1124952333842596,290.07032191433655,8,97,4.399698
2490,0.1184247148323408,290.4818966359684,8,58,1.4619994
2491,0.1141380773088701,290.2336941540028,8,76,1.1366299
2492,0.120803960677061,290.6196360871627,8,53,1.8543341
2493,0.1159446216751462,290.3279794422741,8,58,3.51843
2494,0.1219216297290236,290.874713339078,8,50,3.3597224
2495,0.1178537732263117,290.45189701858214,8,63,2.1717339
2496,0.1141337818719135,290.23457611257817,8,65,0.0
2497,0.112536799090124,289.84017512839364,7,68,1.8543341
2498,0.1140969142052662,290.2316215599309,8,68,1.4667914
2499,0.1245703061491137,291.07464777765824,8,42,2.2315688
2500,0.1254067932658273,291.09991924328324,8,47,2.4153123
2501,0.1238864274114598,290.8569640040505,8,61,1.1211162
2502,0.1223051284066175,290.8931882349713,8,43,1.1205704
2503,0.1115137675801293,289.3726813877179,8,85,4.4115434
2504,0.1106919880887974,289.288558235589,8,74,0.92740995
2505,0.1098838645427637,289.5258943498408,7,69,1.8543341
2506,0.1222820638888283,291.1106609351276,8,43,1.8543341
2507,0.1224039572276218,291.1007343374355,5,37,7.8285346
2508,0.1188353604937329,290.50474201127395,8,57,1.1298523
2509,0.1098861972328636,289.64461435691146,7,68,0.0
2510,0.1207774350259681,290.6089117317449,8,55,0.92740995
2511,0.1120684826810465,290.09872636060845,7,156,1.4672151
2512,0.1228263300493742,290.75439875902697,8,57,2.1678073
2513,0.1127166886732132,290.1561375153424,7,66,0.0
2514,0.1223004848610992,290.769259544375,7,51,1.1237537
2515,0.1188816942317001,290.49405237600683,8,53,2.9210618
2516,0.1104576961047327,290.0013542441556,8,200,3.0039027
2517,0.1235266695756462,291.1443516269268,1,40,0.92740995
2518,0.1239366699301754,290.89813639067114,8,58,1.4543461
2519,0.120234495164769,290.5903001048819,8,54,2.2551007
2520,0.1228864866483731,290.7918188539537,8,54,1.123091
2521,0.1203006200525808,290.59558023371886,8,58,1.4600611
2522,0.1149307670990416,290.26305098186407,4,61,2.4534867
2523,0.1145671892675409,290.2470943498521,8,67,1.4649253
2524,0.1189618732433123,290.50681451916444,8,56,1.1296618
2525,0.1151131286491119,290.27572719004706,8,62,0.0
2526,0.1084732135965901,289.1035943094752,8,114,4.572279
2527,0.1117918115899567,289.4062365898762,8,75,2.9440548
2528,0.1204775613789657,290.5763830583144,8,59,3.8531315
2529,0.1103282544048924,289.9857448941013,8,194,2.277332
2530,0.1094454098865224,289.6181011420656,8,82,3.004895
2531,0.1221183506050634,290.7399718744074,8,51,1.8543341
2532,0.1187799439832608,290.50806057377736,8,66,2.4416535
2533,0.1220890477639136,290.69051269281886,8,52,2.1688302
2534,0.1185287405773985,290.4778461399021,8,73,4.335396
2535,0.1113516031540309,289.7797369314019,8,72,1.8543341
2536,0.1231041879703888,291.208714950634,8,36,1.1126156
2537,0.1219492534453663,290.77838183833165,4,49,1.1235934
2538,0.1230322445435995,290.7402304852319,8,62,0.92740995
2539,0.1138365452284287,290.2153726345585,8,79,2.454895
2540,0.1259640750367671,291.071856457559,8,49,1.1163889
2541,0.1087112070683798,288.89592507260915,7,74,1.8543341
2542,0.1195995971209556,290.5318192677999,8,66,1.4606287
2543,0.1083943923775894,289.1490998994721,8,154,2.178908
2544,0.1245686529875736,291.06951150779616,7,45,2.9004548
2545,0.1190171788078022,290.5098206653294,8,57,1.4613776
2546,0.1077990370827782,288.99337530852256,8,153,4.765941
2547,0.1247400104159468,290.9343907185411,8,54,0.0
2548,0.1222434777001243,290.7130677270268,8,55,1.1251701
2549,0.1226686125431127,290.7262135101064,8,60,2.1681938
2550,0.1257741470380924,290.99994177707924,8,56,2.4194732
2551,0.1085555934103161,289.3696950783814,8,184,0.0
2552,0.1155012113712333,290.3151594634344,4,61,1.4656366
2553,0.1220104546173281,291.2016738979039,8,35,1.8543341
2554,0.1245669863205867,290.9412007595148,8,52,0.0
2555,0.1141173225803058,290.2179487143911,7,64,2.2682009
2556,0.1221132418760252,290.8863993198616,4,42,1.4537486
2557,0.1167963341217722,290.3791053784064,8,53,2.4457562
2558,0.1098137288047714,289.69698972887056,7,68,1.1413814
2559,0.1244570148719883,291.20645750281494,5,40,1.4485326
2560,0.1141500872155448,290.23240705476576,3,60,1.1370245
2561,0.1220828517234564,290.74004741360216,7,51,2.168277
2562,0.1248956783142305,290.9712106772919,8,50,0.0
2563,0.1197259058904041,290.56616841515347,8,65,0.92740995
2564,0.1250371018220447,291.0902154916239,8,44,3.3442764
2565,0.1186255322380718,290.50476331917923,8,58,0.92740995
2566,0.1223223616128982,290.8783743330214,8,47,2.1664116
2567,0.108515690352001,289.08213286853265,8,97,4.4134355
2568,0.1261113061930274,291.18686708210697,8,44,2.1626656
2569,0.1103222891180036,289.11392169915416,8,79,1.474263
2570,0.1218561800102343,290.79828874345,7,49,2.1675107
2571,0.1179783730762043,290.4566355494905,8,67,1.129361
2572,0.1074942209363697,288.9783082214646,8,218,10.203075
2573,0.1216275653140833,290.65864554249885,8,51,2.434867
2574,0.1100334209974664,289.3907965176099,7,73,0.0
2575,0.1177714629311976,290.45119443714106,8,103,5.2980456
2576,0.1182164339634155,290.4674373543305,8,56,1.1306423
2577,0.1124758368486881,290.1405674841025,7,67,4.764112
2578,0.1252774361340458,291.0851006222447,8,48,1.1160446
2579,0.1228490404833993,290.7264801270304,8,60,1.457538
2580,0.1120273432128596,290.0878198240343,7,108,6.499281
2581,0.1190958980215737,290.35253987968315,8,61,1.131565
2582,0.1126613714350787,290.14678742477264,5,70,3.535491
2583,0.1226912761601055,290.9140831045818,6,47,0.92740995
2584,0.1115177172347031,290.03706461433814,8,66,1.1394942
2585,0.1124661617882391,290.1370960410343,7,68,1.1386555
2586,0.1096963616457451,289.3786539717256,7,74,2.467192
2587,0.1258427656114203,291.0474804387491,8,51,0.92740995
2588,0.1106840480102445,289.76681593565314,8,70,1.1412147
2589,0.1224229357199222,291.0704205863014,8,39,2.2311852
2590,0.112025858057406,289.82883797622355,8,74,3.0047462
2591,0.122380285464643,290.96138935178124,4,46,1.8543341
2592,0.124904218054952,290.9373496596894,5,56,1.8543341
2593,0.1245873878631649,290.9493335365456,8,53,2.2376854
2594,0.1116214268053186,290.0203710973218,8,68,0.92740995
2595,0.1206061923362895,290.60651075052573,8,55,1.4597894
2596,0.1116825621444496,289.7061950070543,8,76,3.5455923
2597,0.1250930249173241,291.11923492341936,1,41,2.8986835
2598,0.1224105408589179,290.73360921830124,4,56,0.92740995
2599,0.1084761793393269,289.2786760749128,8,187,0.0
2600,0.1148507001234056,290.27589558738936,5,63,14.5527115
2601,0.1219175757330361,290.71998149206007,8,52,2.432766
2602,0.1207520428715687,290.61951806479743,8,53,1.4596086
2603,0.1125558292338184,289.9821961161732,7,66,0.92740995
2604,0.1211500650055382,290.63861588175155,6,53,0.0
2605,0.124852570504539,291.08003750588625,8,44,2.4160733
2606,0.1083650982228978,289.01593012439184,8,93,0.92740995
2607,0.1144540711731771,290.2525805970014,8,73,2.7802885
2608,0.114162653770571,290.23623434007413,8,66,0.92740995
2609,0.1084441335244352,289.3269583690266,8,145,3.5969915
2610,0.1102632199394666,289.35495291517674,8,71,4.6273675
2611,0.11155183996512,290.0766993925605,8,166,3.5335536
2612,0.1087405801512067,289.3744329948069,8,90,13.496896
2613,0.1115063180194964,289.8164500936381,6,74,3.4199226
2614,0.1109044672217521,289.77592577707287,7,69,1.4703944
2615,0.1092147674639901,289.05694688698003,7,72,0.92740995
2616,0.1117830599345092,290.1019795963583,8,68,5.323538
2617,0.1118865895130507,290.0567172882023,6,67,3.4148605
2618,0.1119375624378978,289.7140316575198,8,78,1.1421803
2619,0.117732321326559,290.44497992616607,8,58,3.0010064
2620,0.1259896150281548,291.13882539967227,8,47,1.4500035
2621,0.1219196649526516,290.830400688047,8,51,0.0
2622,0.1139277314351741,290.2210519826064,8,78,1.4670727
2623,0.1090121017458604,289.47485122661215,7,78,2.7802885
2624,0.1219697479691644,290.850846895852,7,53,2.1667857
2625,0.1180759163571882,290.4690193873463,8,67,1.4624633
2626,0.1083061108167404,288.9949420238215,8,86,2.4715357
2627,0.125265629573709,291.1524580776311,2,41,2.4128969
2628,0.1233119555084612,290.7800864278667,8,61,0.92740995
2629,0.1120343435491465,289.83857818329744,8,74,0.92740995
2630,0.1252433414650176,291.1533068440121,1,39,2.163015
2631,0.1120661660092428,290.1012133488143,8,72,0.0
2632,0.1114358870751017,289.88217741290555,8,69,1.1406441
2633,0.1251143230183577,291.0461554941189,8,48,2.2330985
2634,0.1100491122726455,289.5137163889969,8,71,1.4716759
2635,0.1127536909774068,290.01923621943735,7,65,2.9371133
2636,0.1122190011641337,289.65238389939543,7,65,1.1428059
2637,0.1166478972160997,290.3839625237967,8,101,9.413142
2638,0.1214254848720643,290.6463444270644,8,63,2.915363
2639,0.12176795463001,290.69809181289406,8,55,2.168838
2640,0.1225612838442728,290.76130309968784,4,49,2.912071
2641,0.1218435196059042,290.9863052761212,7,44,2.1649492
2642,0.118116090866184,290.4631407355173,8,62,0.92740995
2643,0.1240605280183045,290.9118789852319,8,57,1.1201508
2644,0.1153700971964482,290.3070810929348,8,70,2.7802885
2645,0.1217621984568387,290.6830469298536,8,61,2.7802885
2646,0.1124076048670643,289.90568307136795,8,66,2.1767669
2647,0.114691733995337,290.2644715527133,7,63,0.0
2648,0.1252866727215416,290.96009688469337,8,60,5.1354094
2649,0.1122639941935584,290.11108048624044,8,134,2.9321759
2650,0.1110243755469339,289.2801902575602,8,99,1.4734929
2651,0.1246321429174466,290.9504555778444,5,52,1.1192255
2652,0.1115156696612654,289.67174775207576,8,73,1.4712365
2653,0.118180156595867,290.47383722052643,8,70,5.145805
2654,0.1201865725355131,290.5895496862166,8,59,0.92740995
2655,0.1083559832537144,289.20624280944986,8,174,5.662933
2656,0.1082940038604914,289.26903914349094,8,179,2.467103
2657,0.1219369292956798,290.9504839265702,4,45,0.92740995
2658,0.1113462864639584,289.4096987829747,8,95,3.8965135
2659,0.1181198324178864,290.45875386008504,8,69,1.129578
2660,0.1210494782467431,290.52545454179455,1,55,2.1698754
2661,0.1150937883369416,290.29044630543206,8,66,1.8543341
2662,0.1254904991757202,291.0128299368258,8,52,0.92740995
2663,0.1222643773263249,290.9350507352682,4,47,0.92740995
2664,0.1229675188199132,290.7613076328198,8,58,2.1678827
2665,0.1081638318014102,289.0187511721174,8,99,2.4710505
2666,0.1099741333659101,289.58517125155004,7,72,0.0
2667,0.1253953816883218,291.1212117725392,8,42,2.414346
2668,0.120717376204827,290.60827607871164,8,62,2.1694074
2669,0.124723244075947,290.9313095211493,7,54,0.0
2670,0.1172618520468944,290.4117363802517,8,61,2.172055
2671,0.1116275896497896,289.40557145914244,8,74,1.1445181
2672,0.1219479334661564,290.9536447058084,2,45,1.4531925
2673,0.1201304826022469,290.558895669818,8,61,2.1701956
2674,0.1238572699014214,290.8857814604167,8,57,2.42467
2675,0.1221941001241176,290.85132469448484,8,49,0.92740995
2676,0.1186236576014939,290.4850714784401,8,53,5.547545
2677,0.1113292953401469,290.0515105694784,8,118,5.671969
2678,0.1272980261856,291.1269446666935,8,67,1.450267
2679,0.1097771550992513,289.8096352041868,8,271,2.4605167
2680,0.1212034839308821,290.6441172944097,8,54,1.4591572
2681,0.1129875694372452,290.17134558625924,8,62,0.92740995
2682,0.1236063825386714,290.8497830350266,8,59,1.4552416
2683,0.1209521944784007,290.62464946945806,8,55,1.8543341
2684,0.1116266200328663,290.07062052003056,7,150,2.4558144
2685,0.1101345645512036,289.72746462886954,7,65,0.0
2686,0.1167469710484249,290.38146363761183,8,61,5.835341
2687,0.1227780799639606,290.94085061152373,8,45,0.92740995
2688,0.1243591116177675,291.1741758421181,8,38,2.411631
2689,0.1249298484091841,291.08689677923604,8,44,0.92740995
2690,0.1087002306626511,289.34653182267573,8,104,5.3388314
2691,0.1142207844293116,290.2399419083865,8,67,1.8543341
2692,0.1256721916734617,291.12547532481443,8,45,1.8543341
2693,0.1253272031805876,291.04649605584484,8,51,2.4176798
2694,0.1122785231114704,290.12033154843743,7,92,2.1748097
2695,0.1171753584516606,290.39930825327536,8,57,3.0011332
2696,0.1212757425863396,290.65580762038985,8,60,2.9988403
2697,0.1099808685903395,289.31162398949675,4,74,1.14445
2698,0.1222281881520098,290.7150084927748,8,53,0.92740995
2699,0.1114134666628351,290.01204563588124,8,66,1.4691577
2700,0.1223809406213789,290.9594620246197,4,47,0.92740995
2701,0.1199268589565513,290.5745871235231,8,59,1.46045
2702,0.1180648337268648,290.4643781112329,8,65,1.4624131
2703,0.1107635789931079,290.03408222405926,8,161,3.8749807
2704,0.1199244655721877,290.5743561623141,8,61,1.1283964
2705,0.1232053572265884,291.19277822924874,7,41,5.6245008
2706,0.1255968733347184,291.03662359604584,8,51,0.92740995
2707,0.109500395006883,289.1472726067442,5,74,3.0063455
2708,0.1231909392637716,290.77606020195026,8,62,0.92740995
2709,0.1199633478673224,290.5707477344096,8,53,0.92740995
2710,0.1120797673552035,289.5828262768294,7,69,0.92740995
2711,0.1234251861201598,291.0568498543467,6,44,1.1164978
2712,0.1108155020839572,289.717061610338,7,69,1.4707179
2713,0.1185978228441075,290.4968813450363,8,62,0.0
2714,0.122110246590465,291.02447588312305,4,42,1.451791
2715,0.1123397877808557,290.12782901254985,7,70,1.1390805
2716,0.1222076909688269,290.6957048743075,8,50,1.1255
2717,0.1218105059405488,290.6866752857146,8,61,1.4584546
2718,0.1117768379117088,289.3757768988576,8,72,2.7802885
2719,0.1113677992900014,290.0410184810709,8,79,3.8788464
2720,0.1159545745516393,290.3395467312502,8,60,1.4645333
2721,0.1102859683371142,289.6586851225721,7,69,1.4708875
2722,0.1229927789889013,291.20707587316826,8,36,4.5372047
2723,0.1211585822890196,290.645538905567,8,53,1.4591659
2724,0.125813237815346,291.06448696252613,8,50,1.4513301
2725,0.1087798545574869,289.16441966412447,8,92,2.4694932
2726,0.117712224948405,290.44003717281646,8,75,1.4614394
2727,0.1080118561727071,289.1058971428121,8,191,2.7802885
2728,0.1215584889184382,290.6844813171963,4,59,0.0
2729,0.1219743314566947,291.0021925867586,8,44,1.4522225
2730,0.12586242906622,291.04552714744784,8,52,2.7802885
2731,0.1093691854647542,289.4755763738535,8,84,1.8543341
2732,0.1088162310759905,289.39276186031225,8,92,3.548618
2733,0.1117935776129374,289.6519783965166,8,98,3.4241915
2734,0.116403408406348,290.3707239313105,5,60,0.92740995
2735,0.11446564106745,290.25010387728696,1,60,4.763796
2736,0.1220769413762597,290.7916094629828,8,48,5.2702856
2737,0.1177397015795711,290.434693515579,8,69,1.1301192
2738,0.1218966041122605,290.87390399601725,7,50,1.4548032
2739,0.1137002386949767,290.2072423314229,8,79,1.8543341
2740,0.1092229357222213,289.4327727044131,8,110,1.471868
2741,0.1115630125093252,289.25052753738225,8,78,1.4738995
2742,0.1230378416409447,291.3538346624912,2,36,1.1097397
2743,0.1231782413632392,291.019308954979,8,43,1.1174172
2744,0.1220757238268768,290.7931375922983,8,49,2.429113
2745,0.1183276000265312,290.4840111629525,8,69,1.1306385
2746,0.1260047646971338,291.0956888960012,5,48,3.4698093
2747,0.1188069676086784,290.50423176566136,8,58,4.6273675
2748,0.1230439848243151,291.0042016021716,7,45,1.4522702
2749,0.1107928327652482,289.9085467752229,4,66,2.279468
2750,0.1184983962100918,290.4983633067295,7,55,2.2600155
2751,0.1222526491962726,290.9678540856874,1,44,1.8543341
2752,0.1132941658715861,290.1646785417129,7,89,5.9513965
2753,0.1247330546777227,291.0686725888901,8,46,0.0
2754,0.123026011740259,290.8256349367838,8,51,1.4557153
2755,0.1115106790901139,289.92462372482834,7,69,6.7714005
2756,0.1106053168221871,289.2060658837342,7,82,3.5998769
2757,0.1224150717864482,291.2068215411465,8,37,1.1125369
2758,0.1199737218766101,290.59530945095105,6,57,0.92740995
2759,0.119817982401756,290.5676463711813,8,60,2.4390118
2760,0.122615065237068,290.95504348155134,7,45,0.92740995
2761,0.1172054619543709,290.4054574919054,8,58,1.1318144
2762,0.1125113860586562,290.11253319968057,7,105,1.4664681
2763,0.1128601524589525,290.1575184742046,7,66,1.466755
2764,0.1258866227376422,291.2892022987137,3,36,1.4473381
2765,0.1248461897881823,290.9507570889397,5,52,2.904754
2766,0.1120449054024816,289.6277243109476,7,68,1.1429216
2767,0.1137146780186917,290.20959856476827,8,67,0.0
2768,0.122480796285313,290.74440391955363,8,51,1.1243209
2769,0.1233956344665409,290.78630882074066,8,62,2.1675475
2770,0.117222125402851,290.3998981012519,8,62,1.8543341
2771,0.109882275151474,289.6600994004797,7,71,4.6273675
2772,0.1132572511132594,290.18599455165395,8,62,1.1368134
2773,0.1253761437737074,291.3212058685672,2,40,1.44682
2774,0.1244187175815794,291.1717821590819,8,41,3.463837
2775,0.1218967088568295,290.83128314030984,8,49,2.4272966
2776,0.1084244468553303,289.3117617264168,8,138,2.7802885
2777,0.1190807459715695,290.5243845421834,8,62,1.4613423
2778,0.1177582506208878,290.4539042222627,5,60,3.5151494
2779,0.114867835118385,290.2769745539888,8,123,7.0276804
2780,0.1118646555682485,290.0746317109593,8,68,2.9323936
2781,0.1229281025555125,290.96687800764533,7,44,0.0
2782,0.122321931383869,290.7725091456938,7,50,1.8543341
2783,0.110890865378893,289.18791475713914,8,136,6.4929123
2784,0.1100218461212087,289.52304285035257,7,72,1.8543341
2785,0.1103327161949939,289.4949329232942,8,73,1.4718928
2786,0.1167053343894671,290.3717337995604,8,64,2.4445927
2787,0.1184374769222379,290.4919869403642,8,72,0.92740995
2788,0.1248948280929986,290.9656800314367,8,52,0.0
2789,0.1087510591350937,289.41823461539497,8,75,3.0053174
2790,0.1235235172011312,290.8292762419114,8,59,1.1221333
2791,0.125753720119531,291.03520771014604,8,52,0.92740995
2792,0.1197515654412318,290.56796960228763,8,65,0.0
2793,0.1264123225217697,291.2040934490085,8,45,2.1624756
2794,0.1153146331308816,290.2884716346519,5,59,3.873178
2795,0.11783799904237,290.45100527341145,8,64,2.1717458
2796,0.1224558565243358,290.7088275061584,8,49,1.4579625
2797,0.1204371184746739,290.60737895756824,8,61,3.5772514
2798,0.1224824945966759,291.11615032157323,5,39,0.0
2799,0.1097682567331786,289.30628901682087,7,73,1.4728407
2800,0.1245837710709789,291.21491764654075,8,41,2.1621737
2801,0.1253390121856363,291.18526033030525,8,40,1.4490528
2802,0.1222284405657654,290.8387911844503,8,45,2.1669407
2803,0.1108087618092065,289.1998770872141,8,105,2.7802885
2804,0.1205752498577191,290.6034194410757,8,58,2.169846
2805,0.1260210033025919,291.1753994265116,7,42,1.4493259
2806,0.124163343599354,291.2000305067174,8,40,1.4486151
2807,0.1220823741068508,290.8111849582915,8,48,1.4560641
2808,0.1262186592189476,291.151888773454,8,48,3.5608294
2809,0.1226671035193889,290.837201622956,7,45,3.5701327
2810,0.1206103432504612,290.61746933712743,8,63,0.0
2811,0.1125077969169875,290.11546813884485,8,77,1.4688642
2812,0.1127298310710376,290.05457072912947,7,62,1.1398257
2813,0.1218926806700531,290.7902163925904,8,52,1.4565111
2814,0.1121589039374401,290.1198273921108,8,182,2.174961
2815,0.1205624313038562,290.60844866707305,8,62,2.4354022
2816,0.1223443225888536,290.767286305914,7,46,2.911916
2817,0.1229446198112106,290.7763197383357,8,55,0.92740995
2818,0.11247881207308,289.7892824193907,7,68,0.0
2819,0.1094013927388178,289.453911996298,8,98,3.7047918
2820,0.1079651906258589,289.05897762821365,8,184,1.4736648
2821,0.1149857284860704,290.2836583709121,7,63,0.92740995
2822,0.1125072187000538,289.9295003141932,7,66,2.7802885
2823,0.124809437683463,290.99568398495,3,49,1.1181682
2824,0.1113509163661291,289.8751523960906,8,68,2.176659
2825,0.1241456241216638,291.06357795434536,5,41,1.8543341
2826,0.1253815854814946,291.1103911280834,8,44,0.0
2827,0.1129977022402927,290.17201855774624,7,61,0.92740995
2828,0.1254926871685479,291.2444792273412,7,41,0.0
2829,0.1246429146294754,291.08458215498644,8,44,3.562612
2830,0.1097010824658552,289.26928899802857,7,75,0.0
2831,0.1115997147700858,290.05177652446736,8,66,2.176008
2832,0.1081262425794273,289.1511361106025,8,162,4.6622252
2833,0.1186470475335167,290.4823367956366,8,70,2.9206507
2834,0.1172852240629837,290.4032628106213,8,58,1.462875
2835,0.1254347636545882,291.01945747154883,8,54,1.4521188
2836,0.1109677702684514,289.48412168769494,8,76,9.118778
2837,0.1198739848895029,290.57295063704345,8,60,1.8543341
2838,0.1088904175771693,289.38628304678866,8,155,3.7047918
2839,0.1252565293377421,291.05293880373256,8,48,0.92740995
2840,0.1214155923742861,290.6414849770792,8,51,2.1693468
2841,0.1258521113494254,291.13117562536314,8,48,1.4501338
2842,0.1185140360015158,290.4721385933359,8,64,1.129837
2843,0.1190271330150269,290.5195813000382,8,63,2.4409988
2844,0.1121123387503841,289.69514703363694,8,68,1.4713045
2845,0.1247246014646537,291.0934364324044,8,45,1.1157624
2846,0.1209410459374213,290.6355247788502,8,59,5.815639
2847,0.113732837739055,290.211910947555,8,68,1.4668125
2848,0.1187518227864809,290.5127830559569,7,53,2.7802885
2849,0.1193901377328548,290.5359953178446,8,54,1.461016
2850,0.1222109747117974,290.6904403521808,8,50,4.331416
2851,0.1186265891789257,290.49846932249704,8,61,1.4618282
2852,0.1109449926252442,289.7961742681016,8,67,1.1410997
2853,0.1219896259692307,290.8460369325192,8,48,3.8700035
2854,0.1109385508329992,289.2987707193615,8,113,7.93358
2855,0.1091689486422702,289.54803684696805,8,83,4.405329
2856,0.1177281004946387,290.44710915925293,8,66,2.7802885
2857,0.1231540725213434,290.78408704076816,8,61,2.429216
2858,0.1249763204628179,291.03869167971897,4,49,1.4517771
2859,0.1162368187741373,290.3604712539434,8,60,2.173118
2860,0.1227948390093331,290.7254858223423,8,60,1.4575698
2861,0.1260914781158426,291.14915441933874,8,45,0.92740995
2862,0.1157370450934177,290.3147551790945,8,57,2.172475
2863,0.1234639814908608,290.80466723066246,8,56,0.0
2864,0.1164181213289527,290.36554718831536,5,61,1.4640228
2865,0.1126915552781103,290.10364475597976,8,63,1.4689895
2866,0.1236944392422308,290.86540739544074,8,56,1.4549512
2867,0.1183537913785603,290.4719927173563,8,61,1.46202
2868,0.1117326470927149,289.71247106352644,6,76,3.8906145
2869,0.1086443208917005,289.3886932003452,8,180,0.92740995
2870,0.1087277072435392,289.3793194839937,8,78,2.4660969
2871,0.1116257691698116,289.3896976294234,8,76,1.8543341
2872,0.1120029260911897,290.1185357979557,7,78,2.4561622
2873,0.1196469025224166,290.53204415105847,8,69,0.92740995
2874,0.1100632371958735,289.8541958476072,8,210,2.1763713
2875,0.1257286195799705,291.2398981089233,8,40,2.9938915
2876,0.1248616756325058,291.0909395481988,1,42,2.415579
2877,0.1121682025548192,289.75092528895885,8,64,1.4709771
2878,0.1213027967524218,290.66191105379414,8,66,1.8543341
2879,0.1175644517783389,290.44096709149585,8,58,2.1720471
2880,0.1117071832582762,289.97586937288867,8,69,1.140031
2881,0.1266625532821733,291.0733859878104,8,67,3.8684356
2882,0.1231023824856479,290.80960430336904,8,55,1.4560097
2883,0.1122325584110188,289.70836730124995,8,68,4.6529555
2884,0.1163302815786287,290.3577720751798,8,57,3.5838866
2885,0.1230753728911797,290.8109155842915,8,54,1.122608
2886,0.1179079707994297,290.4622638606995,8,60,1.1313235
2887,0.109575354916842,289.69436825751507,8,235,6.3226585
2888,0.1110065886209737,289.49666716643185,8,77,2.4666293
2889,0.1228933360550586,290.6716239330181,8,46,2.167075
2890,0.1120769199741432,289.5706967301697,7,69,1.8543341
2891,0.1092848984568422,289.1067267799087,7,71,0.0
2892,0.1224376505785901,290.76527027757334,8,46,1.1238208
2893,0.1108405274111176,290.02162580535696,8,170,3.8748658
2894,0.1175679013801241,290.44482715874824,4,57,2.172129
2895,0.1251241146495723,290.99333359879347,8,52,0.0
2896,0.1223864655377808,290.7391959624818,8,53,1.4574285
2897,0.1201093106112828,290.5816275294207,8,56,1.4602745
2898,0.1101982698952055,289.23086938183985,8,76,1.473474
2899,0.1249000520239877,291.08630171602584,8,43,2.163838
2900,0.1099365436356889,289.67735100572776,7,70,4.557289
2901,0.1217369341758036,291.08681341440854,5,38,0.92740995
2902,0.1196658745759231,290.57093559113525,4,56,2.170434
2903,0.1167341177656853,290.38195586814754,8,66,3.0014296
2904,0.1220509774409467,290.8383799066316,7,50,1.1219999
2905,0.1233820448463255,291.10830196155,5,40,1.1151949
2906,0.1100341395069574,289.5496602086852,7,72,2.4650114
2907,0.1250865304659723,290.99199818343305,8,54,0.92740995
2908,0.1111442514747086,290.0373644638438,8,78,1.4679832
2909,0.1203686978145302,290.6013930936262,8,60,1.4599792
2910,0.1113972664778432,290.0533696420593,8,117,2.2747653
2911,0.1219767976601991,290.6918500306196,8,55,1.4583358
2912,0.1092109215645736,289.5271009210119,8,74,1.8543341
2913,0.1236308566161346,290.9108591692243,8,51,1.1201582
2914,0.1194026787970397,290.5178848334588,8,65,0.92740995
2915,0.1126823250870584,290.1461818316964,8,74,2.4541216
2916,0.1151125102440425,290.291270692387,4,60,1.1356205
2917,0.1212799201556087,290.647771902117,8,55,3.3764052
2918,0.1243801490443902,290.904200996124,8,55,1.4541165
2919,0.1218991292567568,290.70536736172704,8,51,2.2500646
2920,0.1228063169286755,290.7550161599227,8,58,2.9116523
2921,0.1178648286575904,290.4353079813516,8,58,3.513194
2922,0.1223449335014791,290.7179203900803,8,53,3.7047918
2923,0.1179772691157416,290.4586529146779,8,63,0.92740995
2924,0.1096236067417023,289.14296142484983,4,77,1.1456196
2925,0.1226590638353336,291.0720054926995,8,45,2.1638603
2926,0.121777748602056,290.54379515518764,7,52,1.45907
2927,0.1241238534423562,291.18247171953374,8,44,3.5594773
2928,0.1128598903691791,290.11236629437724,7,64,0.92740995
2929,0.1196074245272514,290.5502047307052,8,64,3.5040784
2930,0.1234731228682184,291.1435852775343,4,44,1.1143227
2931,0.1171435746527857,290.4064697894036,8,64,2.172159
2932,0.1210036408599768,290.62789478686386,8,56,3.8715146
2933,0.1273414113295139,291.1723630336853,8,61,0.0
2934,0.1253642299746112,291.04534050322434,8,52,1.1170098
2935,0.124593622378489,290.95024687131496,8,52,2.2376413
2936,0.1230524769174819,290.8203772492989,8,56,4.328116
2937,0.1223036179260229,290.71957217359613,8,56,2.1684961
2938,0.1232234560909573,290.8308409200656,8,55,1.1221148
2939,0.1223024140726803,290.71036884649504,8,52,1.8543341
2940,0.1220622584107454,290.8034254676506,8,53,2.4286256
2941,0.1177927951228444,290.44749003031643,8,61,2.1717658
2942,0.11889809129968,290.5216416164649,7,53,1.4615748
2943,0.1230745649232809,290.9869866616925,8,47,2.4199648
2944,0.1223213649092477,290.7212116981681,8,55,2.9136817
2945,0.124337725977653,291.01132007866,8,47,2.2346327
2946,0.1187910445230413,290.5183904621368,7,58,2.4417663
2947,0.124809297495763,290.95388217928786,8,51,1.1190863
2948,0.1097486964621649,289.2429303566327,4,73,1.1448835
2949,0.1078738116406124,288.9645963265086,8,154,3.7047918
2950,0.1095980508342069,289.52669232646446,8,75,2.7802885
2951,0.1190595107192945,290.5330443224772,7,58,2.9208975
2952,0.1180872004154369,290.4695744732087,8,66,1.1309788
2953,0.1187340584226353,290.5057277728208,8,62,2.921538
2954,0.1176407156403245,290.4239857998033,8,64,4.336774
2955,0.1215212848506943,290.66682069703154,8,56,3.5754533
2956,0.1220273233532461,290.84090093391046,8,50,1.1219369
2957,0.1220806602087221,290.726686761109,6,50,2.7802885
2958,0.1124145530036811,289.7909419230082,7,67,3.5446053
2959,0.1222488318807372,290.8334584014246,8,47,0.92740995
2960,0.1248023119275414,290.9857094710508,8,50,3.3518255
2961,0.1120697564758082,289.60761045851694,7,67,2.465927
2962,0.122007941758977,290.8852083562898,7,49,1.4545732
2963,0.1152645656223299,290.29951527674694,8,61,2.173453
2964,0.1212019066798616,290.64778532243747,8,52,1.4591252
2965,0.122157400733098,290.90586918591214,8,48,2.9046526
2966,0.1246294773028841,291.0812346261159,8,45,2.4159598
2967,0.1146049535769592,290.26184672170945,8,70,4.3419757
2968,0.115457002284594,290.309541213293,8,57,3.5853696
2969,0.1220646761958142,290.6996390951695,8,56,0.92740995
2970,0.1273579981742691,291.1095475592827,8,96,5.2444887
2971,0.1248136898502817,290.99394679303094,4,49,1.8543341
2972,0.1091230284929129,288.6431560926867,7,83,1.149434
2973,0.1185218243079394,290.5009912935232,4,56,2.171322
2974,0.1219881394487153,290.7850568222549,7,51,4.362302
2975,0.1093966645060615,289.43761969076303,8,85,5.547545
2976,0.1271530869424179,291.1040327820459,8,96,2.9951377
2977,0.113690150709839,290.2098056103179,5,64,0.92740995
2978,0.1163141243442539,290.3575920895878,8,59,3.001618
2979,0.1120988889573455,289.8870746949664,8,73,0.92740995
2980,0.125803872549503,291.1225390347371,8,47,1.4502891
2981,0.1219055778002732,290.8324793014529,8,51,0.92740995
2982,0.1256431322547704,291.1416268598446,8,47,2.2285872
2983,0.1254754995907955,291.0874939235688,8,48,1.1160121
2984,0.1233744956104539,291.11256233048675,2,40,1.4501976
2985,0.1171335262633565,290.3982985341209,8,67,2.7802885
2986,0.1189045635052705,290.5234497270854,5,55,3.5101767
2987,0.1142147541207954,290.2250916137387,8,66,1.1345178
2988,0.1217160659530265,291.2004692033364,5,34,1.4482634
2989,0.111837739212367,290.0805100496023,7,148,4.901443
2990,0.1123815006029215,289.7275384813364,7,64,2.7802885
2991,0.1210270252988303,290.63832378881784,8,55,1.4592998
2992,0.1213977506914584,290.64017413942724,8,52,2.1693604
2993,0.1218904249188507,290.81543651324824,8,49,4.4818873
2994,0.1210586286172424,290.61257983235254,8,59,2.253432
2995,0.1189894941818643,290.5286865469353,7,56,1.1297227
2996,0.1220504920273472,290.85126846415534,4,47,1.1216631
2997,0.1133420985855979,290.17924255187245,7,62,1.8543341
2998,0.1115417728801304,290.0878344923788,8,115,4.63672
2999,0.1222920328569804,290.7647548887784,8,52,1.8543341
3000,0.1077030883924884,289.0303668822619,7,139,4.4131274
3001,0.1182712068484314,290.48137580055163,8,69,1.8543341
3002,0.1098509146435469,289.3418098033086,9,76,0.0
3003,0.1179071481454939,290.4532089463589,8,63,3.513812
3004,0.1233070159985428,291.20578376314864,7,37,1.4483843
3005,0.1227776051415441,290.9897638296761,8,44,2.4197829
3006,0.1167730888283237,290.3935938858549,7,57,3.3957016
3007,0.1226156059562001,291.0285102318471,5,41,2.9956698
3008,0.1189332392515175,290.511676010166,8,68,1.4604735
3009,0.1076647927414398,289.0415715352432,8,221,3.8768218
3010,0.1094633336617586,289.1366327983018,4,76,0.92740995
3011,0.1256159392233678,291.1354470840734,8,45,0.92740995
3012,0.1178011986816719,290.4362412765852,7,51,2.7802885
3013,0.1129627340286427,290.1699499754359,7,65,2.4547215
3014,0.1224308038895196,290.7254424823817,8,49,1.4576708
3015,0.1186123518557124,290.48195972333144,8,69,0.0
3016,0.1109737398719643,289.3553336414125,8,107,3.005993
3017,0.11159661423877,290.07785447707886,8,152,0.0
3018,0.1190253822889709,290.52244234021947,8,60,0.92740995
3019,0.1113027468947211,290.0672323476715,8,182,1.8543341
3020,0.121591237273605,290.684022807241,4,61,3.5738585
3021,0.1222937630548348,290.6748961749545,5,60,0.0
3022,0.1173828316348842,290.42899420489493,8,60,1.4632757
3023,0.1221319387515304,290.7659963126516,8,49,3.8706014
3024,0.1249830444072151,290.9928838767038,1,49,1.1182303
3025,0.1206176502627328,290.620643954008,8,59,0.0
3026,0.1259290136353466,291.2538555141719,5,31,7.9517303
3027,0.1229268325010831,291.20480844120897,8,37,2.4097486
3028,0.1204368580527092,290.6074064218572,8,60,2.2544734
3029,0.123778154454693,290.8486280150529,7,60,2.1665852
3030,0.1254811117487626,291.0947328297027,8,46,1.4507755
3031,0.1140897675436909,290.226753877612,2,61,1.4674335
3032,0.1123058855727589,290.0594352392603,8,71,0.0
3033,0.1118536086969051,289.6825621229707,8,113,1.1423913
3034,0.1196524217538213,290.5458368205739,0,53,0.0
3035,0.113260741907684,290.18121702868694,8,73,1.1379291
3036,0.1200691641955666,290.5823653981929,8,59,1.1281993
3037,0.1130098254699739,290.164850614304,8,93,2.4573817
3038,0.1119737626042738,289.53769680704886,8,72,2.9425392
3039,0.1094197219116507,289.57439794761467,7,78,4.9191575
3040,0.1168757864070575,290.3808428333846,8,62,1.8543341
3041,0.1248837510970821,290.9637361215757,8,50,2.2368803
3042,0.1240552353986736,290.88404358424884,8,55,0.0
3043,0.122485077701513,290.79763229939965,1,51,2.9107072
3044,0.1115278425356843,290.02891294900724,8,64,2.4593844
3045,0.1220920194856962,290.8386950297081,7,48,0.0
3046,0.1241621249305946,290.87921626277046,8,58,1.4544766
3047,0.1259461535649288,291.2208427382964,8,43,2.8950787
3048,0.123126369933267,290.9801660306324,8,44,4.8319697
3049,0.1210538108750387,290.6386677518777,8,55,2.1694796
3050,0.1124745548221004,289.9000756702948,7,64,2.176804
3051,0.1121220843277253,289.8829452775426,8,78,0.0
3052,0.1240635565878649,290.8779739697699,8,58,5.6632195
3053,0.1222913833087246,290.8449150081634,8,47,1.8543341
3054,0.1251438622528068,290.9982762430511,8,52,1.4525031
3055,0.1196091958628361,290.5580395748081,8,62,4.870248
3056,0.1255505578740429,291.1513161474243,8,45,0.0
3057,0.1239966049324722,290.87623006770013,8,55,0.92740995
3058,0.1248214585464097,290.94671071752725,8,53,1.4533757
3059,0.1181586038659678,290.4710680774064,8,63,1.4623302
3060,0.1126913504209709,290.019924120366,7,64,1.1400824
3061,0.1227996069451483,291.17450527627153,8,42,1.8543341
3062,0.1105402204382585,289.670607280843,8,72,1.4709029
3063,0.1193575166487284,290.5291964531962,8,64,1.4603769
3064,0.1218928874275078,290.76597751792514,5,50,2.4305089
3065,0.1151560923255599,290.09357421790764,8,68,1.138691
3066,0.1219043580627242,290.9411515759862,8,48,1.4534435
3067,0.1247144349264396,290.9932819106806,5,49,1.1182194
3068,0.1211511639939324,290.6696598766968,8,57,2.4350824
3069,0.1102981826932126,289.9802476324994,8,204,5.153056
3070,0.1264262573198563,291.09683307704404,8,59,0.92740995
3071,0.1101784729965733,289.86960299798045,8,216,6.4768143
3072,0.1081093206004573,289.1298149965324,8,165,3.006124
3073,0.121942635755425,290.8258390617779,7,49,0.0
3074,0.1234477268573774,290.8176412959666,8,58,1.8543341
3075,0.1188439823866693,290.5140191015452,8,59,1.461613
3076,0.1100357156204113,289.27990756631016,5,76,3.4305444
3077,0.110640375638311,289.9891519670478,8,215,2.9361784
3078,0.1103030996023412,289.3901129404643,8,74,2.178401
3079,0.1127489513774221,289.9777366195083,7,64,1.4697735
3080,0.1095360591642909,289.6365631388565,7,69,3.5948396
3081,0.1175950805316995,290.4463378332085,5,58,1.1319257
3082,0.1115262324369242,289.71238053784936,8,77,3.005011
3083,0.1081212049784241,289.19261080015315,8,186,16.388906
3084,0.1244014070081696,291.1725046507653,8,41,2.2266686
3085,0.1230763136179692,291.20727291704867,8,39,1.1126478
3086,0.123273409106814,290.8425973386404,8,61,4.3275476
3087,0.1220290732884056,290.8413078846672,8,51,0.0
3088,0.1140099908296154,290.22523964347715,8,95,3.0031128
3089,0.1200202024585226,290.57958578906613,8,59,1.1282675
3090,0.112576559638973,289.8896446505941,8,65,0.92740995
3091,0.1094754919873077,289.5817087456691,8,76,3.595438
3092,0.1123093142023426,290.13481779175106,4,60,0.0
3093,0.124994766086066,291.0562512973882,7,46,2.901034
3094,0.1107974381252557,289.4938237938062,8,75,0.92740995
3095,0.1229007648254576,290.8330365344242,5,45,1.4529952
3096,0.1118783940485802,289.5726862637893,8,71,1.1432849
3097,0.1207419441969904,290.61144834142533,8,55,0.92740995
3098,0.122734937535474,290.7346700418627,8,61,2.1682324
3099,0.111691577422702,290.09857900481927,8,69,1.1388246
3100,0.1087058018241327,289.0613529477338,8,86,1.8543341
3101,0.1087985768086855,289.1212719056284,7,75,7.0827785
3102,0.1134905206140766,290.1856285429533,8,62,5.7352424
3103,0.1219217660454328,290.7928760502956,7,50,1.8543341
3104,0.1258705901622998,291.1241752211533,8,49,0.92740995
3105,0.1231802342225361,290.93559903696934,4,46,2.2381983
3106,0.1142791953106546,290.22375145254114,8,65,1.8543341
3107,0.1081624935620779,289.2085129254904,8,205,7.167964
3108,0.1154727114191881,290.3134812089518,4,62,1.4656005
3109,0.1139852818944379,290.22454750113053,4,58,2.9297838
3110,0.1241291831436419,290.92054489607494,8,55,1.1199412
3111,0.1213198779701272,290.6508418137435,8,59,1.4590409
3112,0.1251119872320377,291.02581370227153,8,48,0.0
3113,0.1118499782055262,289.46181996067247,8,74,2.1784976
3114,0.1207766524513494,290.62669939101943,8,62,1.4595357
3115,0.1179411758510195,290.45313265738184,8,62,0.0
3116,0.1215199211699882,290.66713496519014,6,62,0.92740995
3117,0.125118610425293,291.0829313496999,8,50,1.1160773
3118,0.1103951563098439,289.5326687000339,4,76,3.425074
3119,0.1219641759772746,290.85003777237046,8,51,2.9973772
3120,0.1082556599834129,289.0947515506504,7,153,2.179098
3121,0.1236886014328867,290.8265205528769,8,61,0.92740995
3122,0.1201028035320159,290.5865444529445,8,59,1.1281425
3123,0.1168957555939528,290.39505068914264,8,62,1.1324906
3124,0.1170359560743434,290.3896553162614,8,62,2.4448266
3125,0.1114622640142259,290.02261510276105,8,65,2.1760967
3126,0.1116627724131729,290.0968474549728,7,69,0.92740995
3127,0.1148458498806615,290.27523833048645,8,60,2.1736755
3128,0.1229258567755574,290.74021300714463,8,56,1.4572845
3129,0.1245795799637292,291.04971834084216,5,44,1.4515339
3130,0.1087803422131966,289.4063294698401,8,80,2.7802885
3131,0.1251996922835473,291.01277137005764,8,52,1.1177597
3132,0.1165964511476909,290.3674966374325,8,78,4.6097727
3133,0.1245819762811429,291.1639061088092,8,42,2.1628263
3134,0.1254060388163907,291.1156941037664,8,44,1.8543341
3135,0.118562611136125,290.4810589930908,8,69,1.46116
3136,0.1188414754096739,290.5133562142542,8,58,1.8543341
3137,0.1155734396334701,290.31869776663893,8,65,1.4650872
3138,0.1230871476842497,290.9762384858968,8,47,1.4528179
3139,0.1220077769365381,290.98121479019414,5,42,1.4526435
3140,0.126042242426807,291.18596641898307,8,45,1.44913
3141,0.1237592483803204,290.85710658962364,8,59,2.425944
3142,0.1115866353813685,290.0962403940663,8,173,3.7047918
3143,0.1222019597291462,290.85490818906,7,49,0.92740995
3144,0.1174705926449724,290.43416170478065,8,60,0.92740995
3145,0.1168786334924944,290.3864347265523,8,74,0.0
3146,0.108364973041277,289.2944955521684,8,147,4.657651
3147,0.122335818318653,290.7153510719504,8,51,2.2492783
3148,0.1252085933828366,291.0972034690076,8,44,1.1157407
3149,0.1088555413162397,289.3852026914718,8,113,4.6566544
3150,0.1123555567524691,290.1294229875642,8,70,2.9353492
3151,0.1126812916329039,289.9630228398188,7,63,0.92740995
3152,0.1184368229265322,290.4823705378633,8,63,2.2598858
3153,0.1228056858794872,291.0197140905926,8,43,2.9957619
3154,0.1122353872673957,290.1289787954877,7,64,3.534029
3155,0.1142084708156941,290.2344882314162,4,62,1.4672515
3156,0.1198704100122678,290.5509379113378,4,47,1.8543341
3157,0.1229901154350925,291.5486429684125,2,33,2.3976421
3158,0.1116269602783647,290.084120064792,8,182,3.4101915
3159,0.1195673397307128,290.5498423504822,8,56,2.2569036
3160,0.1157129425403601,290.3130676346656,8,66,0.0
3161,0.1242862034858376,290.8858797384771,8,57,2.1661508
3162,0.1117253408317385,290.04120479573663,8,69,0.0
3163,0.1122189609622203,290.0965282051753,8,70,1.139305
3164,0.1122728366420587,290.12744860905906,8,181,3.8745003
3165,0.1188108337749842,290.5174510484792,4,55,2.171092
3166,0.1199577847147445,290.58273237355087,8,64,2.2557592
3167,0.1241936336779761,290.87902985336484,8,58,0.92740995
3168,0.1202968702216858,290.596066271777,8,59,0.92740995
3169,0.1207972202982268,290.6223408243179,8,52,0.0
3170,0.1253633571942751,291.03323460393267,8,51,1.1172862
3171,0.1197556809283434,290.5663731002787,8,66,1.459594
3172,0.1094443975084785,289.4529641723241,8,74,1.4718277
3173,0.110440296839975,289.8409363992333,7,66,0.92740995
3174,0.1253235613020459,291.0378718861223,8,51,0.0
3175,0.1097030042433877,289.1810761457881,4,74,4.351952
3176,0.1123121681411404,290.1330158905308,8,66,2.275251
3177,0.1133786032650601,290.1929170830904,8,62,1.4667581
3178,0.1141424573760384,290.2340200674744,8,74,1.1366065
3179,0.1227763595217887,290.9395876333471,8,46,0.0
3180,0.1165619728690359,290.36853687381176,8,55,1.1325599
3181,0.1107345756304101,290.0172850703222,8,142,4.6387863
3182,0.117793310113142,290.440016527413,7,55,0.92740995
3183,0.1240489783849409,290.8750424741334,5,53,1.8543341
3184,0.1081384131552804,289.15865225527546,8,163,3.5529518
3185,0.1231121689313333,290.7682007579993,8,59,1.123612
3186,0.1250303498219828,290.9760581826117,8,55,3.3523283
3187,0.1254863962241371,291.0943305947983,8,45,2.2308526
3188,0.1134351006737253,290.18908000208035,8,62,0.0
3189,0.1126373699477121,290.15157851618943,8,64,1.4675426
3190,0.1161287283391233,290.34980712630085,8,64,2.9268332
3191,0.1175532454037661,290.42808589999447,8,58,1.4628216
3192,0.1263540617009142,291.12395710992234,4,45,0.92740995
3193,0.10995415828219,289.7400028579828,7,70,1.470299
3194,0.1163347907081571,290.36636482326554,8,60,3.8734508
3195,0.1252657839133896,291.0860428224974,8,48,1.1160192
3196,0.1125235200235964,289.8732154975131,8,63,1.1411711
3197,0.1116330715402856,290.0447684349838,6,67,1.1394824
3198,0.1164963015241896,290.377117035948,4,59,1.8543341
3199,0.1225829752180133,291.14256890166365,8,40,0.92740995
3200,0.1185658310369708,290.490961479071,8,60,1.4618636
3201,0.1168638314052831,290.39550400510785,8,66,1.4637516
3202,0.119232772603104,290.5338686022631,8,60,2.1707575
3203,0.1218653004836516,290.9079475255873,8,47,0.0
3204,0.1131240083642922,290.1628114215249,7,61,0.0
3205,0.1087115386536747,289.11476640153927,8,107,4.413062
3206,0.1113230875914758,289.7855792000754,8,71,0.92740995
3207,0.1217079612150182,290.6944268137749,8,63,0.0
3208,0.1088404391612862,289.3551540225034,8,130,4.4088407
3209,0.1251042147028799,290.9870122129497,7,52,0.0
3210,0.1093827946626401,289.5738562494185,8,76,0.0
3211,0.1133270178867189,290.1901560122569,7,61,3.0029316
3212,0.1175615013843004,290.4189820694808,8,61,0.0
3213,0.1182241547848697,290.47243792476604,8,62,5.710792
3214,0.121264723874253,290.65256566573686,8,55,2.1693213
3215,0.1168725472611024,290.40057519132665,4,62,2.7802885
3216,0.1220190497682342,291.09473592384643,8,41,2.8989162
3217,0.1150040855415174,290.2850921457617,8,64,1.1355777
3218,0.1223169448245858,290.7669609985653,8,52,1.8543341
3219,0.1135994731389758,290.19614596972974,4,63,3.5904896
3220,0.1118666914530696,290.0842302576661,8,156,1.8543341
3221,0.1124007718047747,290.07504167614013,8,74,1.1395376
3222,0.1125786523128324,289.9522503548138,7,65,1.1405689
3223,0.1174987126970348,290.42562079712206,8,63,1.4628868
3224,0.1189600792475099,290.5270097918014,7,57,2.2586591
3225,0.1253136496361122,291.0655358082669,8,48,1.4513049
3226,0.109080317637756,289.38665052825644,8,95,2.1781092
3227,0.1219438177533634,290.9133581269835,4,48,1.4540061
3228,0.1239251983636377,290.8612026115076,8,58,0.92740995
3229,0.1101995737146863,289.3930817146951,5,72,1.1439089
3230,0.1129258257992374,290.1587316484074,8,81,2.9349778
3231,0.1161099836479359,290.35158916500416,8,109,2.4488056
3232,0.1177056964512375,290.45075290129034,5,58,1.4629699
3233,0.1184295300712001,290.48354804371144,8,68,1.4608312
3234,0.1173269374442286,290.42554032176866,8,61,1.1321292
3235,0.1252781779121536,291.1728166296717,6,41,1.8543341
3236,0.1224636458561924,290.9933792663072,5,44,1.8543341
3237,0.1237476201773371,290.913497275634,8,57,0.92740995
3238,0.1100394450452511,289.8517566504292,8,208,2.1763673
3239,0.1185235590042037,290.4961210675971,8,67,1.1303635
3240,0.1221585842295263,290.70409333634336,8,58,1.4581274
3241,0.1255054014782985,291.01341015787705,8,50,0.92740995
3242,0.1168277869652281,290.3818430706551,8,71,2.9229999
3243,0.1252129716715928,291.0265829382862,8,49,0.92740995
3244,0.1224151738157652,291.0513111733447,4,44,4.3464394
3245,0.1218290985641254,290.90938964375465,8,45,1.4540825
3246,0.1127309419662678,290.13341122321594,8,122,1.1361774
3247,0.1264917745558679,291.0883038872536,8,67,1.1160192
3248,0.1258640408941765,291.1723479032772,8,42,2.2271638
3249,0.108522016922078,289.0235691954564,8,76,3.9009004
3250,0.1112061310548162,289.3741163907472,8,119,2.1787016
3251,0.1203258084774998,290.59690297457934,8,59,2.254836
3252,0.1185105666171185,290.483321885384,8,57,0.92740995
3253,0.1236787730884791,290.8410527909574,8,57,1.1214745
3254,0.1132920956960499,290.17636116439473,1,61,1.4684583
3255,0.1226727830809805,290.8360436312284,7,46,1.4555354
3256,0.1174829815081874,290.4357043615232,8,56,4.612327
3257,0.1112661900863258,289.37832996697705,8,105,5.1578107
3258,0.1222954117442196,290.77373158963866,4,51,2.9116867
3259,0.1263453799222559,291.16323274287447,8,48,0.0
3260,0.1175290043745567,290.43738890185494,8,60,2.2627537
3261,0.1074795517359302,288.9795797820224,8,184,9.49144
3262,0.119429120159451,290.5431607416775,8,65,1.459985
3263,0.1085919919928778,289.3160607269159,8,116,4.924826
3264,0.1251644717970093,291.0791606763991,8,46,1.116175
3265,0.114972969239556,290.26920936439234,8,63,3.3970401
3266,0.121096744603565,290.63195403188496,8,52,2.1695051
3267,0.112167892422808,290.0954311538931,8,93,0.0
3268,0.116516069133631,290.3687203648045,8,60,1.463817
3269,0.1124247469509475,289.8833068011567,7,65,2.4621353
3270,0.1252134003555407,290.9814993173296,8,53,1.1184239
3271,0.1240425672323987,290.8814896984667,8,55,0.0
3272,0.1251419292095448,290.9896866222268,8,52,0.92740995
3273,0.1180251419459013,290.46056912110447,8,62,1.4624337
3274,0.1226037364276746,290.93527554536547,4,46,1.4535931
3275,0.110681057725192,289.5815434332427,5,67,9.431
3276,0.1087371368399125,289.41008253013973,8,79,0.92740995
3277,0.120304861888566,290.59085307790144,8,55,2.9997027
3278,0.1150561633804771,290.2882673218736,8,71,6.2958164
3279,0.1081850169695782,289.20533118358884,8,100,4.350798
3280,0.1220748053600881,290.81645369540786,8,48,2.9977021
3281,0.1170048043329639,290.39177516931005,8,53,1.4632251
3282,0.1252618401365919,291.0279567607833,8,52,1.1174136
3283,0.1138797337926505,290.2046348492902,7,65,2.450739
3284,0.1243838477766327,291.1812015327683,8,42,1.449006
3285,0.1223147564468925,290.71741421631015,8,59,1.4573853
3286,0.1223975669462023,290.7463154325246,8,54,2.4311774
3287,0.1207992198367654,290.4948263950741,8,54,1.4603066
3288,0.1241604242634625,290.94409795568345,8,55,1.4534943
3289,0.1213462423349726,290.6567377754608,8,52,2.4351935
3290,0.1241843470039597,290.87882422632697,8,63,6.835867
3291,0.1072405345094527,288.8922743588888,8,241,5.877611
3292,0.108864470241728,289.46713134650383,8,112,11.841772
3293,0.1259467170936326,291.176470580589,8,45,0.0
3294,0.1086917740017842,289.26856668005706,8,143,2.1784933
3295,0.1204183913341379,290.6031586515197,8,57,1.1277224
3296,0.113068805369469,290.1714092088218,8,68,0.92740995
3297,0.1229203107064102,291.02981628678265,7,44,1.1171188
3298,0.1220439518011021,290.78437807211424,8,51,1.8543341
3299,0.1264498953716935,291.1758488009437,8,48,2.2271492
3300,0.1125853898711639,289.8814342209838,7,67,1.4703144
3301,0.1104743024272555,289.59221768726644,8,72,1.4713509
3302,0.1223111205760373,290.975194660518,4,44,1.8543341
3303,0.127237295895462,291.15989214677245,8,57,1.4496907
3304,0.1157034810204615,290.32181865845394,8,58,2.9271374
3305,0.12700998637335,291.2519785772085,2,40,0.0
3306,0.1094007143982207,289.5520601340777,8,93,2.1775198
3307,0.1141970106746317,290.2372859359027,8,77,4.7637196
3308,0.1100180671046829,289.9094231111937,7,160,13.189403
3309,0.1229695167778116,290.81298539992576,8,52,1.4559554
3310,0.1206821218477766,290.60291711437543,8,52,3.3790343
3311,0.1100444302894129,289.1490232480123,8,78,3.0064464
3312,0.1178880049600864,290.45999309266057,8,63,1.8543341
3313,0.1081853569479054,289.08039213517884,8,138,7.8961997
3314,0.1200099820927703,290.5857211114978,8,62,1.4603359
3315,0.1094781540447499,289.47699461921275,8,73,2.465587
3316,0.1224936164645313,291.2008331438179,8,41,1.8543341
3317,0.1204259150969666,290.58861802675847,8,53,1.1278245
3318,0.1124619280359475,290.12450565931164,8,127,3.406622
3319,0.11141952655189,290.06311064423284,8,123,2.2750785
3320,0.1155525791312894,290.3176511308303,8,68,3.002162
3321,0.1248702274220601,290.96235563133223,8,52,2.236946
3322,0.1104855113676967,289.8351502819139,8,70,5.9761243
3323,0.110756563095461,289.59187049834946,5,68,2.9409676
3324,0.1086846818290289,289.04970613264464,8,80,1.4740028
3325,0.1109270365797564,289.2481405198024,8,120,2.1791656
3326,0.1079334094547587,289.0728949244977,8,188,2.2896726
3327,0.1118965797124375,289.494763510656,8,71,2.1783693
3328,0.1121342797566033,289.6066608476981,8,69,2.285357
3329,0.1107037210480905,289.97620398131136,7,205,3.4153442
3330,0.1200521550005939,290.587424212893,8,69,0.0
3331,0.1122228811610419,289.7025190297576,8,68,5.76801
3332,0.1099985543059612,289.83738742892126,8,224,8.947786
3333,0.1221098909949625,290.8562652673769,4,47,2.9084375
3334,0.1233406420606953,290.83665871498766,8,56,4.3276887
3335,0.1251148049781706,291.0742919251675,8,46,2.7802885
3336,0.1188211030144236,290.51948336106784,6,59,2.1710901
3337,0.1130613137227983,290.16582508236297,8,65,0.92740995
3338,0.1145487754806546,290.241410917656,8,61,0.0
3339,0.1119455932357821,289.66616726972967,8,70,1.1425667
3340,0.1150148721971332,290.2857888494584,8,68,0.92740995
3341,0.1230347213603582,290.9365422311976,4,47,2.9053063
3342,0.1198094058173664,290.5742792927037,8,67,1.4605556
3343,0.117830552238711,290.4534588417731,8,64,2.7802885
3344,0.117684758397195,290.439538592379,8,64,0.0
3345,0.1119204499594416,289.73437855403216,8,74,1.1420093
3346,0.1256870605479104,291.09451091887445,7,47,1.4507977
3347,0.1222898770323855,290.7633420022664,8,49,0.92740995
3348,0.125468166141541,291.08702047175115,8,49,1.4509175
3349,0.1173202793687638,290.4200551882836,8,63,1.4631805
3350,0.1126432465589964,289.9581000247728,7,63,1.4698595
3351,0.1176001841485157,290.44666941081005,4,57,2.4452522
3352,0.1088977174099424,289.0126179127508,8,72,3.006638
3353,0.1095234016314635,289.0671483366955,7,77,1.4742316
3354,0.1079580250525717,289.1314799236898,8,221,4.4114876
3355,0.1184068289680353,290.48697648166785,8,57,2.17136
3356,0.1223822269079296,290.701542947529,8,50,1.4580984
3357,0.1243106191905737,291.1885192212394,5,45,0.0
3358,0.1119128234214584,290.0758324846439,8,68,0.0
3359,0.122988711132203,290.9691755802176,6,47,2.4207807
3360,0.1226057143075429,291.0584989411573,8,42,2.231851
3361,0.12441042173181,291.01162595514853,8,48,2.7802885
3362,0.118762671651433,290.4866190732024,8,57,1.4615866
3363,0.1159441405411096,290.34254405786976,3,62,2.2678216
3364,0.1182936265988111,290.480804126344,8,60,3.3884802
3365,0.1182311135126976,290.4788608499723,8,69,2.4431562
3366,0.1223041221155,290.87366175211423,8,47,0.0
3367,0.1245884546461374,291.1570621639596,8,42,0.92740995
3368,0.1258965717697705,291.1190199375979,8,50,0.0
3369,0.1193293075386068,290.52761004112534,8,66,1.4604003
3370,0.1230557742202618,290.9899948103364,8,46,0.92740995
3371,0.1179693320805641,290.4629660320645,8,72,0.0
3372,0.1218941825330127,290.7908838552464,7,50,1.4564997
3373,0.1150556869082339,290.2762512913448,8,65,2.9271374
3374,0.1097469074578748,289.10091969396444,5,77,2.4713416
3375,0.1127313745777306,289.9608306769105,7,66,0.0
3376,0.1227104299630978,291.0800060569595,8,45,4.822482
3377,0.1092774250063514,288.97034586914515,7,77,3.5591857
3378,0.1255218333168465,291.0205232389262,8,50,0.92740995
3379,0.1191088853836925,290.5250860506213,8,67,2.170113
3380,0.1137246132831363,290.1964843801006,7,74,3.0024118
3381,0.1225812972243567,291.420864631093,1,35,3.8024373
3382,0.1256634246053334,291.0627588956646,8,49,0.0
3383,0.1109191037032925,290.04710279139766,8,190,3.5912983
3384,0.1150376462208227,290.2871990240169,8,78,3.873968
3385,0.1258243264218613,291.08507468635884,8,49,0.0
3386,0.114491992478457,290.242762986831,8,66,2.4496138
3387,0.1137041938666819,290.2096474423837,8,68,0.92740995
3388,0.110286909899407,289.80460207106125,7,69,2.4616146
3389,0.1218711816258308,290.86726689129387,4,47,1.1212454
3390,0.1138201293812446,290.21054045981845,4,63,0.0
3391,0.1114533426843057,289.5806356817978,8,83,5.039228
3392,0.1225865150371024,291.0254770945214,8,43,1.4518135
3393,0.1257156885933714,291.135353470669,5,44,3.46703
3394,0.1209946648961022,290.6308389475512,8,53,0.0
3395,0.1179745337723817,290.47031774835733,4,57,1.4627268
3396,0.1253885678995534,291.10455240549385,8,44,2.8993044
3397,0.1202066939439267,290.57223190643805,8,68,1.4598361
3398,0.1122329003691499,289.6709359568656,7,69,2.2844164
3399,0.1260155268759198,291.11023229879527,8,49,1.4505224
3400,0.1168683372846538,290.3891101196396,8,58,1.1323253
3401,0.1112309090074541,289.23881524836645,8,139,1.8543341
3402,0.1181285589121539,290.4688419132661,8,62,2.1715467
3403,0.1231532419146934,291.20687025403095,8,39,1.1126728
3404,0.1231629379214867,291.0142094343872,4,43,2.9023073
3405,0.1106143775350184,289.903427989873,7,66,5.743378
3406,0.1126541434395865,289.88953499229024,7,64,2.1768892
3407,0.1220906358075513,290.8169412663537,8,51,2.9100215
3408,0.1242039466043231,290.88404466198654,5,57,1.1205704
3409,0.1241775217055446,291.2011068504239,5,42,1.113002
3410,0.1141819005591639,290.2377313148776,8,68,0.92740995
3411,0.111630884505818,289.2752804682977,8,74,2.2902515
3412,0.1109537846551449,289.2431338780829,8,109,3.0063348
3413,0.1228071219056292,291.0906235411493,8,39,5.547545
3414,0.1262596766700121,291.4383862817497,8,55,3.4486623
3415,0.1235241529713965,290.84631370211235,8,57,1.1217259
3416,0.1227007607911343,290.76861357847474,8,58,2.2452452
3417,0.1123928990321956,289.9302084165454,8,65,0.0
3418,0.1207646723055615,290.629976539905,8,61,2.9171448
3419,0.1154556140186993,290.3122952605411,4,63,3.5255919
3420,0.1221261245206153,291.1245587363745,5,36,1.4498124
3421,0.1228674748983354,290.76036834695293,8,55,0.0
3422,0.1080087421504413,289.16518251157146,8,253,3.8765821
3423,0.12200731116447,290.86964226022087,7,50,2.4254258
3424,0.1220425107493722,290.78342324245205,8,48,1.4566288
3425,0.1160298202860661,290.3438657817653,8,66,3.001827
3426,0.1205352426226664,290.6111181535952,8,58,2.1698303
3427,0.1197127284559088,290.5528879185904,8,52,2.9999983
3428,0.1227468196895703,290.8571955307109,8,45,1.455122
3429,0.1239602264873477,290.8641538320732,8,57,1.1210387
3430,0.1220447496653348,290.74643420910854,5,49,2.2479482
3431,0.1100979069834396,289.35209905860535,4,74,5.341179
3432,0.1095731912555864,289.5771815328731,8,100,3.0050805
3433,0.11562626053063,290.3227425560947,8,125,2.7802885
3434,0.1118442313520459,289.59852748077776,8,72,3.0054111
3435,0.1123269619823832,289.687459151989,7,70,1.8543341
3436,0.1229219419104677,290.97105343154345,7,46,2.996226
3437,0.1224498848220848,290.7092631698231,8,49,0.92740995
3438,0.1228732157229788,290.7929423594843,8,57,1.4563391
3439,0.1244331631151771,290.90924707023913,8,53,4.471734
3440,0.122375849858041,291.0953622271022,8,40,2.4147055
3441,0.1126748041585654,290.1516701254742,8,65,0.92740995
3442,0.1180731773837031,290.4501387027302,7,65,2.259276
3443,0.1108081270380742,290.0392050523193,8,173,3.5363991
3444,0.1229994678981385,290.80063678808733,8,52,1.1228642
3445,0.1203105071549535,290.5775642638213,8,55,0.0
3446,0.1136483507306231,290.20458084505145,8,74,2.7802885
3447,0.1169312477014483,290.4000233191862,8,72,1.1326022
3448,0.1212125473952665,290.5047092012015,4,54,2.2543905
3449,0.1116055885268911,289.70227020791737,8,76,0.92740995
3450,0.1115042512873236,290.07301010171943,8,158,2.933823
3451,0.1101157713365574,289.94625143211533,8,196,2.1759112
3452,0.1249797125183884,291.0851725041852,8,46,1.1160012
3453,0.1115086037781921,289.3103264884835,8,82,3.0062354
3454,0.1119874053902599,289.80427758851886,8,74,1.1414846
3455,0.1175871193982747,290.42978501011555,8,57,0.92740995
3456,0.126292819615533,291.1838031903038,7,45,0.92740995
3457,0.1126377827680335,290.1349313797893,8,115,2.2721553
3458,0.1087536548604459,289.4089931423119,8,78,1.1429136
3459,0.1239330220935945,290.8617768200667,8,58,1.1210904
3460,0.1156401212727597,290.3085965384537,7,64,1.1325098
3461,0.1084087554281679,289.21866842305195,8,163,6.488748
3462,0.1129771377714127,290.163456312724,8,78,0.0
3463,0.1199834630774789,290.570147819629,8,53,2.9998646
3464,0.1080835277443821,289.08583294856965,8,163,1.4735459
3465,0.1221899367857101,290.69451259363944,8,49,2.4334445
3466,0.1257546518880832,291.0555130908786,8,51,0.92740995
3467,0.1249166310275524,291.01899182102824,7,50,1.4521412
3468,0.1107648277295641,289.42807323505286,7,77,2.1783588
3469,0.11503644730114,290.2778196818564,8,65,3.585082
3470,0.1259352149663412,291.1135599340326,8,49,2.2300072
3471,0.1126322618987085,290.1282272980235,7,118,8.114045
3472,0.1090218249258009,289.45441408449204,8,138,10.341571
3473,0.1241528853050111,290.8842727727683,6,55,1.4544908
3474,0.1170654836796966,290.4100663097114,6,61,1.4636474
3475,0.1240775486922379,290.8777249976296,5,53,1.4546356
3476,0.1210997921896278,290.63177317944456,8,53,1.1269293
3477,0.1104082009108454,289.8680087103207,8,67,2.9374623
3478,0.1110816225429849,289.8976345838861,8,71,1.1403829
3479,0.1114963153668487,289.77889539336434,8,72,1.8543341
3480,0.1252402443839161,291.09021090814264,8,43,1.4508339
3481,0.1220170111112962,290.77714634396443,8,51,1.8543341
3482,0.1226529968407598,290.9611293353464,6,44,0.0
3483,0.1230878948643671,290.80170087006263,8,56,1.4561558
3484,0.123575971756091,290.83284560445514,8,59,1.45527
3485,0.1255241813114051,291.1468682436585,8,47,3.8184962
3486,0.1223962243776245,290.7044106891452,8,49,2.9142299
3487,0.1194313283092864,290.5496737181245,8,64,1.1290683
3488,0.1218507042330089,290.94291449750705,8,45,1.1192548
3489,0.1206077199869224,290.5984253682392,8,53,1.4598391
3490,0.1161663888516923,290.3488208633162,8,59,0.0
3491,0.1230720338066949,290.994114715028,8,47,0.92740995
3492,0.1178075637418057,290.4450652262335,8,75,1.129616
3493,0.1228457316371937,290.78413260675507,8,58,0.0
3494,0.1229318096228784,290.96996764565426,7,46,1.4529305
3495,0.1163776945720797,290.35340926940904,8,65,4.6112657
3496,0.1254223707333274,291.1080503381162,8,43,4.5483723
3497,0.1083811607149223,289.2933737928428,8,169,6.8914824
3498,0.1257385518945867,291.24025408484766,8,42,0.0
3499,0.1184339716878921,290.48600590649187,8,62,0.0
3500,0.1248791800671187,290.9731292517163,8,50,1.4529586
3501,0.1131831036904199,290.18168142722027,6,61,3.5889626
3502,0.1240194622490005,290.87070469392995,8,56,2.907563
3503,0.1083517414135491,289.2927029446074,8,129,2.9424586
3504,0.124292420351721,290.8940750637987,8,57,1.1203862
3505,0.1176265243981353,290.44848904328484,4,58,1.4631509
3506,0.1112710929270301,289.8000693948137,8,71,2.1769452
3507,0.1109411377174458,289.2854865769566,8,100,3.8986242
3508,0.1122087725754803,289.6441159032012,7,66,0.92740995
3509,0.1119204414837388,290.0292540734386,8,68,3.592403
3510,0.1144713949009054,290.2532840203148,8,63,0.92740995
3511,0.1245381649849194,291.02484411200953,8,46,1.1174282
3512,0.1184075930959659,290.4868247487884,8,57,2.1713579
3513,0.11740422579611,290.4308998459625,8,56,2.7802885
3514,0.1102800833522015,289.7725776862469,7,70,5.154696
3515,0.1231608803327642,291.21849142078304,8,37,2.1619937
3516,0.1240682635686736,291.17943756763844,7,41,1.4489977
3517,0.1226662218602856,291.01424393612695,5,43,3.5645013
3518,0.117918970540124,290.460329412759,8,102,0.92740995
3519,0.1220646371592826,290.800104628792,8,50,1.1230017
3520,0.1254675503135724,290.9977360696519,4,53,2.4196348
3521,0.117262622907816,290.40223519669087,8,62,1.1313503
3522,0.1108063512211238,289.3121213286356,8,111,3.4309287
3523,0.1126892745414359,290.023716859967,7,63,2.2791996
3524,0.1219077877724321,290.7929652388226,7,49,1.4564538
3525,0.1220194106075688,290.7471772461837,4,50,0.92740995
3526,0.1252476652549956,291.0768772555531,8,47,0.0
3527,0.114635380973677,290.2611379555638,4,61,1.4667249
3528,0.1235318463928929,291.1445243126553,1,38,1.4495995
3529,0.1110059351868899,289.2641681691998,8,98,2.2897851
3530,0.1136983887388565,290.20789273111006,8,71,0.92740995
3531,0.1230921756102885,290.7550750898247,8,62,0.92740995
3532,0.11151613518347,289.3174735971738,8,84,0.92740995
3533,0.1105868170846842,289.19863901794133,7,78,1.4738337
3534,0.1248997327120149,290.9344714237336,5,56,1.4535168
3535,0.1260018440576387,291.11336901873534,8,44,2.8990715
3536,0.1219299858379809,290.950056274192,4,45,1.1190753
3537,0.1193314523598904,290.5289692140951,8,56,2.4402254
3538,0.1231444319994379,290.7973240321704,8,58,3.5712981
3539,0.109445467069198,289.61700006898667,7,89,5.9933596
3540,0.1184590446464456,290.48579427772825,8,68,1.128829
3541,0.119630068823111,290.5694480777544,7,56,0.0
3542,0.1236972598431869,290.89118235942544,8,57,0.0
3543,0.1219035586492444,290.7489368844522,8,51,2.9128354
3544,0.1223418771258743,290.79261141213686,1,49,2.2454457
3545,0.1094863152109137,289.51261969374355,8,78,3.0052524
3546,0.1110511957148127,289.41896668474453,7,84,5.66286
3547,0.1159234891373679,290.32582664261065,8,63,2.924894
3548,0.1232793017718425,291.19992781469097,8,39,2.4100916
3549,0.1217506332639314,290.65592345164885,8,60,1.4585735
3550,0.1245607948297096,291.2372245944712,8,40,1.8543341
3551,0.1081685071342534,289.0160940303304,8,93,5.045038
3552,0.1237510726902577,290.84653763420187,8,56,0.0
3553,0.1218690280770567,290.9288477884045,8,49,1.4536892
3554,0.1124267096041272,289.7719063847971,7,67,3.4221911
3555,0.1105271385564138,289.4717059512971,8,70,1.8543341
3556,0.1200363970952293,290.568798673691,8,54,1.4603798
3557,0.1261916070232386,291.1506252494849,8,48,1.1145711
3558,0.1123036955464543,289.771658280803,8,64,4.4049606
3559,0.1151043297158711,290.29037880509134,5,64,0.0
3560,0.1196688565146973,290.53368224719264,7,65,2.4394815
3561,0.1220963568956201,290.7873270654824,8,53,2.245795
3562,0.1223010060873012,290.76409551064035,8,48,4.580995
3563,0.1120107814404394,289.7119537735818,8,66,0.0
3564,0.121904794929897,290.9740383668045,4,43,1.8543341
3565,0.1194026640395794,290.5177102906429,8,67,1.8543341
3566,0.1127549535110051,290.1318222569819,8,63,0.92740995
3567,0.1095266105340656,289.1105250256765,4,73,1.1458331
3568,0.1236643832242582,290.8398120799647,8,59,1.8543341
3569,0.1188087575715757,290.5043813705488,8,69,0.0
3570,0.1224320627780203,290.72327969819645,8,48,1.1248443
3571,0.1124579151267206,290.05366314812005,8,105,6.848263
3572,0.1244708501023321,291.1583905277644,4,40,3.8173118
3573,0.1124202666850418,290.032548646069,8,114,3.539095
3574,0.1113514232397825,289.6315017792529,8,77,3.0052238
3575,0.1221844887907851,290.92491420960386,6,43,0.92740995
3576,0.1223247961910551,290.77148197972247,7,52,5.271868
3577,0.1239845389704295,290.8702078131288,8,57,1.8543341
3578,0.1105089771552352,289.131255878451,8,77,2.9465075
3579,0.1089110735846686,289.32740336206786,8,118,13.473551
3580,0.1225211155971649,290.7585765046281,8,49,1.457034
3581,0.1221983518946567,290.6986891785256,8,52,2.4333198
3582,0.1224714207792369,290.9934101134568,7,47,1.4524385
3583,0.1254513140393397,291.0851960608068,8,48,1.1160663
3584,0.1244640239825794,290.89942250062467,2,58,2.1659987
3585,0.1220107252998335,290.7203659590648,8,50,1.1251026
3586,0.1123486543800706,289.7328462702966,7,68,2.7802885
3587,0.1212073840126996,290.64751062969094,8,54,1.8543341
3588,0.1126781889770662,289.91399880425934,7,66,0.92740995
3589,0.1202137205529392,290.5748777360638,8,64,1.4597545
3590,0.1194232534276373,290.5540400152063,5,57,2.4400077
3591,0.1136381154280918,290.2033002343024,8,81,1.4674608
3592,0.1138840589465703,290.218640361449,8,74,1.1369776
3593,0.110578062656206,290.0034675467659,8,195,0.92740995
3594,0.1240591845352891,290.91423952595386,8,55,1.4540485
3595,0.1121452711848718,289.6221575741024,8,67,1.471772
3596,0.1224788793686489,291.21809138526146,8,35,3.4594839
3597,0.1175924532912253,290.43279032810915,8,63,3.862733
3598,0.11423601334963,290.23958273544184,8,75,1.1364738
3599,0.1254677914858043,291.1202190442225,8,44,0.92740995
3600,0.1186323753409746,290.48304304899824,8,69,2.4405417
3601,0.12476143403651,290.9219136087514,1,59,1.8543341
3602,0.1259189248794983,291.1690022236927,8,44,1.4494337
3603,0.1129500664730122,290.16940729813496,7,65,2.1747344
3604,0.1218667735655787,290.8259555922888,6,49,1.455781
3605,0.1222380545945318,290.75342156821523,8,51,2.2474706
3606,0.115287121363291,290.28775414423933,4,55,1.1331223
3607,0.1074140460839805,288.932260011182,8,164,3.4344432
3608,0.1235463539482945,291.076650898568,8,45,1.4509119
3609,0.1227656114085967,290.95478449985484,4,43,1.4532177
3610,0.1104498987160059,289.2762427913115,8,74,2.7802885
3611,0.121231021975448,290.6207790403459,8,61,2.1695209
3612,0.1210875498471523,290.63574781589665,4,61,1.4586895
3613,0.1228632063207902,291.20461972057683,8,39,1.4483458
3614,0.1201243717502305,290.5776404602418,8,54,2.7802885
3615,0.1178960884173955,290.4641477599303,7,58,1.1314193
3616,0.1098289572843127,289.1347428370621,5,77,1.8543341
3617,0.116652189631039,290.38307215962544,8,69,1.4639899
3618,0.1219211088015958,290.83325105026705,8,54,1.4556296
3619,0.1130766829145216,290.1743657712525,7,61,0.92740995
3620,0.1087463129936833,289.08356277597767,8,77,2.9456882
3621,0.1219245976753654,290.947321642199,7,47,4.5625415
3622,0.1219151432011458,290.76711514864303,8,52,1.4569823
3623,0.1224418423424472,291.1086359153712,8,41,0.92740995
3624,0.1222647246637004,290.9124718013019,7,46,1.4540315
3625,0.1127819569755681,289.99788005783427,7,63,1.46966
3626,0.1246744485132078,291.2384938708389,7,42,1.112162
3627,0.1113860989958981,289.1793331909729,8,108,2.4717524
3628,0.1210505353162925,290.6148856544072,8,66,2.1694562
3629,0.1103821959200539,289.3588775898561,8,72,2.4681036
3630,0.1103571362171028,289.1296177450224,8,76,2.4714983
3631,0.1142868384595562,290.2308940769008,7,66,2.1734571
3632,0.118804163787337,290.51719048639166,4,57,3.0004823
3633,0.1177103863733142,290.44209868273765,8,60,2.44426
3634,0.1222749894350224,290.862445364063,8,46,1.4550279
3635,0.1219784535930942,290.837187419839,8,49,1.4555467
3636,0.1227200155165821,290.8739779169631,4,45,0.92740995
3637,0.1228113808073724,291.1607102445717,5,40,5.697203
3638,0.1221421490539494,290.69360744390565,8,52,1.4582634
3639,0.1094529608626641,289.56621702666854,8,94,3.005091
3640,0.1196860526266594,290.5640201099998,8,66,1.1287112
3641,0.1129446594725481,290.1515098097436,8,93,1.1361072
3642,0.1230261311635152,290.7380178824717,8,63,0.92740995
3643,0.1123199079390834,290.1099186924222,8,142,2.4541361
3644,0.116270964765592,290.356629808214,8,67,3.5841584
3645,0.1182932846818853,290.4825990118875,8,69,1.4622297
3646,0.123318926520838,291.1131936172421,1,41,0.0
3647,0.1195698167195997,290.5553474684892,8,61,0.0
3648,0.1107316267302183,290.01775070867143,8,153,3.53582
3649,0.1230769815294334,291.1005050462471,1,40,1.4503975
3650,0.1249648168449903,291.03299149795515,3,47,1.4518834
3651,0.1238216817275244,290.85280245707884,8,58,0.0
3652,0.1119721317888837,289.83222324200744,8,75,1.4704099
3653,0.111058211904687,289.3000648181925,8,113,6.511902
3654,0.1256559686265315,291.18360883029754,1,42,0.92740995
3655,0.1096058195200908,289.6488903041212,8,84,5.6623583
3656,0.1118516532687968,290.09848333508734,8,173,0.92740995
3657,0.1085073313477157,289.1131613866009,8,105,6.9014063
3658,0.1234541366113752,290.81624344509714,8,59,1.455861
3659,0.1256717343448858,291.1299197632505,7,44,2.8984177
3660,0.1199961955341529,290.59705541366645,7,57,4.867934
3661,0.1208632073930781,290.615553739232,8,56,2.1696754
3662,0.110769886155579,289.237676384731,8,134,3.0063164
3663,0.1231706468495976,290.7844988546925,7,55,0.0
3664,0.1116922530988794,290.09835719388815,7,67,2.2768288
3665,0.1259031433171641,291.240911355801,8,41,0.92740995
3666,0.1190780028185005,290.5057399100423,8,68,5.0110536
3667,0.1127016005551818,289.97039730362155,7,64,1.1404778
3668,0.1181611134711063,290.4740656009453,8,67,1.4623686
3669,0.1222650839121677,290.7056900327534,8,56,0.92740995
3670,0.116773493759385,290.3933671179943,4,60,1.4640526
3671,0.1101653655894305,289.4968165709463,7,73,3.876189
3672,0.1206720780531743,290.62478548264613,8,64,4.6273675
3673,0.1120986110282885,289.8919571849372,8,75,1.8543341
3674,0.1113933442679502,290.08315705980056,8,64,2.1757958
3675,0.1160263705202526,290.3318819975049,8,62,2.4458487
3676,0.1095285397989722,289.5822133442313,8,95,1.4710851
3677,0.1232602979850297,291.0303092362057,8,46,2.4179814
3678,0.1174156390820229,290.4311375231828,8,62,0.92740995
3679,0.1094637092679833,289.4586139470176,8,73,2.2851894
3680,0.1139522920968934,290.2245034404148,8,63,2.1740727
3681,0.1223277785166663,290.7145901435542,8,54,3.4964702
3682,0.1195433957022641,290.5474287697717,8,54,2.439713
3683,0.124587490859766,291.1628189698392,8,42,0.92740995
3684,0.1112874841046004,290.0536329137274,7,92,10.222331
3685,0.1203041925668757,290.5991236489045,8,61,1.1278585
3686,0.1224691281253307,290.7980076754856,1,46,0.92740995
3687,0.1115002552472491,289.7860108976292,8,75,1.470533
3688,0.1230510331788325,290.9281441620584,8,38,1.1162512
3689,0.1229780150535026,291.2153514643176,8,39,1.1124262
3690,0.1240533879554656,290.8735219921159,8,55,1.4546527
3691,0.1191792336343688,290.5262358014242,8,58,1.4612335
3692,0.1221206815131734,290.79077342941974,8,49,3.5716891
3693,0.1218958314249773,290.8992961438295,8,49,1.4542865
3694,0.1208223383822787,290.6113072536321,8,50,0.92740995
3695,0.1260224046489407,291.1752659468692,7,44,1.4493287
3696,0.1239347251298177,290.9533962308014,8,57,3.8304138
3697,0.1111332530984444,289.9464827829995,8,72,1.140031
3698,0.1122292880313264,289.6620941522276,7,67,0.0
3699,0.1120198995093727,289.8592934101023,8,74,1.4702591
3700,0.1219842254926541,290.7828938985385,7,50,1.4566488
3701,0.1185624845487319,290.4891280173477,8,61,2.171209
3702,0.1122513468743881,289.7325405941618,8,65,3.4229052
3703,0.1222799685617709,290.7584180828309,8,48,3.3686347
3704,0.1250120466784165,290.9806991113388,8,51,0.0
3705,0.1182198264453151,290.47769281894864,8,67,0.92740995
3706,0.1122428115914145,290.1287941310484,8,62,4.6273675
3707,0.1230001535338822,290.94576066133635,8,47,1.4534068
3708,0.1228233719975929,290.71413739331075,8,64,2.913555
3709,0.1156724238631295,290.31228329814985,8,60,1.1330028
3710,0.1113499245915228,289.5352432728856,8,122,2.7802885
3711,0.1252412667696742,290.9829575305524,8,53,0.0
3712,0.1082342216608252,289.25356668342465,8,158,4.765447
3713,0.1225934488310476,290.7452448805675,8,57,1.8543341
3714,0.1122045066020972,290.1278944445934,8,64,5.320292
3715,0.1170604819921045,290.3910065219964,8,64,2.4448054
3716,0.1152812482011198,290.2887323977746,8,63,1.8543341
3717,0.1254844694926705,291.24540238705896,7,42,1.4479344
3718,0.1222862929045444,291.09961440031844,8,41,0.92740995
3719,0.1082195828324135,289.2478988024291,8,160,2.2867866
3720,0.1181437645107927,290.46858393947275,8,62,2.922746
3721,0.1220975596352369,290.72781774922663,8,49,2.168436
3722,0.122000599348169,290.732492481563,5,50,2.9134512
3723,0.1177271807356214,290.44995457660434,8,61,1.1315496
3724,0.1113863613981004,289.30068902380776,8,103,0.92740995
3725,0.1222877670022924,290.73957853413094,8,59,1.8543341
3726,0.1221548450849522,290.71002224588034,4,50,2.1686532
3727,0.1260500548637252,291.1374958871079,8,47,0.92740995
3728,0.1150111486511152,290.2825223386186,8,58,1.1344016
3729,0.1186517740578674,290.49929439214765,8,60,1.1301383
3730,0.1219747435768753,290.8389704193018,8,52,0.92740995
3731,0.1180377826819429,290.461220595484,8,61,2.4434462
3732,0.1218523843236993,290.91687896717445,8,47,1.4539295
3733,0.1148756088455902,290.27774429837586,8,68,0.0
3734,0.1233774997231932,291.1547335836297,1,40,2.7802885
3735,0.1109160591236995,289.3908405199105,8,101,1.4727535
3736,0.1180105950439838,290.45296077879624,8,73,1.1296542
3737,0.1275547494392112,291.22532140439546,8,61,0.0
3738,0.1267981845349461,291.11435759788594,8,59,0.0
3739,0.1220156619253105,290.68557133706184,8,50,2.1688848
3740,0.1190308953481354,290.5070852092585,8,68,0.0
3741,0.126056892145183,291.16476586959567,8,44,1.4495304
3742,0.1221530202947746,290.6944991128366,8,52,0.92740995
3743,0.1253447381686642,291.09999301872955,8,47,0.92740995
3744,0.1225767110640713,290.934518627266,7,46,3.8693454
3745,0.1200917741253819,290.564323096624,8,52,5.009522
3746,0.1229857659156369,290.7616103526143,8,58,0.0
3747,0.1075062657167579,288.98434741773053,8,194,13.193856
3748,0.1097124257627101,289.7898423670978,8,270,2.4607286
3749,0.1170085034243248,290.40471340312627,8,70,0.92740995
3750,0.1238833569228381,291.1311924872334,8,44,1.4499011
3751,0.1082450270719589,289.2436239747452,8,172,4.7654757
3752,0.1141554879132986,290.23520556008725,8,69,3.529287
3753,0.1221630234298465,290.709178861874,8,60,1.8543341
3754,0.1224569687791579,291.0523527409374,5,48,5.657409
3755,0.1140581958384285,290.2296893061823,8,65,0.0
3756,0.1229540310215049,290.7764028976557,8,56,1.1234481
3757,0.1201752913885974,290.5842761178013,8,52,3.380754
3758,0.1220631907886177,290.695601131694,8,55,0.0
3759,0.1226995139042778,290.91437584656,8,46,1.8543341
3760,0.1136758020186535,290.209360559631,7,60,2.174282
3761,0.1162288906777353,290.35459890264366,8,65,1.1332535
3762,0.1162005907018165,290.3483066174928,5,56,4.523121
3763,0.117595805298853,290.4435869234744,7,57,0.92740995
3764,0.1231258835893596,291.18173940965016,8,38,1.4488269
3765,0.1188241054686697,290.5039338071898,8,65,4.3742733
3766,0.1202705254425966,290.60095408239715,8,67,0.92740995
3767,0.1223775450715262,291.12986096575554,8,42,0.92740995
3768,0.1201006339690159,290.5825191098889,8,55,1.1281691
3769,0.1110058823794712,289.4650731192796,8,89,5.7005196
3770,0.1229168544618447,291.22066705746687,8,37,2.8942351
3771,0.1125443003253819,290.10781888727377,8,114,5.678785
3772,0.1184068967859928,290.48834421399147,8,68,3.5121136
3773,0.1123584212811877,289.8821220729926,8,67,2.4621058
3774,0.1255072885925996,291.1447632277291,8,47,2.1631446
3775,0.1225010048892553,290.7349185245992,8,50,2.1682675
3776,0.1209987523681711,290.62438144172023,8,55,1.4594308
3777,0.1223914056822206,290.6797976685179,8,61,2.250402
3778,0.1220763023495389,290.83996849590534,5,50,1.455484
3779,0.1220823021283348,291.199748226695,8,34,2.4096959
3780,0.1227389504258932,290.85027692339486,8,42,3.829437
3781,0.1091579129615433,289.4827240718385,8,103,2.4652178
3782,0.1192161353819304,290.52084969131056,8,58,1.4611835
3783,0.1227025239902491,291.08285323001445,8,44,2.9951591
3784,0.1210655834858742,290.6263892087215,8,54,1.1270086
3785,0.1143027873675302,290.2428440424559,8,102,4.6273675
3786,0.1224208206774327,290.6870681039887,8,59,2.4334931
3787,0.1244906915320586,290.9016547128519,1,56,0.92740995
3788,0.1097714526810992,289.1917374558537,5,74,2.4700143
3789,0.1190775101812088,290.503503580671,8,56,1.1294905
3790,0.1126643457419646,289.90987022155207,7,64,1.4701637
3791,0.1178882710578947,290.4636342080615,7,62,1.4627979
3792,0.1129712803894774,290.17058207934934,7,61,1.1369463
3793,0.1222043629278708,291.13406709218293,8,37,2.4128306
3794,0.1179769358043027,290.46309205831346,8,66,0.92740995
3795,0.1233959750480159,290.8066665292924,8,60,0.92740995
3796,0.1232597059837427,290.7701806539395,8,61,2.4297726
3797,0.1179798095503621,290.44428991078456,8,58,1.4623066
3798,0.1112180252902788,290.0151355110573,8,65,1.4690843
3799,0.1253873497447696,291.11801563143564,8,42,1.450328
3800,0.109910167242112,289.5384199639002,7,69,0.0
3801,0.1248809468893093,291.06802297823003,5,46,0.0
3802,0.1155662817088174,290.3163798242815,8,56,3.52236
3803,0.1219552476831541,290.68218703673125,8,52,3.373964
3804,0.1217214283003891,290.64455470796383,8,61,1.4589305
3805,0.1109998811346712,289.27145124287296,8,97,3.5994637
3806,0.1252368755029893,291.0814251105611,8,46,1.4509982
3807,0.1093445671019697,289.59530795903595,8,84,5.547545
3808,0.1229414945644338,290.97587285421787,7,46,0.92740995
3809,0.1123787416694525,289.83574157914967,7,66,1.4705268
3810,0.1175990326946105,290.4359917785386,8,64,3.0010612
3811,0.1150481705254735,290.2864764536989,8,60,3.4003959
3812,0.1110952091893016,290.03013482793847,8,70,4.636353
3813,0.115446004194241,290.31055373745664,8,64,0.0
3814,0.1126505667860037,290.14441210804466,8,68,0.92740995
3815,0.1177964382748653,290.163493853523,5,64,2.4516578
3816,0.1246427500298721,291.06048041408025,5,45,0.92740995
3817,0.1164673651197143,290.3742931089401,8,60,2.926851
3818,0.1150377833843911,290.2756875482677,8,63,0.0
3819,0.1168767523216444,290.38120448050404,8,64,0.92740995
3820,0.1108632671800639,289.38855078066456,7,119,1.4727504
3821,0.1218926139584859,290.6825710795089,8,55,4.588588
3822,0.1171269414475361,290.40481639032055,8,61,2.172157
3823,0.1102965042730431,289.8611385087665,8,70,2.9374745
3824,0.1113491964416714,290.07060939776443,8,181,5.9908013
3825,0.1208410163771702,290.6122114250002,8,52,2.2537413
3826,0.1197339081664632,290.5576619200093,8,55,2.1704082
3827,0.1208144407637097,290.636817389546,8,69,1.459428
3828,0.1248786813990271,291.07646153291057,8,49,4.456373
3829,0.1115381111192339,289.7846662642915,8,73,0.0
3830,0.1219171412490412,290.7858410928402,7,51,1.4566001
3831,0.1252902841653198,291.06208806885206,8,48,1.8543341
3832,0.1240261733296303,291.0179935645781,8,48,0.0
3833,0.1145593437438368,290.2593283142315,8,64,2.9300542
3834,0.1254603490879208,291.099220463486,8,47,2.9951537
3835,0.1079957439684417,289.09821536073144,8,184,4.663681
3836,0.1105958934891837,289.9683819468553,7,146,3.8751893
3837,0.1224122721108586,291.0047313100699,8,43,1.1177014
3838,0.1123694160801547,290.1383867730757,7,66,3.589382
3839,0.1171874300034772,290.4151554467688,8,65,3.8647256
3840,0.1253641060309056,291.0940701988061,8,46,1.4507755
3841,0.1137515904185678,290.213555195985,8,60,0.92740995
3842,0.1101383665739154,289.22659984489707,8,75,2.9450078
3843,0.1175777129773508,290.44141872278857,8,60,0.92740995
3844,0.1103541084832513,289.9895645686525,8,183,2.2773242
3845,0.1237990900282158,290.89182890199777,8,59,1.8543341
3846,0.1138823862003329,290.21853424455776,8,73,1.1369815
3847,0.1161426315228868,290.3545913089996,8,60,0.0
3848,0.1221515841908626,290.74149975498057,8,51,2.4315429
3849,0.1104123147552118,289.9557386525547,8,195,3.8839033
3850,0.124664229088769,290.91985289667866,8,55,0.0
3851,0.1248836135750283,290.9594583210675,8,52,1.1189544
3852,0.1222855407482731,290.7926743297265,8,50,1.4564136
3853,0.1275525206676394,291.22531138070127,8,60,2.4102168
3854,0.1158217699039853,290.3339576561812,8,76,2.2674582
3855,0.1111950382771621,289.2991124650018,8,118,2.4697537
3856,0.1122373891845618,290.1239401885149,8,69,0.92740995
3857,0.1249064215378579,290.9806802643337,8,50,1.4528291
3858,0.1182893267326807,290.4862671868215,5,56,0.0
3859,0.1257099523151162,291.095731142096,7,48,0.92740995
3860,0.1234297752002861,291.2262778187889,4,34,0.92740995
3861,0.1125476062665434,290.1363727023147,7,85,2.1746507
3862,0.1199856342289306,290.5845498213473,8,63,0.92740995
3863,0.1136923259555758,290.1888368554198,7,70,4.530533
3864,0.1105657300079744,289.99959507524534,8,196,3.8832717
3865,0.112516873635285,289.88784188936563,8,66,0.0
3866,0.1148751082940075,290.2772734809636,8,67,0.0
3867,0.1220178078210732,290.83435262308365,8,54,0.92740995
3868,0.1258257196797996,291.1114404598028,8,47,0.92740995
3869,0.1084410963095197,289.30996419914607,8,150,6.8507376
3870,0.1273000472760944,291.1581031907778,8,58,4.758551
3871,0.1255390379545574,291.1383970458226,8,45,0.0
3872,0.1253418988830258,291.0367325858903,8,49,0.0
3873,0.1088126554712859,289.3970645074993,8,90,2.9417713
3874,0.1226845613378642,290.7165053029002,8,60,2.2485306
3875,0.1231381541533274,290.77333654317533,8,56,1.4565369
3876,0.1088066922828018,289.37969689984686,8,127,2.17804
3877,0.1127807924137181,290.1394644832582,8,62,1.4688001
3878,0.114223528748954,290.2317407866198,8,65,0.0
3879,0.1229012285061537,291.10718316518364,4,38,1.8543341
3880,0.1129829850507258,290.16964627000885,7,62,2.453804
3881,0.1119450547043473,290.0800567314998,8,69,3.7047918
3882,0.1099749024395295,289.3156535412334,4,74,1.4728594
3883,0.1214621811478213,290.708054877688,8,66,1.1240706
3884,0.1121229767062261,289.6798828244359,7,67,0.92740995
3885,0.1180875269124725,290.4699767972422,8,70,1.4624544
3886,0.1146964288442979,290.2671226648976,5,62,7.463793
3887,0.1157703580380275,290.3171088449644,7,73,3.8644032
3888,0.1221145722993401,290.8124229903213,8,49,1.4560384
3889,0.116979034293071,290.3973137433958,8,60,3.8648064
3890,0.1123599190357989,290.10185625159244,5,70,2.9358795
3891,0.1231586137162565,291.0581031473925,2,44,2.900605
3892,0.1211476052267263,290.64313792679843,4,60,1.4585415
3893,0.1121249699206511,290.1162905370789,8,185,0.0
3894,0.1104594477045901,289.2599267181213,8,73,1.473396
3895,0.1255680760162583,291.1201082302145,8,45,0.92740995
3896,0.1091798908007832,289.4945292041715,8,98,1.1426185
3897,0.1187962601554425,290.5179258170151,7,56,3.3865504
3898,0.1214091326333882,290.6533944905785,8,57,2.7802885
3899,0.1223422221475297,290.7332794256393,8,55,1.4575496
3900,0.1130025595489655,290.1605178007326,5,61,0.0
3901,0.1119321880000175,290.11193015816275,7,64,0.92740995
3902,0.1130490468467318,290.1730443427068,6,63,3.5321288
3903,0.1222614289037306,291.163795900993,8,37,1.4490584
3904,0.125144128509485,291.0073395019425,7,52,2.7802885
3905,0.11186978112558,289.50412377121745,8,69,0.92740995
3906,0.1220889497122994,290.79443865970364,8,50,3.840922
3907,0.119727070966449,290.56812992649816,8,66,1.4606493
3908,0.1252989646260876,290.9893241257926,8,53,2.165013
3909,0.1225033873818552,290.97918479189,2,43,1.4527194
3910,0.123785644780384,290.89108300201394,8,59,1.4544737
3911,0.1152307173800017,290.29884118940225,8,75,2.2692082
3912,0.1158697630738035,290.3233834073994,8,55,2.4467587
3913,0.1075958859415707,288.9667970322946,8,201,1.8543341
3914,0.1254864892431324,291.0612434267211,8,50,1.1166393
3915,0.1103413001887802,289.8629649750344,8,71,2.7802885
3916,0.1125957590684263,290.14469847417536,8,68,3.7047918
3917,0.1127387830009279,289.96025567361056,7,63,1.1405728
3918,0.1092321526243377,289.05369183283955,9,74,2.1795294
3919,0.1104641072392082,289.8899904100686,7,85,3.0043263
3920,0.1246908688580815,290.9316746207536,8,52,1.4536299
3921,0.1124134598288339,290.1326386745043,8,68,3.7047918
3922,0.118425661572742,290.4863931048197,8,66,1.4620407
3923,0.1128831409859376,290.1634510424238,8,62,1.1377056
3924,0.1220079035191581,290.7936984799903,7,51,2.7802885
3925,0.1178084269284403,290.4384707485187,8,70,0.92740995
3926,0.1223300044814862,290.7159167001611,8,53,1.1250614
3927,0.1168914325714415,290.39660107115736,8,64,1.8543341
3928,0.1200220958062766,290.5806043895638,8,60,2.9998305
3929,0.1107433003048894,289.5282278429878,8,72,0.0
3930,0.1255228974803533,290.9816278611324,8,56,1.4527166
3931,0.1119207261008674,289.43567432484554,8,73,3.5983598
3932,0.1259873730189135,291.2412536610285,8,44,2.4091096
3933,0.112764308634532,289.97902851700826,8,64,1.4697706
3934,0.1198715589613177,290.55503649805195,5,55,2.7802885
3935,0.1255701019777449,291.11854219951954,8,46,0.0
3936,0.1160363335326407,290.3332425324365,8,74,2.172087
3937,0.1164219068661984,290.357819135042,8,75,2.261796
3938,0.1174997039371026,290.4358647025789,8,58,2.262861
3939,0.1100788106125261,289.8314413501727,7,221,6.504571
3940,0.1230372878761816,291.0610722954286,2,41,3.7047918
3941,0.1182232067360566,290.4811544815781,5,60,2.2608173
3942,0.1172250750841891,290.4170928125108,8,66,2.9248228
3943,0.1224747939066041,290.7779169071364,7,45,1.4566747
3944,0.1211545494954273,290.6524546570537,8,64,1.4591019
3945,0.1102761057932439,289.4359718772934,7,72,1.4722341
3946,0.1121169136069237,290.1154102035444,8,181,3.8745325
3947,0.1263345806316853,291.20340557792633,8,45,0.0
3948,0.1202076194907347,290.5712024355887,8,65,1.8543341
3949,0.1190222708326782,290.529323084092,5,54,0.92740995
3950,0.1093428879147987,289.6665329711384,8,262,1.8543341
3951,0.1173109167066829,290.4165360608544,8,60,0.92740995
3952,0.1247120607570117,291.0582610806978,7,46,0.0
3953,0.1105611972059847,289.99243610665485,7,183,7.2967753
3954,0.113324865844104,290.1851536596549,8,72,1.467743
3955,0.1220974582543449,290.8560057557255,7,48,1.8543341
3956,0.1090430131875945,289.5251767865055,8,104,12.142921
3957,0.1256183548020296,291.11955033322056,8,45,0.92740995
3958,0.1230156063722506,290.739452057612,8,63,2.998342
3959,0.1091512837981824,289.3077335291982,8,103,1.1440771
3960,0.1271276927761174,291.16197995754703,8,57,1.4496465
3961,0.1179808375286765,290.46072004868734,8,66,2.2612681
3962,0.1220641324490554,290.6992042351083,8,57,0.92740995
3963,0.1224047391442416,290.7668821834724,7,48,1.456896
3964,0.1083147212117441,289.1287107339457,8,162,3.5540998
3965,0.1288344984186678,291.26512340689817,8,63,2.4087675
3966,0.1250372621209993,291.074881195424,6,47,1.4511013
3967,0.1221071180029591,290.72666086377257,8,50,1.124893
3968,0.1264686747043819,291.4027645995324,8,55,2.4033725
3969,0.1219139225786595,290.84726569108824,8,52,1.8543341
3970,0.12317676579535,291.16071052611835,4,38,1.4492404
3971,0.1142940687964439,290.2430900716434,8,73,1.1363763
3972,0.1221509481545217,290.74093924808426,8,52,1.8543341
3973,0.1115487147438355,290.06357673364346,8,66,1.1393089
3974,0.11258912252252,289.8647563859289,7,64,2.7802885
3975,0.1255645206621082,291.0295480958692,6,50,1.1173518
3976,0.1183326950281713,290.4791179896074,8,72,2.1705384
3977,0.1254981606393596,291.012460003874,8,51,1.4522308
3978,0.112770372566253,289.96966813283416,7,63,1.469832
3979,0.1120367222889996,290.09727854057394,8,69,1.4688367
3980,0.1247524246010381,290.93854421242366,8,53,0.0
3981,0.1125688009827909,290.1395497774054,8,81,2.45436
3982,0.1116538595197366,289.5920467608421,8,95,5.039236
3983,0.1110534582375563,289.36606946288003,8,91,5.7511353
3984,0.1188155954448675,290.5023428091774,8,64,1.1286657
3985,0.1151484835355059,290.29382003671026,8,64,1.4655704
3986,0.1223223500787053,291.16708395290874,8,40,3.8676271
3987,0.1223942014516078,290.9588132666361,4,43,2.1653414
3988,0.1243594288449505,291.16857883794586,8,44,2.226848
3989,0.1197568842492295,290.55995527461147,8,55,0.92740995
3990,0.1113227007522041,289.28854648750786,8,105,3.8990788
3991,0.123154538246011,290.76567973898034,8,61,1.123571
3992,0.1197846698673484,290.57137740373025,8,65,2.9192739
3993,0.1112638533391472,289.8574936122186,7,69,1.4700254
3994,0.1243652903979229,290.90017803705064,8,55,1.1202427
3995,0.125793026696245,291.0346063890304,8,51,0.92740995
3996,0.1216808496684019,290.64719446509696,8,63,1.4589218
3997,0.1175829660333171,290.4454986384602,8,72,1.1291367
3998,0.1222599055663793,290.85511030577834,8,49,1.8543341
3999,0.1196615469666,290.53865058329154,8,64,1.4604237
4000,0.1203603130495625,290.5921302286461,8,66,4.5930295
4001,0.118510796410514,290.48014243347933,8,61,3.5112545
4002,0.1191583448924458,290.5155299691552,8,65,1.1286354
4003,0.1219215294137927,290.8832782555489,7,48,3.568672
4004,0.1175367814041617,290.44242128941835,4,58,1.1320063
4005,0.1125913649180313,290.1096093698951,8,101,4.3990774
4006,0.1089086397793563,289.2382248637047,8,114,5.0422387
4007,0.1176555081139394,290.4461264373195,8,60,2.9240642
4008,0.1080995062301023,289.1881892316727,8,213,8.167386
4009,0.1241566269341446,291.15560567808075,8,41,1.4494641
4010,0.1257260951768866,291.01879160658046,8,51,0.0
4011,0.1219566089149609,290.6637001583607,8,62,2.4344501
4012,0.1174197387847248,290.4201298991471,7,67,0.92740995
4013,0.1141283176532756,290.23464582505744,7,59,2.1740992
4014,0.1261809419012556,291.1777621570701,8,47,2.2269986
4015,0.1121942732492286,289.6021066146078,7,69,2.7802885
4016,0.1088066983148157,289.21553923055154,8,140,2.944117
4017,0.1141100143333854,290.233485874562,8,58,1.1356672
4018,0.1184214751472307,290.48509230974685,8,65,5.013885
4019,0.1174911405810415,290.43699818134513,7,55,2.2630222
4020,0.1103783593922751,289.812571171577,7,65,2.2805824
4021,0.1095850590908876,289.7520166053496,8,254,5.3287106
4022,0.1256222839941334,291.0254645559482,8,51,1.4520038
4023,0.1094661184385204,289.0527892443535,6,80,2.1795971
4024,0.115278791707512,290.29688403907136,8,57,1.4648175
4025,0.1257232676165984,291.0317490572818,8,50,1.8543341
4026,0.1114342398922326,289.93921715932174,8,69,1.1402049
4027,0.12375628985471,290.84698258814444,7,57,1.4550365
4028,0.1233199558982521,290.81218127731177,8,57,0.92740995
4029,0.1228078710438392,290.7261905272259,8,58,5.6804957
4030,0.1187875447082714,290.4984946246131,8,56,0.92740995
4031,0.1252479424012792,291.1881650326154,4,41,1.4489866
4032,0.1099178528559003,289.1215809027714,6,76,1.145946
4033,0.1252068075067205,291.0775204685611,8,46,2.4162738
4034,0.116064371382282,290.34533818193074,5,59,3.001792
4035,0.1136263648345982,290.2057570594719,8,65,3.7047918
4036,0.1085423264438551,289.10205833750905,8,106,1.8543341
4037,0.1149450341548091,290.2683852896191,8,63,2.4484627
4038,0.1118340205232747,289.37032319207907,8,74,0.92740995
4039,0.1254361412383038,291.09807502150073,8,50,0.92740995
4040,0.1226991736669471,290.92529372466544,2,40,1.1197612
4041,0.1200194249150065,290.598079005999,8,57,2.2554488
4042,0.112103551731138,289.69174764759657,8,66,3.5464885
4043,0.1142516574144985,290.2415581266322,8,67,3.5877619
4044,0.1197543923366313,290.5680502994095,8,64,2.7802885
4045,0.1253580977529452,291.0805022806711,8,48,1.4510288
4046,0.1221202339070993,290.7605065223419,5,49,4.5815177
4047,0.1175066151822191,290.4193285351012,8,63,1.1305315
4048,0.125930659649645,291.0482688770267,8,52,1.1169189
4049,0.1234795121458462,291.04422204401595,8,42,6.6480184
4050,0.1229618745126755,290.81715319155944,8,55,3.8701947
4051,0.1157172947676527,290.3134528455208,8,63,1.8543341
4052,0.1258213973417242,291.0702101395797,8,50,0.92740995
4053,0.1128337928659615,290.1596472640307,8,68,0.0
4054,0.1222742464397338,290.8796207045882,5,52,3.484436
4055,0.1223729330513059,290.76012379317376,8,67,2.1674705
4056,0.1098936781427606,289.71826851276785,7,68,2.1769702
4057,0.1263286423363979,291.2164850737569,8,43,0.0
4058,0.112921319868551,290.1658385688713,8,67,3.5325696
4059,0.1125332513687268,290.1294303903553,8,126,2.9317834
4060,0.1101384732552606,289.92178019404906,7,221,2.459297
4061,0.1202519246966772,290.5958775341375,8,58,0.92740995
4062,0.1213464210071481,290.6291594454248,8,65,1.4592241
4063,0.1227452838217015,290.8776560652372,6,45,1.4547265
4064,0.1125906920827542,290.1491415790426,8,69,1.1375724
4065,0.1213054627858821,290.6642240934361,8,65,1.8543341
4066,0.1120861246150259,289.71243095242863,8,68,1.471187
4067,0.1218848444324533,290.7328672994104,8,55,2.2487922
4068,0.1255442057766247,291.13985830244485,8,45,0.0
4069,0.1237111049203684,290.8296848280014,8,60,1.4556038
4070,0.1176062974090236,290.4466163924412,4,59,0.0
4071,0.1230448676340806,291.0042052826072,8,44,2.2347128
4072,0.1224595487906749,290.7125460615453,8,48,1.1250839
4073,0.1219039711323296,290.6800176692212,8,51,1.1258641
4074,0.1181481840274121,290.4731049430185,8,66,1.1308908
4075,0.1219141147564515,290.7667178399483,8,49,0.92740995
4076,0.1166659880608922,290.3772114120339,8,63,2.2642355
4077,0.1174836094643519,290.4356764719129,8,59,1.4631805
4078,0.1102188830070301,289.9492300667947,8,222,3.7047918
4079,0.1257930466790141,291.0979126466834,8,47,3.3439841
4080,0.1223048798730052,290.70741244972567,8,54,0.92740995
4081,0.1232175719952899,290.9456160856781,7,43,1.4534209
4082,0.1140115527975971,290.2261561508611,8,77,2.454295
4083,0.1134358125664597,290.17184687185966,8,84,8.633256
4084,0.1187343506575926,290.5062460069016,8,61,1.1300391
4085,0.1143636936403679,290.2480840877158,8,63,0.0
4086,0.1106067710657101,289.191749239058,8,79,3.006425
4087,0.1231134042383811,291.20272545473165,8,38,0.92740995
4088,0.1129879428132956,290.1601234178181,5,62,2.1757505
4089,0.1083278373937437,289.18920172048485,8,200,3.8972094
4090,0.1121624990544865,289.6289265592818,8,67,1.4717379
4091,0.1249179577705316,290.9592511310851,8,56,2.4213004
4092,0.1253690758559127,291.1161884546328,8,39,0.0
4093,0.1176557972207828,290.4295839828888,8,70,0.92740995
4094,0.1155529390075768,290.31638196610226,8,61,2.9279678
4095,0.1234130372923662,290.85155423731226,8,58,1.8543341
4096,0.1254613590604724,291.02832053610933,7,49,2.9957714
4097,0.1128489003233615,290.16384006803946,7,66,1.4671879
4098,0.1224224543231863,291.0671264643031,8,43,1.8543341
4099,0.1230655484305934,290.75517584787013,8,62,2.2469711
4100,0.1209791185545118,291.4324718057068,0,28,0.0
4101,0.122286807048582,290.7922427481125,8,49,4.361754
4102,0.1104648079544816,289.18459429941464,8,76,1.1457162
4103,0.1126533230689371,290.04875298613223,7,64,0.92740995
4104,0.1102184360623864,288.53654548762336,8,85,1.4779494
4105,0.1095536953597526,289.2900615616283,7,69,3.7047918
4106,0.1118271306671752,290.0943075150463,7,129,3.5898166
4107,0.1239179214439329,290.8884794066808,8,57,1.1207105
4108,0.1108503411556998,290.025287761378,8,164,3.0037227
4109,0.1083478177388664,289.28627730818295,8,163,4.408989
4110,0.1143261242795229,290.2356095203127,7,66,0.92740995
4111,0.1259245983589588,291.2311686161959,3,39,1.4482661
4112,0.1098096672422153,289.330925394581,7,74,2.7802885
4113,0.1222122695548168,290.671460866694,6,65,2.4340477
4114,0.1090349944049641,289.3349452533683,8,141,2.4672437
4115,0.122459635743109,290.7463068123792,8,51,1.4572757
4116,0.1230839651547047,290.9526057909785,8,46,0.92740995
4117,0.1260690834305799,291.18029567813704,8,45,1.113841
4118,0.1220211246555503,290.8385877393948,8,49,1.1219962
4119,0.1182552111754702,290.4786152032199,8,67,4.8772354
4120,0.1264056554716429,291.04071511503355,8,93,4.987077
4121,0.111816930868402,289.5896857295093,8,71,1.1431172
4122,0.1122272120243102,290.10687756800564,8,140,3.5888739
4123,0.1248440283229919,290.9843018734672,4,47,1.8543341
4124,0.1220347462275715,290.910766109844,4,46,1.4540598
4125,0.1255004366109999,291.1499948640508,8,45,0.92740995
4126,0.126153635381984,291.2372432377388,8,38,2.8945198
4127,0.1075790634066023,288.9622968704649,8,192,1.1459581
4128,0.1249919875896591,290.9690536601184,8,54,2.165262
4129,0.1104693794654113,289.9455533718565,8,204,7.307833
4130,0.1185627944836981,290.4762280882158,8,56,0.92740995
4131,0.1218912005583769,290.8452714999915,8,48,3.487056
4132,0.1226277294255578,290.98932553182806,7,44,1.1181208
4133,0.1232076394670945,290.77690445615315,5,61,0.92740995
4134,0.1152871731344538,290.3000939945822,8,59,2.4497786
4135,0.1259457263005208,291.0637546275562,8,52,1.1165739
4136,0.109790633371061,289.7328561600451,8,85,3.004626
4137,0.1253814523878811,291.115976383372,8,43,2.4145792
4138,0.1265160665852499,291.11589205458256,8,58,1.1153971
4139,0.1219489996800557,290.7648765982865,8,51,1.1239513
4140,0.1105401176745678,289.7196522357122,8,72,1.47061
4141,0.108739577014312,289.3034567604667,8,131,2.2869146
4142,0.1128587071053295,290.1535297217731,8,97,4.342652
4143,0.1263786161830498,291.2135628667686,8,44,0.0
4144,0.1218696995649933,290.8558822313607,8,50,0.92740995
4145,0.1110528563395317,290.0673649439069,8,203,0.92740995
4146,0.1120947459695287,289.54072045190026,8,70,1.1436487
4147,0.1196570578916341,290.5725421381709,4,53,1.4607079
4148,0.1254146994157808,290.97042367729745,8,56,2.165196
4149,0.122043936836252,290.9099594547739,2,46,0.0
4150,0.1242993745974354,291.021626454165,7,46,0.92740995
4151,0.1184294940963322,290.4912141218916,8,76,4.378663
4152,0.1197342843672078,290.53781189340924,8,61,2.439341
4153,0.1241893005829434,290.93625654650776,8,56,0.0
4154,0.1230913526294006,291.2265039344406,8,37,2.2234936
4155,0.1199347653659169,290.5649014989956,8,56,1.4604735
4156,0.1151948439158562,290.295849574923,7,64,1.466082
4157,0.1149280873323539,290.28068211443,8,62,2.1737707
4158,0.1249508509951669,291.1088416830933,4,42,2.163555
4159,0.1252815155666944,291.0158557525642,8,53,1.4521916
4160,0.1223048789790779,290.7440924017585,8,52,1.8543341
4161,0.1172533924283115,290.40201360554465,8,62,2.1717517
4162,0.1202687820961324,290.56403209915464,8,67,3.5051587
4163,0.1137752898981707,290.2148315666252,8,62,3.5880716
4164,0.113028661842622,290.17346658891506,7,61,2.2731385
4165,0.1242519504156822,291.02270347494647,4,46,1.11745
4166,0.1159991569146306,290.3312365727404,8,73,1.8543341
4167,0.1212019900542039,290.63671950179344,8,52,1.1268086
4168,0.1225014274041306,290.7304776876964,8,50,1.124646
4169,0.1239366935599674,290.8609129861608,8,57,2.1664536
4170,0.1225110141732187,291.07077171366194,8,42,2.9952626
4171,0.1121602693446869,289.8928327787703,8,95,4.647121
4172,0.1166453978393281,290.3687623504669,8,66,1.8543341
4173,0.1093320932024299,289.60435371311945,8,114,4.404491
4174,0.12511167879524,291.08016594779855,8,47,2.4161267
4175,0.1219307702884707,290.8823281823916,7,50,2.9073927
4176,0.1094634683402485,289.1016188272419,8,75,3.7047918
4177,0.1230606599362544,290.99225189585377,8,46,2.9960315
4178,0.1151132526963452,290.27989852616247,8,65,1.1336279
4179,0.1087204037137716,289.0961514794987,8,76,3.00635
4180,0.1253613616613063,291.08354743406875,8,48,1.1160954
4181,0.1233902789254459,291.1130756494474,2,42,2.4141595
4182,0.1171037300246738,290.41208030148255,8,56,1.4635907
4183,0.1098221842785587,289.4764190309719,7,72,2.177925
4184,0.1203736584745787,290.6026857153966,8,60,2.1699402
4185,0.1092405521313088,289.552869148215,8,118,4.7650394
4186,0.1120911980777115,290.10320736956464,8,111,1.8543341
4187,0.1269705181543578,291.13979127518354,8,56,0.0
4188,0.1110294827423432,289.6717163355209,8,73,2.2832947
4189,0.1199902239828783,290.571983126455,8,62,0.0
4190,0.1224688846758263,291.2191105340804,8,36,1.112237
4191,0.1241848093523861,291.16683777000384,8,42,2.7802885
4192,0.1146343843788647,290.2633794832924,6,62,0.0
4193,0.1237348676004811,291.410788718945,2,34,4.5221767
4194,0.1177216146732498,290.4469226582477,8,64,0.0
4195,0.1220705345610487,290.69837287832985,8,62,4.8580866
4196,0.1196433510430557,290.5604380993203,8,65,1.8543341
4197,0.1121905626712282,289.93216680948507,8,79,0.92740995
4198,0.1087205158650952,289.40783836564907,8,83,2.1778204
4199,0.1233823681953991,291.05662668484047,7,45,0.92740995
4200,0.109978101535192,289.76131443477914,8,115,2.2810018
4201,0.113603469358045,290.20040225831224,8,138,1.4676033
4202,0.123343756939638,290.8415689525971,8,60,3.569952
4203,0.1224084618934623,290.76713893919657,5,48,1.4568902
4204,0.1268760858490099,291.16644676301536,8,55,1.8543341
4205,0.1143884710153314,290.248976716049,8,68,4.6273675
4206,0.1094109164154683,289.14596571504387,4,74,2.1791887
4207,0.1116695333830834,289.344290207004,8,77,1.1450402
4208,0.1098657613728733,289.8281642787276,8,209,3.8853858
4209,0.1239692801531444,291.1928058167683,8,40,0.0
4210,0.1116149659896781,290.09468838360334,9,66,1.8543341
4211,0.1127469187654276,289.9573016134247,7,64,1.4698994
4212,0.1098804965418404,289.85798258537216,8,190,1.8543341
4213,0.118911990924483,290.51482838253526,8,60,0.92740995
4214,0.1249142787471184,291.0382542147036,2,47,2.1644456
4215,0.1229379610002147,290.972505472739,7,47,1.4528826
4216,0.1178820445144788,290.4537828404133,8,62,2.171716
4217,0.1219065773732622,290.7969084956743,8,49,1.1231096
4218,0.1216211069235702,290.6450300573481,8,68,2.1691496
4219,0.1192083536400829,290.518384290458,8,65,2.439082
4220,0.1133979881278921,290.19393537883263,7,64,4.6304073
4221,0.1206810843283219,290.62467399082635,8,60,1.8543341
4222,0.1259564007155643,291.05950103853394,8,51,2.232489
4223,0.1202993052269947,290.6011934839568,8,65,2.9996758
4224,0.1187267260417632,290.4997350930138,6,58,4.6273675
4225,0.1120788774178351,289.5583859465229,7,65,0.92740995
4226,0.118533044744735,290.50155618949924,4,56,0.92740995
4227,0.1105133313298995,289.8611873378412,7,63,2.460992
4228,0.1100058854320934,289.436886274403,7,74,3.8763049
4229,0.1231971225258628,290.80723574956187,8,59,1.1226822
4230,0.1117746920308375,289.5895794605597,8,72,1.1431012
4231,0.1254474910759798,291.1028842565198,8,46,1.1156358
4232,0.1265350944702805,291.2458865783066,8,43,0.92740995
4233,0.1257838771544412,291.15125010867274,8,48,2.4131029
4234,0.1250978534148337,291.0763566108687,8,46,1.8543341
4235,0.1130202424015984,290.17305766565465,7,67,1.137001
4236,0.1210171924943785,290.6344129238699,8,53,0.92740995
4237,0.1123540935243312,289.90231034279,8,67,1.4701084
4238,0.1255359128793038,291.12306754866296,8,46,1.1151552
4239,0.1143140695383522,290.2446010645596,8,68,1.4665194
4240,0.1232142704585162,290.778134172017,8,62,2.7802885
4241,0.1224320690068076,290.71943400993024,8,51,2.432351
4242,0.1226063813508227,291.1943949163569,8,41,4.338141
4243,0.1153962589150514,290.30584213061053,8,59,1.4649163
4244,0.1254615501621442,291.1926169102151,6,43,0.92740995
4245,0.1226531301104118,290.9743163660627,8,47,1.1185044
4246,0.1226917433287081,290.7308581517749,8,59,1.4572729
4247,0.1115734833586416,290.094443235174,7,68,1.1385297
4248,0.1203647174468224,290.5999656625909,8,58,1.4599909
4249,0.1220281995181006,290.8254178890364,8,52,2.9096847
4250,0.108857249979521,289.375747087653,8,152,2.4665034
4251,0.1120041987431871,289.92031797789,8,72,1.469884
4252,0.1113197208300172,289.5242353797938,8,120,2.1780968
4253,0.1096573135098862,289.4005260347614,5,65,1.1435927
4254,0.1218837320387827,290.9324091064009,8,48,1.8543341
4255,0.1200777460906613,290.58209878686046,10,55,2.4383674
4256,0.1223201057710533,290.74827765384794,8,47,0.0
4257,0.1110013357504881,289.64054952401443,8,72,3.8912315
4258,0.1265083043000338,291.0923852503538,8,72,5.638628
4259,0.1214858073840415,290.64792944110377,8,53,2.1692863
4260,0.1220185168347064,291.09200935497995,8,40,0.92740995
4261,0.1175463659233369,290.43984669475,8,57,0.92740995
4262,0.1199037294807725,290.57540286301696,8,60,2.4387805
4263,0.1199805065979798,290.5491617073497,8,63,0.92740995
4264,0.1121322649149018,289.77693745291504,8,66,1.4708042
4265,0.1219508796571615,290.8296265791932,8,55,2.167075
4266,0.1245537685931768,290.941563760054,8,53,0.0
4267,0.1139673475591285,290.2253592891158,8,62,0.92740995
4268,0.1208177703244064,290.6343288768914,8,59,4.761498
4269,0.1249681521689517,291.0631670844392,4,45,1.4513161
4270,0.1156974176848042,290.3258311242104,8,64,1.4649314
4271,0.1180474693923848,290.4624927118689,8,59,1.8543341
4272,0.1230778530985479,290.94243375288846,8,45,0.92740995
4273,0.1180109685841853,290.4550530415477,8,72,3.8576362
4274,0.1230614098536971,290.9671679413078,8,46,1.1187238
4275,0.1126056033735364,290.08268821073926,8,106,4.39957
4276,0.1198437953808268,290.5470917016962,8,62,0.92740995
4277,0.121068349011581,291.38702348944685,8,34,4.796882
4278,0.1168204315080325,290.393581766324,8,87,2.446823
4279,0.1245497242072969,291.1552599265939,8,44,1.449522
4280,0.1115875294245049,290.0963136871366,8,173,1.4680805
4281,0.1252857023522258,291.101803752219,8,46,0.92740995
4282,0.1100315371264107,289.21499798283,8,75,2.46991
4283,0.1219154154824002,290.7434920712247,7,53,2.2481945
4284,0.1232411472054828,291.20144531444055,8,36,2.2248142
4285,0.1100023516123516,289.37024169222025,8,76,1.143997
4286,0.1161331070209047,290.3514686185443,8,63,1.4644794
4287,0.1220671553552623,290.9300872145721,4,46,1.1196033
4288,0.1111568621006164,289.6677046600431,8,74,2.1774614
4289,0.1219075737396683,291.07775745442234,6,39,0.0
4290,0.1205571294761062,290.61749962348983,8,62,2.4370465
4291,0.1220047679775881,291.199318841506,8,37,1.8543341
4292,0.112789360853687,290.1310105064963,8,96,3.8740823
4293,0.1115662927101436,290.08549552772183,8,187,0.0
4294,0.1099950583126674,289.8495323177088,7,229,1.1400627
4295,0.1083299756049452,289.26618884760944,8,136,11.042774
4296,0.1126186646822441,289.9073960315035,8,65,1.4701637
4297,0.1116794596091352,289.37730566078096,8,73,3.876687
4298,0.1235289436758713,290.8944468795019,8,56,0.92740995
4299,0.1088832867449687,289.2371466163244,8,127,5.3422527
4300,0.1162925263915818,290.34864295746013,8,78,3.515437
4301,0.1161870370334965,290.34683710218985,7,53,3.5191631
4302,0.1087461662952173,289.0463077142641,8,78,6.493002
4303,0.1226465055221378,290.7176403548698,8,62,1.8543341
4304,0.1230532336561849,290.7982330174236,8,60,0.0
4305,0.1258616088584258,291.1240083975965,8,49,1.450267
4306,0.1104821634346804,289.98139188827383,8,171,3.5919795
4307,0.12273366926951,290.9089530374781,8,45,1.1201766
4308,0.1213148727544144,290.6802049781311,8,53,2.9990427
4309,0.1111473456722906,289.25688001789376,8,137,1.8543341
4310,0.126030885930878,291.1098032681059,8,47,3.4688714
4311,0.108453778264769,289.1533249126007,8,157,4.7657185
4312,0.1106348913543361,289.17483741710686,8,120,4.574409
4313,0.126070731614082,291.1184428833309,7,48,2.2297907
4314,0.1259512448045085,291.22045415599496,8,44,1.4484694
4315,0.1171191420147159,290.4035551578441,8,65,3.5164332
4316,0.1090532500999147,289.4863013155713,8,95,10.143139
4317,0.1227981354601231,290.8668433250336,4,47,5.6583385
4318,0.1228538821264683,290.725610489224,8,64,2.1682675
4319,0.1187901812097224,290.50958200748266,8,62,2.4416394
4320,0.1204960764707191,290.5950585907426,8,51,1.4599296
4321,0.1254115253437799,291.14372492318927,8,45,1.4498457
4322,0.1158489451821796,290.33672499533304,7,62,2.9285004
4323,0.1222478362145667,290.778800499873,8,55,0.92740995
4324,0.1220881484208473,290.78544363420343,8,53,1.8543341
4325,0.1125198940830372,290.0562745772482,8,97,0.92740995
4326,0.1263058314230568,291.2123324137761,8,44,1.8543341
4327,0.1257875849237645,291.07037945246475,8,49,2.4166484
4328,0.1244998318574458,290.99494154678735,8,50,3.3510716
4329,0.1186290250113057,290.4993499634213,8,61,0.92740995
4330,0.1161575525636773,290.3546813189682,8,119,2.1730819
4331,0.1223117489741007,290.6973950738045,8,49,2.4332783
4332,0.1114723645450125,290.0628471654909,7,90,8.740102
4333,0.1226022267126164,291.06838845594706,8,44,2.2313445
4334,0.1248972952143489,291.1046819962224,5,41,0.0
4335,0.1252249181662184,291.1761353106643,4,41,3.3380437
4336,0.1125644614358927,289.96511399785004,7,63,0.0
4337,0.111634899948387,289.6436755180679,8,74,2.177674
4338,0.1191951599846275,290.53167994840214,8,63,3.50887
4339,0.1115697136334317,289.8451360031167,8,71,0.92740995
4340,0.1226555879113135,290.9915101297743,7,46,1.452489
4341,0.1244707737287823,291.18950076175014,6,43,0.92740995
4342,0.1077856972950948,289.0322185291043,8,205,6.464861
4343,0.1200116586422977,290.5792026127689,8,60,2.1702056
4344,0.12463482984216,290.92334966831834,7,55,1.453757
4345,0.1214260796239159,290.64003775916154,7,49,0.0
4346,0.1228638342399071,290.7146282720469,8,63,2.4322197
4347,0.1221153397972613,290.6650018602255,8,61,1.1259806
4348,0.1209792964614954,291.51742196172853,2,31,0.0
4349,0.1122973419949785,289.7905984765373,8,65,1.4707764
4350,0.1108148786867056,290.03013833924314,8,221,3.0039847
4351,0.1074823954024876,288.95552303378867,8,164,0.92740995
4352,0.110222854578885,289.90965740197527,8,163,3.5387533
4353,0.1121942895591408,289.6351183428977,7,68,0.92740995
4354,0.1219861490201989,291.17564421234374,0,34,0.0
4355,0.1093720507852205,289.24534512830746,4,68,0.0
4356,0.1113688946834282,290.0791294430575,8,124,3.0036514
4357,0.1219527505195428,290.7663412454014,8,49,2.1679406
4358,0.1212520322871753,290.6406812648343,8,53,0.92740995
4359,0.1089615422689639,289.48649190103527,8,79,4.3488626
4360,0.1175324651377872,290.42718957401047,8,60,1.131496
4361,0.1175029347155716,290.4367290142293,8,59,2.2628994
4362,0.1190152782740502,290.519474418964,8,60,2.4410338
4363,0.1253045740597801,291.0505651497768,8,51,2.9955862
4364,0.1218759808533082,290.8103525281605,7,47,0.92740995
4365,0.1220990345089899,290.78800212345857,8,52,1.4565283
4366,0.1235309810913901,291.15589788798025,1,37,2.8969042
4367,0.1219227858531712,290.6801919932276,8,54,2.250837
4368,0.1239409538318798,290.9413820167737,8,55,0.92740995
4369,0.120599392538083,290.6100539644414,8,61,1.4590409
4370,0.1083597424622372,289.29415534051,8,131,6.333644
4371,0.1199108341462618,290.5768953858483,7,64,1.8543341
4372,0.1230421053346104,291.0796735521818,2,40,3.8218927
4373,0.122154404231246,291.0829510010032,2,36,2.2283208
4374,0.1160115930491809,290.33212398746974,8,70,1.4631152
4375,0.1162683018374076,290.359392578535,8,64,1.464333
4376,0.1197025971220471,290.53383009268794,8,65,2.439376
4377,0.1249012751822792,290.9386812187157,1,54,1.1193281
4378,0.1163326211732833,290.363952531911,8,70,6.464861
4379,0.122479377394848,291.22164955665534,8,36,2.1618874
4380,0.1112046069461882,289.68174520359776,6,71,2.94019
4381,0.1109142790061174,289.2626739017894,8,97,1.4735615
4382,0.1230247437611939,290.9225255179377,4,46,2.905848
4383,0.1103196786463682,289.8751468371598,7,71,2.2795944
4384,0.1220447196683398,290.7159070304746,5,52,1.8543341
4385,0.1291235371854346,291.24333386757604,7,80,1.1126871
4386,0.111813649585885,289.6362441217673,8,70,0.0
4387,0.1092981610028829,289.5491800259815,7,73,0.92740995
4388,0.1099755510774905,289.7953937439869,7,209,3.875462
4389,0.1188378270949538,290.50158936846003,8,58,1.4615601
4390,0.1169299013281256,290.3883396951924,8,63,3.872617
4391,0.1121281450687907,289.65999808369565,7,69,1.4715303
4392,0.1126635852124808,290.05122866249025,7,63,1.1398257
4393,0.1120570997594045,289.61740795201604,7,68,0.0
4394,0.1204201714232354,290.58945601438336,8,58,4.370907
4395,0.1222591371452123,290.7530397066841,8,52,2.9983
4396,0.1253613554437444,291.0832591712839,8,49,0.0
4397,0.1089923189521893,289.48657693377453,8,104,1.4713261
4398,0.1195342557593172,290.54789937237405,8,58,1.4608663
4399,0.1106048976585682,289.68824589601894,8,71,2.7802885
4400,0.1222256014057323,290.7179287274707,8,59,1.4573247
4401,0.1205246356478221,290.6129442693264,8,63,1.4597982
4402,0.1225293225065013,290.8450264451652,5,49,2.1668508
4403,0.1119219887446529,290.05141466783624,8,71,1.4690751
4404,0.1146301539993308,290.2458346341807,8,68,4.887802
4405,0.1219251924523437,290.7286698414679,8,51,2.1684651
4406,0.1089899828522613,289.408331374025,8,161,4.9232078
4407,0.1234095565041106,290.8534864154065,8,59,0.0
4408,0.110260911523815,289.82166953889305,8,70,3.886757
4409,0.1099517938894338,289.28539935473736,4,76,1.4730402
4410,0.1099729946320209,289.5136978895108,7,73,1.8543341
4411,0.1170470894268796,290.39576167664086,8,67,2.4429586
4412,0.1163295795194057,290.35614533570293,5,51,4.338953
4413,0.1228817498571147,291.1373806377416,8,40,1.8543341
4414,0.1250046152683583,291.0066293553459,7,49,1.8543341
4415,0.1148211184243906,290.2739453652736,5,58,3.873832
4416,0.1077120826546199,289.04475720025323,8,208,7.7184873
4417,0.1153632095060874,290.2968228336261,6,57,1.8543341
4418,0.1262525814426363,291.1084584599305,8,49,2.89926
4419,0.1229228028880871,291.2201620758602,8,40,1.4480522
4420,0.1111170954341102,289.4669850520026,8,101,2.7802885
4421,0.108536195075555,289.28094971515395,8,144,2.178384
4422,0.1092361786274664,289.6192338014737,7,240,9.353415
4423,0.115641161317494,290.3237955199826,8,61,2.2685184
4424,0.1212905392036015,290.63931027911445,8,53,2.1693976
4425,0.1250747926310419,291.0681823309212,8,44,2.4166617
4426,0.1085748146071724,289.2850928828948,8,158,12.856436
4427,0.1172815432219673,290.4069958063623,8,66,1.4622267
4428,0.1225433105812681,290.7576494367587,8,59,1.4565111
4429,0.1113110095399509,290.0553067258612,7,123,6.8591733
4430,0.1222392872964416,291.19693700867225,8,33,1.8543341
4431,0.1227419668403717,291.0659840224448,7,41,1.8543341
4432,0.107388622183259,288.93822582755536,8,225,2.7802885
4433,0.1184840183917583,290.49884202026124,4,58,1.4620702
4434,0.1190721391576981,290.52469529336025,8,63,1.461354
4435,0.1233692433571605,290.830299183189,8,60,0.0
4436,0.1102484565701073,289.646523075172,7,71,3.5952368
4437,0.1219575374447821,291.16918570259264,0,34,0.0
4438,0.1148955880025986,290.2789329965369,8,67,0.92740995
4439,0.1091279763333894,289.364531666268,8,140,1.4722466
4440,0.1248872176306946,290.99173308628656,1,47,2.1650262
4441,0.1173448046811314,290.42755045681133,4,60,2.445671
4442,0.1254233462642439,291.10403697700923,8,46,1.4505947
4443,0.1164932262075385,290.3761276656319,7,60,1.8543341
4444,0.1224592559781855,290.75062645792207,8,50,2.2474854
4445,0.1099161300816993,289.6225693134228,7,63,3.005005
4446,0.121882028356524,290.8649542030545,7,49,1.4549853
4447,0.1180777979533854,290.4652933187808,8,62,1.8543341
4448,0.1096445524124297,289.6869937446351,7,108,7.059315
4449,0.1129739718289976,290.1607702425878,8,64,1.1387695
4450,0.1225577094364542,290.748001106543,8,48,1.4572239
4451,0.1204073151479139,290.5861465460947,8,55,5.008693
4452,0.1167312348881045,290.3773020522163,8,77,2.9229467
4453,0.110175066890279,289.9006761841467,8,165,5.1536255
4454,0.1184647579741063,290.490372589908,8,58,0.92740995
4455,0.1227588791450723,290.72803376743855,8,62,1.1244067
4456,0.1167027244309699,290.38549947428345,8,61,4.615952
4457,0.1185958135383604,290.4945881079127,8,59,3.5111885
4458,0.121919475090541,290.8941529407115,8,49,2.1661963
4459,0.1239479915481032,291.194323449743,8,42,1.4486948
4460,0.1128719834131086,290.11344667426715,7,64,0.92740995
4461,0.1185977223852033,290.49611394184154,8,62,3.5112216
4462,0.1080530201419951,289.1210242739158,8,176,2.178908
4463,0.1258140827534094,291.1106759746034,8,48,0.0
4464,0.1215636505176767,290.6954444207018,8,54,1.4584343
4465,0.1135743877100991,290.1961135328577,4,59,1.466064
4466,0.1219422333317992,291.0682987346004,8,41,2.4158664
4467,0.111362697783721,290.06601881838736,8,166,4.636689
4468,0.110794400647633,290.0404918098573,7,142,0.0
4469,0.11076790904332,290.0316492250478,8,173,6.802158
4470,0.1238000268562085,290.89035181831565,8,58,0.92740995
4471,0.1222937824352585,290.8739416315983,8,48,1.4548004
4472,0.1148871584886332,290.27574642617105,8,60,2.2682164
4473,0.1271970304233092,291.1937672411639,8,60,1.449086
4474,0.1099954152065562,289.789536806724,7,220,4.5537252
4475,0.112327974803457,289.80536033450664,8,64,1.4706963
4476,0.1089497984118179,289.4119245757815,8,131,5.3377075
4477,0.1258352911882031,291.11488686483216,8,49,2.2299423
4478,0.1120117159003042,289.65798411419263,8,68,0.0
4479,0.1127337596752227,290.15749000294136,7,64,0.92740995
4480,0.1105740351545999,289.85926172094497,7,67,1.1404699
4481,0.121104370827238,290.6380012794147,8,54,1.126854
4482,0.1219163269987001,290.7647950867911,6,51,1.4570311
4483,0.1145587190206652,290.25928204820514,8,66,2.2704816
4484,0.1177721893883894,290.44397625004086,8,61,1.4626646
4485,0.1149460768473898,290.26579810170443,8,62,0.92740995
4486,0.1211604044286837,290.6705170591285,8,54,1.8543341
4487,0.1241495864549199,291.15737663899,8,43,1.449431
4488,0.1211519449642157,290.6346662002912,8,55,0.0
4489,0.1121054543656873,289.6068597736172,7,69,1.1431172
4490,0.1190700160407784,290.52766189167704,8,59,2.4409285
4491,0.1224140417171198,291.20394423866713,8,38,2.4096103
4492,0.1225185456836439,290.7980227619313,5,46,1.1229905
4493,0.1204615507500037,291.4738610883587,8,32,2.1589897
4494,0.1220266439336233,290.9369593386366,4,43,1.4535338
4495,0.108506492880826,289.0643193114749,8,82,0.92740995
4496,0.1113014206891045,289.8146495997921,8,71,1.4702929
4497,0.1222336540569645,291.19880592581063,8,35,0.0
4498,0.125120617924156,291.0389377173331,8,48,4.3479233
4499,0.1223389845359999,290.6861335111698,8,59,4.7610955
4500,0.1218977871176305,290.86833682256645,6,48,3.8698351
4501,0.1222957980598861,290.83933217610337,7,48,1.1219592
4502,0.117548767918489,290.42130021282867,8,63,1.1305354
4503,0.1103820672076372,289.41057385134496,6,74,1.8543341
4504,0.1252409847668504,291.1443438037763,8,41,0.0
4505,0.1156087418612774,290.3218538416845,4,59,2.268774
4506,0.1233487953175436,290.81038912318525,8,59,1.4559754
4507,0.1211649636457387,290.6522274315272,8,65,1.459099
4508,0.1230405825440513,290.8153760596517,8,56,1.122504
4509,0.1186869793916665,290.5144574312202,7,59,1.8543341
4510,0.1247775710981206,290.97740721117515,8,50,1.1186068
4511,0.110859298375572,289.2856102256698,8,124,3.7047918
4512,0.12069786772389,290.593306620476,8,63,1.4598157
4513,0.1221936364401149,290.75733327541104,5,47,2.1680295
4514,0.1235418986141512,291.2910237306792,5,33,1.4470543
4515,0.1119124333321056,290.09055347013066,8,156,2.1749303
4516,0.110630733051865,289.6285364796328,8,70,1.14226
4517,0.1259822587416044,291.22195438228886,8,43,1.1128087
4518,0.1111913181625889,289.9144922090354,8,70,2.7802885
4519,0.120353082765979,290.593483259717,8,54,1.4600347
4520,0.1100887718813695,289.8046300258977,7,92,8.9483
4521,0.1118195157270812,290.1059163716619,7,66,4.6384034
4522,0.1253225835630114,291.060226467594,8,47,2.2324672
4523,0.1230897862721005,291.0004788331117,5,44,3.350253
4524,0.1228379367468106,290.7949305423511,8,56,2.9978714
4525,0.1236044166316709,290.83486878565986,8,58,0.92740995
4526,0.1231066835155673,290.9977497948242,8,47,1.452402
4527,0.1107745148338347,289.7087799478897,8,71,0.92740995
4528,0.1221624679053206,291.1202894676267,8,38,3.3407333
4529,0.1249134084238247,290.9463049175664,7,52,1.453356
4530,0.1112362422862415,290.0632617933686,8,188,4.5447226
4531,0.1164541256966678,290.3702261221974,8,62,1.8543341
4532,0.1122858915108839,290.1133398182433,8,138,1.8543341
4533,0.1189882821110242,290.5289533108447,7,54,1.1297265
4534,0.1156246349138262,290.3208998025733,8,64,3.398948
4535,0.1207822473044654,290.6105375971792,8,56,0.92740995
4536,0.1246795980025254,291.06152892725885,7,44,1.116545
4537,0.1198423319038848,290.56815359514883,8,67,1.1273104
4538,0.1252413561407012,291.1459094026246,8,42,1.1145495
4539,0.1219218822812408,290.7644675032193,8,50,2.9121916
4540,0.1110672546729116,289.3900444023974,8,87,0.92740995
4541,0.1219017175210342,290.68351726027265,8,54,1.1258153
4542,0.1220528798425489,291.05610309853523,8,41,3.7047918
4543,0.1237111701628965,291.05763783015954,8,50,7.9816566
4544,0.1219400880205602,290.68165089341426,8,52,0.0
4545,0.1076079418818261,288.96700536751405,8,165,10.013276
4546,0.1231447563934316,291.2171333631452,8,37,1.1124119
4547,0.1222482528614651,290.69259554082043,8,50,1.4582431
4548,0.1109559681103565,290.0511618824326,8,161,6.8634577
4549,0.1163842191250608,290.3662653450864,8,66,0.0
4550,0.1199148640107315,290.57751003999493,8,65,2.2559106
4551,0.1197916965307694,290.55421253953307,8,64,2.1699638
4552,0.1223978047816905,290.7423145399636,8,50,0.0
4553,0.1156679584243156,290.3102982199796,8,64,1.4635997
4554,0.1174437184102947,290.43222409309635,8,69,3.5162117
4555,0.1179875447288516,290.467242412182,8,59,2.4439414
4556,0.1264018359880015,291.2051628474032,8,48,3.559272
4557,0.1182149419176807,290.47721731965805,8,66,1.4623066
4558,0.1109294197010508,289.73191024353025,8,70,3.004853
4559,0.1253339342625221,291.06650908264123,8,46,1.116505
4560,0.1097441125784707,289.6122593287812,8,74,4.4052095
4561,0.116705144944657,290.37525402470715,4,51,2.172317
4562,0.1135111888751549,290.1999431295601,8,65,3.4063299
4563,0.1220335054111613,291.19585305279605,8,33,0.92740995
4564,0.1233216624744676,291.5288553819132,8,32,2.3984003
4565,0.1223827403899312,290.720140545276,8,50,1.4577833
4566,0.1214232637655532,290.5439293265859,4,55,3.57646
4567,0.1187593955728594,290.513243261426,7,55,0.92740995
4568,0.119303759353889,290.52531204699324,8,58,1.1292317
4569,0.1227525409945949,290.8776556405936,6,48,0.92740995
4570,0.1122234877263111,289.66606861539026,7,66,0.0
4571,0.1228852189690983,291.20848774244143,8,38,1.1125834
4572,0.1127503593753552,290.05511822286,7,63,3.5389695
4573,0.1092389236057682,289.26070051696,7,65,1.4729186
4574,0.1263380871226383,291.2018593331573,8,45,0.92740995
4575,0.1244243358766726,291.1728009313027,8,42,2.1626987
4576,0.1249535240417636,291.08631414798083,8,44,1.4508785
4577,0.1262245862388172,291.179774154056,8,48,0.0
4578,0.1224818129731602,291.2066277389704,8,38,2.1620836
4579,0.1179888838340489,290.45437250771204,8,59,2.922923
4580,0.1141415384843854,290.21984261284445,8,66,4.387981
4581,0.1099048165424244,289.11446231189143,6,79,1.1459943
4582,0.1198538997632708,290.5583781435698,8,57,1.1285367
4583,0.1172452214409893,290.40268542525666,8,63,3.861548
4584,0.1179146734023935,290.45448803000204,8,62,2.2613523
4585,0.1261072548325093,291.16007919339336,8,45,2.227839
4586,0.1238257902858296,290.8820588658398,8,56,1.8543341
4587,0.1220673812155895,290.71715156091267,8,53,1.457951
4588,0.1179875453846484,290.45332792597554,8,54,11.203598
4589,0.1173517670177114,290.42825722190906,4,54,1.4633529
4590,0.1186998374958454,290.5097763012483,7,60,1.4618018
4591,0.1201658300055395,290.58988809377377,8,60,1.1280555
4592,0.1134674416926098,290.1946617370751,8,74,6.464861
4593,0.117508717697655,290.42668135079373,8,63,1.1315458
4594,0.1215547592793288,290.66816948636324,8,60,2.16913
4595,0.1107754814355111,290.02352321273287,8,198,3.537524
4596,0.1254716941102056,291.0305088031779,8,51,1.4519283
4597,0.1226862413785125,290.7015240279854,8,58,2.1686242
4598,0.1209836456949701,290.6305251048347,8,52,0.0
4599,0.1257258183284778,291.0349682108149,8,52,1.4518386
4600,0.1082573976264612,289.0006454208909,8,88,2.1794891
4601,0.1117071512488177,289.90058923721585,8,77,2.937885
4602,0.1121526128559183,289.7331396908795,8,66,2.4641268
4603,0.1255757121384984,291.15575583380144,8,46,1.4496381
4604,0.1218939816414943,290.96557721747376,5,44,1.4529501
4605,0.1176750282816741,290.43690340705973,8,61,1.4627357
4606,0.1221209477768611,290.7236956449759,3,62,2.1680276
4607,0.109334298560048,289.14060473316744,7,74,2.1791909
4608,0.122732625480231,291.16044921687853,5,39,1.4491853
4609,0.1221269294824478,290.81236895998785,8,49,0.0
4610,0.1133190060675249,290.1817383713982,8,62,2.2756195
4611,0.114262120493198,290.24184211770233,8,66,2.4531548
4612,0.1238429104547924,290.8539926979506,8,59,1.1212343
4613,0.1191643126500767,290.5407173169232,4,56,2.1708229
4614,0.1163927506076954,290.36757255809823,8,69,3.3964398
4615,0.1219870074934352,290.76916337621736,8,50,3.5724306
4616,0.1118305922906514,289.90616065536256,8,71,0.92740995
4617,0.1109132002620358,289.87054245990873,8,68,1.1405174
4618,0.1180142660529055,290.4612977258036,8,63,1.4624662
4619,0.1097844316650704,289.1110740103625,5,78,2.291008
4620,0.1219856111542234,290.84700002461545,7,51,3.569864
4621,0.1228386220906934,291.1738151113866,8,36,3.4629064
4622,0.1149381952780762,290.28105756654173,8,61,0.0
4623,0.1229024384111559,290.7761760915817,8,54,0.92740995
4624,0.1214223549997184,290.63005750091685,8,65,4.49783
4625,0.1223368228406851,290.8939020232875,7,47,1.1205521
4626,0.1220501223258575,290.7875067241331,8,48,4.578848
4627,0.1122194867931451,290.12609717468945,7,206,2.93292
4628,0.122119013785559,291.14659675377555,8,35,3.4645407
4629,0.112013689443914,289.6441449950958,8,64,0.92740995
4630,0.1248278555081893,290.9973608779664,4,48,1.8543341
4631,0.1119607218783251,289.6709086586533,8,70,2.464886
4632,0.1181385587933285,290.468515674048,8,62,2.171531
4633,0.1191737425519896,290.4643560260317,8,61,1.4618902
4634,0.1245827606959681,290.9150753129444,8,56,0.92740995
4635,0.1237123071811154,291.120210394068,5,45,0.92740995
4636,0.1176662859104397,290.4377843883074,8,61,5.0157924
4637,0.1240818933709762,290.9046495305569,4,52,2.166086
4638,0.1109833938406924,289.53714383774224,8,75,2.4660082
4639,0.1102817265850191,289.7976736955299,7,69,1.4700654
4640,0.109295449582032,288.77862951196414,8,80,0.92740995
4641,0.1133651033296589,290.19169814442114,8,61,0.0
4642,0.1113232336954333,290.0285244621376,7,68,0.0
4643,0.1095334326624083,289.1781268491542,6,76,3.5547383
4644,0.1184755753802515,290.4925232825516,8,66,1.462017
4645,0.1180788569714763,290.4662255269495,8,61,0.92740995
4646,0.1104118952795275,289.5129472690254,7,74,0.92740995
4647,0.1074669251663892,288.9650612592821,8,207,7.1719174
4648,0.1100359618724489,289.603777220764,7,71,0.0
4649,0.116015583951882,290.34453806138833,8,66,3.397745
4650,0.1103944592480617,289.9303545368095,7,86,5.8578396
4651,0.1142027653121292,290.23833992891804,8,61,2.451744
4652,0.123429438930111,291.2004568576801,1,38,3.8140886
4653,0.1218459863792506,290.6986817501464,8,53,2.914698
4654,0.1201104604627311,290.5813852973039,8,64,1.4594599
4655,0.1232847627931442,291.21044833886634,8,35,1.4482908
4656,0.1101807111753902,289.8973482168667,8,177,4.400191
4657,0.1159507917643691,290.3274418433716,8,59,1.8543341
4658,0.1079101128491716,288.9891398584921,8,126,5.0452094
4659,0.1123388084464817,289.7207554356856,8,66,1.1423117
4660,0.1088817879817014,289.178226836956,8,76,0.0
4661,0.1258965839416952,291.1394980569015,8,49,0.92740995
4662,0.1118576605109624,289.4613378833617,8,72,3.8765116
4663,0.1259754644726663,291.180517898614,8,44,3.7047918
4664,0.112428171214224,289.9247856987764,8,63,1.8543341
4665,0.1226553574949381,290.98915493322005,5,40,1.4525368
4666,0.1079565190422819,289.1400775989249,8,214,5.778797
4667,0.1120318607342857,290.09499532205336,8,144,3.003172
4668,0.1247058453064915,291.0371266896356,3,44,3.3480527
4669,0.1223214633139209,290.87490619712366,8,47,1.1210424
4670,0.1247677615852203,291.0659948577492,8,46,2.1640863
4671,0.1104476909409365,289.89223838605346,8,77,8.208849
4672,0.110814044100627,289.6129537408908,7,71,2.4647532
4673,0.1164434373336125,290.3672186079329,5,62,1.4640077
4674,0.1163693029744472,290.36836534333565,8,58,1.4645034
4675,0.1205647746855094,290.6164263912014,8,62,1.4597456
4676,0.122210068534605,290.9212834598538,4,43,2.996192
4677,0.1095161595394819,289.7316607898454,8,261,10.6371765
4678,0.1089585014494539,289.4197223505085,8,137,5.9943986
4679,0.1176926439384434,290.4446936212072,8,64,1.8543341
4680,0.1175403872267017,290.4296219516897,8,62,4.3810296
4681,0.1230361800352637,290.7543510804559,8,60,2.167958
4682,0.1125063778476608,289.98645142445383,8,64,2.176454
4683,0.1195570842420281,290.5566792286205,8,66,0.0
4684,0.1243642758638104,291.0052436224373,5,47,1.4523543
4685,0.1099230583017838,289.7203971277656,7,70,1.4704037
4686,0.1127244545987546,290.10967763331524,8,61,0.92740995
4687,0.1087202192465768,289.1928097787949,7,149,1.4731369
4688,0.1141112771311375,290.23353275482566,8,66,2.1743126
4689,0.1094497301689396,289.5276099686332,8,97,1.1425109
4690,0.1110042102340995,289.5681589516015,6,69,5.770465
4691,0.1178259342894751,290.45293363011785,8,63,1.1313235
4692,0.1254940154273356,291.0867307165464,8,49,0.0
4693,0.1221027760233824,290.7872829710837,8,51,1.4565427
4694,0.1168399214764052,290.3822583242142,4,53,2.172225
4695,0.1230952092780333,291.08704183162365,2,40,1.11569
4696,0.1157800230731585,290.33158695449873,8,78,1.1342622
4697,0.1120766363439987,289.56303015400425,7,69,1.4721193
4698,0.1220633907889332,291.14268341048324,8,35,1.1141105
4699,0.11729290599948,290.4238327879456,8,60,1.1321945
4700,0.1225369192339438,290.95675508291123,7,45,0.92740995
4701,0.1190248886974825,290.5084394393341,8,67,0.0
4702,0.1105380019609443,289.92531845447246,7,101,3.0042381
4703,0.1229589361363055,290.9673976394008,7,47,2.1652527
4704,0.1114620740285703,290.0220965546445,8,64,2.1760988
4705,0.1243772281529062,291.1727599071692,8,44,3.8163354
4706,0.1250774085109862,291.0211445643408,1,45,0.92740995
4707,0.1218713201854609,290.85113674024524,8,49,1.1216742
4708,0.1220864423441511,290.725737144764,8,50,3.4959843
4709,0.1175760731471763,290.4226856868102,5,50,2.4440827
4710,0.1107011148462376,289.93414550937206,8,66,2.9368749
4711,0.1217984597064715,290.67507055580467,8,54,1.4585909
4712,0.115448234560348,290.311881702016,4,63,3.4019628
4713,0.1128487494891711,290.15358039936586,8,71,1.4685863
4714,0.1099745251269722,289.11749740477217,8,77,2.4713116
4715,0.1145668341322517,290.25874790343227,8,55,2.269247
4716,0.1148646563059831,290.26584427100056,8,64,3.001965
4717,0.1228909001716923,291.1018781876928,4,40,2.4145458
4718,0.1155350209810684,290.3163958471342,8,65,1.4651171
4719,0.1092045835845194,288.9897891914129,7,74,1.8543341
4720,0.1118727013813813,290.1116220568314,8,127,4.3441854
4721,0.1120803868151182,289.85477523483416,8,75,2.2813504
4722,0.1131257164091455,290.17312134477453,8,72,1.4679832
4723,0.122092640619553,290.8224475397873,8,50,0.92740995
4724,0.1201707819543459,290.5896922127095,8,60,0.92740995
4725,0.1202816151929998,290.5970381116275,8,56,1.4600669
4726,0.1207207068916759,291.5374766628033,2,30,1.4432105
4727,0.1190298891767611,290.5206575238461,8,62,3.0003393
4728,0.1227576939355113,290.8797803249936,7,47,0.0
4729,0.1220356639730342,290.8408825184999,8,48,3.362376
4730,0.1191232251267934,290.5215265714594,8,58,1.4612864
4731,0.1123928229270294,290.13224457339766,7,154,0.92740995
4732,0.1103098479963066,289.9431727229809,8,153,6.315739
4733,0.1084144981198174,289.31299420110224,8,131,2.4665627
4734,0.1252369697431199,291.0904796777832,8,43,1.4508283
4735,0.1183204195529866,290.4763871016502,8,61,2.4427114
4736,0.1247501174932172,290.9727602363176,7,51,0.0
4737,0.1163821871666917,290.3682837701248,8,104,2.7802885
4738,0.109728692628266,289.1637469875811,5,76,1.1455069
4739,0.1222988086600742,290.7107468408346,8,56,0.92740995
4740,0.1195322981490647,290.5502121497965,8,61,1.8543341
4741,0.1200366339291628,290.58386651596254,8,61,0.0
4742,0.1088530733645482,289.4051050317411,8,90,6.464861
4743,0.1182339203901321,290.47966992518906,8,72,2.171511
4744,0.1216084502988698,290.64209684724443,8,60,2.1692882
4745,0.1238472911285388,290.89215243205626,8,56,1.4544567
4746,0.1219192189489467,290.9493461680303,5,46,1.453277
4747,0.1236152596595106,290.850821005946,8,58,2.1667533
4748,0.124799356420849,291.35836647482165,1,46,13.569733
4749,0.1237070250531677,290.8412525414739,5,54,2.1667533
4750,0.1188872374625169,290.52082088439937,8,59,5.7067256
4751,0.1252376260847308,291.14247445511995,6,40,2.4133418
4752,0.1169486061552735,290.38672583632643,8,56,0.92740995
4753,0.1252314297205965,291.1466981067347,7,40,0.92740995
4754,0.1223089764400688,290.7617180043366,7,47,1.8543341
4755,0.1251167959593581,291.03558069130435,8,48,1.4518471
4756,0.1177772477758607,290.45378299127754,8,62,1.1315036
4757,0.1127566869625281,290.1309207756628,8,62,3.0039637
4758,0.1223226689708824,290.7235913858859,8,55,0.92740995
4759,0.1145078854793444,290.2561243573309,8,70,0.0
4760,0.1228335074688898,290.76804022510044,8,55,1.4568039
4761,0.1187260878674974,290.5111422558503,7,58,1.1301001
4762,0.1180947771352183,290.4579369263289,5,58,8.707913
4763,0.1159078019609087,290.3404725330695,1,60,1.4652281
4764,0.1230932731729219,290.7792440319026,8,59,4.3621902
4765,0.1241828628377431,291.0437670649846,7,44,2.4175658
4766,0.1233636588784295,291.2210958755407,7,37,0.92740995
4767,0.1100815354498019,289.6028885977491,7,69,1.4711499
4768,0.1217312808144098,290.67501031875565,8,53,0.92740995
4769,0.1241029900025294,291.0300156480712,4,44,1.1172534
4770,0.1235860739236287,290.83341179441265,8,58,1.45527
4771,0.1118738741578847,289.74581319135325,8,76,7.995656
4772,0.1109040787933311,289.959376624313,5,67,2.9367037
4773,0.1098128939099169,289.1172568428045,4,75,2.1794193
4774,0.1108916198761795,289.741750866281,7,70,0.92740995
4775,0.1228339085000773,290.8814888997964,8,47,4.6273675
4776,0.1145224388275543,290.25210099792326,8,60,5.8421593
4777,0.1221294507347358,290.70255381764275,8,59,1.1254213
4778,0.1120614911899352,289.6191074661359,7,68,1.1429974
4779,0.1129149644543068,290.1404984002879,7,107,1.4661725
4780,0.1123935712924115,289.7239186101441,7,60,2.1775239
4781,0.1198505501863949,290.5617667054027,8,61,4.595353
4782,0.1261858497069345,291.18237368040815,8,47,0.92740995
4783,0.1228915614923924,290.77534477766136,8,57,0.92740995
4784,0.1136817184355609,290.2043304263104,8,67,3.5898018
4785,0.1124009619799001,289.90338010397414,8,64,1.4701176
4786,0.1077309667017098,289.0312709346971,8,168,5.1585913
4787,0.1108486616764707,289.3891011737847,8,99,4.9270377
4788,0.1208495712433024,290.61428130736044,8,54,0.0
4789,0.1207233510635762,290.6260647286688,8,65,2.999455
4790,0.1157346923389337,290.3296276849795,4,61,0.92740995
4791,0.108324983976137,289.0773945328052,8,122,5.875378
4792,0.1197482104305437,290.55961485730165,8,55,1.1286505
4793,0.1202556832112814,290.57239215497657,8,67,2.9996064
4794,0.1121712150338415,289.58448112747914,7,69,5.7725534
4795,0.1125198983471019,289.87060093765496,7,66,1.4703575
4796,0.125420494792572,290.97974417214897,8,54,1.1184167
4797,0.1228966784491965,290.7633461669181,8,57,1.4568815
4798,0.115684239067877,290.3259549536458,8,80,2.4498787
4799,0.1227541696277772,290.94470358508863,4,45,1.1192695
4800,0.1213973014884817,290.63080525994764,8,61,2.4357154
4801,0.1166016486196381,290.3739095346981,8,58,4.383619
4802,0.1129451779779827,290.1653781971353,8,67,1.1379329
4803,0.125289443305585,291.09551379340627,8,46,0.0
4804,0.1230763585873327,290.7725481504684,8,60,4.362559
4805,0.1234290490504163,290.8615987994543,8,54,2.2418616
4806,0.1227741665608605,290.9535533179734,8,44,0.92740995
4807,0.1227696877809394,290.93957152922115,8,46,3.4800572
4808,0.1221087071812556,290.7341646308298,8,51,4.3305078
4809,0.1249601825189526,291.0741798480449,8,47,0.92740995
4810,0.1086382124541285,289.3212237830464,8,135,1.4722838
4811,0.1197977296193176,290.553501643477,8,65,2.254836
4812,0.1126680662554606,290.08479284056426,8,63,2.4593918
4813,0.111855885521431,290.1091383200105,7,61,3.0036263
4814,0.1182191532786664,290.46444719456525,8,72,1.4612893
4815,0.1121348615371479,289.8134618489497,8,68,1.1414766
4816,0.122041399911841,290.69346907248496,7,58,0.0
4817,0.1122246759584541,289.6963760597438,7,67,1.1424551
4818,0.1133485238857,290.1678543033811,7,87,2.2696815
4819,0.1243352972928311,291.1702350374191,8,42,2.7802885
4820,0.1219383045146751,290.9464069000503,4,46,0.92740995
4821,0.1253401595381096,291.0227570101297,8,52,1.4520711
4822,0.1225874152225049,291.0738079925404,8,44,0.92740995
4823,0.1191739062621605,290.54117739398407,5,57,1.4612688
4824,0.1248784307874102,290.9608003973951,8,53,2.165366
4825,0.1075225566754676,288.96834237886424,8,184,1.8543341
4826,0.1237750059037836,290.9205360481656,8,56,1.4539211
4827,0.1122372588139979,290.1297111670218,7,66,1.137976
4828,0.1089439344847646,289.4129708600749,8,147,7.361814
4829,0.1242884962108124,290.893821661556,8,56,0.92740995
4830,0.1121016304430506,289.63251668862574,7,67,1.4716914
4831,0.1118211684948819,289.7705970229466,4,75,5.6903687
4832,0.1174220874758079,290.4179502224404,8,54,1.1315573
4833,0.1235422755869153,291.0447017763775,4,44,1.1168208
4834,0.1218412479161778,290.6762182648021,8,51,1.4585648
4835,0.1220826406435409,290.6671570150264,8,60,1.4585763
4836,0.1207759558921442,290.6217466243358,8,53,2.9172611
4837,0.1258613543909899,291.1617629971413,8,44,2.4126515
4838,0.1234317037073737,290.8105088231935,8,59,4.760441
4839,0.118629926524525,290.50459969860015,6,58,2.171221
4840,0.1250888055070752,290.9796990100618,8,54,2.42045
4841,0.1107523902548274,289.9028692274092,4,64,1.4695988
4842,0.1184127271745167,290.4960438148028,4,60,3.0007174
4843,0.1230669830664306,290.79104847103247,4,56,1.122645
4844,0.1219090891370765,290.6876171225489,8,56,2.4338534
4845,0.1258756604913156,291.07743643726195,8,49,0.92740995
4846,0.1234711139266858,290.83590823497144,8,60,2.1669407
4847,0.1074722170279657,288.9388325820124,8,224,2.9463136
4848,0.1220370503192277,290.6969425529699,8,55,2.998815
4849,0.1196982886929722,290.5596653644137,8,62,2.43932
4850,0.1234007664764467,290.8243297933102,8,59,1.4557182
4851,0.1201729775479446,290.5703792623223,8,54,1.4602745
4852,0.1153184161276452,290.3025066909796,8,64,1.1344326
4853,0.1125590342380405,290.1166501423427,8,136,3.7047918
4854,0.1243532181422557,291.0478803875839,4,48,1.451545
4855,0.1245932063286373,290.99616914173083,8,49,1.4525424
4856,0.1223828137292186,291.1359141592907,8,38,0.0
4857,0.1127937648374052,290.1606650864446,8,66,3.7047918
4858,0.1220630985019771,290.94838317147764,4,46,0.0
4859,0.107994047133756,289.00638045139334,8,117,9.272215
4860,0.1127157310356832,290.1488355916916,7,73,2.1745875
4861,0.1103691795464355,289.9013990716484,7,72,0.0
4862,0.1205617508572271,290.5923019000691,8,54,1.1276846
4863,0.1083681736085472,289.1350517865852,8,173,2.4695454
4864,0.122871472115202,290.7363940611318,8,65,1.457244
4865,0.111155427153413,289.5172731022957,8,82,1.4720572
4866,0.1087754900233549,289.3563566914901,8,142,7.3034215
4867,0.1107862859358567,290.02143327530206,8,219,3.5919497
4868,0.1209428236802741,290.6252784482475,8,55,1.4594542
4869,0.1255426285450843,291.0904651372993,8,47,1.1159505
4870,0.1168317874283953,290.38544590586844,8,56,3.5172646
4871,0.1227764235272758,290.9950367498758,8,48,3.8274307
4872,0.1218072414084255,290.90313504582406,7,48,1.4542072
4873,0.1222610591158916,290.80421325287955,4,54,0.92740995
4874,0.1110601379196366,289.80496341696715,8,68,0.0
4875,0.1225403859943024,290.9445679696556,4,46,0.92740995
4876,0.1245783539504007,291.0475649611312,5,44,1.1168753
4877,0.1143790546497065,290.248848724942,8,63,3.8744078
4878,0.1191061587366933,290.5204590014106,8,57,0.92740995
4879,0.125075208188833,291.02783258460454,8,48,1.1174172
4880,0.1122424202958038,290.1299855436128,7,66,0.92740995
4881,0.1224219935473365,290.8034011030134,4,47,2.244874
4882,0.1080519130124514,289.13623361127225,8,181,14.670191
4883,0.1201402993761475,290.589299411443,8,59,1.4602131
4884,0.1098963348578773,289.5661325816743,7,70,1.1424153
4885,0.1099902565809864,289.2960903861139,5,73,2.1787121
4886,0.1219098450034388,290.73543787202215,7,52,2.2486277
4887,0.1221006512427626,290.6682048397116,8,59,2.2510247
4888,0.1241192220809908,290.8767345472849,8,58,2.2406008
4889,0.121517153407362,291.4277353637003,4,28,0.0
4890,0.1219150326865519,290.6997174395868,5,58,1.1246946
4891,0.11877848032112,290.50965280608307,8,61,0.0
4892,0.1220197036761065,291.34876465966136,6,32,0.92740995
4893,0.1080341255547573,289.11844180259584,7,176,2.178908
4894,0.1101035148065197,289.15666837242946,8,78,1.4739026
4895,0.1230895196105007,290.80199452798223,8,53,1.4561499
4896,0.1200780629815823,290.5752276363376,8,54,2.1701798
4897,0.1218850921534746,290.6861655405682,8,56,3.84782
4898,0.1251504629512276,291.073619809465,8,47,0.0
4899,0.1091032846488641,289.3137295647685,8,112,1.472545
4900,0.1124038455130779,289.9420073485288,8,65,0.92740995
4901,0.1227380837289009,291.1213235828365,8,38,1.8543341
4902,0.1158206369237584,290.3275527105896,4,55,1.4643689
4903,0.1196136765071482,290.5607804900568,8,66,0.92740995
4904,0.1217373820031726,290.6796714858437,8,61,2.2495253
4905,0.1223819749260173,290.9948428478049,1,44,1.452402
4906,0.1230112832699432,290.7403176703154,8,63,0.0
4907,0.1108869039820758,289.4394046499891,8,78,0.92740995
4908,0.1114396638656843,289.8848746790728,8,70,3.004488
4909,0.1198559915620925,290.5544183850733,3,54,1.1285443
4910,0.1230361611750076,290.7393675579273,8,63,0.0
4911,0.1248241792992449,290.9456873059368,8,53,2.1655247
4912,0.1231413083408585,291.2194475178292,8,36,1.1123548
4913,0.1219189161002476,290.8215687135789,7,51,0.0
4914,0.1241086432442047,290.88570915379023,8,59,1.4545759
4915,0.1251305369198783,290.95437692459245,8,56,1.1189691
4916,0.1226777742497886,291.0652215157442,8,44,0.0
4917,0.1161790793401533,290.34300923956465,8,59,3.5185633
4918,0.111191894628432,290.0695267457159,8,144,7.464289
4919,0.1109821929031594,289.4437623127156,8,79,0.92740995
4920,0.1122815337269753,289.7665429031075,8,64,3.7047918
4921,0.1117121149911608,289.85335999244813,6,70,4.4028645
4922,0.1214123141754897,290.64133348192826,8,52,1.4590874
4923,0.1108637416503054,289.4341107020222,8,78,1.4724641
4924,0.1149735893217492,290.269761953341,8,65,4.7630258
4925,0.1246503772694494,291.0482068534119,2,44,1.4515674
4926,0.1096424882419417,289.65861852702227,8,80,2.9393404
4927,0.1258916161023822,291.1605316985664,8,48,3.8177722
4928,0.1120974726191562,289.58340829216087,7,67,1.143305
4929,0.1131601746907322,290.17864158958315,8,68,2.2740686
4930,0.1211278907657889,290.62738369350467,8,54,2.4360845
4931,0.1224368903119147,290.70239866277825,8,51,1.4580724
4932,0.1219997932054533,290.685049977317,8,52,0.0
4933,0.1237374629787443,290.8450014127184,5,61,1.4549569
4934,0.1137875933692802,290.20986999392375,4,60,1.1376233
4935,0.1183438846702358,290.48174697101507,8,62,1.4621292
4936,0.1082492184843085,289.06911681207373,8,134,4.7658525
4937,0.1218270051547981,290.98095212223336,8,45,0.0
4938,0.1192563762489958,290.5166026514028,8,67,1.460749
4939,0.1219119849268357,290.7670100264576,8,53,1.4569851
4940,0.1150021477423794,290.2849661340756,8,63,2.9301083
4941,0.1209028310371335,290.6425482694599,8,69,0.0
4942,0.1243575098486596,291.18786936530256,8,41,1.4488738
4943,0.1187378848282772,290.4846475953537,8,57,0.92740995
4944,0.1218898762988178,290.9363613589361,8,48,1.4535395
4945,0.1109125258426744,289.3886895271673,8,93,1.1442935
4946,0.12515575931224,291.0093493511524,8,49,2.4192579
4947,0.1220666116700932,291.2333644467391,8,36,0.0
4948,0.1116809374220875,289.3845496730854,8,73,3.0060384
4949,0.1245976194333192,290.9618474842013,3,50,1.453184
4950,0.112704406298315,290.08315593616777,8,62,1.1395929
4951,0.118436760761789,290.4752788940463,8,71,2.9204924
4952,0.1224102431571954,290.7011515692579,8,50,1.8543341
4953,0.1257292114611938,291.0999480902501,8,49,1.4507004
4954,0.1255960531429846,291.2033256952866,8,42,2.162413
4955,0.1175680980716035,290.4426717990019,8,59,0.92740995
4956,0.1114996368948297,289.22130134247004,8,82,3.556668
4957,0.1192502198021657,290.5324257564039,8,67,3.5048203
4958,0.116372176547875,290.36845053850163,8,60,2.1729813
4959,0.1109530525714864,289.2320751492034,8,109,3.599836
4960,0.1191635752365882,290.54032500571606,4,54,1.1294676
4961,0.1080202947258092,288.99030545619064,8,110,5.045299
4962,0.123310560116893,290.8078040481147,8,57,2.4281526
4963,0.1092445611148855,289.55525525874737,7,118,6.563288
4964,0.1111109681763514,289.418295436819,8,85,5.041525
4965,0.1212070051333046,290.6563933575049,8,65,0.0
4966,0.1132012723789507,288.47637142204104,9,80,0.0
4967,0.1199057449083778,290.5444524291308,8,67,0.92740995
4968,0.1164855419086994,290.37521268780904,8,62,0.0
4969,0.1223303485212169,291.21043207262574,8,37,1.4481564
4970,0.1082877082218872,289.08392025246,8,139,4.572535
4971,0.1177272858648744,290.44441969672494,8,59,5.2978773
4972,0.1149302248745443,290.2806001147822,8,64,1.4660971
4973,0.1145549534588949,290.2587891568762,8,61,5.733378
4974,0.1141493311466695,290.23444970149274,8,72,2.1745324
4975,0.1101838579544724,289.845126020134,7,89,3.8860815
4976,0.1243370351591469,291.1715063659652,8,44,2.8965185
4977,0.1189303023402913,290.5129401547513,8,61,1.4614924
4978,0.1118941607907757,290.1108514827492,7,61,1.468178
4979,0.1227605954590925,290.9835861981018,6,44,2.7802885
4980,0.1156598295876928,290.3193780583111,8,58,4.386068
4981,0.1175170218914793,290.4268503926514,8,63,1.462872
4982,0.1211753554972592,290.6548283586949,8,66,1.4590671
4983,0.1084311186316874,289.30898117139145,8,143,3.4268777
4984,0.1213928334477769,290.66693380591533,8,61,0.0
4985,0.113737772593899,290.2127939604612,8,58,2.271563
4986,0.1220285475552057,290.6907016552627,8,53,0.92740995
4987,0.1244946147382532,291.2331052251439,8,41,1.1122619
4988,0.1240695043598848,291.1699645055665,7,41,2.1627042
4989,0.1208699332634477,290.6357919703248,8,64,2.7802885
4990,0.108609762522314,289.3078170945205,8,132,10.544036
4991,0.1209576687167177,290.62357212170525,8,54,0.92740995
4992,0.1220830376659114,290.72267590044464,8,53,2.9137857
4993,0.1094629902313087,289.27952347779444,7,69,1.14445
4994,0.112293570874494,289.6653893387371,7,66,1.8543341
4995,0.1213783564861493,291.4960962739493,8,34,1.8543341
4996,0.1086701870853137,289.11263519939416,8,95,0.92740995
4997,0.1255095486653561,291.0938850614142,8,45,0.0
4998,0.111423815506671,289.7070293608018,8,77,2.4638987
4999,0.1222671867741471,290.86259070611527,8,48,0.92740995
5000,0.1097972433397584,289.361627258809,5,73,2.2870185
5001,0.1132449804036563,290.1800995200018,8,72,2.2750552
5002,0.1249607649606562,290.96524270295777,8,53,1.4530656
5003,0.1155697539936709,290.30755910238383,8,61,2.9265172
5004,0.1251326531349244,290.99754255603835,8,50,2.1649396
5005,0.1211653849134354,290.63585182787887,8,52,0.92740995
5006,0.1233821413898013,290.8370124192989,8,61,2.1669292
5007,0.1189097316767406,290.4947135030482,8,53,1.1296884
5008,0.1179600146932807,290.45918644260786,8,62,1.1310976
5009,0.1168477290406022,290.386272733136,8,58,2.9250069
5010,0.1184450725383226,290.4952714943688,7,56,3.5808365
5011,0.122279454863684,290.808615389703,8,49,2.244644
5012,0.1240134358556712,290.9005748085043,8,54,2.1661355
5013,0.1176941916621102,290.4297784205338,5,54,3.0009172
5014,0.1219865623880712,290.9849495577822,7,44,1.1181682
5015,0.1232235199307032,291.0851421881146,2,40,3.5623457
5016,0.11534831193417,290.30267599769485,8,64,3.522639
5017,0.1219274749115405,290.7898473075553,7,53,0.0
5018,0.1244364288769476,290.8979596269718,2,55,2.9063847
5019,0.1223051328775611,291.13308401662107,8,37,1.4496658
5020,0.1089172689375206,289.4119415808541,8,104,2.177944
5021,0.1258880050928605,291.283174879293,5,39,1.4474255
5022,0.1218886132505368,290.6826901667352,8,53,1.4584749
5023,0.1087667317962736,288.39206172189256,8,83,2.954502
5024,0.1086174060754091,289.3979782743251,8,131,7.925848
5025,0.1244804198180877,291.1757057136277,8,42,1.1136866
5026,0.1156765322651998,290.3124519034384,8,61,1.1329874
5027,0.1190383868382286,290.5084744022023,8,67,2.4394534
5028,0.1244772949169721,290.9484139143996,8,53,1.1192878
5029,0.1090956486404184,289.17887845922763,7,66,0.92740995
5030,0.1163000985485366,290.365090614089,1,61,0.92740995
5031,0.1227034173265598,290.7424001554588,8,59,1.4570081
5032,0.1100612203369596,289.24939622940434,8,77,0.92740995
5033,0.1093362582814205,289.5410338808173,8,91,2.2837956
5034,0.1182887460882907,290.4859845767953,4,58,1.1307684
5035,0.1122335323996104,289.647013189563,7,68,2.2847989
5036,0.1093937281108753,289.05780648392204,7,79,1.4742379
5037,0.1248537494965838,290.9547019846414,8,55,0.0
5038,0.1122814611061929,289.8162981153734,8,64,0.0
5039,0.1119909316914786,289.63222497054284,8,69,0.92740995
5040,0.1100760685601383,289.8826256044585,8,245,3.004189
5041,0.1129711230741165,290.1404731994486,8,95,1.1355544
5042,0.1228619550239064,291.2013153095653,8,36,1.448409
5043,0.1085664693470832,289.16981223752265,8,154,3.5535314
5044,0.1179525788177673,290.45756322329066,8,60,2.7802885
5045,0.1094029181005508,289.37123286280405,7,65,3.550141
5046,0.1222768765890196,290.80385234638,8,50,0.0
5047,0.1094587265605668,289.5125153163804,8,102,2.9410107
5048,0.1252396944246403,291.00642227356167,8,52,1.8543341
5049,0.1086383347808464,289.2478247887137,8,131,1.8543341
5050,0.1261694144456796,291.15085711889776,8,48,2.4132156
5051,0.1203625983638775,290.5838844458348,8,64,1.1273029
5052,0.1106466042878521,288.3245946029414,8,89,2.3049853
5053,0.1103111091716426,289.23944985127866,8,72,2.1790347
5054,0.1165624226308687,290.37273212431126,8,64,2.1725373
5055,0.123211801172614,290.9170893397124,8,41,4.5508657
5056,0.1107312027350446,289.5638179528395,7,69,2.177787
5057,0.1072576791666201,288.89173239170896,8,207,1.8543341
5058,0.112969767154063,290.1704004900397,8,62,1.137001
5059,0.1235212111549705,290.8065324810671,8,56,0.92740995
5060,0.1229619647989834,291.0513857528961,3,41,3.4719188
5061,0.1259352331665553,291.1177478737855,8,50,0.92740995
5062,0.1174198192795415,290.4257769737321,8,62,1.8543341
5063,0.1247049348793456,291.0510587676621,7,46,0.0
5064,0.1123254339660154,289.7262256811769,8,68,2.1774967
5065,0.1166744191377431,290.3858637818767,8,112,1.8543341
5066,0.1139066446366265,290.22206086438246,8,65,2.1743696
5067,0.1132516655265443,290.16757485470066,7,64,5.952805
5068,0.1198362961052693,290.58718917794704,6,64,1.1284381
5069,0.1123587519523062,289.75264716772995,7,64,2.1773946
5070,0.1219759023495963,290.9815051978616,7,43,1.118256
5071,0.1135177512738907,290.1982734096957,8,68,0.0
5072,0.1126544358759026,289.89099739757535,7,65,1.4702775
5073,0.111463332573955,289.2018784586447,8,86,3.7047918
5074,0.1227969626458796,291.1152245779081,8,38,1.4500784
5075,0.1253662949136505,291.0937950365112,8,47,1.1158456
5076,0.1149514815328712,290.2812568130403,8,62,0.92740995
5077,0.1203342177705363,290.59227119021915,8,54,1.4600551
5078,0.1219080240657801,290.9427916492325,8,45,2.421882
5079,0.1230816782800223,290.75025173546123,8,63,1.4570426
5080,0.1100503170775957,289.1566466407825,8,79,3.6000197
5081,0.120209439540842,290.5955029546995,8,66,1.4601282
5082,0.1182820978829633,290.4652870109465,4,50,0.92740995
5083,0.1251517913790376,290.9596232586207,8,57,1.4531051
5084,0.1218635150021466,290.82380142729704,7,50,2.1671593
5085,0.1154647049936652,290.3108270732692,8,61,1.4649702
5086,0.1152185442411227,290.2980362697371,8,67,2.1736917
5087,0.1116809678097742,290.06180493418185,7,73,3.0032146
5088,0.1223112825773044,290.7697366800397,8,50,2.9981384
5089,0.1141769460753802,290.23467306857725,3,58,2.1746771
5090,0.1105393611357413,289.96565291996166,8,194,6.475447
5091,0.1091423705789237,289.48394230277955,8,103,3.5961583
5092,0.1250046586735127,290.9480084659499,3,53,2.4216316
5093,0.109470811010406,289.1927237071559,7,75,1.1451447
5094,0.1098466453337169,289.8308055721184,8,210,0.0
5095,0.122036040136573,290.8809790825387,7,47,1.8543341
5096,0.1139315608881032,290.2236222126258,7,65,0.0
5097,0.1122816369976534,290.06270082772136,5,71,1.8543341
5098,0.1203957830395016,290.60430493251005,8,60,1.4599413
5099,0.1218865507125343,290.7676624992248,6,52,2.912071
5100,0.1141578984458178,290.21972555464777,8,66,2.449936
5101,0.1226361678118398,290.71753835775485,7,62,0.92740995
5102,0.1234573693651636,290.8034586169093,8,59,2.9977672
5103,0.1228034166607769,291.0212281653069,8,44,0.92740995
5104,0.1229425573797771,291.0381116084969,1,45,2.1643257
5105,0.1131573176007382,290.18091403251907,7,64,3.588219
5106,0.1238086340307544,291.1468920711039,4,44,2.162978
5107,0.1104210717282698,289.41930270421045,5,72,2.7802885
5108,0.1185004224044847,290.4941614083218,8,68,1.8543341
5109,0.1216282591623431,290.63735437429324,8,62,1.1265525
5110,0.1132729555854158,290.1844420317197,8,68,1.1374784
5111,0.1208250559676474,290.6134551260328,8,54,1.1273067
5112,0.1155428481294782,290.3170826950196,8,65,0.0
5113,0.1152563412126784,290.30039807396696,8,116,3.5252223
5114,0.1219102389649748,290.875259233967,8,54,2.2412124
5115,0.1229351287086926,291.21215019873495,8,39,1.4482086
5116,0.1074314356247052,288.95324273917504,8,244,1.4739652
5117,0.1180016015062267,290.46207866012105,8,63,1.1310477
5118,0.1109920286836955,289.83989924236755,7,70,1.4700408
5119,0.1105249950043161,289.71077815919665,7,70,1.1415759
5120,0.111443509330361,289.8541847471436,5,69,3.7047918
5121,0.1219658123100347,290.77195876449485,8,51,2.4301853
5122,0.1221282580514209,290.8127783970814,8,47,2.2444658
5123,0.1260728340981179,291.1598545995139,8,50,2.4128041
5124,0.1122171760300094,289.96746714232813,8,75,3.0043652
5125,0.1111062695642552,290.05141396370215,8,186,5.748905
5126,0.111040755436292,290.03191516358004,8,98,2.1754115
5127,0.1177814155359636,290.4349978339091,8,67,2.7802885
5128,0.1252311703853133,291.08685675107745,8,48,1.8543341
5129,0.1117705379445112,289.83684257372147,8,73,1.4703144
5130,0.1126423687693059,290.15174986543803,8,66,2.4557202
5131,0.1163449786495976,290.3647793499895,8,69,1.4643182
5132,0.1244870609684642,290.9484389011182,8,52,0.0
5133,0.1151151352646468,290.291725348281,8,67,2.4508967
5134,0.1185854107206679,290.49226683490207,8,68,0.0
5135,0.121908913762791,290.79906657167624,8,49,2.2452378
5136,0.1118151680382243,290.08243771115895,8,157,2.2739356
5137,0.1166408175246912,290.3790341126138,8,63,2.4468157
5138,0.1260200980608226,291.1183506047348,8,51,0.92740995
5139,0.1153712145925939,290.3066980936567,8,63,1.4652702
5140,0.1233742419604179,291.22103639634975,7,37,1.1123583
5141,0.1105849512963837,289.6621824978375,4,73,1.4709678
5142,0.1119953546597449,290.11176191379565,8,183,0.92740995
5143,0.1192878536208783,290.5384479359004,8,60,1.4611276
5144,0.126165217137273,291.02455490357056,7,109,2.9957807
5145,0.107606170967928,288.98640965562265,8,217,0.0
5146,0.1130087339355074,290.1717752705806,7,61,4.343501
5147,0.1131908077619641,290.177539947694,4,70,1.1379526
5148,0.1229088363434978,290.7796243656481,8,55,2.1676667
5149,0.1229368889474242,290.9919108210114,5,44,2.1649303
5150,0.1158876794416465,290.33423256936595,8,64,1.4644885
5151,0.1118535718022766,290.0727710396287,8,68,2.2778041
5152,0.1220880987150432,290.702192817668,8,57,1.8543341
5153,0.1225035568435099,290.72064230421586,7,57,3.4946256
5154,0.122609100331312,290.73938452465694,8,57,1.4570253
5155,0.1079315689672392,289.112478185135,7,121,11.044438
5156,0.1202815221843256,290.5744602225725,8,56,2.4380946
5157,0.1197650839077123,290.56636905404,8,60,0.92740995
5158,0.1241765870660321,290.8864100490925,8,56,1.4544511
5159,0.1112443909012462,289.94102089242784,8,65,1.140118
5160,0.1210528087742864,290.612984144576,8,67,6.7169333
5161,0.1107650155178096,289.17744155834094,0,117,5.045128
5162,0.1185650234412253,290.497945828572,8,69,2.1712527
5163,0.1218261333662849,290.93932684497696,8,48,1.1193465
5164,0.1185972334547086,290.4948720179477,8,59,1.1301993
5165,0.1089510183815771,289.2072362897914,8,95,4.5699778
5166,0.1178809359972853,290.4354664587247,8,59,0.0
5167,0.1099861842709107,289.10473958899166,8,79,2.179519
5168,0.1119865272631954,289.73378742643786,8,73,3.005026
5169,0.1122218343452966,289.66693074712225,7,69,2.9411035
5170,0.1117491139724621,290.10151098174885,8,70,1.468501
5171,0.111376681681238,289.29196605619387,8,94,1.4735615
5172,0.1189621585423616,290.5270345327882,7,53,1.1297647
5173,0.1188704362023174,290.52202046894763,7,57,0.92740995
5174,0.1086224565164113,289.148092775701,8,94,4.6273675
5175,0.1128542439004581,290.11845527506455,7,62,0.92740995
5176,0.1212330155451379,290.6593112311814,8,67,1.1265073
5177,0.1222431913242347,290.9443465404187,5,45,1.1192439
5178,0.1101411862101986,289.8590566794459,8,208,2.937193
5179,0.1245594102811427,290.9399291734744,8,52,1.1194675
5180,0.1212415265248927,290.63324851501017,8,54,3.8714523
5181,0.1098124496092626,289.42375201993565,7,74,0.0
5182,0.1205048182881966,290.610186557947,5,60,1.4589711
5183,0.1108072779314277,289.34932147620367,8,79,1.1445583
5184,0.1197169604537432,290.56614535516786,7,65,0.0
5185,0.1246330318033521,290.91897345081,5,56,0.0
5186,0.1157082547780525,290.32741708397174,8,82,0.0
5187,0.1226060312791601,290.7433078311124,5,44,0.92740995
5188,0.1172472827477486,290.40130994733323,8,64,2.4443095
5189,0.1231345527186755,290.7620097937845,8,62,1.4568672
5190,0.1190000791217885,290.5229480961308,8,62,1.8543341
5191,0.123072056701162,291.00152449252624,8,46,2.1648118
5192,0.1239659214462978,290.86346733668086,7,59,0.92740995
5193,0.1109670584015099,289.337102094243,8,100,1.4731119
5194,0.1197368732147681,290.5641815377242,10,60,2.9194026
5195,0.1118424225754094,289.8015804394472,8,75,1.4705515
5196,0.1080963264081055,289.14119914591987,8,154,2.4690766
5197,0.1098832320848144,289.71769333363835,7,76,3.8756547
5198,0.1119591589803113,290.05274680287096,8,68,1.1395415
5199,0.1250841038356152,290.97751099385107,8,54,0.92740995
5200,0.119469903410338,290.55964556359726,4,58,2.4398813
5201,0.1221267306291523,290.73417415671986,8,51,2.168347
5202,0.1229899914605265,291.1679841316843,7,39,1.1136256
5203,0.1263046581122486,291.1943399981558,8,44,0.0
5204,0.1220540900891607,290.86140285427933,7,48,1.8543341
5205,0.1222430922554792,290.71142888253064,8,57,1.4579943
5206,0.1111767900411074,290.0396124952794,8,95,3.0035315
5207,0.1107565970037492,290.0169643347853,7,166,4.6385717
5208,0.12812630231321,291.2597705136177,8,50,1.1121941
5209,0.1178774591650634,290.43610756744994,8,62,1.4622061
5210,0.1200188413506057,290.59645817109185,8,64,4.597681
5211,0.1254382761958361,291.144608052878,8,46,0.0
5212,0.11473719845978,290.26964802008547,8,65,2.9300604
5213,0.1199001006538558,290.57466024367653,8,60,1.8543341
5214,0.1126497354510109,290.0544475658752,8,64,0.92740995
5215,0.1097814226291578,288.5293525238752,8,83,4.357615
5216,0.1262940955976107,291.16469137361474,8,44,3.3393657
5217,0.1261575477304784,291.2483234754254,8,42,1.1121941
5218,0.109143621932397,289.477849689639,8,104,7.3596306
5219,0.122985875176739,290.79153577294903,8,56,2.2453046
5220,0.1180281001182992,290.4466248949845,8,54,0.92740995
5221,0.1223004122344056,290.7653925004673,8,46,3.3680992
5222,0.111631685013021,290.0965340561763,8,60,2.9348865
5223,0.122493994689472,290.7983014482978,1,45,2.2451115
5224,0.1122070579038769,289.6459309223269,7,65,1.4716449
5225,0.1265863073067311,291.22169467799904,8,45,2.2250001
5226,0.1245033533365852,291.15987006959807,4,40,2.4123333
5227,0.1227195364562007,290.84767206368383,8,46,2.4264286
5228,0.1103545797978588,289.9812053742099,8,194,5.9912963
5229,0.1191450920265259,290.50646441611366,8,55,2.1707911
5230,0.1222313236418812,290.76291460264025,8,50,2.1679502
5231,0.1219390457844129,290.6595800194221,8,56,1.8543341
5232,0.122067599148045,291.18888297793086,8,36,2.1622767
5233,0.1259336502640977,291.24184468227133,8,42,2.4090636
5234,0.1104561140923804,289.385340136428,5,73,7.3042502
5235,0.1181324182319559,290.47098771473344,8,68,1.4623805
5236,0.1081081916469273,289.2117958788613,8,193,9.195146
5237,0.1226614865678762,290.7656989979501,7,61,1.456382
5238,0.1117965094274321,290.0699502875487,7,78,2.4549022
5239,0.122876680477275,290.77527833216004,4,55,0.0
5240,0.1219183824494286,290.8234733120213,8,49,0.92740995
5241,0.1136843216997251,290.20692838671465,8,71,0.0
5242,0.1223156016741379,290.7725625525946,7,50,3.4923449
5243,0.1223172868107414,291.0750360899572,5,40,0.92740995
5244,0.1221745734678167,290.81563382315835,7,49,2.7802885
5245,0.1219115138505886,290.8338209445592,8,51,1.1221296
5246,0.1212249110780473,290.64633363241285,8,54,1.4591281
5247,0.1221381226570774,290.69136135724733,8,51,1.1255938
5248,0.1256907131171421,291.1217106584867,7,48,1.1152093
5249,0.1145115068991234,290.2554852774685,8,59,1.4656276
5250,0.1072677667963794,288.8967672425153,8,223,5.7865667
5251,0.1163439310986402,290.35162454520525,8,73,4.3376822
5252,0.1228295276957185,291.2094522557222,8,37,2.8946457
5253,0.1218931983246633,290.767869050446,7,50,3.3682108
5254,0.1232440404046831,290.98129011670306,8,47,7.461295
5255,0.1218570234647871,290.8407355682068,4,48,1.1219517
5256,0.1227385698723534,291.01124124176647,8,44,2.995839
5257,0.1153644673802544,290.2937863183873,8,63,0.0
5258,0.1091638736312926,289.1415071322665,4,70,3.7047918
5259,0.1224238022550074,290.954348361789,2,47,0.0
5260,0.1252704238056572,291.0147921707943,8,52,1.4522113
5261,0.1155006824832297,290.3119385770012,8,57,2.4492202
5262,0.126517606095554,291.10343314302685,8,62,4.549048
5263,0.1219198313885718,290.8043043415411,8,52,2.4286187
5264,0.1124077580807255,289.73384884210657,7,67,0.92740995
5265,0.1200126179238251,290.58586605844687,8,61,1.460333
5266,0.1087063122520418,289.13216469955404,8,99,2.9450579
5267,0.1200828673104858,290.58936980605534,8,69,0.0
5268,0.1081733136466437,289.14586347476086,8,150,2.7802885
5269,0.1258398444109162,291.0084103607952,8,55,0.0
5270,0.1156041128578735,290.3208986053593,8,68,1.8543341
5271,0.1225163906733053,290.7365380078985,8,58,2.4305778
5272,0.116141693426696,290.338894688476,8,62,1.1320179
5273,0.1140636458423614,290.2309554809783,8,65,2.2713373
5274,0.1226728544185515,290.84104714165613,5,43,0.92740995
5275,0.113246174065515,290.1841173958276,4,61,1.467297
5276,0.1189197047723868,290.5255292649475,7,56,3.3859918
5277,0.1245100320940169,290.9483501565504,8,51,0.92740995
5278,0.1106467973385744,289.6061997527205,4,68,1.4713292
5279,0.1096096857184004,289.71082292286627,8,231,2.4619813
5280,0.1139818717264699,290.205969886676,8,64,4.387739
5281,0.1233465285140495,291.039812779631,5,44,2.4175591
5282,0.1120937143507486,289.86527244909234,8,74,3.5940971
5283,0.1187997886446991,290.5099612165912,8,62,3.5104625
5284,0.1115275236626852,289.7482043622551,8,76,1.8543341
5285,0.1108404450446851,289.66138548430035,4,68,1.1420968
5286,0.1129948546085017,290.1282269954274,4,62,1.1393523
5287,0.1101228982163184,289.2125417344496,8,76,1.1453177
5288,0.1080231554467412,289.1601690933336,8,212,11.217342
5289,0.1176840666975065,290.4406386968816,8,60,1.4627861
5290,0.124039349041601,291.37249254598544,2,36,1.1095347
5291,0.1077149178666723,289.04258606620016,8,209,2.7802885
5292,0.1097460357754476,289.8125283390207,8,260,1.8543341
5293,0.1249183662361767,291.0092473456371,7,48,0.92740995
5294,0.1115430012138047,290.0546170527543,8,64,3.5376492
5295,0.1198379915786686,290.5703550262505,8,60,2.1703255
5296,0.1100698941721055,289.8758620304001,8,250,4.5505805
5297,0.1128723464850406,290.1625264057235,5,61,9.735619
5298,0.1220844559326087,290.7388998985997,8,52,0.92740995
5299,0.1152106354922981,290.2973181646606,8,58,5.149312
5300,0.1084755049760377,289.26316876596724,8,195,4.350593
5301,0.1223346945068977,290.6989446286107,8,48,1.4581418
5302,0.1124290142988976,290.13475324874616,8,68,1.4684491
5303,0.12049630180847,290.597110476283,8,61,0.0
5304,0.1154117213104127,290.3080187037977,8,61,1.1343435
5305,0.1219111184648705,290.89428276201807,8,50,1.4543886
5306,0.1148747434633845,290.2620150250708,7,60,1.1334734
5307,0.1077840520038697,289.0593698474636,8,168,3.8988147
5308,0.1119963512747747,290.07842118224465,8,68,0.0
5309,0.1223843611190289,291.13633463823675,8,41,0.0
5310,0.1116543402578867,289.7167608733001,8,73,2.7802885
5311,0.1223429964147795,290.73889506736384,8,54,1.8543341
5312,0.1112527497311372,290.024546714727,8,66,1.1394902
5313,0.1251065876946001,291.0702206505735,7,47,1.4511961
5314,0.1218534944075656,290.8582044842308,8,50,2.2421124
5315,0.107254845660848,288.89498109138844,8,230,5.547545
5316,0.1228936717918699,291.1136189915351,4,40,0.92740995
5317,0.1208162028104947,290.6205665044955,8,53,0.92740995
5318,0.1216599746368089,290.6494630623,8,63,0.0
5319,0.1098041702764473,289.0988033335584,5,78,1.474147
5320,0.1218731597372854,290.819841007466,7,52,3.4890003
5321,0.1160540555882347,290.3336867681653,8,65,0.0
5322,0.1222795922498306,290.7969418813981,8,49,1.12305
5323,0.1221101922844616,290.791396312599,8,53,2.911039
5324,0.1219710057416863,291.0651926252517,6,44,4.8234916
5325,0.1216975534898431,290.6769373514628,8,58,2.1686358
5326,0.1173579067946821,290.4202270983227,8,61,4.6273675
5327,0.1222742648398398,290.9077976524148,4,45,2.4235964
5328,0.1218389369296115,290.908183728359,8,47,0.92740995
5329,0.1096160528973314,289.68798040795565,7,217,1.4703729
5330,0.111517048689723,290.02634528164646,8,64,3.538241
5331,0.1258190702236795,291.15262150785094,8,45,1.1144738
5332,0.1103359880138787,289.1114463314676,8,78,2.946614
5333,0.1174560586009325,290.43668449969647,8,62,0.0
5334,0.109817795018273,289.6921095345178,8,69,2.4628253
5335,0.1176554400864683,290.44248169602884,8,62,1.4628928
5336,0.1185635323105544,290.48731587342,8,60,5.7083282
5337,0.1110638448680186,289.6889697306931,8,71,0.0
5338,0.1129460176770027,290.158578057354,8,63,0.92740995
5339,0.1146044363617961,290.2446257522085,8,60,2.1730175
5340,0.1250295675156051,291.00946822444826,8,50,2.1648118
5341,0.1093850079003763,289.133589618078,4,73,3.0063653
5342,0.1230547071279486,290.79560212590934,5,60,1.4558553
5343,0.1199716745605226,290.5591686256351,8,51,2.1702743
5344,0.1099659224584861,289.5746750347217,9,74,4.9201097
5345,0.110933043488231,289.46793379458114,8,77,1.4722807
5346,0.1240520467697774,290.92409038635583,8,56,2.238851
5347,0.1074314290936738,288.94230502489927,8,183,5.663226
5348,0.1121762201768915,289.9269908661394,8,80,0.92740995
5349,0.1109875703349884,289.5164403518464,8,76,0.0
5350,0.1108734030228861,289.57023035014646,8,75,1.4716294
5351,0.1171193604371213,290.39425668618026,8,62,1.1315534
5352,0.1233082511660925,290.82671793572854,8,57,2.1670594
5353,0.1234893751365186,291.07451954644176,5,44,1.8543341
5354,0.1244241432503147,290.89619114849285,5,56,0.92740995
5355,0.1252640479526287,291.09536922795854,8,44,2.995178
5356,0.1252311712799413,290.9840960913873,8,54,1.4527194
5357,0.1180801715207226,290.4669800183259,8,68,2.7802885
5358,0.1229887298816364,290.47528941179905,8,105,1.4582113
5359,0.1245178256232694,290.956324454293,7,54,3.4791803
5360,0.1157600387125398,290.3299576142125,8,62,1.1341887
5361,0.1113571872615129,289.33945539563314,8,103,5.158132
5362,0.1177645940394339,290.45218482500854,8,60,1.131496
5363,0.1122923212349025,290.1207139979126,7,80,5.959557
5364,0.1234127042976979,291.0970830325112,4,35,13.054487
5365,0.1221037384805273,290.7353727101224,8,54,2.4318674
5366,0.1221744434671995,290.9025853410882,4,48,1.1203238
5367,0.1100775629333316,289.14679954642435,8,76,1.4739558
5368,0.1228724336633702,291.1100413826023,4,40,1.1150721
5369,0.1095057058142438,289.72617967636114,8,278,4.4021215
5370,0.1210170941976922,290.6179790330856,8,66,3.5010414
5371,0.1235522420983263,291.0780811941583,8,44,3.822186
5372,0.1133159541124054,290.18468041487904,8,73,0.92740995
5373,0.1107798352339527,290.0164348765825,7,167,1.8543341
5374,0.1091758820057022,289.55229576903645,8,83,3.7047918
5375,0.1221311799433531,290.72453089296664,7,52,2.9136817
5376,0.1107883726218783,289.70458045416615,5,67,1.1417389
5377,0.124479222557159,290.91265918660184,2,53,0.92740995
5378,0.1159152506162877,290.3261902235013,8,55,2.2645583
5379,0.1257525970210284,291.15476511699734,8,48,2.8975055
5380,0.112759868165695,290.13550623542204,8,60,3.8750556
5381,0.1122959880819714,290.11884231329475,8,87,0.92740995
5382,0.1227415624760741,291.10139432420164,8,40,1.1152743
5383,0.1189158607064848,290.5113025721979,8,67,2.4387805
5384,0.1189966126169809,290.5090545646309,8,64,2.9999828
5385,0.1154923409490457,290.3091966395522,8,58,3.3979762
5386,0.1094579371861188,289.56143826455013,8,106,3.4231431
5387,0.1118592653480943,290.10693846110945,8,63,1.8543341
5388,0.1149151203852848,290.2800771084373,8,68,1.4658953
5389,0.1116602088817912,289.4171506790209,8,71,2.2879634
5390,0.1124357096345712,290.0131716569329,8,115,2.27916
5391,0.1218098924047954,290.90652107727266,8,48,2.9968216
5392,0.1103518091508889,289.98126236226256,8,194,1.1389703
5393,0.1230369028481674,291.00165945599423,8,44,1.4523206
5394,0.1249209486292159,291.1014019485241,2,46,2.899321
5395,0.1119541259136887,289.7819630639264,6,74,2.939488
5396,0.1127804349606472,289.9953768090512,7,63,0.92740995
5397,0.1169890248698231,290.40346156923897,8,69,1.8543341
5398,0.1185404186394262,290.2235191806716,7,67,2.44872
5399,0.1254927576787847,291.13839143231155,8,43,0.0
5400,0.1109639882883462,289.47514968719673,8,79,2.286339
5401,0.1159616296391291,290.3285981255957,8,59,2.9255116
5402,0.115551396049223,290.3174174814617,8,62,1.134421
5403,0.1198147048429811,290.5555759552037,8,57,2.2562969
5404,0.1257704666196376,291.1227683898452,8,52,4.5471625
5405,0.122135800820373,290.8748054435241,2,48,0.92740995
5406,0.1090806111857352,289.4535139046266,8,134,6.850345
5407,0.1219670350046605,290.84785171823694,8,52,4.3585024
5408,0.1220682175461692,290.7426341865369,4,53,2.9984214
5409,0.1221539957016589,290.7377612940812,8,51,1.1245936
5410,0.1243711315262555,291.0293962210992,7,49,4.759208
5411,0.1181103080944222,290.46740501692585,8,61,0.92740995
5412,0.1219700737301832,290.70162613572666,5,59,1.4575784
5413,0.1220307185066662,290.82266716623184,8,50,1.8543341
5414,0.1122548364149645,290.1262043075194,5,66,3.8818245
5415,0.1119426247636326,289.51572840250776,8,71,4.4093413
5416,0.1182486379983291,290.4802888248507,8,70,0.92740995
5417,0.1111546279207221,289.8286005182164,5,68,1.8543341
5418,0.1218427773699955,290.6852525668901,8,56,1.1258153
5419,0.1171174914225187,290.41012531100165,8,65,2.4459338
5420,0.124640705685903,291.2355893345572,6,41,2.7802885
5421,0.1224364613158073,291.05004923524905,5,39,5.9746275
5422,0.1098535738290103,289.1862525701313,5,77,1.4736178
5423,0.1247929759315801,290.9836242687128,7,50,1.1184605
5424,0.1126268260877598,290.1216762088152,7,117,4.897033
5425,0.1143814191478039,290.2489999950347,8,65,1.4662659
5426,0.1202082405469077,290.5862501105446,8,53,1.8543341
5427,0.1251257506698484,290.97947188769587,8,52,1.8543341
5428,0.1255497186695844,291.06378072019027,8,48,2.1641555
5429,0.1253958533029011,291.0936745874023,8,49,0.0
5430,0.1091320810934434,289.2669224268056,8,86,2.468319
5431,0.1219948643587846,290.7388024716104,8,53,1.457541
5432,0.12349843766213,290.8268087511407,8,56,1.121811
5433,0.1237932438555635,291.14818411649685,4,44,2.1629593
5434,0.1162910093617771,290.34590269563614,2,60,1.8543341
5435,0.1101025439470592,289.4476360747877,8,71,1.4720975
5436,0.1198089082096817,290.55523639780904,8,59,2.4391098
5437,0.118451916662254,290.48662395557994,8,61,0.0
5438,0.110489668577463,289.9935307994582,8,148,3.7047918
5439,0.1206085433255024,290.5955649937934,5,52,1.127624
5440,0.1126346791987947,290.1520022096708,7,63,2.273076
5441,0.1229183958934918,290.7613865046617,8,58,2.2461596
5442,0.1163712526516667,290.3597802336321,8,56,2.1726015
5443,0.1108498270260528,289.7764272771863,6,69,1.1412108
5444,0.1231434443631735,291.0027971639465,8,47,1.4523066
5445,0.1258272237422197,291.04607894362204,8,52,1.4516456
5446,0.1219360939139846,290.94857726728026,7,47,2.9964128
5447,0.1197192596507149,290.568894261891,8,66,1.4606552
5448,0.1269631943025976,291.1085248699096,8,80,2.4150856
5449,0.1250635973773919,290.9956314060611,8,48,1.8543341
5450,0.1218680620778793,290.9041528538657,8,47,3.3574078
5451,0.1082157856351496,289.17359631482003,8,217,8.59076
5452,0.1189341932938149,290.51766629464737,8,64,1.8543341
5453,0.1220485424265505,290.8415396686787,8,48,2.1669102
5454,0.1203013518796482,290.57646650712746,8,52,1.1280137
5455,0.1092721407008015,289.56967854756226,8,86,7.7449765
5456,0.1220681018090491,290.6991074785885,8,58,3.4976375
5457,0.1260964933292678,291.19004812825546,8,46,0.0
5458,0.1247124930806906,290.9220368410429,6,54,0.92740995
5459,0.114898993187554,290.27864588705984,8,60,0.0
5460,0.1148923374154796,290.2783620270372,8,68,1.8543341
5461,0.1174933734098022,290.42856026598525,8,61,2.262401
5462,0.12149815991676,290.64374178241786,4,47,0.0
5463,0.1095786572781051,289.7011071963381,8,242,4.764786
5464,0.1098202621408128,289.4768020759871,7,74,2.2852373
5465,0.1220884795481251,290.8550557198379,7,47,2.1667266
5466,0.1126823136710739,290.15461457501,7,65,1.8543341
5467,0.1241801883677128,291.1614954208741,7,43,2.9945102
5468,0.1185692039375866,290.48243736166023,8,70,0.92740995
5469,0.122250525834472,290.88169233835816,8,48,2.2408807
5470,0.1235189247685656,290.8284141003782,8,57,1.1217741
5471,0.112287327994645,290.12816775077613,5,65,1.8543341
5472,0.1220722851665116,290.78749241947776,7,52,2.1676397
5473,0.1185929109979463,290.48515678154604,8,71,1.1291367
5474,0.1096027942399336,289.3858332110419,4,65,2.7802885
5475,0.1086049146819215,289.0976580161296,8,90,2.4703047
5476,0.1123621486318344,289.77545623305065,7,62,0.92740995
5477,0.111951641170867,289.68003257710484,8,69,0.92740995
5478,0.127097998772715,291.12653577834334,8,68,0.92740995
5479,0.1101747484135402,289.57380680745746,7,72,1.8543341
5480,0.1151283224937103,290.28950680074547,8,58,0.92740995
5481,0.1142005678066073,290.23866986720475,7,63,2.7802885
5482,0.1218973360609569,290.8519106121409,8,51,4.327365
5483,0.1228377586595803,291.16789993943974,4,40,1.4490556
5484,0.1181670293401243,290.4752527615778,8,72,0.92740995
5485,0.1153914304447082,290.3026689951366,8,56,3.585048
5486,0.1116694169238169,289.3276279621216,8,77,0.0
5487,0.119395887473125,290.5247174724406,8,67,0.92740995
5488,0.1125255523631498,290.0192415817006,8,67,1.1400192
5489,0.1192783068362537,290.52699013489433,8,68,1.1282752
5490,0.1188407198201241,290.50561400732244,8,59,2.2588189
5491,0.1196054584979192,290.55456512373985,8,60,0.92740995
5492,0.110668464061394,289.90467957197325,7,69,2.460502
5493,0.1262857418551794,291.21033688223304,8,43,0.92740995
5494,0.1218391223169998,290.8246971509004,8,47,0.92740995
5495,0.1187729380160124,290.51982937086467,7,58,2.441865
5496,0.1177161305905591,290.4399652800828,8,60,2.2617426
5497,0.1120462091845851,289.9432450602165,8,71,3.5933013
5498,0.1240770886667762,290.98715486208374,6,48,1.1183107
5499,0.1102746823505625,289.9699218559242,8,183,2.4582474
5500,0.1109316758845136,290.01982531103107,8,70,2.4570477
5501,0.1220984771885105,290.74025015760145,8,54,0.92740995
5502,0.1221933099368279,290.88154665632374,7,49,1.4546498
5503,0.1225549503004025,290.7484857953734,8,49,3.8436825
5504,0.1143057125894565,290.2445562918308,8,70,4.5352793
5505,0.1246061357802537,291.16153795110165,8,42,2.1628575
5506,0.1254209805960774,291.1103371977424,8,44,0.92740995
5507,0.1123105942242757,289.73786725238097,7,67,3.5955033
5508,0.1262634144982984,291.1800300108856,5,47,3.33828
5509,0.1231827981673654,290.75725426718475,8,61,2.1679077
5510,0.1210158213467833,290.64601195076307,8,60,2.9165752
5511,0.1175847972596335,290.44183029550686,8,64,1.4630648
5512,0.1113118169682538,289.2797430328776,8,104,2.9452763
5513,0.1084636211521911,289.3045475398668,8,188,2.1781995
5514,0.1121907362404111,290.1132191441436,8,69,0.92740995
5515,0.1102310411211901,289.40038881562464,5,71,2.17834
5516,0.1243865314972903,290.90514790493444,8,56,1.4541023
5517,0.1207358924462365,290.6147073228504,8,54,0.92740995
5518,0.1073953957068476,288.9209529013747,8,205,4.6273675
5519,0.1159351097399369,290.3329547460048,8,56,1.133265
5520,0.1256733154975509,291.18145404274617,1,43,2.4117105
5521,0.1198169104853134,290.5669652094352,8,61,0.0
5522,0.1223897190506409,290.7983040954409,4,48,3.3655603
5523,0.1107184228103126,289.3099896645246,8,75,3.8978002
5524,0.1127304287204686,289.9922825654055,7,61,1.4696785
5525,0.1200815144659269,290.5827176583711,8,57,2.255494
5526,0.1245888565367613,290.9804275446445,5,50,2.9038093
5527,0.122056572830318,290.71509943722924,8,53,4.5861773
5528,0.1193633934465887,290.54538797902694,8,68,2.25745
5529,0.1101541440196235,289.7346440402805,7,66,2.7802885
5530,0.124115471683797,290.87649612615405,8,56,0.92740995
5531,0.1239892842972984,290.9170800962417,8,57,4.8379297
5532,0.121915617001211,290.7650737780151,5,50,0.92740995
5533,0.1229103728913075,290.7646149339606,8,58,1.4568557
5534,0.120832899725753,290.6372154149342,8,70,0.92740995
5535,0.1184885976163366,290.4898975016256,8,63,3.58063
5536,0.1251854062730773,290.9961498059087,8,52,1.452534
5537,0.1116626659914254,290.1003842867069,8,169,2.175352
5538,0.1198932580196252,290.56004653276625,8,57,4.374002
5539,0.1182906137757302,290.47335565440176,8,69,0.92740995
5540,0.1140527400274272,290.21819860776566,7,67,3.4010222
5541,0.1128497860663983,290.1538257310267,8,90,3.7047918
5542,0.114368828694653,290.24778217589164,8,59,1.465805
5543,0.1216252596737707,291.39407395871694,8,35,0.92740995
5544,0.1241858359911268,291.05485910372005,7,46,1.1166465
5545,0.1106182027393064,289.2453624153111,8,77,1.1453056
5546,0.1208245092869736,290.6161964227341,8,54,0.0
5547,0.1157047751181055,290.3246637003322,8,62,1.4647397
5548,0.109845516651042,289.81209764453206,8,206,3.875359
5549,0.1222413020296065,291.18617341422424,8,37,2.4103885
5550,0.124116981511242,291.1774037032742,4,42,1.1135825
5551,0.1114861206318483,289.2855642748685,8,88,0.0
5552,0.1241420983847083,291.18176171483884,5,41,2.4112144
5553,0.1145834980034299,290.2425966033895,8,62,3.8734205
5554,0.1220877515698209,290.78544644816304,8,53,1.1233811
5555,0.1252681641234967,291.0288710267515,8,52,2.9957726
5556,0.1238692427781081,290.9509056698487,8,55,0.0
5557,0.1127238805362967,289.9517242212709,7,66,1.1406361
5558,0.1233149422156963,290.8488855559874,8,59,2.9086592
5559,0.1220733207672192,291.20118071726074,8,35,2.1621149
5560,0.1260101460117017,291.1605916597987,8,48,1.8543341
5561,0.1196803975856457,290.562464880188,8,60,1.460705
5562,0.1165495451164215,290.3641394838694,8,73,2.4442952
5563,0.1123230189759022,289.7001706428161,7,66,2.4647605
5564,0.1123065444482122,290.1222605454638,8,71,1.4687665
5565,0.1233701967908104,291.06117028498284,4,45,2.1640527
5566,0.1104854672175432,289.7629786019272,8,65,0.0
5567,0.126184677556064,291.0258447967664,7,108,4.987724
5568,0.1180227602212923,290.4618187993563,8,61,3.3894525
5569,0.112008248178567,290.1140251735634,8,69,3.4127877
5570,0.1083862084326509,289.1590112597656,8,172,8.121656
5571,0.1082742384172302,289.26488590569846,8,164,4.3502755
5572,0.1257524239936735,290.99692006280475,8,55,1.1180186
5573,0.1216649186513904,290.6629799806913,8,54,1.1262175
5574,0.1261317261854881,291.13248550546666,5,48,2.4140067
5575,0.1094423465739037,289.603649392145,7,92,3.875828
5576,0.1181638145132104,290.47157601125605,8,63,2.171527
5577,0.1166336109965363,290.3820639372565,8,69,1.1330067
5578,0.1206475524073012,290.62371826137576,8,60,2.7802885
5579,0.1260855059659555,291.21247266762106,1,41,1.4486399
5580,0.1096881010968563,289.6669609322142,8,82,0.92740995
5581,0.1171955727912014,290.4082411680033,8,65,1.4631835
5582,0.1198308560255731,290.5677148610327,8,67,2.9173427
5583,0.1230858849113826,291.0045160079027,8,45,2.9959164
5584,0.1146672484725045,290.2513881178444,7,63,1.4647337
5585,0.1183630024207297,290.47081998657745,8,54,2.7802885
5586,0.1197891192249819,290.56110730805307,8,53,0.0
5587,0.1219042390561652,290.89169664326266,8,50,2.4243572
5588,0.1205317958689502,290.6081006701282,8,58,3.8525372
5589,0.1123630635459959,289.7408793146862,7,66,1.8543341
5590,0.1224806513090816,290.74410568487417,8,49,0.92740995
5591,0.1219034611007086,290.8061535558588,8,50,2.1673992
5592,0.1229410628125779,290.8604327926453,4,44,0.92740995
5593,0.1095454833333676,289.5422532294924,8,92,1.4713292
5594,0.1223444656145017,290.8912745724176,6,47,0.0
5595,0.1121699366657267,289.922733140357,8,80,1.1406322
5596,0.1111519963681349,289.78407128323346,8,71,0.92740995
5597,0.1139207404876232,290.2182563803052,4,59,1.1373883
5598,0.1261182212534997,291.1947626744603,8,47,3.5595264
5599,0.1241876126416277,290.9491330680088,8,53,1.1192511
5600,0.1274249394027163,291.14340228355536,8,80,2.1632466
5601,0.1262374305342836,291.15830738632144,8,44,2.1630278
5602,0.1079734724143144,289.0337376730752,8,128,0.92740995
5603,0.1126842906144203,289.9186737214921,7,63,1.8543341
5604,0.1223812649388186,290.6992673933979,8,51,2.4331744
5605,0.1223482149497413,290.7029753067232,8,47,0.92740995
5606,0.1196096940703289,290.5314172779139,8,66,0.92740995
5607,0.1187854171525096,290.50939932811946,8,63,0.92740995
5608,0.1196776836095563,290.5562433632145,8,53,1.1287416
5609,0.124657233690773,291.0694127251945,8,47,2.900477
5610,0.1228043977887406,291.2077587194537,8,37,0.0
5611,0.1104674214922864,289.5888435963364,6,73,2.4648123
5612,0.1125114808262644,290.14451278854733,8,64,0.0
5613,0.1123005823326409,289.79126390064584,8,64,3.0049055
5614,0.111712961788731,290.07831394346044,7,141,5.318819
5615,0.1089552887036755,289.04753933731206,7,71,4.575034
5616,0.1259152323112299,291.1358791766684,8,47,1.114899
5617,0.1125647293718207,290.1403102235707,7,83,2.9321034
5618,0.1219446137974979,290.88654974538497,7,49,1.8543341
5619,0.1227070848087211,290.7205924627383,8,62,0.0
5620,0.1243184121312577,291.010664192591,8,46,1.4522505
5621,0.111261142769904,289.9978199840749,8,67,3.4154859
5622,0.1218840124469741,290.8380987838809,8,51,2.997496
5623,0.1113906124005524,290.0727552869,8,176,2.1753972
5624,0.1166126971246163,290.3836472643512,4,59,0.92740995
5625,0.1082031970111027,289.1102687751688,8,152,1.1451648
5626,0.1126837062801386,289.8829198028132,7,64,0.0
5627,0.1116047098820257,290.0931322453496,8,66,3.5366602
5628,0.1233555381928285,290.9553544231068,8,53,2.4214761
5629,0.1210933155178752,290.6768727024318,3,64,1.1248555
5630,0.1107972408347373,289.1977028133225,8,104,3.006445
5631,0.1241221121325469,290.88349055537844,4,54,0.92740995
5632,0.1214019687090503,290.6562521575117,8,57,1.4589508
5633,0.1158890376099731,290.33342862611914,8,57,0.92740995
5634,0.1137787588989228,290.2148825613396,6,61,0.92740995
5635,0.1221901659535481,290.68687854454686,8,48,0.0
5636,0.1220331220348813,290.8410251077081,8,50,2.1669178
5637,0.1176233291265931,290.4447955033291,8,61,1.4630411
5638,0.1123979833520437,289.8271451894983,7,65,0.0
5639,0.1114827738149534,290.0470940456795,8,74,5.9611955
5640,0.1141905001843124,290.23616913218143,8,108,2.272522
5641,0.1228698160652507,290.98875690139363,8,39,2.4145324
5642,0.1224853790861272,290.74344639270714,8,51,3.8440542
5643,0.1217001839447299,290.67276285181373,8,53,2.7802885
5644,0.1246356077724154,290.9521472201242,8,53,1.1191925
5645,0.1227801046274652,290.7340641496161,8,58,3.3699636
5646,0.1219773832485775,291.0118711719209,7,44,0.92740995
5647,0.1222642290641754,290.848718537703,8,50,3.3617227
5648,0.1183085528807925,290.4846217115755,8,74,2.4429867
5649,0.1225888933627415,290.7575949631582,8,49,0.92740995
5650,0.1234902813598545,290.82639454157254,8,57,1.4553727
5651,0.1121810323075751,290.1269154429924,5,63,2.9337988
5652,0.1123705702567111,289.81740494617145,7,65,2.177124
5653,0.1246884445172915,290.931959847999,8,53,2.9053853
5654,0.110553744990771,290.01618902155604,8,155,3.003916
5655,0.1250171230560469,291.1434789003236,1,38,2.4132357
5656,0.1245742333784802,291.0740995495758,8,43,1.1162221
5657,0.1266544753017923,291.21762183114885,8,44,1.4486123
5658,0.1134528570538166,290.19707736571326,7,64,3.5287695
5659,0.1097133185769553,289.1065039415189,5,78,3.556668
5660,0.1260653074614624,291.19054662709107,8,45,2.8962433
5661,0.11359193800736,290.2013368381253,8,72,5.8504896
5662,0.1139601759961106,290.22490858499987,8,66,3.0028667
5663,0.1228585480920992,290.93839503089583,4,37,1.4512491
5664,0.1200041737039647,290.57640922200665,8,60,2.1702154
5665,0.1212011408516444,290.6341229897073,8,63,1.4588056
5666,0.1221687622426653,291.15211196229336,8,37,0.0
5667,0.1207741238881068,290.63267778779107,8,61,2.1696186
5668,0.1137508963743262,289.40897899373635,7,68,1.4729466
5669,0.1191508546189951,290.5284415140086,8,63,2.2580276
5670,0.1144516997003362,290.2506893526448,4,62,1.4668034
5671,0.1250870723506705,291.0489166360799,7,48,2.164322
5672,0.1228509316831631,290.7807885986569,8,57,1.4565685
5673,0.1164342528748054,290.3557887094952,8,61,0.92740995
5674,0.1251349624294285,290.97902588005286,7,52,0.0
5675,0.118556774354791,290.4983695770209,8,70,3.0006027
5676,0.1126291653838569,290.13471211605696,8,113,3.5294898
5677,0.1253906575306657,291.06680443921465,8,49,2.995443
5678,0.1220724753199646,290.7183297448215,8,52,4.3309402
5679,0.119371015023555,290.5370047729364,8,57,0.92740995
5680,0.1185272702741733,290.5000015573576,4,53,4.512838
5681,0.1105433364139169,289.4082195885417,4,73,2.2870026
5682,0.1206450449873769,290.54625346396193,4,55,1.4600873
5683,0.1141184177512384,290.23380051192845,7,60,3.5267022
5684,0.1147912106934518,290.2617678950312,8,63,1.4648145
5685,0.1221095152354449,290.7948677479425,8,54,1.1231319
5686,0.1158846638173912,290.333643715815,8,57,1.1335815
5687,0.1112797454060196,289.3906937448511,8,100,0.92740995
5688,0.1103077315795304,289.8612093527122,8,70,2.1764975
5689,0.1162277772754599,290.35726616989666,8,63,0.92740995
5690,0.1223101441701712,291.2042766873127,8,38,2.409564
5691,0.108369578943807,289.3076499297189,8,151,5.7491674
5692,0.125246001757348,291.1453707751329,8,40,1.4497958
5693,0.1156250570862155,290.321727360173,8,64,2.9281473
5694,0.1186407306684871,290.5099351687511,7,58,2.1712408
5695,0.1218550825780127,290.67602967844056,8,51,1.1259468
5696,0.1102045266293169,289.7516537553509,7,68,2.1769059
5697,0.1197958799454599,290.5654705767465,8,59,0.92740995
5698,0.117521711981782,290.44167477255814,4,60,1.4632667
5699,0.1126898015310839,290.1526003399133,7,63,0.92740995
5700,0.1138546057682794,290.1982486524263,8,65,0.0
5701,0.1163206479062842,290.355440156055,5,56,3.8663907
5702,0.1101469832219741,289.5244549175011,7,72,1.4716449
5703,0.1228909071075585,290.7364816736627,8,59,2.1681166
5704,0.1224391299284631,290.774568620486,7,47,0.92740995
5705,0.11317096438965,290.1787657666275,8,67,0.92740995
5706,0.1189275629998277,290.4944569166269,8,56,1.8543341
5707,0.1219417925344981,290.8274756959403,7,51,1.1222963
5708,0.1230314980710429,290.7726001130833,8,58,4.6273675
5709,0.1100585508848079,289.8302129352283,7,217,2.1764975
5710,0.1245871446501321,290.9523883379701,8,50,0.92740995
5711,0.1114648864151431,289.60702026283417,8,75,0.0
5712,0.1225099948387369,290.7551239622429,8,49,0.92740995
5713,0.1187309324615054,290.50546449688454,8,63,1.1300391
5714,0.1108940441911034,289.4607119922693,8,76,2.7802885
5715,0.1162063416408705,290.3495508199292,8,59,0.0
5716,0.1083109188223844,289.02326444909073,8,96,6.5639453
5717,0.1248842580531458,290.96231155050674,8,52,1.1188958
5718,0.1219410270920961,290.7920720718945,6,48,2.245602
5719,0.120173279390623,290.592507074413,5,61,2.4357572
5720,0.1177595140002816,290.4337931064971,8,65,1.1302718
5721,0.1218590645137972,290.8408663472533,4,50,0.92740995
5722,0.1189552740082068,290.512876961119,8,57,0.92740995
5723,0.1245952563903019,290.9475565682875,8,51,0.92740995
5724,0.1220002509967902,290.68234942298375,8,50,1.125789
5725,0.1146681053206101,290.264839061487,8,60,1.8543341
5726,0.1104760177797832,289.9449568982184,8,208,1.4692342
5727,0.1217909641790988,290.6768252782463,8,54,1.1259618
5728,0.125726748721762,291.2400253139679,8,40,0.0
5729,0.1235795696333599,290.8550604279775,8,59,1.4551448
5730,0.1184148760800164,290.48051495201776,8,61,2.9221034
5731,0.1243317849777357,291.1674118292546,8,44,0.92740995
5732,0.12186379041545,290.76316752271083,4,52,0.92740995
5733,0.1126645173754035,290.1507048091232,7,64,3.874376
5734,0.1244641630113541,291.15820577611674,4,38,5.972845
5735,0.1221095357474076,290.73103007977454,8,50,1.8543341
5736,0.1074969795839638,288.9732110272705,8,193,4.573736
5737,0.1173711922833332,290.4250223990977,8,64,1.4631835
5738,0.1240802920945041,290.87820891062864,5,53,1.1208506
5739,0.1105901435232885,289.8667602525152,7,65,3.417648
5740,0.124326465398786,291.01041057986794,8,49,2.7802885
5741,0.1156172718693847,290.3214497514072,8,64,1.4650722
5742,0.1120797044539375,289.69084520601325,8,66,1.4713199
5743,0.1236581696087176,290.8483503271755,8,59,1.4552673
5744,0.1254888144286026,291.0647461420375,8,48,1.4513301
5745,0.1134008772255531,290.19411387982984,8,64,1.4667611
5746,0.1192181094256472,290.5422445566426,4,55,1.8543341
5747,0.1234852863631026,291.045259287116,5,41,2.9955523
5748,0.1256210684405772,291.1526278276957,8,43,0.92740995
5749,0.1223980609212932,290.7252098495709,8,53,2.9134858
5750,0.1219661188772381,290.65804519428855,8,64,0.0
5751,0.1123386638697532,289.9586072385516,8,126,1.4697583
5752,0.1241655998082968,290.8809535188408,8,58,4.3559384
5753,0.1193511514310565,290.54001715256874,8,66,1.1278132
5754,0.1223207964559332,290.71304984406845,8,53,1.4579337
5755,0.1232860354554566,291.18672905225253,5,38,1.1132025
5756,0.1118931846983445,290.1105341668983,5,59,4.7641716
5757,0.1177560211398012,290.43497824185977,8,70,1.1301535
5758,0.1098961153305981,289.7584666050772,7,248,5.760515
5759,0.1248601355091773,290.9658440769902,8,50,1.8543341
5760,0.1219222684970484,290.78634797552104,7,50,2.4294977
5761,0.1234619431295623,290.83427374492766,8,58,4.9969883
5762,0.1237594532104065,290.9178888160912,8,54,2.42323
5763,0.1227455759877047,290.9119188738665,8,45,2.4234333
5764,0.1242403646520542,291.19472393637176,6,42,2.4106526
5765,0.1221147762360602,290.7359159684242,8,47,2.9984803
5766,0.1146379604074046,290.2509072162975,8,65,2.173219
5767,0.108196976464705,289.1064030690992,8,149,0.92740995
5768,0.1170327784742803,290.4078005731329,8,60,1.4636711
5769,0.1087357175426444,289.16460602304545,8,80,1.145
5770,0.1190877043273319,290.5210454329612,8,60,3.509254
5771,0.111712407077089,289.3507947505889,8,73,2.9446962
5772,0.1226616960887606,291.0736723383829,8,43,0.0
5773,0.1200728923605743,290.5740923919886,8,54,2.2556076
5774,0.1246863999821731,290.93244093191834,8,55,1.1195372
5775,0.1251727221468194,291.01275981656727,8,51,0.0
5776,0.1252748923293059,291.03924307458715,8,49,1.1171552
5777,0.1127183449408755,290.15257611751474,8,67,1.8543341
5778,0.1103455947541977,289.4671677846292,4,73,1.4720665
5779,0.1236801508087599,290.839561552609,8,54,0.92740995
5780,0.1198193690820496,290.5682203459593,8,61,1.1285405
5781,0.1283062337436942,291.19915955142244,7,95,3.4633818
5782,0.1098155195793617,289.5213839463996,9,71,2.284536
5783,0.1223153724382445,290.7038029638728,7,61,7.6563606
5784,0.1158230504836947,290.335115298855,4,61,1.4652342
5785,0.1221267772964324,290.6463642074035,4,53,1.125425
5786,0.1221647252178412,290.7078798137053,8,55,3.5742998
5787,0.121822772091628,290.9357953489722,8,47,2.4222066
5788,0.1121644893126067,289.7396100394002,8,66,0.0
5789,0.1229231472630448,290.8903324981021,8,46,1.4544795
5790,0.1220363196628763,291.1966902616886,8,36,1.1127229
5791,0.1223323381883285,290.77528649472214,6,49,2.1677766
5792,0.1220186047651201,290.7163997536808,2,57,1.457244
5793,0.1118863801871195,289.4249740490876,8,72,0.92740995
5794,0.1120644304893844,289.9013989596775,8,73,4.347152
5795,0.1212609145543122,290.6478127420709,8,58,1.4590962
5796,0.1218659042707224,290.84464321706565,4,51,1.4553984
5797,0.1131107497173146,290.17306801741324,5,68,2.1752825
5798,0.1215937301971401,290.63611528867995,8,58,2.4354022
5799,0.1215805116219792,290.6607756575073,8,54,1.4588288
5800,0.1179356358350293,290.4609469114035,8,72,1.4626231
5801,0.1215815506782815,290.6426931181481,8,65,2.9161165
5802,0.1246875626347299,290.9248011305364,6,59,3.8693867
5803,0.1140630599230548,290.2306731430631,8,63,0.0
5804,0.1252808910469185,291.09933863119323,8,46,0.92740995
5805,0.1166986161366759,290.3857004408956,8,67,2.4470577
5806,0.1083082439796336,289.097092755739,8,143,3.8990896
5807,0.1112167468883587,289.407947700672,8,103,2.4681334
5808,0.1253646451135207,291.0259880025459,8,52,3.4744227
5809,0.1230389938664504,291.01296903754786,4,45,2.234269
5810,0.1221296458083462,290.9104899875431,5,46,1.1201177
5811,0.1106552434164562,289.3350320650263,8,74,1.4730028
5812,0.125384737582585,291.1134185522555,8,43,1.1153682
5813,0.1126820415043355,290.0884305823401,8,62,2.9362273
5814,0.1218001598922058,290.9350649387398,8,48,1.4535593
5815,0.1225042850842305,290.7471206896678,8,52,8.033339
5816,0.1243138158553351,290.9236719679528,6,51,1.1198751
5817,0.1198000617557836,290.572374427081,9,66,2.1703434
5818,0.1162270200732221,290.35337866321424,5,62,6.287524
5819,0.1131067207828337,290.173497177762,8,69,2.274961
5820,0.1219313704028056,290.73510049095535,8,54,0.0
5821,0.117663378351129,290.4433213159091,8,64,3.5821264
5822,0.1223724826659315,290.74514811890737,8,54,1.8543341
5823,0.1117915055443232,289.5098933181732,8,71,0.92740995
5824,0.1107619524418527,289.62028918586634,5,69,2.4646058
5825,0.1134719403975404,290.19269274685627,8,96,2.933532
5826,0.1134106351423428,290.18383837029245,4,62,1.1385493
5827,0.122085905842673,290.726738603836,8,51,1.4577545
5828,0.1197049293418555,290.56748612575444,8,70,1.1286771
5829,0.1096432059342434,289.7709317173068,8,240,1.1403868
5830,0.1223638785649483,290.70308298653595,8,51,2.2497873
5831,0.1089416847497919,289.21850908426853,8,91,2.9441793
5832,0.1117021968882584,289.829163899742,8,75,0.92740995
5833,0.125405870512447,291.0450945895985,8,49,0.0
5834,0.1201393763195986,290.5840423982776,8,54,0.92740995
5835,0.1122546249160086,290.1253169594349,8,166,1.4673424
5836,0.1108377131302223,289.5216235501101,8,71,1.1431971
5837,0.1154175811115253,290.30998420608574,4,63,2.4513562
5838,0.1185846981973297,290.5064409626323,8,58,1.4619669
5839,0.1218669337293687,290.6881064272289,8,59,0.92740995
5840,0.1146825854458205,290.2663093954651,8,69,1.1357567
5841,0.1272992159253335,291.1637327929266,8,59,1.4496272
5842,0.1220474399255382,290.9277232614487,4,45,1.1196657
5843,0.1114026689062946,289.4151025996752,8,103,3.7047918
5844,0.1102312347182735,289.7668639722223,7,66,1.8543341
5845,0.1129706999652119,290.1600606179102,8,61,0.92740995
5846,0.112335380199011,289.74409723370707,8,65,0.0
5847,0.1117672887250631,289.60648988547075,8,71,2.1778643
5848,0.1086628521436538,288.1825785540796,8,86,0.0
5849,0.1273563315628678,291.1496943605988,8,63,3.3406365
5850,0.113605835426133,290.20426912757284,8,65,1.4670304
5851,0.1123545208882784,290.1311261934477,8,70,4.7642426
5852,0.1240450193871619,290.9236372598629,8,57,2.4229925
5853,0.1118022567895935,289.85382228226547,8,72,4.647723
5854,0.1115578412431704,290.07889424113245,8,179,1.4678676
5855,0.1084664924769452,288.9847138149427,8,108,6.5640116
5856,0.1138911922381251,290.19862456612987,8,69,1.1344093
5857,0.1188746924618541,290.512729866975,8,60,1.1298332
5858,0.1160351054919281,290.3467127998851,8,79,2.9274778
5859,0.1224244123278615,291.07490545843604,8,37,1.4495082
5860,0.1125513709649706,289.9717286809204,7,64,1.1404027
5861,0.1195542052259338,290.5422103025462,8,54,2.439699
5862,0.1258582417045512,291.1470019074209,8,48,1.8543341
5863,0.1262065133487505,291.18280001312684,8,47,1.1138015
5864,0.1121021995226274,290.0733200509753,4,71,1.4689987
5865,0.1245787564941801,291.06956535682934,8,45,1.4511571
5866,0.1190817526617906,290.52378693854195,8,62,0.0
5867,0.1189229827785716,290.51393947174887,8,68,2.7802885
5868,0.1256762954360029,291.243316560648,8,42,0.92740995
5869,0.1129271195368325,290.16234847449545,8,70,0.92740995
5870,0.1120378203957299,290.0956261611084,8,151,1.4672182
5871,0.1192853392767492,290.52340523666294,5,54,0.92740995
5872,0.1255106248762846,291.09576449448315,8,48,2.4155257
5873,0.1256721562377375,291.06120736434525,8,48,3.8238916
5874,0.1216085346974621,290.659396170566,8,52,1.8543341
5875,0.1145113869855011,290.2560505583004,8,60,1.4657569
5876,0.1161766878295832,290.3422750289212,8,73,0.0
5877,0.1239222809561104,290.8748897357956,5,54,0.0
5878,0.1144266553744704,290.2516839787376,8,65,2.1740322
5879,0.1218834026777564,290.7919026539598,7,49,0.92740995
5880,0.1114601782487039,289.56554648739683,7,96,5.771616
5881,0.1138655079962783,290.2071495649044,8,67,2.4510832
5882,0.120985780138664,290.6346935238243,8,53,2.1695266
5883,0.1179311036988383,290.46650598113,7,58,0.0
5884,0.1183875847712588,290.4915163896394,6,55,1.4621648
5885,0.1222740917496818,290.857313098302,8,48,1.1214967
5886,0.1222888235560937,291.10154371534344,8,40,0.92740995
5887,0.1252950562916024,291.05689966940326,8,50,0.92740995
5888,0.1108214016863748,290.0089694885685,7,76,4.3967743
5889,0.1121124068289018,289.7942429725855,8,69,3.5948195
5890,0.1128293524307422,290.1579465330151,7,68,6.464861
5891,0.1199607913515611,290.5753344078646,8,57,2.2558272
5892,0.1218667500267361,290.7608468404546,4,51,0.92740995
5893,0.1153792082652444,290.30742972451213,8,65,0.92740995
5894,0.1134338840043907,290.1872251175449,4,60,14.232145
5895,0.1097079357805415,289.7944385515909,8,272,1.4696171
5896,0.1089993162850138,289.4657507468653,8,81,13.509952
5897,0.1092914774576885,289.4008474906344,8,99,3.5493217
5898,0.1147212988987062,290.2678852195569,8,59,3.4014866
5899,0.1101746882822585,289.5038005725097,7,69,1.4717813
5900,0.125097419702659,290.98029282296784,8,54,1.1184751
5901,0.1199769727655103,290.58217590280543,8,67,1.4603769
5902,0.1074630248216281,288.93211110844953,7,224,2.7802885
5903,0.1180289491127224,290.4606667119772,8,63,3.389338
5904,0.1202330778404561,290.595340058038,8,58,1.1279532
5905,0.1227995859349907,291.1014675820155,4,40,2.1634862
5906,0.10839055602414,289.23658699565425,8,165,4.7655435
5907,0.1098897917854206,289.23862185517225,7,75,0.92740995
5908,0.1187582429796689,290.5067211160663,8,62,1.130001
5909,0.1087964284131449,289.2546003648609,8,116,4.3508735
5910,0.1220512930682208,290.82410500418564,8,52,4.575115
5911,0.1230545110007531,290.9898500737368,7,46,1.1181464
5912,0.1077095362067556,288.9933586999441,8,187,2.179362
5913,0.1116474960897583,289.7574088729109,8,74,2.177205
5914,0.1255668799400461,291.0677369277778,8,49,0.92740995
5915,0.1218761819625248,290.9440667674047,6,45,2.9048948
5916,0.1252995417101194,290.9622306919607,8,57,3.4782622
5917,0.1240866993519997,290.8782357750447,8,54,2.4247653
5918,0.1249522904259387,290.9655439982005,8,54,0.0
5919,0.1179543550484214,290.4606761398048,8,65,3.000913
5920,0.1109090877049643,290.0121429467305,7,108,9.26295
5921,0.1217445333964784,291.1913133209279,4,32,2.4099793
5922,0.1092000054556928,289.35842627231915,8,111,3.876373
5923,0.1150393311386985,289.3937414922793,7,72,0.0
5924,0.1230400735980431,291.0075344309096,5,46,0.92740995
5925,0.1227196599731708,290.844384000443,8,46,0.0
5926,0.1219041456727163,291.0833108596963,5,39,2.2303755
5927,0.1130513546481426,290.1694937732209,8,63,3.0028741
5928,0.1181977693546332,290.4697117980423,5,70,0.92740995
5929,0.1256822325028967,291.10381135697526,8,46,2.163674
5930,0.122328859468665,290.88364435468185,8,48,2.2407775
5931,0.1250415441325026,290.9460685567656,5,56,2.9964263
5932,0.1078350842757072,289.0426422756255,8,208,4.352074
5933,0.1221142837916004,290.8197474310971,8,52,1.8543341
5934,0.1155528352742907,290.30482399920334,8,60,1.8543341
5935,0.1221332835627923,291.1004655445088,8,43,1.1152021
5936,0.1211003415917222,290.64289091603865,8,54,0.92740995
5937,0.1146434235087952,290.26379700944074,8,65,2.1738112
5938,0.1134288479510909,290.19408718204903,8,67,1.13713
5939,0.1219442080395441,290.7683336334261,8,50,1.4569534
5940,0.1256992643639545,291.1874568665175,1,42,1.4490584
5941,0.1205348902062212,290.6140662552107,5,63,1.4588927
5942,0.1217544387714979,290.68240931917126,8,62,1.457925
5943,0.1225253371591455,290.8278873662173,4,46,2.7802885
5944,0.1242976278652684,290.8904091382633,8,58,1.8543341
5945,0.1088005021230304,289.36599050713846,8,130,3.005552
5946,0.1258122743228079,291.02472832724635,8,54,2.902145
5947,0.1187409534147905,290.5124022085622,7,58,2.2592835
5948,0.1142866101714622,290.2422013701836,8,100,2.1744895
5949,0.1256613291642138,291.1500324357528,8,46,1.1145135
5950,0.1254890869235853,290.988905116176,7,53,1.8543341
5951,0.1111880642622336,289.1955627046224,8,152,3.006529
5952,0.1106413092501778,289.7087813232736,8,69,0.92740995
5953,0.1181852936332568,290.47918711807995,4,57,2.4433894
5954,0.1095453035495405,289.4985000886712,8,68,2.9412394
5955,0.1229703315975083,291.22669683595785,8,36,1.4479344
5956,0.1241850104302112,290.8880574976326,8,55,0.0
5957,0.1216600200748754,290.701171052204,8,52,0.92740995
5958,0.1190121813474565,290.5077651696181,8,68,2.7802885
5959,0.1179724546365537,290.4559884468272,8,67,2.257891
5960,0.1127050292899319,290.0435485812867,7,63,1.1399007
5961,0.119026089892139,290.5314268767784,8,56,3.0003593
5962,0.1233891401122354,291.2228022244832,7,36,0.92740995
5963,0.1228906050310786,290.77763134082176,8,51,2.4295733
5964,0.1131977610553531,290.176964938683,8,76,1.4679528
5965,0.1114768029951637,290.08751377582905,8,64,0.0
5966,0.1102821783661781,289.18834852466546,7,71,0.92740995
5967,0.1097490306773506,289.6510809426526,7,70,1.4707518
5968,0.1123175056799325,290.13095500920934,8,66,2.7802885
5969,0.1219262084793751,290.9669069503133,4,41,1.4529248
5970,0.1205449346827906,290.5993383868484,8,63,1.8543341
5971,0.1230796847745735,290.7731446087775,8,59,1.123504
5972,0.1109075266415199,289.48680743399103,8,74,2.466681
5973,0.1161401756259654,290.35480066525497,7,61,1.4648684
5974,0.1227005259881669,291.0320906033346,4,44,3.4732378
5975,0.1219792919391431,290.768686843277,8,51,1.1238431
5976,0.1223090348694767,290.67889350774647,8,60,2.168875
5977,0.1247204091806438,291.06030873249773,7,47,0.92740995
5978,0.1179399940840568,290.43926251817146,8,59,2.4431915
5979,0.1150132176913547,290.2855388678598,2,60,0.92740995
5980,0.1078749888379275,289.0594167113551,8,211,1.1453499
5981,0.1237670713037741,290.8941691366575,8,57,0.92740995
5982,0.1211795830190093,291.3427717257192,8,33,1.4456178
5983,0.1234564925996704,291.0240727589335,5,45,1.4519198
5984,0.1127837216836705,290.1531596804415,8,73,0.92740995
5985,0.1145505907351347,290.25882569659666,8,65,3.002614
5986,0.1215096368546611,290.6740139524529,8,63,1.4580059
5987,0.1186811323614243,290.4920802234924,8,56,1.8543341
5988,0.1238711651672509,291.15510678561355,5,40,2.2273576
5989,0.1226177709973743,290.7742419105712,8,61,1.8543341
5990,0.1257649412572497,291.1119365150065,8,47,1.4504836
5991,0.1092369589095252,289.29268896952846,8,67,0.0
5992,0.1207619287166551,290.6198695233822,8,55,1.1272916
5993,0.1129976471338313,290.1716445969343,8,60,3.531079
5994,0.1159197944875182,290.0462043789051,7,68,1.1388718
5995,0.1251246187847885,291.02965578985345,8,47,2.233905
5996,0.1130033524832767,290.1115892795237,8,68,3.5379791
5997,0.1225498473339354,290.7375861722275,8,58,1.1239662
5998,0.1080635453303141,289.19064722950674,8,196,8.419033
5999,0.1130830704664459,290.17343803830545,8,66,0.92740995
6000,0.1182520356378323,290.4578957354794,7,51,1.4620466
6001,0.1219263038885029,290.7325954224611,8,50,5.140592
6002,0.1220755167389429,290.7198336162481,8,54,2.2493007
6003,0.1196013972634947,290.5594775556512,8,67,2.2567823
6004,0.1145802857601784,290.26053866499774,8,65,0.92740995
6005,0.1083867271327681,289.27535900921475,8,209,1.8543341
6006,0.1126518990179005,289.9087131689983,7,66,0.92740995
6007,0.1243311470570325,291.20304223328145,4,40,0.0
6008,0.1174552142870252,290.41365169447374,8,63,2.9229586
6009,0.1141871986474103,290.2347472385433,4,60,1.1369541
6010,0.12344616667946,290.8078387156286,5,52,14.027096
6011,0.1119795723685151,289.8140804264923,5,73,0.92740995
6012,0.110284482051513,289.3333640035158,8,70,3.8765845
6013,0.1184841717185151,290.4916233866037,8,59,1.130394
6014,0.1243203428399023,291.1712528436615,8,42,1.4491853
6015,0.1187212573495825,290.5023253485502,8,58,1.4617162
6016,0.1262593048257764,291.0733310309755,8,69,2.7802885
6017,0.1174085351936157,290.4314611805514,3,55,3.3926287
6018,0.1119035234504657,290.09036156801653,7,156,3.4085395
6019,0.1244197482831023,290.8849045043123,8,60,1.4542241
6020,0.1156920579861403,290.32553794727977,8,65,0.92740995
6021,0.1145206724588073,290.25641122373656,8,83,2.174282
6022,0.1176875686567717,290.4326755593104,8,55,0.0
6023,0.1222907471670337,290.84519468640286,8,47,1.121811
6024,0.1169383091407983,290.38426342751666,8,62,1.8543341
6025,0.1117541261464654,289.3638839510984,8,72,1.8543341
6026,0.1179637317276985,290.4614883556672,8,64,1.4625728
6027,0.1094915107221436,289.51543903700843,8,76,3.8919957
6028,0.1190198905215074,290.52922018457417,4,54,1.4614364
6029,0.1228719782024025,290.7925016691231,8,56,1.8543341
6030,0.1241795821026682,290.8868645467,8,54,1.4544454
6031,0.125701711507932,291.0608677044784,8,49,2.2324383
6032,0.1085367083851859,289.3623459141854,8,179,11.320407
6033,0.1098032716540054,289.3960117335344,8,74,2.4670362
6034,0.1219114510577639,290.8749872527886,8,57,7.110406
6035,0.1151382765141076,290.29321572407554,8,65,5.9498253
6036,0.1245328317949788,291.0487709030478,4,46,1.116839
6037,0.1100298404529533,289.7564177800762,7,72,1.4702283
6038,0.1125921106287951,290.0933552412813,8,111,4.345814
6039,0.112383241703416,289.8500221335956,7,64,3.5431955
6040,0.1158988528117777,290.3248945162736,7,78,2.172149
6041,0.1255575150025612,291.1151654472618,8,46,1.8543341
6042,0.1169049373411146,290.3915904199471,8,63,2.4459481
6043,0.122385472785933,291.1180074391135,5,39,2.413641
6044,0.1246830722232282,290.9310761439958,8,53,1.4536383
6045,0.1283045261118122,291.18149891834724,7,86,2.4122007
6046,0.1180706414131759,290.4685212445223,8,65,0.92740995
6047,0.1121766677644572,289.7142789739376,8,67,2.1775115
6048,0.1127357888262265,290.1220352499314,8,61,0.92740995
6049,0.1206437977085584,290.6245674254668,8,62,1.1261272
6050,0.1215168620535975,290.6489180368952,8,55,2.9160528
6051,0.1162335116567986,290.350988407206,8,57,1.4640077
6052,0.1219214085111214,290.8477959779235,8,50,3.569841
6053,0.1229587307630905,290.80486760805627,8,53,1.1227676
6054,0.1108930409994353,289.39135418775624,8,105,1.1442654
6055,0.1173898539281408,290.42923148913576,8,61,3.0012457
6056,0.1173786770912311,290.4294948874646,8,58,1.1320908
6057,0.112473217217478,290.1424249968693,8,66,3.879258
6058,0.1224341841748601,290.941812879673,8,44,3.4742966
6059,0.1211749281277095,290.64173312319946,4,59,1.1259844
6060,0.1209429762839003,290.60468140896864,8,63,0.0
6061,0.1220058796685996,290.8824775866602,7,49,2.1663563
6062,0.1274286710910047,291.17387117160445,8,61,2.4123995
6063,0.1204763579485711,290.6059041641598,8,52,0.0
6064,0.1259154786235322,291.08953362411046,5,50,1.1159867
6065,0.1149673610743551,290.2830437134131,8,114,4.7634835
6066,0.1223533805808886,290.76778077931027,6,49,1.123776
6067,0.1241075264419015,290.8792572718332,8,57,2.1663144
6068,0.1111994111166059,289.17630208537065,8,131,3.006592
6069,0.1173223653314622,290.4257413762328,8,58,1.4633589
6070,0.1112812284011217,289.31028956528064,8,119,2.7802885
6071,0.1161600199123822,290.347090401524,8,58,2.9262612
6072,0.1205886681930104,290.59381280930523,8,52,0.92740995
6073,0.1244237270259483,291.17797800367634,8,43,1.4490721
6074,0.1120786326945609,289.57175602700227,7,68,1.1433889
6075,0.1197280560559364,290.5614673700989,8,61,1.460661
6076,0.1249927086113634,290.9640566986267,8,54,0.92740995
6077,0.1105857788310721,289.1218505368338,8,80,2.7802885
6078,0.1252598621110246,291.0778073843469,8,47,1.4510707
6079,0.1119950555068649,290.1053787333104,5,68,0.92740995
6080,0.1106178002413221,289.622338716747,7,69,1.1423037
6081,0.1229087594900903,290.78823421788604,8,54,2.167559
6082,0.1178740487007196,290.45396917699264,8,62,2.4439483
6083,0.1174178713823153,290.4308339192288,8,64,4.6273675
6084,0.1236133477097315,290.8360637579717,8,58,0.0
6085,0.1226798340920198,290.83201405323194,4,46,3.8382406
6086,0.1086014334600402,289.3283697881927,8,177,2.17817
6087,0.1254273632127599,291.079290971257,8,47,2.4162471
6088,0.1220930411097421,291.3874724387621,5,32,1.4455042
6089,0.1149719911088119,290.2004943474488,3,62,0.92740995
6090,0.1084275494792659,289.313287247496,8,130,1.4721162
6091,0.1096249104470065,289.06257519037496,4,78,0.0
6092,0.1260216064118935,291.14904918749926,8,46,2.1631317
6093,0.1223306709113603,290.76625961036734,7,50,1.8543341
6094,0.1088154074497272,289.3834508670851,8,121,1.4719703
6095,0.1127218492748739,290.0619884819732,7,65,1.4692495
6096,0.1196324413083733,290.5528841175212,8,65,2.1698833
6097,0.1133264990095701,290.1884752235475,8,68,3.5313723
6098,0.124617631546384,290.9422598601702,4,54,2.905154
6099,0.1221660538692172,291.1355906447955,8,37,1.1143084
6100,0.1191459850636115,290.52702913049603,8,67,2.7802885
6101,0.1214381647576122,290.6602396639125,8,57,2.4350128
6102,0.1254388672953843,291.0538078242197,8,47,0.92740995
6103,0.1094753939837136,289.5215454344493,8,89,3.0052252
6104,0.1163929004006689,290.3359695652842,5,61,2.7802885
6105,0.1176027381298562,290.4258699230232,8,66,1.4619522
6106,0.1236639124184849,290.91250439513374,8,57,2.9062717
6107,0.1119278927828885,289.98816636823943,8,73,1.4694517
6108,0.1123951600021774,289.9278919651257,8,65,0.0
6109,0.1254980498122617,291.02738721959025,8,51,2.1645806
6110,0.1253770313543595,291.1453562833032,8,46,0.0
6111,0.1253611962578891,291.111273388843,8,40,2.2299857
6112,0.1167412847817326,290.3777089138216,8,53,2.4459836
6113,0.1220476270698655,290.84277553931963,8,49,2.166893
6114,0.1190794676276671,290.5268650440512,8,61,3.872246
6115,0.1141425531672842,290.2340103719714,8,75,1.1366104
6116,0.1219249970856353,290.76362023812544,5,55,2.9122262
6117,0.1185964836521,290.4887426831255,8,71,0.0
6118,0.1176092034752297,290.4468154111296,4,58,1.8543341
6119,0.1136527138923313,290.20236949872697,5,60,1.8543341
6120,0.1226661517972129,290.9916898686684,7,44,0.0
6121,0.1230331965689278,290.902491393798,5,42,2.1642995
6122,0.1268939347996787,291.4100370983467,8,52,0.0
6123,0.1255835721471541,291.1356740874897,8,44,1.4500175
6124,0.1137079528535555,290.2072487262634,8,92,1.4674152
6125,0.1114900843904561,289.2206874526254,8,85,1.1459621
6126,0.1187387356781324,290.496357792642,8,56,1.4616603
6127,0.1221864294849726,290.881408025654,4,47,1.1208727
6128,0.1201602804752805,290.5691225598408,8,53,5.917636
6129,0.1213996420726152,290.6425672411672,8,52,2.4354649
6130,0.1254123010352502,291.0161684966042,8,51,3.5647151
6131,0.125429668426286,291.10436094156097,8,49,0.92740995
6132,0.1140193577993764,290.22796928978426,8,66,1.8543341
6133,0.1150900887119186,290.2743214728934,8,67,2.1726317
6134,0.1122122329555238,289.9342960488881,8,84,1.4698657
6135,0.1179734245195528,290.460669063282,8,58,0.92740995
6136,0.1092828423721685,289.50778341961734,8,97,3.5960424
6137,0.1219180257389142,290.7740152026012,7,47,3.4924953
6138,0.1103106932233699,289.53757189994445,8,72,1.4716263
6139,0.1278252849168228,291.1773661333152,8,70,2.4123068
6140,0.1187088472173818,290.51016183269246,7,60,3.000531
6141,0.1220375167115279,290.8209964698351,8,51,1.4558696
6142,0.1256236973162228,290.98649946382545,8,59,2.2356386
6143,0.1182409035568538,290.4689827586567,8,58,1.1306118
6144,0.1205771261475283,290.6188141248596,8,58,2.2540205
6145,0.1248142743996663,290.97111459831046,6,49,0.92740995
6146,0.1076908832306596,288.98715581782494,8,177,2.7802885
6147,0.1116293147239776,289.77549958852785,8,75,3.0048394
6148,0.1250170414247413,290.96782798257163,8,52,0.0
6149,0.1241958005242446,290.8823417193535,8,57,1.1205889
6150,0.1161224245347368,290.1355134308968,7,67,1.8543341
6151,0.1123278740613401,289.8077701888484,8,65,2.7802885
6152,0.122049108476312,290.7173720859448,8,49,3.7047918
6153,0.1144695939367737,290.25347446011904,8,72,1.1361462
6154,0.11257544521933,289.9511087106339,7,66,2.461263
6155,0.1221086189486335,290.78904752168603,8,50,0.0
6156,0.1161576167459784,290.03388383348386,7,68,2.175734
6157,0.1117571416312487,290.0790377662624,8,153,2.175
6158,0.1245413719175756,290.99495484388245,8,50,1.8543341
6159,0.1227121344513193,290.7094236106025,8,59,0.92740995
6160,0.1127309487265209,289.97049124499875,8,65,1.4698135
6161,0.1121313345486235,290.12421107586374,7,59,2.1752825
6162,0.1235952553056603,291.47350686582416,4,36,2.8870509
6163,0.1138439835113978,290.2174624389478,8,68,0.92740995
6164,0.1220208359315283,290.7812441591954,8,49,2.4297106
6165,0.109165264643096,289.57712631837256,7,282,5.8638515
6166,0.1112170922557097,289.89062895415174,5,66,0.92740995
6167,0.1224021256795059,290.72998869160386,8,49,1.4575957
6168,0.1223615208284111,290.7636602303149,7,49,1.8543341
6169,0.1161088070913001,290.3484530912956,8,63,2.4481273
6170,0.1076718194192544,288.9604628343605,8,147,0.92740995
6171,0.1229375513244112,291.07548781357406,1,40,1.4508702
6172,0.1127782509135693,290.1599435265555,7,67,0.92740995
6173,0.1189403674318607,290.50706428605974,6,72,3.8553653
6174,0.1197781446649249,290.5603992475408,8,54,1.1286126
6175,0.1203572565459342,290.5994157525379,8,57,1.4599967
6176,0.1102205921870316,288.68341312408745,7,83,1.8543341
6177,0.1186166741470828,290.49838244233547,8,62,0.92740995
6178,0.1182422344407993,290.45836848042114,8,56,1.4620643
6179,0.109538302712756,289.1550413992424,6,74,1.8543341
6180,0.1230115508006548,290.76948820365226,8,57,1.4567523
6181,0.122186758452244,290.95640012787027,1,43,2.4212668
6182,0.1232629598399607,290.7680559928851,7,61,1.4567407
6183,0.1219443065176564,291.06817423348014,8,41,1.1160048
6184,0.1223206809144345,290.75914890117616,8,48,1.1240035
6185,0.1258722544448973,291.0617861385142,8,54,3.563417
6186,0.1217362404471026,290.6753494350128,8,53,1.1260107
6187,0.1227510428618407,290.72678380553646,8,59,3.3704782
6188,0.1122999056736658,289.7002663993699,7,67,1.8543341
6189,0.1149481117759085,290.28194640141,8,89,3.5265002
6190,0.1246077920403519,291.15381372921,8,44,2.1629558
6191,0.1120730534971809,289.68178817582407,8,67,3.005198
6192,0.1115721166413376,289.44808460183424,8,76,2.9433584
6193,0.1221325011767175,290.84466682252275,4,48,1.8543341
6194,0.1203793562163731,290.6034179571939,8,59,2.1699343
6195,0.1125334457423066,290.13077791867227,8,118,2.7802885
6196,0.1117663500416384,290.1026833668717,7,69,0.92740995
6197,0.1094587257270474,289.4934085111945,8,96,3.5474777
6198,0.1150194276970129,290.2740542232985,8,62,1.8543341
6199,0.1083512764250049,289.2195152936883,8,195,3.551979
6200,0.1156665318440954,290.3163835925866,4,57,1.464366
6201,0.1111599855365598,289.8268908871723,5,68,0.92740995
6202,0.1088397615625197,289.1071860574096,7,73,2.7802885
6203,0.120057306711903,290.58456087212613,8,59,0.92740995
6204,0.1151739904887875,290.2947050687899,8,63,4.6273675
6205,0.1115018063958173,289.8732369291539,8,70,0.0
6206,0.1109427447882672,290.0416029241545,8,179,0.0
6207,0.113847399679879,290.2110436411256,1,64,2.1752024
6208,0.1230287126376818,291.174585864552,8,39,2.1625512
6209,0.1241216577405369,290.8759318042952,8,56,1.1207215
6210,0.1119683230196124,289.6058991152699,8,69,0.0
6211,0.1130059080018827,290.1708142957098,8,63,1.4674668
6212,0.1228727213664182,290.87051492210753,4,45,0.92740995
6213,0.1244007753400762,291.1740406098499,8,43,0.92740995
6214,0.125399425636608,291.04402668018633,8,50,0.0
6215,0.1181531789878225,290.4731904681356,8,63,1.1308794
6216,0.1188439230986911,290.5045783566122,8,66,2.2563424
6217,0.1119595525670772,289.9808337333842,8,74,3.8853545
6218,0.125973212268163,291.1803599451321,8,42,1.4492266
6219,0.1165682020545653,290.37054437057697,8,59,2.7802885
6220,0.108024770580935,289.0305827503225,8,118,3.5559235
6221,0.1102865298543132,289.43218719843264,7,75,3.8946714
6222,0.1101443576008512,289.874312411551,8,185,6.4765406
6223,0.1220264025824722,291.1263716516635,5,36,1.8543341
6224,0.1209337933443302,290.6378063365236,8,62,2.2509947
6225,0.1230260671703274,290.738345794512,8,64,0.0
6226,0.1091138872139035,289.27519925560927,8,100,1.8543341
6227,0.1186425033787952,290.48092708537484,8,55,2.441731
6228,0.1236836707237512,290.8517779024578,8,55,1.4552046
6229,0.1179787068128485,290.45846297306434,8,62,2.1716363
6230,0.1245584422105856,291.1558797365363,8,42,1.449511
6231,0.1127633937346903,290.1312435584618,8,64,1.139238
6232,0.1161354938172983,290.33846367183685,8,63,1.8543341
6233,0.1115794584897494,290.0955681236789,7,106,2.2757843
6234,0.1230629522582409,291.0779896916683,2,44,1.1159143
6235,0.1125831191904038,290.0006879336173,7,65,0.0
6236,0.1255022819695178,291.12687179074504,8,42,2.4141264
6237,0.1118564115906596,289.4860963710772,8,71,2.7802885
6238,0.1120978180342718,289.5953919105359,7,70,2.9419074
6239,0.125185888266275,291.08775336863374,8,46,3.470164
6240,0.1117186816974884,289.63018271822864,8,100,2.1777515
6241,0.1223576972211335,290.71631522374787,8,52,0.0
6242,0.1209589630380231,290.6097507067366,8,65,0.92740995
6243,0.1247513662419059,290.97761306475206,5,50,1.4529023
6244,0.1092406292367046,289.2598197614737,7,70,2.17867
6245,0.1099950119717951,289.4797512389716,7,73,0.0
6246,0.1241285616979779,290.89650404741656,8,55,2.1661868
6247,0.1188741891501302,290.5019093457229,8,56,3.858285
6248,0.1254151570115995,291.1976671425206,3,43,2.4108903
6249,0.1263073470988034,291.1847369721618,6,46,1.4491853
6250,0.1120978293862949,289.65870089126315,8,69,0.0
6251,0.1194526455687945,290.5586530461425,4,58,1.129034
6252,0.1230214002038137,291.01372833356004,3,43,2.4187
6253,0.1252598703200888,291.0565775815624,8,49,3.8241575
6254,0.1161741752057474,290.3565371842337,8,59,1.1339526
6255,0.1192271088682364,290.5294366325772,8,59,3.384523
6256,0.1085829989867584,289.29244021698867,8,147,3.0057282
6257,0.117556729271694,290.44001907558135,8,61,2.4450607
6258,0.1176961751381236,290.44532582700253,8,66,2.7802885
6259,0.122386714092578,290.7303732827879,8,51,0.0
6260,0.1126267038283845,289.8996197314269,7,66,3.8877559
6261,0.1251719244462061,291.07143071748175,6,45,1.8543341
6262,0.1243223444826575,291.1700071377082,8,44,0.92740995
6263,0.12403306270528,290.87090581508346,7,57,3.4843934
6264,0.1208651632955578,290.6360982651844,8,62,1.1270424
6265,0.1166215930237598,290.3814176622851,8,71,2.4473
6266,0.1219447079093024,290.9062832266728,4,49,2.2395856
6267,0.1124024664694778,290.1081894313098,8,119,0.92740995
6268,0.1103573733608297,289.5082288654636,5,71,2.177925
6269,0.1206186887688094,290.58416864599474,8,64,0.92740995
6270,0.1223562067464193,290.72859163086525,8,55,0.92740995
6271,0.1105386815595238,289.9435088180324,7,169,3.8752377
6272,0.1195070774704866,290.5540782376631,8,65,1.4608898
6273,0.1157615276805529,290.3259767815193,5,56,2.4484913
6274,0.1086836653506013,289.30304609745946,8,142,6.4872913
6275,0.1122285090941635,289.9764248549101,8,72,3.0043414
6276,0.1101986102731317,289.7932036478093,7,66,2.2807248
6277,0.1131218747694201,290.17648232657905,8,67,0.0
6278,0.1100796844730088,289.8382286106338,8,215,0.92740995
6279,0.1219022218572835,290.83099557923464,8,50,1.8543341
6280,0.1181809899496018,290.45482300181413,8,57,2.2602215
6281,0.1127389769813508,290.11530189676495,8,61,1.1393563
6282,0.122063722232937,290.92885005305726,4,44,0.92740995
6283,0.1119239702388305,289.43444687311086,8,71,0.0
6284,0.1181029914088623,290.47143782403543,8,73,3.0008495
6285,0.1242514450112386,291.1691062945937,6,43,3.5599198
6286,0.125057149758471,291.0483361212516,5,47,0.0
6287,0.1159677396969068,290.3403283172284,8,62,1.1336589
6288,0.1257268484370922,291.0339987562311,8,49,1.4518554
6289,0.1243290743952057,290.89123459366954,8,56,2.4239154
6290,0.1188392626171691,290.50883000600726,8,60,1.4615924
6291,0.1253389587993893,291.1044069205046,8,45,2.4150922
6292,0.1249242387200379,291.11394723881494,8,43,2.1634898
6293,0.111723856969947,290.1010206569315,7,63,0.0
6294,0.1264015221920746,291.22512829451347,8,45,1.4484446
6295,0.1245591814446151,290.9545250359319,8,49,0.92740995
6296,0.1228356139233178,290.71105157030394,8,64,2.4324064
6297,0.1243222338201701,291.19418639116543,8,43,1.1131989
6298,0.1213662428326525,290.6694627679172,8,58,0.92740995
6299,0.1126722327895149,289.96060446476514,7,67,3.418015
6300,0.1198240754940901,290.55814325002234,8,53,0.92740995
6301,0.1117089635421311,289.345344155198,8,74,1.1450523
6302,0.1233963427587506,291.2224418592095,7,34,1.8543341
6303,0.120325474852504,290.59183595277284,8,54,1.4600639
6304,0.1199499558901084,290.5562491342645,8,52,1.4604882
6305,0.1260128630837708,291.3363049670983,5,45,2.4056993
6306,0.1247250374923153,290.9950715073426,5,48,1.1181756
6307,0.1087517772362283,289.35682057081885,8,118,3.5494485
6308,0.1106399160497295,289.3248880907598,8,76,2.2884283
6309,0.115885932085942,290.3239719578783,7,75,2.172175
6310,0.122759395533821,290.7090506818433,8,59,0.0
6311,0.1176224772077669,290.4331016089758,8,72,0.0
6312,0.1228094375646841,290.7599150828884,8,55,1.456646
6313,0.1223050337174591,290.8772660381289,8,47,0.92740995
6314,0.1092288273508204,289.37561910049936,8,112,1.4722155
6315,0.1259912876615705,291.06198614982907,8,53,1.451369
6316,0.1180089840652658,290.45303956398027,7,56,0.0
6317,0.115335459467198,290.29645389907114,4,53,1.4645542
6318,0.1163418082694963,290.3516775572791,8,58,4.6273675
6319,0.1275553471961893,291.2591041599823,8,61,9.451288
6320,0.1221319307536189,290.76277143192715,7,48,3.5725942
6321,0.1080500356045375,289.17374300608094,8,221,11.623207
6322,0.1191159997967613,290.521656605858,8,59,0.0
6323,0.1225717064650637,290.7576189441712,8,50,1.1239774
6324,0.1179898382994314,290.452901344004,8,74,2.4409776
6325,0.1171156493979596,290.4022331025187,8,61,2.924544
6326,0.121805178011648,290.9132810429836,8,46,2.2392108
6327,0.1203963052968436,290.6083983807343,8,65,4.861524
6328,0.1119588216779712,290.1132285552884,8,70,2.7802885
6329,0.1107499325477843,289.80971469475463,7,71,1.1409134
6330,0.1249376149499875,291.0939392117688,2,41,1.4507309
6331,0.1169930268788648,290.3875172065908,8,62,0.0
6332,0.1170511916322694,290.4011748266668,8,61,1.4633589
6333,0.1123230709205294,288.3546262022995,8,89,2.1834583
6334,0.1236031128783135,290.8251561764199,8,57,1.455601
6335,0.1220266876479726,290.70694289388393,8,61,2.2482243
6336,0.1156082782715,290.321297809253,8,74,1.4651651
6337,0.1105943919859963,289.7896585000733,7,70,3.004632
6338,0.1224564042786718,290.7119763836949,8,48,2.1685562
6339,0.1148766774872005,290.277810918108,8,67,0.92740995
6340,0.1243245849084252,290.89762877682324,8,57,1.8543341
6341,0.1126122012694068,289.9642268175974,8,66,0.0
6342,0.117430950527627,290.43154501347544,8,65,1.4632102
6343,0.1246803238818424,291.02331625648105,8,47,1.4520402
6344,0.1258145675880298,291.0467411820338,8,52,1.4516345
6345,0.113811738383061,290.200818169051,8,67,1.4655434
6346,0.1259278838161401,291.2460416092772,8,40,2.8941257
6347,0.122390513623367,290.73256917272374,8,52,1.4575496
6348,0.1125966039971494,289.9736158796027,8,64,3.0044057
6349,0.1229280988583643,291.1770504878481,8,42,3.559388
6350,0.1104571918044506,290.0003403468654,8,216,3.7047918
6351,0.1228802291432961,290.6099958498,4,49,1.4567178
6352,0.1174848726711863,290.4274277359595,8,62,4.337678
6353,0.1073145159961907,288.9148807484144,8,229,0.92740995
6354,0.1250753766875168,291.0543493935368,4,45,2.9011233
6355,0.1261957572426313,291.1513776789674,8,46,0.0
6356,0.1231508123405904,290.6855537852016,8,51,0.92740995
6357,0.1124227719380672,289.9016424773624,5,63,0.0
6358,0.1200237384616929,290.598457902476,7,57,0.0
6359,0.1126164216822478,289.9727112239726,7,63,1.4697614
6360,0.1143766310060533,290.2339737601901,8,67,2.1733239
6361,0.1107492504215574,289.5958766642722,5,71,1.4714283
6362,0.122894050989439,291.1875341292292,5,37,1.1131129
6363,0.1120578465027385,290.1215566585119,7,83,5.962559
6364,0.1257545203313212,291.1441931117438,8,65,15.160277
6365,0.1222513273744092,290.69995150059555,8,52,5.0037966
6366,0.1118754123782437,290.090131695965,7,91,5.6615314
6367,0.1203865050661605,290.6080059152591,8,64,2.9179542
6368,0.1102450854636664,289.37336490815545,8,71,6.5103536
6369,0.1243589572230106,291.04719604837294,4,44,2.1642976
6370,0.1096760819432913,289.76865181981844,8,222,5.0340576
6371,0.1218943029814628,290.6906091871684,8,58,1.4583793
6372,0.1223328519204654,291.13093998886194,8,41,0.92740995
6373,0.1126157132382161,290.1264125275525,7,106,3.5881255
6374,0.1240025432681331,290.9188646057748,8,55,0.0
6375,0.1247827439663025,290.9668226248401,6,49,1.1188372
6376,0.1235125689457973,290.84797928832427,8,58,0.92740995
6377,0.1219681451124757,291.17510933469845,0,34,0.0
6378,0.1224097039449466,291.33496740286023,8,35,3.452982
6379,0.1167636605747723,290.390858129648,8,93,1.4639332
6380,0.1234094545320276,291.2268159934542,6,37,2.993853
6381,0.1200216151582844,290.57271158121034,8,54,2.1702154
6382,0.1251101467735436,291.03540456373617,8,48,1.1172353
6383,0.1205422531517504,290.59007381842866,8,73,2.1696794
6384,0.1166386761357707,290.3682316312212,8,61,0.0
6385,0.1189245665392228,290.5025571047897,8,68,1.4608194
6386,0.1139075755905612,290.2078936010248,7,66,1.1349367
6387,0.1215708193582473,290.6484429320409,8,64,1.8543341
6388,0.1170045028796807,290.39885255921405,8,61,2.7802885
6389,0.1134325454604445,290.169905928565,8,102,4.341164
6390,0.1112541500231062,289.3272448013996,8,111,1.8543341
6391,0.1118092736795606,289.81393922871246,8,78,12.95847
6392,0.1221873971852688,291.15523874750534,8,38,3.5599153
6393,0.1120757616475782,290.1160353987836,7,66,0.0
6394,0.1180010479076344,290.4650668872342,8,72,0.0
6395,0.1234047033860885,291.0793504505958,5,47,1.450845
6396,0.1162573440594958,290.3534077454788,8,57,2.1726737
6397,0.1236438356235157,290.8600715280217,8,60,0.92740995
6398,0.1094903526044564,289.0955732640416,8,76,3.0065014
6399,0.124828281442707,291.06702893146155,7,48,1.4512296
6400,0.1250825477083467,290.9402035001887,8,56,1.1192328
6401,0.1161710268260068,290.353519019484,8,65,2.4482343
6402,0.1200456488294834,290.56522782015355,8,54,1.8543341
6403,0.1094239468865057,289.2392515737746,4,69,0.92740995
6404,0.1083922194194017,289.31366440543474,8,164,7.0715184
6405,0.123095824126047,291.00735204811275,5,46,2.1647365
6406,0.1197249091707843,290.5574516120987,8,52,1.128681
6407,0.1082240208081967,289.17325576294,8,209,4.351213
6408,0.1109058784559196,289.3771680417979,8,115,3.552118
6409,0.1116253229250375,290.0947454653345,8,69,1.4686047
6410,0.1198312495367703,290.565492330512,8,60,1.4605614
6411,0.1225425338052559,290.9696460114153,6,46,2.1652036
6412,0.120066771581538,290.58914305307803,9,62,2.2554564
6413,0.1234301261017248,291.16367235165137,1,39,2.8965793
6414,0.117224140358645,290.4036503937237,7,53,1.1317146
6415,0.1199307569010214,290.550353379805,8,64,0.0
6416,0.119177843430465,290.5409187995908,7,59,1.1294447
6417,0.1076187245459397,289.0187937860699,8,213,7.306063
6418,0.1176114084876808,290.44330011145576,8,62,0.92740995
6419,0.1130914036338738,290.1705349189533,8,75,0.0
6420,0.1167741900837102,290.39419351184864,2,61,1.1331377
6421,0.1101502907508147,289.34164326177125,5,75,1.1442935
6422,0.1244544967560818,291.1599659984592,4,39,1.1140746
6423,0.1112621200635869,289.8679137958313,7,65,0.92740995
6424,0.1117394041668145,289.75574334164287,8,74,1.1417587
6425,0.1133725484560957,290.18760579834384,8,74,1.1378114
6426,0.1222783925535683,290.7004650893016,8,51,0.0
6427,0.1250744710891791,291.0783840603674,8,47,0.0
6428,0.1248182876552729,290.9249413940629,4,55,1.453661
6429,0.1083291643051924,289.02197662623394,7,94,4.35255
6430,0.108403504038315,289.1914214116157,8,152,1.4730246
6431,0.1127032831698633,289.94530621862793,7,64,1.8543341
6432,0.1073508474298572,288.9231746929097,8,183,4.6672897
6433,0.108646591661576,289.0919438512918,8,87,2.179212
6434,0.1099252767623327,289.13269012492947,7,75,0.92740995
6435,0.1115087874621484,289.824991911212,8,73,2.9386642
6436,0.1257762525062614,291.08353788656825,8,49,2.1639183
6437,0.1227421091840441,291.16779060918486,8,40,2.4114127
6438,0.1095207343234199,289.1510019985111,7,74,1.1455028
6439,0.10846996211471,289.15384537350525,8,157,3.5537517
6440,0.1121159623824369,290.1217772740957,8,64,1.1383725
6441,0.1233111036250398,290.95395083772087,8,44,1.4532658
6442,0.1199689981957415,290.57502237054564,8,62,0.0
6443,0.1121535183502725,289.70234836766366,8,68,2.177555
6444,0.1207810546251111,290.5515934259665,4,54,0.92740995
6445,0.1105719810847549,289.8397470430972,7,69,2.4613364
6446,0.1172948554897084,290.41531355205314,8,62,1.4631212
6447,0.123374563990856,291.18721607473555,3,40,1.4487526
6448,0.1210930921321665,290.63083768673926,8,53,0.0
6449,0.1110290661192462,289.78977074969106,8,68,3.542875
6450,0.1219372811334695,290.84368540564986,4,51,7.2738013
6451,0.1093504756222909,289.4278629212802,8,88,3.5487912
6452,0.1094722988936151,289.1172532922443,8,76,2.470834
6453,0.1187194983446406,290.513166050872,5,58,3.8592243
6454,0.1240763788982639,290.9418504344718,8,56,0.92740995
6455,0.1166471595004961,290.3736793198262,9,54,3.7047918
6456,0.1257705011915907,291.2282020640015,8,42,1.448299
6457,0.1216575818571445,290.70081033692804,8,51,2.4336662
6458,0.1211005507237426,290.63726406733304,8,56,1.4592707
6459,0.1124734095309733,290.14235680899253,8,67,0.0
6460,0.1104641098527713,289.919996805281,8,148,4.9112644
6461,0.1094364439706908,289.53996321106786,8,116,3.8759937
6462,0.1261661623014206,291.14714536812403,8,48,2.7802885
6463,0.1236742568815772,290.8405639021646,8,59,1.1215041
6464,0.1114448694109868,289.3502124408955,8,85,2.178868
6465,0.1220703249698729,290.86001656995427,7,49,0.92740995
6466,0.1251274876560039,291.0512852794886,7,47,2.164294
6467,0.1219036083795864,290.9411496746666,8,48,2.1655607
6468,0.1225464290003915,290.94499982334264,4,44,0.92740995
6469,0.1104866514894246,289.98199080772275,8,178,2.4590344
6470,0.1257002129907583,291.1870372745102,2,43,1.4490666
6471,0.125756816356782,291.06453203722367,8,51,0.0
6472,0.119009188834221,290.5206108686205,8,61,2.441062
6473,0.1260913236269615,291.189299178226,8,45,2.1626341
6474,0.1104944204072215,289.7412591486825,9,70,3.594453
6475,0.1159738320995623,290.34054011269984,8,61,2.2663922
6476,0.1226215422862072,290.94686414830323,4,42,1.4533645
6477,0.1225361183817351,290.830414009356,5,46,1.8543341
6478,0.1221457814173503,290.93957234777406,4,44,1.4534858
6479,0.1251167822198629,291.03456376125206,8,49,0.92740995
6480,0.1283639549092118,291.2015248539914,7,95,1.8543341
6481,0.1204101623856589,290.5879250256393,8,52,1.4600259
6482,0.1107779871874099,289.6029719206342,5,69,0.0
6483,0.1235958101815639,291.03512799036145,5,47,2.4178271
6484,0.1134547768421656,290.18175969608683,7,64,3.002554
6485,0.1087140470629921,289.338848676417,8,131,0.92740995
6486,0.1167082517282656,290.38222087021967,8,63,0.92740995
6487,0.1231909673416554,290.79182095231806,3,54,1.1227676
6488,0.1095154441144721,289.5384919439205,8,108,1.4713385
6489,0.1246892745435548,291.017430780068,8,48,0.92740995
6490,0.123274681478362,290.80785379758464,5,55,1.4557239
6491,0.1234898048679035,290.8017565027821,6,53,5.9792223
6492,0.1210575678354311,290.65164777614393,8,68,3.3766756
6493,0.120579984313879,290.6044648695691,7,61,1.4591776
6494,0.1232256754704712,290.7973565419649,8,58,1.8543341
6495,0.1227708238488366,291.13610925206945,8,38,2.8974779
6496,0.1240522465487376,290.8753360517534,4,54,2.4249492
6497,0.1157471330544875,290.3296038196344,8,77,0.0
6498,0.1229566441078541,290.60395046412475,7,46,1.4566144
6499,0.1205016942436175,290.61227865741205,8,62,1.1275711
6500,0.1260312637964908,291.2332252751327,8,44,0.92740995
6501,0.1202065247079745,290.5932458263352,8,60,4.6273675
6502,0.1255296628713302,291.1594428209348,8,43,0.92740995
6503,0.1117497762692566,289.42699618406215,8,70,1.4728532
6504,0.1121567254503366,289.93381099750667,8,76,0.92740995
6505,0.1258857818740206,291.114076517762,8,51,2.163553
6506,0.1222833322268209,290.6950376266866,8,48,1.1254812
6507,0.1196216143225014,290.5373893031803,8,64,2.1702428
6508,0.1259574013503717,291.15537736129374,8,45,0.92740995
6509,0.1097726702588728,289.4411800789891,9,74,2.285748
6510,0.1118494999036219,289.46513236857413,8,71,0.92740995
6511,0.1218882543291578,290.85423065295726,8,50,2.7802885
6512,0.1247947306959679,291.0604049786896,3,41,1.4513524
6513,0.1216245898265223,290.6687249583629,8,56,1.4587272
6514,0.1228683619768797,290.73401182430337,8,63,4.3302455
6515,0.1163416813710581,290.3583992878858,8,60,3.5838673
6516,0.1245987099336007,290.9108760184066,1,56,1.1199155
6517,0.1149361381360835,290.2810084125433,8,66,2.2692006
6518,0.1121573410814691,289.6013369710074,8,69,2.1779835
6519,0.1218949260484181,290.69059197307234,8,57,3.574789
6520,0.1213895038394166,290.65651428631105,8,57,1.4589508
6521,0.1248989199193344,291.0062517816325,7,48,0.0
6522,0.1227576339911665,291.1724283485373,8,40,1.4489564
6523,0.1181544437291854,290.4694105496315,8,59,2.9227283
6524,0.1137828760300932,290.2123734589526,8,77,1.137173
6525,0.1241591945255657,291.3948375433591,8,36,1.4456285
6526,0.1257637226426875,290.9996602402244,8,52,1.1179639
6527,0.125774375552328,291.0951861526164,8,48,3.4698303
6528,0.1210633352644511,290.6151468788917,8,62,3.8505893
6529,0.1223920468722483,290.90086879604576,8,43,1.4528291
6530,0.1097198640258844,289.7949203049824,8,277,3.4171395
6531,0.1194391994414406,290.51986277752394,8,69,1.1290227
6532,0.1084313626243917,289.2145808737016,8,160,4.4109197
6533,0.1222006953077741,290.8827879309665,7,49,2.2408218
6534,0.117966469472651,290.4589325371234,8,64,2.4436936
6535,0.1226486550092313,290.95263900060854,4,44,2.165434
6536,0.1170412513612707,290.4053618434252,8,62,2.4461117
6537,0.121912012580474,290.7480148567091,8,51,2.4313843
6538,0.112155552743254,289.96721236166127,8,72,0.0
6539,0.1157726608428001,290.3195885932781,8,65,8.092481
6540,0.1116754187131176,290.0976407711866,7,68,1.4685407
6541,0.1140408129754123,289.6154498646906,7,65,2.7802885
6542,0.1095290091387628,289.5090878814198,8,82,0.92740995
6543,0.1120582548866689,290.08770522985185,8,70,1.8543341
6544,0.1072882689926308,288.9010573210476,8,200,1.146184
6545,0.1113529808483775,289.32006893772467,8,102,1.1450723
6546,0.1124853053156333,289.93173124161564,8,68,3.0045135
6547,0.1218202232615194,290.93009915319084,8,49,2.4224842
6548,0.1177422290171423,290.4481269260085,8,65,2.4443803
6549,0.1097420385862463,289.81162258284024,8,257,0.92740995
6550,0.1253509234273874,291.0862268187921,8,49,1.1160265
6551,0.1105326415959965,289.9525201643851,7,189,3.0041547
6552,0.1125846614378772,289.85679971019306,7,65,1.8543341
6553,0.11134668503726,290.0301891577934,8,69,0.92740995
6554,0.1240897372346916,290.8782371537208,4,56,3.4841278
6555,0.1263181920551912,291.2040044189228,8,44,0.0
6556,0.1243742071014845,291.1695191122679,8,44,2.7802885
6557,0.1236346718141448,290.83640515653985,7,54,0.0
6558,0.1161639352969851,290.35522922228625,8,121,3.5849895
6559,0.1251345601261174,291.00241059077587,8,49,1.1179967
6560,0.1200629741288587,290.5647455960789,5,50,0.92740995
6561,0.1218070850972117,290.9342685961742,8,49,2.422281
6562,0.111643958699689,290.0725635810918,8,155,4.6345353
6563,0.1161964857151203,290.3494956675172,8,59,0.0
6564,0.1214316779043673,290.6333311576299,8,63,0.92740995
6565,0.1220498667277551,290.90955772775555,2,46,1.1201397
6566,0.1085190991686263,289.1648602258268,8,131,5.343573
6567,0.1108415480588953,289.6239142809288,8,71,2.1775656
6568,0.1215942750111696,290.6424267147212,8,62,3.5005636
6569,0.1166484122618632,290.37274954373663,7,77,0.92740995
6570,0.1254750978458583,291.1112309092245,8,48,1.4504641
6571,0.1233226080969844,290.83461150496555,8,56,1.4555326
6572,0.1243755345242945,290.9133838152856,8,53,2.4233587
6573,0.1201712485738097,290.5806157287848,8,55,1.4602306
6574,0.1220697593961377,290.70218363454654,8,55,2.2500346
6575,0.1104355977333633,289.83863885089335,7,66,1.1405689
6576,0.1257415099445047,291.02811222150626,8,53,3.3487165
6577,0.1225762590197767,290.7535214811761,8,49,1.1240743
6578,0.1125830861987323,289.9563720450342,7,67,0.92740995
6579,0.1149111421967271,290.26404848990387,7,61,0.0
6580,0.118611454272538,290.50534416978564,5,54,2.9219148
6581,0.1256185400560413,291.09305651225617,8,47,0.0
6582,0.1193490391904956,290.5419601026302,8,61,0.92740995
6583,0.1236824093589037,290.8343153596843,6,54,1.8543341
6584,0.1178596389075224,290.43522252443216,8,61,0.0
6585,0.12420645016607,290.91623199749125,4,51,0.92740995
6586,0.115812555366333,290.3326454406434,8,65,0.0
6587,0.1218252106330307,290.7098238937153,8,50,2.9144204
6588,0.1224026564041885,291.4974666785397,8,35,1.4439673
6589,0.1122599525667456,290.1082278623377,8,142,2.2728107
6590,0.1115852503891087,289.4015083053188,8,77,0.92740995
6591,0.120296454899715,290.5655469630011,8,65,1.1280743
6592,0.1220650690512794,291.4150190605794,8,36,0.92740995
6593,0.1251689169539339,291.013892292483,8,51,2.2346256
6594,0.1231633056087355,291.4424279595252,4,34,0.92740995
6595,0.1175559788070525,290.43696790525104,8,63,1.4630114
6596,0.1117126089734355,290.091216086107,8,185,6.847048
6597,0.1225107555376244,290.7546693887041,8,51,0.92740995
6598,0.1203281406702058,290.59271986666755,8,65,2.1695013
6599,0.112345408669617,289.7220965706702,7,67,0.0
6600,0.1167304714879889,290.3784229114861,8,56,1.4635313
6601,0.1224371215012245,290.9096737833896,4,43,2.1659968
6602,0.1172835505989501,290.4268522813946,3,60,2.4461756
6603,0.1229848781219676,291.227217978876,8,37,0.92740995
6604,0.1254067489048199,291.1888403781797,8,43,0.92740995
6605,0.1112920765829634,289.3895379305536,8,101,2.1786594
6606,0.1126508749085537,290.14585196694213,8,71,2.4577599
6607,0.1085103365508599,289.009582714138,8,98,2.4715133
6608,0.1093191307333949,289.4239892863149,8,96,7.0706515
6609,0.112359552549065,290.13780505475603,7,65,8.716784
6610,0.1081663611025341,289.0208851342479,8,91,4.765933
6611,0.1189786350441288,290.4985474947655,8,53,2.4409847
6612,0.122930581070749,290.9657665294809,6,44,0.92740995
6613,0.1158395472295562,290.3348443167646,8,67,3.5224829
6614,0.1234131248198959,290.81364561595785,8,60,0.92740995
6615,0.1220889773616706,290.82521544052264,8,52,2.9096847
6616,0.1085771925141045,289.00997694341385,7,99,5.0455604
6617,0.1086387892609261,289.23291348325,8,111,4.35097
6618,0.1219306814349745,291.18714354270554,6,33,2.894421
6619,0.1229469767352968,290.80462528429433,8,53,0.0
6620,0.122369362917926,290.7654677329472,7,46,1.4569304
6621,0.1219745652742202,290.70703600104486,2,58,1.4574487
6622,0.1127336009810072,290.13021244550544,8,118,2.4528883
6623,0.1123606350415627,290.03792008577165,8,77,2.1762142
6624,0.1244276889188216,291.19758659837515,7,43,0.0
6625,0.1093373470165496,289.40210873607725,8,93,3.876292
6626,0.122449599014305,290.95608125461433,4,43,3.4787793
6627,0.113490294258561,290.1955643288929,8,70,0.0
6628,0.1090154747214257,289.41035660932937,8,150,5.748786
6629,0.1219124493971752,290.94538555904137,7,45,1.8543341
6630,0.1230506498911754,291.1743250037202,8,42,0.92740995
6631,0.1222378587621386,290.68817982907245,4,57,0.0
6632,0.1107220543987956,289.8966870137987,7,66,0.0
6633,0.1228082632436585,290.91468258777934,8,47,1.8543341
6634,0.1229236691148072,291.1391686681811,7,38,1.4496272
6635,0.1094096076918907,289.5399235732537,8,106,2.9406526
6636,0.112687573783549,290.11428120787485,8,63,1.4689254
6637,0.1088348822451392,289.4225427514476,7,76,3.5964208
6638,0.1218742615223764,290.80007682854216,7,51,1.4563133
6639,0.1226155124154805,290.9914920527102,8,47,1.8543341
6640,0.1101159720373155,289.8716310169363,8,181,0.0
6641,0.1282154910058442,291.17640157792425,8,89,0.0
6642,0.1172655277321767,290.4233617226112,8,63,1.4634688
6643,0.1124813009731709,290.1410068865511,5,70,1.4680015
6644,0.1108346396387217,289.3766278769179,7,94,5.995347
6645,0.1108580331765395,289.8301816749571,8,72,1.470056
6646,0.1173505491688455,290.4220323233711,8,65,5.6418858
6647,0.120596613585205,290.62054453741086,8,59,2.436935
6648,0.1170008717218787,290.39843729263555,8,63,0.92740995
6649,0.1192303921393964,290.5476081379977,4,60,2.1707754
6650,0.1239676881717407,291.3137954413885,6,40,4.4341965
6651,0.1218559523174901,290.9748163693729,8,47,4.8320503
6652,0.1120839031001198,288.33468676150807,8,89,0.0
6653,0.1191493098240965,290.50548242581294,6,50,1.4612305
6654,0.1096131546812608,289.5305890191167,7,73,1.4714221
6655,0.1219151090761922,290.7944126618427,7,51,0.92740995
6656,0.1240801195372354,290.94463001426953,8,56,0.92740995
6657,0.1180578227303655,290.4715611445109,8,60,1.8543341
6658,0.1167275064730668,290.38751089314263,8,68,3.0015597
6659,0.1229648471865438,290.7400639164323,8,62,1.1241938
6660,0.1224825352812888,291.08612128110485,4,38,4.4540696
6661,0.110561739408111,289.12843501386084,8,77,4.352866
6662,0.1229516071973682,291.21007309867326,8,37,1.1125548
6663,0.1093737516601281,289.57190126144883,8,74,3.8905725
6664,0.1218469996886432,290.8216973882585,8,52,1.4558696
6665,0.1141693985205327,290.2369913767356,8,68,1.4663172
6666,0.1185813635023559,290.4924832635837,8,62,1.4618518
6667,0.1229773215488213,291.02035389773965,4,44,2.995763
6668,0.1193151406871451,290.5296061912504,8,55,1.4610895
6669,0.124365484616248,291.02550338704964,7,46,0.92740995
6670,0.1245339791136286,290.91646090229483,2,54,2.996701
6671,0.1098520619978882,289.136222301721,7,78,1.1457928
6672,0.1225396448468993,290.7249365046172,8,59,2.247836
6673,0.1084063485922344,289.0068025666687,8,96,2.179504
6674,0.1232042125866103,290.9266957103994,4,45,0.0
6675,0.1121858336389193,289.6087746959371,8,68,0.0
6676,0.11328526659173,289.69060842892657,8,71,1.4712983
6677,0.1231550080678599,291.2129415798809,8,36,1.448225
6678,0.1241135264449693,291.03618185366463,8,47,0.92740995
6679,0.1186938028946423,290.4911343618225,8,69,1.1290189
6680,0.1218182687156381,290.67262993456234,8,51,1.8543341
6681,0.1224215064482282,290.7722488593824,4,46,1.1236492
6682,0.1229605003297583,290.96516181094654,8,44,1.118764
6683,0.1186701206212685,290.51012931853893,6,58,2.259535
6684,0.1082173206842372,289.2527469565192,8,144,2.1783001
6685,0.1169765958441708,290.4015418528152,8,62,2.446275
6686,0.119988789095932,290.56799304643926,8,63,3.5770237
6687,0.1099051445303983,289.7596765019109,7,240,5.0348887
6688,0.1224791858062333,290.75159094001503,8,50,2.1680622
6689,0.1199886722255967,290.5767572624701,8,57,2.4385915
6690,0.1141404724747717,290.23532685073866,8,67,0.92740995
6691,0.1231812400343258,290.73666049284486,8,44,2.423345
6692,0.120348784062266,290.5965348174777,8,52,1.4600201
6693,0.124833229317967,291.4905869649126,8,35,2.1594284
6694,0.1110629075238369,289.22951868912673,8,119,6.34299
6695,0.1155923332869658,290.31553899328253,8,58,1.464623
6696,0.1236020715360775,290.8345979879424,8,58,2.1667743
6697,0.1110782163575445,289.242443073651,8,120,6.903011
6698,0.1101735199882876,289.7413037407229,8,67,3.8756373
6699,0.1258861452071882,291.1372783801572,8,47,0.0
6700,0.1220220235441955,290.69111007554403,8,53,2.2504244
6701,0.1252521513282715,291.0283055936153,8,51,1.4519814
6702,0.1200242237692493,290.59893674959505,4,56,2.1701386
6703,0.1200444571519062,290.5816955191692,8,56,0.92740995
6704,0.1245598358131512,290.93879535265614,8,54,1.1194896
6705,0.1153537338860163,290.29089814652986,4,59,0.92740995
6706,0.1132073137988242,290.15581166694426,8,109,0.0
6707,0.110035422435263,289.5193675763497,7,72,2.1778016
6708,0.1166626012981768,290.3804663928464,8,61,1.463814
6709,0.119036297180262,290.522267272006,8,62,2.4409916
6710,0.1105500643086776,289.9548473232056,8,156,5.0326133
6711,0.1180492098100026,290.4677210028883,8,72,2.1716404
6712,0.1101457569542387,289.89082285525785,8,164,1.1398454
6713,0.112349009856774,290.11505867707666,8,128,5.8486657
6714,0.1088470629681537,289.34051925410904,8,125,19.630812
6715,0.122958128288877,290.9659946498624,8,45,0.92740995
6716,0.1220657500875321,290.68465538846294,8,50,1.1257252
6717,0.1093010626480834,289.52855159159066,8,96,5.747405
6718,0.1117050314682868,290.0939404601346,8,153,1.8543341
6719,0.1103223252890723,289.6497247452094,7,73,2.7802885
6720,0.1124081985305832,289.86543870767287,7,64,1.141183
6721,0.1233839119365681,291.2189007767754,7,34,1.4481426
6722,0.1233517321017513,290.79594849528013,8,61,0.0
6723,0.1120097346488675,290.0823722199086,8,80,3.7047918
6724,0.1221755944658818,291.15365837684897,8,35,2.1627486
6725,0.1188591220980952,290.4925962233624,8,57,3.509902
6726,0.1164527324227396,290.3731281484634,8,63,2.4481058
6727,0.1227268220954287,290.849088565396,8,46,1.4552815
6728,0.1085862120273937,289.1265442067321,8,111,1.1452252
6729,0.1210719123863062,290.6342686177941,4,62,2.434596
6730,0.1090961783903885,289.5312229395886,7,83,2.4641123
6731,0.1173586499972356,290.4169843896928,8,60,5.715733
6732,0.122451243625201,290.6998186374249,8,59,1.4578614
6733,0.1223223818991474,290.7707860882627,7,46,3.3676755
6734,0.1222707894058519,290.7220943649289,8,54,2.1684728
6735,0.1222682235790174,290.87823731378205,5,48,1.4547151
6736,0.1115940113695615,290.09119611704705,8,123,3.8802154
6737,0.1200337081978195,290.5810634857078,8,55,0.92740995
6738,0.1206630737419716,290.62356732993527,8,59,1.4596289
6739,0.1132070468974576,290.18319222680543,8,60,2.9321096
6740,0.1207854409413367,291.39462327885155,4,32,0.92740995
6741,0.1204849203043906,290.5962871752017,7,52,0.92740995
6742,0.1175192960201228,290.43767297422664,8,61,1.8543341
6743,0.1188905515626361,290.5233151083102,7,56,0.92740995
6744,0.1259239763655712,291.06157928537266,8,51,6.733293
6745,0.1157197186850583,290.3272416094219,8,64,1.8543341
6746,0.1180916835120922,290.4560579761319,8,69,0.0
6747,0.1250882389553549,291.05195811346186,8,47,0.92740995
6748,0.1191711557214371,290.5298963145243,8,67,3.5048094
6749,0.1261858047814633,291.15164473079074,8,46,0.92740995
6750,0.1251464124063782,291.0619268701157,1,43,0.0
6751,0.1177012028293071,290.4294789188804,8,64,3.0006456
6752,0.1221166511500019,290.8570821520634,4,49,2.2421567
6753,0.1177079401030025,290.4421208163837,8,62,1.1313887
6754,0.1222769028643099,290.88902408671987,8,46,1.1206772
6755,0.1203659674596666,290.6053968185346,8,64,1.1277527
6756,0.1257248766222795,291.2401525024241,8,41,1.8543341
6757,0.1259593874980605,291.1454941749903,8,48,0.92740995
6758,0.1244732636668486,291.1584065478292,4,39,2.162887
6759,0.1223658336553376,290.778461711353,6,49,0.92740995
6760,0.1229290202439911,291.3210477046759,8,36,0.0
6761,0.123121527064505,290.77531924186934,8,58,0.92740995
6762,0.1255685783931276,291.0309749679417,8,50,2.4182968
6763,0.1260296386503958,291.0669849967146,8,51,1.4512826
6764,0.1172984066454271,290.40617124067563,8,58,1.4629195
6765,0.118157374666124,290.47814228994145,8,59,0.92740995
6766,0.1176789802646131,290.444485203609,8,65,2.2621942
6767,0.1108986750101465,289.56290293580827,8,73,1.1428976
6768,0.1177981213207411,290.4455057402798,8,62,1.4626379
6769,0.1119200249044148,290.08729967028034,8,149,2.7802885
6770,0.1129665638511804,290.1582811875704,4,62,2.175798
6771,0.1227699564211148,291.10266674177564,8,38,2.2296464
6772,0.1186272884389266,290.48782924464047,8,55,1.4617575
6773,0.1223062882976927,290.7663416599205,8,51,7.8476815
6774,0.1260817625693749,291.1800957684521,8,45,0.0
6775,0.1240550799675632,290.8714334427241,5,57,1.4546299
6776,0.1222669908666533,290.8040429078202,5,51,2.9978144
6777,0.1259192895512768,291.18355814632275,8,45,1.4491603
6778,0.1253590424202874,291.109828058839,8,44,1.1154513
6779,0.1236350911029987,290.8377761876041,8,62,1.121541
6780,0.1212833694666716,290.640619099231,8,57,1.1267107
6781,0.1183538002698566,290.49272079760146,4,56,0.92740995
6782,0.1173291324710418,290.41843153356604,8,61,0.92740995
6783,0.1123705509025154,290.13612587332824,8,65,0.92740995
6784,0.1171146634213941,290.3710171552346,1,59,0.92740995
6785,0.112726707111426,289.9930592105541,8,65,2.4607654
6786,0.1222535072890504,290.9825363558124,1,40,0.0
6787,0.1231147869993541,291.2067277193379,8,38,1.4483403
6788,0.1223936359162075,290.74370175070584,8,53,2.247866
6789,0.1257309706097354,291.088821618038,8,48,1.1159976
6790,0.1144206652908636,290.2505432880378,8,74,2.174339
6791,0.1137927027163254,290.2077296624898,1,64,2.2750003
6792,0.1079621265923849,289.1408421347453,8,199,9.784779
6793,0.1208807242380024,290.6220794160639,7,60,1.1264019
6794,0.1215438017535855,290.67292292548734,8,59,3.7047918
6795,0.1241264177043103,290.87687889267943,8,56,0.92740995
6796,0.1087283555872384,289.11534133758767,8,104,2.9452825
6797,0.1200275569853994,290.58227101832,8,60,2.918777
6798,0.1242401599528038,291.1940251040557,5,42,1.4487388
6799,0.1179470256564799,290.46168992607545,8,73,0.92740995
6800,0.1226941348862438,291.0109091944452,8,45,1.1175739
6801,0.1257055682943274,291.2404322614245,8,41,2.161955
6802,0.1167315346460433,290.372686607126,7,60,2.4451315
6803,0.1105361921679178,289.35332358103545,5,76,3.0059166
6804,0.1254509434132851,291.09844737359697,8,47,2.4153924
6805,0.1252822910969946,291.0444484867484,8,52,3.8249362
6806,0.1111852282247087,289.4002264677196,8,96,2.9436567
6807,0.1089852802855211,289.18472762063976,8,78,1.1449639
6808,0.1087228327501122,289.2615060037561,8,144,5.6628823
6809,0.1224922550412453,290.7326016809707,8,49,0.0
6810,0.1248791793907347,290.9428803077651,8,53,0.92740995
6811,0.1219150782851953,291.0742656425415,8,42,1.1158456
6812,0.1113912109393907,289.8294836122884,6,71,1.1410323
6813,0.1110538098172195,289.88150987302026,8,72,0.92740995
6814,0.1277758595325506,291.1570605033147,8,75,1.8543341
6815,0.1179803762931094,290.46950571151206,7,59,2.1717718
6816,0.1222676957150367,291.1890913557288,8,36,0.0
6817,0.1246600779365488,290.96247317124386,2,49,1.1189617
6818,0.111374508663494,289.5236605381052,8,126,5.3386416
6819,0.1147050205359096,290.25475773744813,8,63,0.0
6820,0.1110654961422518,289.56738673449246,8,75,1.1429416
6821,0.1206440070251771,290.62106945831715,8,63,0.92740995
6822,0.1156987676825846,290.31343360405623,8,61,1.4639422
6823,0.1131591004400362,290.1807577482952,7,63,2.1746526
6824,0.1265342185119337,291.0914640183214,8,69,2.1638305
6825,0.1226324776132425,290.8338570663168,8,49,4.479734
6826,0.1081370359118177,289.20358160315595,8,182,4.410316
6827,0.1223138951392776,290.7354301061372,2,55,2.2468295
6828,0.1189523161133188,290.52646294747683,7,54,0.92740995
6829,0.1227627566595123,290.6185622017189,6,48,2.167877
6830,0.1223023245388014,291.09615537008386,8,40,1.4503919
6831,0.1091386840165014,289.534726779902,7,99,2.1774342
6832,0.1118383005826781,290.1095530602472,7,79,4.344324
6833,0.1201974498467698,290.5966839679919,8,69,1.1279796
6834,0.1175058105972463,290.4387213988769,4,61,2.9245205
6835,0.1179616748454144,290.4660249233264,7,57,1.1312584
6836,0.1195314265242352,290.55450662514806,8,66,2.439727
6837,0.1258487808875134,291.0818788283814,8,49,3.3450994
6838,0.1111090962592294,290.0700813777489,8,209,0.0
6839,0.1183899175961123,290.4957934732532,4,59,0.0
6840,0.1255855286325485,291.1578149875116,8,44,1.4496022
6841,0.1221618966683334,291.06419426617225,5,39,0.92740995
6842,0.1163891979061859,290.3531476396148,8,61,1.1320179
6843,0.1229853155807703,290.9462848402229,8,46,1.4533955
6844,0.1123543033972479,290.1190425325294,8,71,1.8543341
6845,0.1230714758800605,291.2953050467245,7,34,2.2208626
6846,0.1116261760938508,290.0950201971165,8,134,1.4679893
6847,0.1178088663513103,290.4528239491249,8,69,1.4627534
6848,0.1218957977323984,290.7336326686402,8,54,7.825606
6849,0.1220962555043383,290.71328174162886,5,51,1.4580146
6850,0.1136680034878,290.18551713751094,8,84,7.3788605
6851,0.1220763384035701,290.80404185272494,8,51,1.1228976
6852,0.1258312197824809,291.11100102929095,8,48,1.8543341
6853,0.1115809437053192,289.4759667858027,7,76,2.467451
6854,0.1246098286407625,291.2120309654771,8,42,2.1622143
6855,0.1211151155175147,290.6331869612644,8,53,1.1269029
6856,0.1080679682895831,289.1088285945884,8,184,2.469642
6857,0.1188085143584267,290.4959517934841,8,56,2.441421
6858,0.1251710374714607,291.0946964788981,8,46,0.92740995
6859,0.1168226535313592,290.380627279275,8,67,1.4625373
6860,0.1114386512286744,290.0559372510672,7,107,4.344059
6861,0.1151018031136046,290.27585781319056,7,58,1.4641659
6862,0.1125750318561053,289.96907656223243,7,65,1.1404343
6863,0.1236499723371415,290.8374900896677,8,56,1.1216446
6864,0.1184876559111491,290.50257953555627,7,58,0.92740995
6865,0.1232376125024163,291.2027983872645,8,35,2.162205
6866,0.1119222143034193,289.73302377000323,8,77,1.4710017
6867,0.1150556368024559,290.2876508437929,7,64,2.1736047
6868,0.1175054329856659,290.44059463313147,5,58,0.92740995
6869,0.1147792119667867,290.27154406797246,4,57,9.052791
6870,0.1152144161597388,290.29410241190374,8,59,0.0
6871,0.1217880852051171,290.67691802948497,8,54,0.0
6872,0.1231442609872422,291.19427122201034,8,40,1.4485848
6873,0.1113320466880794,290.04023872554126,8,68,1.8543341
6874,0.1097106013222637,289.5790254233156,8,65,2.7802885
6875,0.1113760106521007,290.0820299403737,8,63,1.1390607
6876,0.1166452020833688,290.3785299124024,8,63,2.1725113
6877,0.1119881562273362,289.64216244139686,8,68,2.1777682
6878,0.1175185039198781,290.42700836611283,8,67,1.462872
6879,0.1163484330106287,290.3510917470119,8,63,2.9243307
6880,0.1079686467336907,288.9825437074797,8,136,1.4741344
6881,0.1150009333683495,290.284727876798,8,64,2.9291356
6882,0.1143730176905159,290.2482221224868,8,59,3.5869575
6883,0.1187891893060064,290.5140732925894,5,60,2.7802885
6884,0.1223140870300821,290.7556046489756,8,49,2.2473214
6885,0.1168796559889274,290.3883191297542,8,57,0.92740995
6886,0.1251984027223791,290.9955512846666,8,52,1.8543341
6887,0.1218040402398904,290.91964030241445,8,47,1.8543341
6888,0.1233775295269168,290.8395626635794,8,59,1.4554384
6889,0.1087916061515503,289.3794953423159,8,111,5.988644
6890,0.1241780754760621,291.2231011656797,7,39,1.4481757
6891,0.1151318415826613,290.2928449274044,8,65,2.269185
6892,0.1237019699219994,291.1162406681205,5,43,3.868061
6893,0.124558760143292,291.0478977275442,4,47,1.4515646
6894,0.1116610138030885,289.2672343268562,8,73,1.1456679
6895,0.1188900866629854,290.507777957478,8,69,2.4390047
6896,0.1192536696811908,290.5367748902902,8,60,2.1707437
6897,0.1179028258950207,290.4562623938715,8,64,1.4626083
6898,0.1100406336132717,289.2534495575085,8,81,6.3397894
6899,0.1144469011485894,290.25219299621403,8,71,1.466453
6900,0.1121765742679249,289.7741162031051,8,66,3.0049357
6901,0.1074762335589345,288.97620053019017,8,198,11.55861
6902,0.1205340204835901,290.6112345186608,8,60,2.4371932
6903,0.1230809206383701,291.004914404508,8,45,1.8543341
6904,0.1166339152461412,290.38199286758385,8,68,1.8543341
6905,0.1246068579074531,290.9416097424911,5,55,1.8543341
6906,0.1149318121708795,290.1025946100316,5,67,0.0
6907,0.117571783970812,290.42456237181113,4,54,2.4441748
6908,0.1193276705843461,290.54061843178283,8,64,2.1706905
6909,0.1223123606248732,290.885995152748,4,47,2.2406523
6910,0.1147665254151601,290.2713585316787,8,64,2.1739085
6911,0.1242501707948475,290.91793045644954,4,51,1.4539862
6912,0.1164546576563795,290.3644351767375,8,59,2.1725454
6913,0.1229463330598558,291.0438181078597,3,39,3.8685544
6914,0.1215313267091211,290.64854342621226,7,62,1.8543341
6915,0.1138692661796703,290.07098948065527,2,65,3.5380359
6916,0.122288323395352,290.7923746325039,8,49,2.997924
6917,0.1112351032412249,290.00572870568584,8,69,0.92740995
6918,0.10869927266734,289.3405210777608,8,111,2.4667773
6919,0.1220927792252113,290.7244905273722,8,51,2.2490466
6920,0.1112516214778651,289.2191711567168,8,122,5.9964705
6921,0.1220476938489203,291.1642312341295,5,34,1.4490198
6922,0.1222836021003247,290.7125689783348,8,55,2.168589
6923,0.1258379488273025,291.1250482277877,8,48,1.4502475
6924,0.1223241357879279,290.93725577171176,1,45,2.4222
6925,0.1142331123114848,290.2395055053684,8,72,0.92740995
6926,0.1135656593350269,290.20285014674965,8,61,3.5297825
6927,0.1179444507508318,290.4558275720839,8,62,1.1310669
6928,0.1183933288203392,290.48614980700575,8,58,1.13052
6929,0.1083271083419936,289.2816289717469,8,155,3.5499794
6930,0.1243968784082025,291.0703005998331,4,44,2.164006
6931,0.1136952394069671,290.20761321286056,8,71,1.1372083
6932,0.1125260724323045,290.14576641633914,7,67,1.8543341
6933,0.125023853600295,291.00745409264783,7,49,0.0
6934,0.1118499844099299,290.1078178469043,7,114,3.7047918
6935,0.1210970770222813,290.6322660402722,8,53,1.1269256
6936,0.1200308800889606,290.5668170407247,5,56,2.1702251
6937,0.1226130724487747,290.96738626543384,8,46,2.1652374
6938,0.1219790213112972,290.6988445030273,8,58,2.1687853
6939,0.1259902155360361,291.21136762427017,5,40,2.4104612
6940,0.1106645245354494,289.1312503792491,8,116,2.9466326
6941,0.1118728665959462,289.8665101022325,6,72,1.4701668
6942,0.1258283752317645,291.0476674719736,8,51,0.0
6943,0.1115753248101713,289.65671067670087,8,76,3.005186
6944,0.1221795018307745,290.69124559182364,8,50,2.1688068
6945,0.1175887659386494,290.445890768598,6,57,0.0
6946,0.1220861874247324,290.85244973085,7,48,0.92740995
6947,0.1138307213769447,290.19935827771644,7,66,2.1736026
6948,0.1255180082526898,291.245231629686,4,40,2.2234652
6949,0.1116064919031666,290.091256194797,8,116,2.1753254
6950,0.1102664464649186,289.9399777802128,8,185,2.1760533
6951,0.1223504644691891,290.6927402057182,8,58,0.0
6952,0.1230950776163274,291.0067900648406,5,43,4.8294916
6953,0.1176284337352666,290.4282011332708,8,67,1.1302375
6954,0.1244030773189434,291.17797600921125,8,38,1.1136184
6955,0.1248857016289463,290.9691126611119,8,51,0.0
6956,0.1254325959503923,291.11097949311505,8,45,0.92740995
6957,0.1245072020845399,290.9341804562571,8,55,2.422518
6958,0.1203624219885379,290.600237424268,8,60,0.92740995
6959,0.1261015090459164,291.1509557137082,8,47,1.8543341
6960,0.118041789220075,290.4672999244045,8,72,1.4625047
6961,0.1089182321908984,289.41538386329194,8,105,3.7047918
6962,0.109884491553388,289.17948031545313,5,76,1.8543341
6963,0.1142885780486203,290.2426475326695,8,78,0.0
6964,0.1256113608742445,291.0935937510073,8,46,1.4508089
6965,0.1173086618363017,290.4052114106012,8,62,0.0
6966,0.1218886763984781,290.87092030315114,7,48,1.8543341
6967,0.1213108475359627,290.64919980694884,4,60,0.92740995
6968,0.1201562883358742,290.59023205240936,8,59,0.0
6969,0.1210881559816026,290.6114837853495,8,64,3.8510733
6970,0.12327950085652,290.96348895533566,7,47,0.0
6971,0.1102130938388249,289.9701538916597,7,198,5.8557568
6972,0.1220600965327085,290.8053651289028,8,51,2.4285295
6973,0.1284916177250364,291.21104072596086,7,92,2.1624978
6974,0.1223287791759044,290.7674276353779,7,50,1.1237909
6975,0.1123775757186267,290.07538462627633,8,71,1.1395258
6976,0.1184446413369523,290.4991926460945,7,58,1.46215
6977,0.1155702886968677,290.3063539521431,8,61,1.1331108
6978,0.1222809887773657,290.887781882603,8,46,0.0
6979,0.1107751480774416,289.8191566783343,7,67,2.7802885
6980,0.1248536122341943,290.9615581950882,8,52,1.4531473
6981,0.1196647109256206,290.56294619236,8,63,1.4607197
6982,0.1220974021648223,290.7927251307251,8,49,1.1231877
6983,0.1107624179126195,289.90441280505354,5,66,2.176421
6984,0.121878186641706,290.8876102419522,8,48,3.5685291
6985,0.1145241187325854,290.2573052643474,8,66,0.0
6986,0.1254583499257263,291.01999634498577,7,52,1.1175702
6987,0.1081376744739748,289.1754036624628,7,108,8.420772
6988,0.1188465097809145,290.5125033692409,8,62,0.92740995
6989,0.1169897611509576,290.4040904723703,8,113,3.7047918
6990,0.1183876576175503,290.5073461747197,4,68,0.0
6991,0.1221825782878257,290.88058131146647,6,49,0.0
6992,0.1187885658233163,290.51526055726606,7,56,0.92740995
6993,0.1220479484039033,290.955166023744,4,46,0.92740995
6994,0.122852326654174,290.85434985329607,3,47,2.1667228
6995,0.1114487742977858,289.2527299495091,8,86,2.4706998
6996,0.1126917258213401,289.96551332017725,7,66,2.9377317
6997,0.1218155088232166,290.6693376824426,8,50,2.169054
6998,0.111759204318715,290.0766270832025,8,134,2.174967
6999,0.1227103601184103,290.74753645094256,8,56,2.1678712
7000,0.1230287616270429,291.00469628008653,5,45,0.0
7001,0.1188248873473065,290.50194806011035,8,64,0.92740995
7002,0.1088062771141013,289.3115259881045,8,140,2.2868586
7003,0.1250922648780495,290.9823971166317,8,53,0.0
7004,0.1122563729678847,290.10733313853984,8,134,2.174661
7005,0.1180746907725594,290.47255425263194,8,58,3.5137239
7006,0.1106576291665323,289.13702381795565,8,124,1.1462082
7007,0.1093003936339576,289.47906272446147,8,114,1.1428179
7008,0.1108600439336421,289.4338850023224,8,76,1.4724641
7009,0.1170380584236175,290.4009349691955,8,63,1.1321945
7010,0.1218562510959983,290.8027443104484,7,49,0.92740995
7011,0.1222441367111461,290.73311921635724,8,48,1.4575813
7012,0.1233351169035781,290.8585920445456,8,56,2.9082954
7013,0.1179792617713169,290.464163757652,8,79,2.4438422
7014,0.1133681185943231,290.1865729215671,8,102,10.168931
7015,0.1146197028865435,290.2454918324686,8,63,3.0018575
7016,0.1187807703169838,290.50924317879696,8,63,2.1710882
7017,0.1221910647333749,290.8811330867581,7,48,2.1663735
7018,0.1124159284461187,289.92948764266816,8,65,1.1406797
7019,0.1168893597827718,290.3916481728347,8,63,1.132356
7020,0.1214810057036717,290.65368266004486,8,52,2.1692512
7021,0.1135015854637356,290.19018147004584,1,64,1.1383294
7022,0.1235922201553565,291.0481800207223,3,42,0.0
7023,0.1243125527677994,290.8899225953984,8,59,2.99689
7024,0.1177367854974407,290.4475319460118,8,64,1.4628098
7025,0.115009402326588,290.2691647470164,7,61,2.4472501
7026,0.1135856730096269,290.181654922149,8,85,2.4508464
7027,0.1258928547331522,291.14220216153603,8,49,1.1147404
7028,0.1246692057754235,290.92410412285034,8,56,1.4537317
7029,0.1091440276256095,289.541727265532,8,82,2.1773987
7030,0.1230109402242186,290.73869360210284,8,64,2.247739
7031,0.1209914041731454,290.60344311017974,7,63,3.8715856
7032,0.1235148033308902,290.8264416975139,4,54,2.166889
7033,0.1212868848671751,290.62030968413137,8,61,1.459323
7034,0.1185564539539461,290.49734136746656,8,66,0.0
7035,0.1218457569913248,290.92662911209806,8,49,2.9966245
7036,0.1259581897871232,291.1191343300749,8,50,0.0
7037,0.111195659632306,289.67926706619954,5,71,1.1421167
7038,0.1174800631471669,290.42244206847386,8,68,2.9217265
7039,0.1197425561139904,290.5702331765649,7,67,2.9193616
7040,0.1086559938980295,289.26636644766256,8,180,2.1784933
7041,0.1100975563535239,289.68180765315185,7,66,1.470687
7042,0.1116942639213546,290.0144148410013,8,68,2.2785685
7043,0.1122323071492258,289.63258158023734,7,69,1.471741
7044,0.1185117078361861,290.4907792199772,8,62,1.8543341
7045,0.1107552683656068,289.3494713419564,7,78,2.4685862
7046,0.1222967338317266,290.68535933226457,8,59,0.92740995
7047,0.1252767343711823,291.0908467201688,8,46,0.0
7048,0.1252548999048659,291.0997624629533,8,45,3.8214011
7049,0.1175621118400724,290.44428044035385,4,59,0.92740995
7050,0.1205057401066742,290.6127080296856,8,58,2.1698341
7051,0.1092857086121593,289.43751392375026,8,92,2.2853491
7052,0.1244286660274315,291.1666649617846,5,43,4.340467
7053,0.1220356957676007,290.7902221011675,8,50,0.0
7054,0.1166557677471639,290.3736852140839,8,54,4.883565
7055,0.1118531880948333,289.61494600756805,8,68,0.92740995
7056,0.1143582901487581,290.24729945620913,8,70,1.4664439
7057,0.1187134764558286,290.4986028689227,8,58,0.0
7058,0.1095272283161738,289.6464662291348,8,76,6.3245797
7059,0.1222894237126365,290.7994233618172,8,48,1.4562789
7060,0.1150305601897518,290.2751749061794,8,63,1.4645752
7061,0.1122361753823848,289.66825080021914,7,64,2.17772
7062,0.1169108136356254,290.3852842582066,7,51,0.92740995
7063,0.111448136201596,290.07171514931053,8,164,1.1380938
7064,0.1220963209524313,290.7220071568208,8,53,2.1685135
7065,0.1126631643931275,289.9392930451834,7,62,1.8543341
7066,0.1128320147096123,290.1612580780505,4,66,1.1376194
7067,0.1246214648318464,290.9492702619066,5,53,5.547545
7068,0.1098668161174789,289.6637976292497,7,68,3.5442383
7069,0.1191962669121501,290.5098621929632,8,54,1.1293496
7070,0.1187137614428493,290.51082390546946,7,57,0.92740995
7071,0.1082790504834565,288.9725846468,8,79,2.1796122
7072,0.1219256430533731,290.83432636747983,8,51,2.9093368
7073,0.1189587702680656,290.50658671806514,8,56,2.9209678
7074,0.1222350931204529,291.20154460427744,8,35,3.813444
7075,0.1086762101409553,289.08989684593456,8,93,2.4704912
7076,0.124686400169378,291.0221879191686,8,48,1.4520626
7077,0.1234655912291819,290.85162949898125,8,58,2.2423415
7078,0.1206405112801797,290.61681692317774,8,58,0.92740995
7079,0.1097554539343313,289.19267016450584,4,76,1.4735397
7080,0.1257524773822826,291.10117220757604,8,47,1.4506781
7081,0.1099024622052571,289.71977444153896,8,69,2.176966
7082,0.110429833277906,289.963643918231,8,189,2.9361417
7083,0.1220589857861308,290.79075863204383,8,50,1.8543341
7084,0.125423598390718,291.123242858217,8,42,1.4502337
7085,0.1088667694210958,289.18517781345423,8,83,3.598975
7086,0.1106543482024934,289.4832710034733,8,73,0.92740995
7087,0.1210539546553304,290.63897442838294,8,53,0.0
7088,0.1246532105058346,290.92647401286354,8,54,0.0
7089,0.1218858941883476,291.0830689706195,4,41,1.450603
7090,0.1213538326784142,290.63391773090274,8,67,2.9159484
7091,0.1096276330631804,289.5399792158737,8,73,3.7047918
7092,0.1098098373261795,289.483646131615,7,76,1.1430134
7093,0.122302335040742,290.7945507399528,8,47,2.1675262
7094,0.1083918830652924,289.2962997721235,8,176,2.7802885
7095,0.1193237568892772,290.5344598450397,8,59,1.4610837
7096,0.1098039226748363,289.4803089473541,7,72,2.1779041
7097,0.1217631564634534,291.1168098871358,5,34,0.92740995
7098,0.1173887298142929,290.4292105296659,8,61,1.1320332
7099,0.117953410762713,290.4469483519135,8,53,2.4433541
7100,0.1109133967436402,289.6231557267545,8,71,1.1424311
7101,0.1122598149146841,289.88259986897054,8,80,2.9384615
7102,0.1102141849513439,289.91221055958965,8,163,5.9918637
7103,0.1139086158084081,290.2184042345088,8,67,0.0
7104,0.112065693054621,289.5547237794535,7,71,0.92740995
7105,0.1088051095879585,289.3838974532045,8,110,4.6564207
7106,0.1226275581369674,290.9678497727496,8,44,0.0
7107,0.1135162122571857,290.19647392991965,7,66,6.752785
7108,0.1229505689232299,290.92182645324783,7,47,1.4538702
7109,0.1251183517142531,291.09009991453667,8,45,0.0
7110,0.1117594724936349,290.07711568938066,8,151,3.874538
7111,0.1223102857021468,290.87421495456204,8,48,3.8354638
7112,0.1241982954589215,290.8807606009277,8,57,0.0
7113,0.1092388068011678,289.5227430729851,8,162,1.4713014
7114,0.1251339694085208,291.0360963531168,8,51,0.92740995
7115,0.1216265398060142,290.69929733669875,8,52,1.4583619
7116,0.122112438153592,290.7876333108775,8,53,2.9111881
7117,0.113195198312188,290.1770737802565,8,73,1.8543341
7118,0.1220420565047974,290.8485418120463,8,50,3.4867787
7119,0.1208913571542435,291.3800914078591,5,30,3.4488852
7120,0.1171540275598997,290.4080490038689,6,60,5.9861345
7121,0.1226161228205297,290.911035080884,4,45,2.1659815
7122,0.1200559748425541,290.567009531787,7,54,0.0
7123,0.1190121852179807,290.52088209042057,8,61,2.441055
7124,0.1255760158916258,290.9932937538617,8,54,0.92740995
7125,0.1136377147641468,290.2072476955118,7,63,3.5282857
7126,0.1103156429529323,289.93429594997383,8,180,3.0041113
7127,0.1121496781797089,289.9314732340029,8,73,2.2802029
7128,0.1196182983196449,290.53699803125846,8,64,4.6273675
7129,0.1185450372243887,290.23150248087404,8,64,3.5212224
7130,0.1223190921057764,290.7617618729911,7,48,4.6273675
7131,0.1202673685083539,290.5943065998414,8,61,1.4600903
7132,0.1189059394403485,290.52217925512554,8,56,1.461566
7133,0.1132926925558157,290.18763652870007,8,63,1.1369189
7134,0.1080906087360853,289.1323737037545,8,190,5.9957485
7135,0.1230089227127322,290.77090412299265,8,57,1.1235673
7136,0.111902233820149,290.111132941514,7,61,2.4572437
7137,0.1203446015135677,290.6042061318093,8,64,1.4599792
7138,0.1223528486117354,290.9589627964385,4,45,1.1188738
7139,0.1247242730119902,291.0884538384029,8,45,0.92740995
7140,0.1243841270128244,290.9053468177229,8,54,0.92740995
7141,0.1218801381530637,290.8626498825644,7,45,2.1666253
7142,0.1087092321572089,289.3882437844221,8,148,0.92740995
7143,0.1191312275409925,290.5305835586462,8,64,2.4407666
7144,0.1237134892947641,291.13346014669725,4,43,2.994741
7145,0.1220310112092128,291.20413838502,8,35,2.8946238
7146,0.1123809863440845,289.759206032003,7,67,1.4710017
7147,0.1118872252632443,290.1087545730619,8,65,2.9349291
7148,0.1104174788023407,289.8798323361792,8,73,4.764603
7149,0.1115110448782243,289.7257068589004,8,73,2.177305
7150,0.1136986520083641,290.2080574387529,4,67,1.1371574
7151,0.1224872003700596,290.72376292571795,8,50,1.4576852
7152,0.1128442551330843,290.0108108440477,7,63,3.7047918
7153,0.1184308180807063,290.4947121192183,7,58,0.92740995
7154,0.1136686730601686,290.2041633251145,8,119,1.4675487
7155,0.1072902155166246,288.89659574780075,8,178,5.8776984
7156,0.1132442425467278,290.1848821973179,8,62,2.1747403
7157,0.118565403274035,290.4927679305632,8,63,3.7047918
7158,0.1178961693718186,290.4572031264712,8,64,0.0
7159,0.1111276005887464,290.0232038099748,8,90,2.933611
7160,0.1194072728211247,290.5395141977617,8,56,1.4609984
7161,0.1126092929141375,289.90447164947693,8,65,0.92740995
7162,0.1219057548966771,290.87933530110985,7,47,0.0
7163,0.1230700294170629,290.9725312577478,8,46,1.8543341
7164,0.1223586227919439,290.7297522853462,8,56,2.4319503
7165,0.1115061052729338,289.97162195191146,8,69,1.469424
7166,0.1228622155005288,290.7153544893842,8,62,0.92740995
7167,0.1123472957956689,289.73565009105295,7,67,1.8543341
7168,0.1187070753646121,290.4830839220029,8,54,1.1299247
7169,0.1106325421357545,290.01229312389927,8,172,2.1757216
7170,0.1203807910429951,290.5850441418785,8,58,2.9172845
7171,0.1123748902538183,290.11768812167804,8,131,1.13679
7172,0.1224791229506788,290.7485858341879,8,61,4.362619
7173,0.121920238397526,290.9314033263252,4,47,0.0
7174,0.1172760283382471,290.40690311050975,8,72,1.8543341
7175,0.123369290351278,291.0819375698733,4,42,3.562472
7176,0.1222976938988605,290.9542041216473,8,43,2.4185452
7177,0.1196807074151104,290.5519256893949,8,61,4.5960894
7178,0.1252653587220752,291.09853236928257,8,46,1.4506809
7179,0.117834343535575,290.43344804163536,8,60,2.443135
7180,0.1231335128780352,290.97906818324407,8,46,0.0
7181,0.1120250861955669,290.1197477797063,8,102,2.9334106
7182,0.1096114237598721,289.5274731152535,7,74,2.7802885
7183,0.1233510281353166,291.2179681558617,7,36,0.92740995
7184,0.1212973899144701,290.64299675969403,8,55,0.0
7185,0.1125184620737636,290.13755360141454,6,69,1.4686047
7186,0.1112006611181849,290.05847407741425,8,194,1.1384119
7187,0.1082008978580908,289.1031788524869,8,144,4.5717516
7188,0.1231600004185378,290.94348695466283,7,47,1.4534576
7189,0.1080867626004758,289.1402592977157,8,161,7.7596655
7190,0.1240773884897261,290.8774673578487,5,56,1.4546328
7191,0.1224739798597365,291.2217458659035,8,35,2.4088004
7192,0.1220207587029397,290.7811071547709,8,49,2.4297175
7193,0.1273155130703084,291.1501952203976,8,63,1.114654
7194,0.1223247610705572,290.7151038503528,8,54,1.4578961
7195,0.1218939096278866,290.78560163959594,7,52,2.1676822
7196,0.1231950097730342,291.16180061893044,1,36,4.3193183
7197,0.1153537156250336,290.2932674387939,8,64,1.1332843
7198,0.1158786870760025,290.3370128449534,8,65,2.267172
7199,0.1258814479306211,291.14557281643226,8,46,0.0
7200,0.1217149691881141,290.6712273715674,8,57,1.8543341
7201,0.123664335427977,290.83883410917986,8,57,0.92740995
7202,0.1181839981188022,290.46602266961736,8,60,1.1306882
7203,0.1116208305760955,289.39703044586275,8,75,4.569227
7204,0.1227548795907562,290.8543321543821,7,46,2.1667247
7205,0.1251304442685265,290.97785946797126,7,50,2.9961905
7206,0.113236093711051,290.1825891303215,8,68,1.4674728
7207,0.1153222066657244,290.3038899888541,8,63,1.4653362
7208,0.1259947682502179,291.06198285647923,8,55,1.451369
7209,0.113447490065813,290.19421450974426,8,67,1.4673545
7210,0.109823268356836,289.0826448956479,6,76,0.92740995
7211,0.1208458437968368,290.63860838036715,8,71,3.5020416
7212,0.109073239296235,289.15733100879805,5,71,1.4734896
7213,0.1108370602660173,289.52891542056904,8,72,1.471868
7214,0.1189996722866976,290.5286763874615,4,61,5.2921705
7215,0.1091360640735387,289.0981842625285,7,73,1.8543341
7216,0.1127303297150923,290.1573497999795,7,65,1.8543341
7217,0.1089983506347102,289.517317331545,7,109,15.594985
7218,0.1220842019990261,290.6793158426185,8,61,1.4581621
7219,0.1242203726392565,290.94775657149506,8,54,2.7802885
7220,0.1111012223490143,289.69109933562873,8,71,0.0
7221,0.1197723736980445,290.5648462467155,8,63,1.128605
7222,0.1194432440522989,290.54242181605053,8,60,1.8543341
7223,0.1112300441400627,289.62148907007906,8,70,3.8919015
7224,0.1122681124278529,290.0377153275919,8,71,2.9365876
7225,0.1189954514978351,290.49878380538405,8,58,1.8543341
7226,0.1223009189503808,290.87865194648447,5,47,2.1664078
7227,0.114768008431204,290.2573780402349,7,65,1.464641
7228,0.1181534324369453,290.4788030612198,7,60,2.1716163
7229,0.1073730226727258,288.9247780837254,8,216,5.9966283
7230,0.1210590942707431,290.6351641096009,8,56,1.4593115
7231,0.1135402833474842,289.9682703299809,4,63,1.4696908
7232,0.123101876622466,291.1591168975192,8,37,0.0
7233,0.1240580091238636,290.91792347395176,8,57,1.1200037
7234,0.1135096908699365,290.19344699534184,5,62,2.4564233
7235,0.1122999570834765,289.9693279809958,8,117,6.771286
7236,0.1219002190612023,290.7224852016316,7,53,3.3718438
7237,0.1147482927824076,290.2690166170958,4,59,2.174292
7238,0.1155348966561077,290.31649124579525,8,65,1.1344558
7239,0.1262922368241857,291.19511159565457,8,46,2.1625788
7240,0.116596137898251,290.3824587021315,4,59,1.133319
7241,0.1214119336067463,290.633011031787,8,71,1.4589885
7242,0.1120411974925332,289.55611471846987,8,70,0.92740995
7243,0.1197979754185314,290.5565239314403,8,67,2.2545717
7244,0.1076273939940772,288.9776832940324,8,207,0.0
7245,0.1187755700921221,290.5039019972609,8,60,3.5104625
7246,0.1120720909773789,290.11745438613514,8,67,1.4684552
7247,0.121607151564147,290.6693580771494,8,56,0.0
7248,0.1229871002629004,290.73686999942345,4,62,2.1681435
7249,0.1096083743945275,289.57364435603466,8,90,3.42306
7250,0.1236379060807988,290.8380593598879,8,59,0.0
7251,0.1223475429703553,290.79101285004174,1,49,2.9109933
7252,0.1105747738680019,290.0060983770966,8,181,2.2768838
7253,0.1092263946681803,289.3034230321583,8,81,3.0058224
7254,0.1189664878522355,290.5277613315314,7,53,1.4615071
7255,0.1209063367393477,290.6373412225779,8,63,1.1269972
7256,0.1218815508258856,290.93783508489554,8,47,1.4535084
7257,0.1228837322073845,290.79422547860224,8,56,1.1230352
7258,0.120755603510777,290.62471509694427,8,59,1.1272463
7259,0.1150389542706212,290.28724283651235,8,67,1.8543341
7260,0.1200209038265789,290.582220677406,8,60,0.92740995
7261,0.1116322005243077,289.71061987559386,8,75,2.2832232
7262,0.1232059009031605,291.1912654467726,7,38,3.7047918
7263,0.1172837540731259,290.41656182105845,8,63,0.92740995
7264,0.121738339185529,291.0860082395614,6,38,1.1155164
7265,0.1227430457714115,290.7223834103789,8,60,0.92740995
7266,0.1199529177866378,290.54835233300736,8,68,4.5988474
7267,0.1229179853822374,291.17271642310976,8,38,1.1134928
7268,0.1206646969996447,290.62701080503297,8,67,0.0
7269,0.1082429644070098,289.2621180895082,8,143,1.1437328
7270,0.1224327133496083,290.9666582808644,2,45,1.4529642
7271,0.112018828691059,289.4922164495887,8,72,3.8956392
7272,0.10849222406519,289.33014906524573,8,120,8.224409
7273,0.1230423796257575,290.88323593292034,3,43,3.484181
7274,0.1238615183059288,290.9276831238068,8,54,1.453791
7275,0.1178418100430225,290.45402479394534,8,67,2.261727
7276,0.1233618039255423,290.81794604894003,8,59,2.167167
7277,0.1144727021379524,290.1117039788067,4,67,1.4685925
7278,0.1222800249639759,290.83588442492703,8,49,1.8543341
7279,0.1220220114758436,290.8457026223951,8,50,2.4265857
7280,0.1218569588618559,290.6860288495278,8,58,1.1257966
7281,0.1120583867352685,289.7301553166316,8,67,0.0
7282,0.1187069352877373,290.5144738202345,5,57,1.4618254
7283,0.118846082344738,290.52467182795766,6,60,1.4616721
7284,0.1246359788305473,291.08041638646586,8,46,1.1160736
7285,0.1188320432154367,290.5189739545686,4,55,3.0004666
7286,0.1173910561836911,290.4266309921956,8,64,1.8543341
7287,0.1251017136373853,290.973816679039,8,53,1.1186031
7288,0.1089978310057139,289.43460432364026,8,133,7.750304
7289,0.1205245468903363,291.42180330633573,8,33,1.8543341
7290,0.1088489325212349,289.3221218304628,8,122,1.1438209
7291,0.1126664721044424,290.05186367354634,8,62,1.4692954
7292,0.1117470301217959,290.04379163145694,8,67,4.399506
7293,0.1187745536688601,290.5025747187876,8,55,2.921391
7294,0.1200750451139619,290.55550416706467,8,67,1.1282183
7295,0.1082547648595176,289.1763512969337,8,204,2.1787543
7296,0.1100318335495893,289.8533356654367,8,196,5.8587494
7297,0.124575041264299,291.15767641318365,8,40,1.11415
7298,0.1226322225413097,290.76227546920256,8,58,1.1232136
7299,0.1230647671849084,291.1833762227698,8,38,1.1132491
7300,0.1131630080725129,290.1797560679265,8,64,2.4551194
7301,0.1230323364886091,290.76931952227244,8,59,1.1236008
7302,0.1245837020451735,291.162512626142,8,43,0.0
7303,0.1201228172731108,290.5874175236915,8,58,1.4602364
7304,0.122914534581844,290.74688409932656,8,56,2.4305434
7305,0.1219045925596027,290.7203741842404,7,53,2.249443
7306,0.1165383246414744,290.3753097993785,8,63,2.9261897
7307,0.1194130646962856,290.5486527724499,7,65,1.1290948
7308,0.1185344609479578,290.5004045288615,3,55,1.4619964
7309,0.1230027698124336,290.76145607113835,8,61,2.167877
7310,0.113925612427878,290.2223553179296,5,64,3.7047918
7311,0.1101250379679755,289.3308070701683,5,72,0.92740995
7312,0.112507377633277,290.14259087440854,8,65,2.4566774
7313,0.1224437322416643,290.744562044074,8,50,1.4573132
7314,0.1113455300004467,290.08299261650285,7,140,4.7642117
7315,0.1112068472780153,289.4102246665836,8,99,2.943551
7316,0.1172762426855898,290.4060102456561,8,66,1.8543341
7317,0.1227922670052248,290.7715702472068,8,57,0.92740995
7318,0.1219765026528297,290.833234384616,8,52,2.427194
7319,0.1090166632831556,289.503521073751,8,81,1.1422958
7320,0.10947865608538,289.60557701233296,8,160,3.4220128
7321,0.1199356550842104,290.58256565005786,8,85,8.696955
7322,0.1225654681171605,290.75092976857985,8,49,1.8543341
7323,0.1177462817017442,290.4419622771774,8,63,2.1717637
7324,0.1221278893228338,290.81333359372263,8,50,1.4560183
7325,0.1169215984867546,290.38481435162385,8,63,2.2615743
7326,0.1118015812582264,289.4540669524624,8,74,2.4679852
7327,0.1219455957865729,290.7654561728104,8,50,2.91214
7328,0.1258210895919008,291.0903876551611,8,49,0.0
7329,0.125439819190125,291.01440413323786,7,51,1.4522028
7330,0.1221447226463982,290.91256871052025,4,45,0.92740995
7331,0.1240310522060199,291.01844233078003,8,47,1.8543341
7332,0.1257142395006436,291.1425061271403,8,44,2.4134748
7333,0.1116238325058988,289.4589283186461,8,73,0.92740995
7334,0.1103298889697895,289.17982309217354,8,73,5.8760104
7335,0.1246518775135493,291.2391622967474,8,41,0.92740995
7336,0.1259672477835552,291.033756933681,8,52,0.92740995
7337,0.1228003663206116,290.73593961568395,8,58,4.6273675
7338,0.1180480851170857,290.47098091344674,8,59,1.8543341
7339,0.1171221655285606,290.39671007249734,8,57,0.92740995
7340,0.1112219826216854,289.27261032225834,8,124,2.4701781
7341,0.1117575811724245,288.93740466216457,8,80,1.4758183
7342,0.1212081211103603,290.6339837153137,8,62,3.375347
7343,0.117834060850611,290.4422478850107,8,70,1.1298676
7344,0.1285297015095138,291.23543672259814,8,68,2.1622124
7345,0.1219128325297288,290.8994482651189,8,51,1.1203973
7346,0.1218991166995575,290.7683540357696,8,53,1.4569621
7347,0.1244564278457315,291.1567507968479,4,43,2.4124591
7348,0.1216470003069441,290.63909616386377,8,61,1.4589885
7349,0.1185828089944706,290.49577971786067,8,62,1.4618754
7350,0.1219197915110406,290.76489618405685,8,50,2.1679657
7351,0.1209318093427339,290.6383113413273,8,63,1.4593493
7352,0.1244786453743956,291.0400649707712,5,45,1.1170498
7353,0.1221080351802876,290.6666102751596,8,60,1.1259618
7354,0.1141994426473683,290.22315910100417,7,64,0.0
7355,0.122453347669986,290.70441852642193,8,47,1.1252712
7356,0.1175340995571875,290.4370981565902,8,118,2.2626925
7357,0.1185395052248035,290.4974347823956,8,65,0.92740995
7358,0.1245487192359939,290.9400475304002,8,54,1.4535705
7359,0.123215364199763,290.93269357729537,4,46,4.469878
7360,0.1224445563865682,290.95427057667695,4,47,2.9045515
7361,0.1249405582498597,290.9754176511086,8,50,1.4529079
7362,0.1222349394321057,290.7527406627951,8,50,0.92740995
7363,0.1215015788005547,290.630758811879,8,61,0.0
7364,0.1222029820784916,290.8341363610493,8,48,1.1220999
7365,0.1078613446459905,289.1047188372098,8,159,5.663005
7366,0.1228274967632097,290.7520541999488,7,44,1.4545249
7367,0.1182020062147838,290.4827874058238,4,58,2.922935
7368,0.1192099863216592,290.5317090992599,8,61,0.92740995
7369,0.1123494357408178,290.1357829868127,8,63,2.1752005
7370,0.1197333762941294,290.5537440870103,8,51,2.9999883
7371,0.1174153864863412,290.43450748695085,4,59,0.92740995
7372,0.1219981772251489,290.8100576702256,4,51,2.2446365
7373,0.1103844177664888,289.88896715313354,8,71,5.6620736
7374,0.1133635559475562,290.18945571751703,8,65,3.7047918
7375,0.1202465134802308,290.5999207870148,8,64,1.8543341
7376,0.1174977696518044,290.44002818758406,4,57,0.92740995
7377,0.1117415271236657,290.1041004538875,7,56,4.636781
7378,0.117910076086155,290.4588382976152,8,69,1.1312277
7379,0.1210096843086022,290.62006235217217,8,52,1.4594599
7380,0.1201512731222022,290.5857416109123,8,53,2.9185493
7381,0.122046763700778,290.8482597171526,8,47,5.2652926
7382,0.119616385305559,290.5608694575364,8,67,1.1288061
7383,0.1143746564986001,290.24788153406,8,61,2.451399
7384,0.1218289905558089,290.68083048856784,8,54,0.92740995
7385,0.1112736757993861,290.0655512031487,8,184,0.92740995
7386,0.1221984715963178,290.88058265573466,7,48,0.0
7387,0.118893269862392,290.4997637028317,8,69,2.1705601
7388,0.1224864737500746,291.1095956521421,8,38,1.4501505
7389,0.1253401965397797,290.9812699743564,1,53,1.4527476
7390,0.1122330143273631,289.67382024651613,7,68,1.1426384
7391,0.1183882387643026,290.4913847605468,4,57,0.0
7392,0.1220064602653266,291.09820036746845,8,41,1.4503169
7393,0.1077011164221071,288.99583524040804,8,206,1.4739182
7394,0.1093870149723823,289.3846825687827,8,68,1.4722186
7395,0.1187444992312504,290.5155158420639,7,58,2.2593293
7396,0.1182991597942486,290.482327927392,8,65,1.462215
7397,0.111117036447893,290.07080766392005,8,192,5.991211
7398,0.1210242973308779,291.4834076026125,1,30,2.159249
7399,0.1116967198734751,290.09908535823814,8,131,3.7047918
7400,0.1088238655260805,289.30410898228985,8,128,2.178382
7401,0.1121497277244883,289.6564632940665,7,69,3.424585
7402,0.1256005853451456,291.034065991647,8,51,2.2336507
7403,0.1133946431582591,290.16748500487364,8,106,2.7802885
7404,0.1082984522301195,289.28290347116257,8,166,4.565293
7405,0.1212116019865301,290.6487714456609,8,52,1.126658
7406,0.1164168344472595,290.3689237089964,8,67,2.1728084
7407,0.1118965360606578,289.51770938591943,8,73,4.350267
7408,0.1181849268225471,290.45864316288777,8,68,1.129776
7409,0.1220608071212936,290.7995744945817,8,51,1.4563018
7410,0.1105929820166116,289.6328108571812,5,74,2.7802885
7411,0.1136301999015689,290.1828023033724,8,76,7.463717
7412,0.1178014001284618,290.4495502044742,8,61,5.146228
7413,0.1229148484496294,290.76781427765184,8,57,1.1236567
7414,0.1232686521448044,290.7720826401959,8,60,0.92740995
7415,0.1161901481638455,290.3570713380297,8,60,1.4646589
7416,0.120954791697888,290.64068851589093,8,66,0.92740995
7417,0.113588669222832,290.2032799949526,8,68,3.5888886
7418,0.1189474574876843,290.528538050477,5,61,3.5100338
7419,0.1219092906710518,290.8296166789719,8,50,1.4557039
7420,0.1166534559431946,290.3691968911341,8,67,3.0010452
7421,0.111740785474627,289.8771313224534,8,76,1.1408064
7422,0.1234311736821311,291.22518437700984,4,34,1.1122619
7423,0.1223458532324121,290.89307699204073,8,46,0.0
7424,0.1102322144421678,289.36573522012446,8,78,4.9266095
7425,0.1219154670816023,290.8241629175334,8,51,3.3637168
7426,0.1252986570609922,291.0798905460261,8,48,1.4510344
7427,0.1104189494041419,289.84595822401457,7,66,2.2801158
7428,0.1144888787930213,290.2425818056319,8,66,2.4496138
7429,0.1115869564316827,290.08742155624714,8,67,2.9356112
7430,0.1104690631400066,289.98803036302206,7,171,1.4685131
7431,0.1220249135195918,290.8823443415212,7,49,3.3591266
7432,0.1255318404498467,291.127912179136,8,45,0.92740995
7433,0.1224659969874383,290.70639377555875,8,46,2.1686203
7434,0.1089086249459155,289.1690715226699,8,79,1.8543341
7435,0.1123659871921775,289.7261637880773,7,66,2.4644141
7436,0.1237244393953078,290.83706522515354,8,54,1.1218592
7437,0.1162427197791104,290.34593365102734,8,58,2.2643046
7438,0.1143877742607121,290.2338866648799,8,66,1.8543341
7439,0.1213968749109261,290.70707759726776,8,68,2.4307156
7440,0.1183937568859577,290.47914630035785,8,59,2.171322
7441,0.1113533068079769,289.7349462440767,6,70,2.4634352
7442,0.1242010528896201,291.199602952449,5,41,0.0
7443,0.1175947153158954,290.43888968678783,8,64,0.0
7444,0.1221919126739175,290.70641628199434,8,56,1.8543341
7445,0.1220010204101808,291.20133269624307,8,34,1.4482881
7446,0.1227806493308538,290.8202979341657,4,39,2.4276867
7447,0.1224873071479914,290.72684908742576,8,50,1.4576304
7448,0.112340858902255,289.7742485414833,8,64,1.4708937
7449,0.1232734261460408,290.96290447059044,7,47,2.1653225
7450,0.1107964900179298,289.18616339186383,7,123,6.56394
7451,0.1136119185481955,290.2040029874163,8,66,1.8543341
7452,0.1092369302412943,289.4030652364591,8,118,2.2858357
7453,0.1170709723479845,290.40129471296666,8,61,0.92740995
7454,0.1100885753189798,289.760124380193,7,69,4.347429
7455,0.1179358872376827,290.45277001783006,8,71,1.4612893
7456,0.1186362165811788,290.491190261112,8,54,0.0
7457,0.1128443899152211,290.1577530039293,8,64,1.8543341
7458,0.1155911819229734,290.30725901620417,8,61,2.2651973
7459,0.110455421028196,289.8550638071788,7,67,1.140454
7460,0.1262396817162347,291.2090130494974,8,44,0.0
7461,0.1176491476128958,290.4244926665464,8,63,1.1307493
7462,0.1113735898150517,290.08459783326003,8,164,1.468312
7463,0.1229714933443609,290.8165267938296,8,52,2.1672015
7464,0.1132273248284002,290.1727548109389,2,63,4.397811
7465,0.1211041149161046,290.5795203257036,8,54,5.9126945
7466,0.1192481396088463,290.5320942476104,8,67,1.1280024
7467,0.1219883328936705,290.7845074006194,7,49,2.9113483
7468,0.116801025774424,290.38045752927115,8,70,5.930829
7469,0.108002381982345,288.98520890426937,8,113,5.1591263
7470,0.1188509683779862,290.5125845477087,8,63,1.1298752
7471,0.1169301598285637,290.40058746471914,8,99,7.8794923
7472,0.112806330933778,290.16050269010896,8,65,1.1374823
7473,0.1213989392969932,290.6809802764203,7,55,0.92740995
7474,0.1105494335717432,289.44322135256243,8,71,0.0
7475,0.1182743548898677,290.4807258172822,8,66,2.2605422
7476,0.1227757387076199,291.0996714502784,8,40,1.4503781
7477,0.1263392204170563,291.2424449166208,8,43,1.1123726
7478,0.1173103101203053,290.419307482058,8,63,1.4631865
7479,0.1230316366421389,291.00638260508146,5,45,1.1177269
7480,0.1220404650199328,290.6977619680143,8,57,2.7802885
7481,0.1244567657408939,291.1755438311841,8,44,2.411598
7482,0.1187883721271481,290.509136188694,8,64,1.1299628
7483,0.1199186931152401,290.571623578042,8,61,2.999889
7484,0.1182154612029442,290.4772900392007,8,67,2.7802885
7485,0.1105647442964798,289.85826062357376,7,67,2.2800448
7486,0.1155681692944305,290.31808557121246,8,63,1.4650393
7487,0.1088463986144697,289.285543724549,8,133,1.8543341
7488,0.1090410171333971,289.32484792620454,8,132,4.6273675
7489,0.1221492709919422,290.68430611080186,8,54,6.4819155
7490,0.1125148987000225,290.1293130456041,7,125,2.9318557
7491,0.1224704125284927,290.71107582855853,8,47,1.1251101
7492,0.1141523375396938,290.23549814208485,8,68,1.4665768
7493,0.1224650964188228,291.0360452437496,8,47,1.1169044
7494,0.1214208412262365,290.645219048011,8,53,0.0
7495,0.1220276030304488,290.7939881399475,7,52,3.5716007
7496,0.1175848678955348,290.4456745253022,7,60,2.924479
7497,0.1107740939203978,290.03667001234857,7,123,2.277513
7498,0.1178487088731744,290.44612020227214,8,71,0.0
7499,0.1102781636714931,289.42138349768845,6,72,2.1782644
7500,0.1114356259961277,289.8512728422525,7,67,4.764752
7501,0.1175596180880883,290.44202422888105,6,58,1.4631509
7502,0.110135910038097,288.9427598595313,8,74,3.0071056
7503,0.1218623556941531,290.8025762753367,7,49,2.9106443
7504,0.1180255969926834,290.460628416561,8,62,0.92740995
7505,0.1222288355056485,290.8443408835045,8,48,2.4266336
7506,0.1199135707601146,290.56121826424936,8,56,0.0
7507,0.1111518238798589,289.7438637258955,8,70,2.177147
7508,0.1248843813721114,290.96106171755275,8,54,1.4531473
7509,0.1117582514850976,289.46000238090926,8,71,2.9433522
7510,0.1144191311865207,290.25122466392725,8,65,0.0
7511,0.1288139609013532,291.26457105699296,8,66,2.161882
7512,0.1089981058441296,289.3446793301829,8,131,3.8763764
7513,0.1088015256478949,289.3639241655704,8,137,1.4721162
7514,0.1153182214723306,290.28990972926255,8,66,1.8543341
7515,0.1148682378831183,289.8749481160056,4,65,1.4699455
7516,0.1240566597632465,290.87149688749133,4,58,1.454627
7517,0.1230825952146155,291.3349991513212,4,36,1.4463686
7518,0.1204364333596211,290.5135220791881,4,56,2.7802885
7519,0.1242206353735842,291.19416600072043,5,41,1.4487361
7520,0.1107515751672331,289.7524664781922,8,72,0.0
7521,0.1107168847208564,289.5080503449507,8,72,0.92740995
7522,0.1173527029988837,290.4083208553586,8,62,2.1716125
7523,0.1112190731822027,289.65509796125787,8,69,1.4712334
7524,0.1114034891717282,290.0741027673872,8,175,7.3788605
7525,0.1228048675120284,290.86997338920145,3,43,0.92740995
7526,0.122979947743436,290.89421084695874,4,45,2.166206
7527,0.1253510164829255,290.9670670462228,8,56,1.4529586
7528,0.1089800014688242,289.39014980707003,8,150,3.5491486
7529,0.1102821501668345,289.1979970701886,8,74,0.0
7530,0.1127942924803686,290.1514184305641,8,93,2.9316022
7531,0.1258178087993421,291.1590481055956,8,48,2.1629908
7532,0.1205767942777157,290.6037076648888,8,52,1.4598244
7533,0.1258705588369738,291.11718403464374,8,49,1.1153394
7534,0.1204057629027666,290.59993809967085,8,55,0.0
7535,0.1124814671502766,290.1352639389468,8,69,0.92740995
7536,0.113263583829571,290.1291797955961,4,64,2.175942
7537,0.121806100609739,290.9349434185828,8,46,2.2380664
7538,0.1237425582649497,290.9131982706809,8,57,1.4540598
7539,0.1102118469781549,289.9364033667065,8,149,2.9361112
7540,0.1199188079538944,290.5703309666458,8,61,1.4596174
7541,0.1242087445675259,290.9324778312004,7,59,2.90556
7542,0.1254347407999503,291.1127128826949,8,45,2.4147456
7543,0.1124827553935774,289.9808237613136,8,66,2.7802885
7544,0.124066708903417,290.92161763219474,8,57,0.92740995
7545,0.1222509987868923,291.03499422928985,4,42,1.1169044
7546,0.1103431584907568,289.492107974764,8,73,1.8543341
7547,0.1247902150540269,290.9601349528997,4,50,2.7802885
7548,0.1122668157148876,289.9171309491876,8,92,9.195146
7549,0.1237525993967101,290.8387243886997,8,55,1.8543341
7550,0.124797019469226,291.05812201100224,1,46,2.41705
7551,0.1233223771427237,291.2045156823175,8,38,2.1621902
7552,0.1210689685575413,290.63061619358155,8,54,2.4360914
7553,0.1173032305773917,290.42078471880626,8,64,2.4454367
7554,0.1127877589104438,290.0912015253907,6,63,4.549262
7555,0.1230254973560763,290.7916066558571,8,55,1.1230761
7556,0.1219220421360841,290.8395020158088,8,49,2.2430956
7557,0.1109581520401091,289.8896421077658,8,69,0.92740995
7558,0.1098744696274366,289.45075003632246,9,75,1.4719951
7559,0.1212097764347652,291.5406975647593,4,31,2.3974237
7560,0.1087743934985658,289.127117037464,8,94,1.8543341
7561,0.1124994067699006,289.91160433520866,7,65,1.1408579
7562,0.1219865517629358,290.83866957750035,7,52,3.8379111
7563,0.1119717055900367,290.0777722491682,8,83,1.1368213
7564,0.109527412447702,289.5135165331409,8,86,7.30226
7565,0.1082280173097266,289.17416661809773,8,210,1.1446426
7566,0.1162687122636693,290.36111572168613,8,107,2.448384
7567,0.1092097356766594,289.107286210489,7,70,2.1792986
7568,0.1222968705560267,290.80290595543283,4,47,3.5712655
7569,0.1253366343754611,291.0147717373187,8,52,1.4522057
7570,0.1192091927158602,290.54233759774985,7,57,1.1293991
7571,0.1223744046407213,290.7712012946901,7,49,0.0
7572,0.1181965826786274,290.47651711639224,8,68,0.92740995
7573,0.1218427456587687,290.6560024176661,8,63,1.4587736
7574,0.1099894167473106,289.2999432446991,5,75,3.897051
7575,0.1220590996690379,290.81321587497524,7,52,1.4560269
7576,0.1097416436622943,289.3932622324606,7,72,2.9426508
7577,0.1155881570693069,290.32021482259745,8,80,0.0
7578,0.1222798856075456,290.7546787557284,8,49,2.2473886
7579,0.1225185475088157,290.944095491539,4,46,0.92740995
7580,0.1228265809039475,291.19199827280977,8,38,1.1129876
7581,0.123657455412631,290.8591617146757,8,57,0.0
7582,0.1118357516003291,289.90445708032604,8,72,0.92740995
7583,0.1118565599098173,290.10756150183164,7,67,2.1756086
7584,0.1176384684320381,290.43522034638283,8,73,2.4412944
7585,0.1229357491293352,291.20775867030767,8,39,1.8543341
7586,0.121856902629623,290.7974744490785,7,50,2.1675224
7587,0.122287798008137,290.809981083915,8,49,4.5764446
7588,0.1191203189771786,290.5213159420338,8,58,0.92740995
7589,0.117003943664084,290.399342753612,8,60,1.4634361
7590,0.1252046271929196,291.03451802298946,8,50,1.451875
7591,0.1227460932168015,290.87510573487555,7,47,0.92740995
7592,0.121989187895175,290.7701037340832,7,51,2.1678846
7593,0.1133217294958147,290.18065754965875,5,62,2.4572582
7594,0.1130545656479231,290.1651140426633,8,64,1.1387184
7595,0.122106022093904,290.6914847937433,8,51,1.1256051
7596,0.1229144057874867,291.2052674339728,8,37,2.2244997
7597,0.1135368852423779,290.2005021852132,8,68,1.4670576
7598,0.1178165733927046,290.4521566854884,8,66,1.1313311
7599,0.1250822837554999,291.09290354631554,8,42,1.4507672
7600,0.1127317749794348,290.05222699541275,7,63,1.1398454
7601,0.1188939804604714,290.5120408940655,8,60,1.4615335
7602,0.1110332108287295,289.4725493941464,8,107,3.7047918
7603,0.1113050156281601,289.65223837882235,8,72,1.4712797
7604,0.1124763233564814,290.1386503029835,8,161,5.1512437
7605,0.1218768002070998,290.90362021400165,8,47,1.8543341
7606,0.112321624187369,289.89033429949336,8,67,1.8543341
7607,0.119075507319052,290.5326554134512,4,55,0.92740995
7608,0.1258230215313088,291.0780513833729,8,50,1.4510902
7609,0.1243616800232764,291.1971184427924,7,42,2.8955452
7610,0.1218325328505151,290.68701856241046,8,62,0.92740995
7611,0.1237139138212893,290.84338696749546,7,57,2.4259713
7612,0.1123311472841019,290.12903310900447,8,68,1.4685559
7613,0.1096229873983874,289.07938561716094,5,78,0.92740995
7614,0.1217513465693693,291.06737742158487,8,40,1.4508729
7615,0.1235685341194642,291.0774729452761,8,44,0.92740995
7616,0.1104154430728571,289.8797265262887,8,75,8.115963
7617,0.111173649347679,289.6730909677885,8,70,3.5954983
7618,0.1146626233751015,290.2484851333546,7,65,2.1729994
7619,0.1258502590288873,291.14193325673443,8,48,1.4499315
7620,0.1079957134055553,289.0728245301263,8,168,5.7525635
7621,0.1243658697614378,290.9100810384972,8,54,1.4540712
7622,0.1228433201135432,291.0603518648975,7,40,1.4491162
7623,0.1120153869165616,289.7378569350504,8,68,3.5953321
7624,0.1187022473354158,290.5075863442445,6,59,13.573879
7625,0.1199525283598101,290.5824429123114,8,62,1.4603974
7626,0.1219985091110468,290.87169409401395,7,49,2.9078183
7627,0.1258509651744014,291.11282439248964,8,48,0.0
7628,0.1224133650493994,290.7349405401683,8,53,1.4575006
7629,0.1207766205706738,290.60271274142286,8,51,3.8716304
7630,0.1120149906845422,288.9169064805323,8,77,3.4416122
7631,0.1132503884046465,290.1841821342662,8,68,1.1372826
7632,0.1218466644761888,290.8083290574438,7,48,1.4561442
7633,0.1219841402824747,290.77014992250645,8,51,0.92740995
7634,0.1073927537067957,288.9271373468181,8,170,6.493315
7635,0.1116085190644302,288.6038186116635,8,100,2.1820643
7636,0.1095371386652543,289.1111997458662,6,75,2.4709907
7637,0.1220643013082562,291.1970297154449,8,34,1.8543341
7638,0.1200745897569838,290.5765646383186,8,63,1.4595706
7639,0.1113213634855213,290.0530653392703,8,103,6.309033
7640,0.1089748596362584,289.4182548943137,8,129,2.9417837
7641,0.1263246465346299,291.19562184626113,8,46,1.4489866
7642,0.1175372953503446,290.4208355672283,5,52,1.4627268
7643,0.1102269433624529,289.56937785389283,8,73,7.3585186
7644,0.1249029059262299,290.96661255101924,8,51,0.0
7645,0.1236724959690459,291.1737851517266,2,39,1.4490528
7646,0.111182522790351,289.97446826216304,8,71,3.5925725
7647,0.1187331489013791,290.48682401885986,8,70,0.92740995
7648,0.1220323611168689,290.8340397621001,8,50,2.9093368
7649,0.1219980657920338,290.78704236103346,7,49,2.4294357
7650,0.1111120569317808,289.21260920891973,8,125,2.4709833
7651,0.1181050553269791,290.4717051116989,8,76,0.92740995
7652,0.1242227049151918,291.00495487242495,8,48,0.92740995
7653,0.1089037868001022,289.39577385652296,8,153,3.4261606
7654,0.1255210520102071,291.21367805210866,8,57,17.562761
7655,0.124759628846073,291.098046626179,8,40,3.868235
7656,0.1228603238255633,290.7743671743156,8,56,2.246167
7657,0.1197118338169614,290.5670560182,8,62,1.4606639
7658,0.1091483432932763,289.4132765114663,8,126,3.5488486
7659,0.1126565049991537,289.90075705291065,7,64,1.470219
7660,0.1261400698482601,291.17319359190327,8,50,5.851119
7661,0.1217518808419673,291.1406146822002,4,36,2.897042
7662,0.1195287588927901,290.5635570000635,7,58,0.92740995
7663,0.1222091560333085,290.8548988334496,7,47,1.1215632
7664,0.113986911253435,290.2057254717333,8,74,5.733229
7665,0.1132456108768154,290.1769273104736,8,61,0.92740995
7666,0.1222571870498826,290.900468417237,8,46,1.8543341
7667,0.1251038827291407,291.1898460873341,1,40,0.92740995
7668,0.116421015530849,290.37174031367306,4,59,2.4483414
7669,0.1087411629471805,289.376352405261,8,88,3.8936105
7670,0.1241587714869725,291.2232368928186,8,40,1.4481702
7671,0.1238288989997864,290.9418388171568,8,56,3.4800785
7672,0.1214222453957605,290.6545244366821,8,55,0.0
7673,0.1151411888299542,290.283544448597,8,66,0.92740995
7674,0.1225193396368533,290.74949541202494,8,49,3.5728793
7675,0.1228807145830599,290.71638798669954,8,63,1.4576968
7676,0.1226441684885244,291.02395230170066,4,45,2.2336216
7677,0.121945664027735,290.65990797455834,8,57,0.92740995
7678,0.1227165346821035,290.7675119669583,3,59,0.92740995
7679,0.1244841176838023,291.0784436912276,6,44,2.4160533
7680,0.1206079021555752,290.5984073004931,8,52,0.0
7681,0.1200834586068465,290.5868178885092,8,60,1.1281614
7682,0.1081597618305368,289.15168757729145,8,196,1.144783
7683,0.1205431873229664,290.5995823179461,8,62,0.92740995
7684,0.1114400579943784,289.54258024078194,8,108,5.547545
7685,0.1098244487523742,289.6416297243756,8,70,1.4708351
7686,0.1142791471099989,290.24224881783533,8,70,3.8742313
7687,0.1233762895009612,291.031837061958,2,46,2.1644344
7688,0.1250961717829574,290.992576340716,8,51,1.4526042
7689,0.1206804851434374,291.4299511571833,8,33,1.4447381
7690,0.1219942699191003,290.7356346937194,8,52,3.3706682
7691,0.1227198778830211,291.04061106613267,4,40,2.2327938
7692,0.1122003645088562,290.12824709455595,7,64,1.137882
7693,0.1110581815142064,289.7257312864968,8,71,0.0
7694,0.1161719356484794,290.3567109898584,7,62,3.5222595
7695,0.1218686867102525,290.934953863903,8,48,0.92740995
7696,0.1109970840614451,289.279903372958,8,101,3.8988147
7697,0.1187403759523903,290.50762358388084,8,58,0.92740995
7698,0.1103259208419827,289.77303341551533,7,69,5.1547103
7699,0.1087816032242854,289.25269021200484,8,118,2.4682076
7700,0.1074820054814059,288.94636673401726,8,216,5.159066
7701,0.1226026352542407,290.96693627498473,8,45,1.1186908
7702,0.111576964759895,290.09419911988965,7,62,1.4683577
7703,0.1168237064118769,290.38808939261827,8,59,1.4635848
7704,0.1214704273796549,290.66431333411634,8,55,1.4588375
7705,0.1220282805521326,290.7137106503292,4,50,2.24966
7706,0.1092633430595363,289.3408945041288,8,93,2.9429362
7707,0.1240717737703198,290.9083438278104,8,53,0.0
7708,0.1252996457746626,291.14130431029827,8,41,1.114672
7709,0.1223706978750844,291.06245707740743,7,42,0.92740995
7710,0.1103877788231879,289.6564511113029,7,68,3.0049853
7711,0.121220407398975,290.6297731858579,8,51,2.1694758
7712,0.1113389370745525,289.92722256374566,8,68,3.8857906
7713,0.1219049710143798,290.8179546225357,8,50,0.0
7714,0.1224544074896337,290.936296584019,8,47,3.826106
7715,0.1228745985281807,290.7670794964039,8,55,0.0
7716,0.1220934236584271,290.821617817844,8,48,2.4277415
7717,0.1247641561744321,290.9915699360808,1,48,1.4526408
7718,0.1218493830692191,290.855231206183,7,49,0.92740995
7719,0.1219133405769539,290.6799814742089,8,52,1.4584951
7720,0.1218464866472789,290.6872799446297,8,59,1.4584343
7721,0.120310407653449,290.6142555086227,6,56,1.1277299
7722,0.1127691362995687,290.1333292483564,7,115,2.1742475
7723,0.118398712385012,290.4864776889788,8,58,3.860215
7724,0.1140311363849089,290.2290300192095,8,67,3.587988
7725,0.1117704356058327,289.49998860860194,8,71,0.92740995
7726,0.1270508757265805,291.11037599671465,8,78,2.4150121
7727,0.1222479055388273,290.8884579625996,8,48,2.4245205
7728,0.1222454877982793,290.88210598420903,7,48,0.92740995
7729,0.1180272016758509,290.46648815322976,8,69,1.1310745
7730,0.1241336880519304,291.0372732213079,8,44,1.4517268
7731,0.1219989413083514,290.8225063040603,8,49,2.427714
7732,0.1186992724047943,290.4829770704305,8,53,1.4616426
7733,0.1224852497229215,290.74239544740306,8,49,2.7802885
7734,0.1123063928006179,289.89096955536775,8,65,0.92740995
7735,0.1198284408583885,290.5703496830085,8,60,1.1285216
7736,0.12223415665786,291.1025787410448,8,42,1.1151661
7737,0.1199761246605245,290.56519782234705,8,56,0.0
7738,0.1143894727084156,289.6460331770604,4,68,5.1560555
7739,0.113569907970088,290.2021373293437,8,67,0.92740995
7740,0.1076317301627315,289.02459993050536,8,222,2.1791253
7741,0.1155126823273274,290.30090625210687,8,77,2.9252264
7742,0.1182911573397232,290.4818323605552,8,68,1.8543341
7743,0.1219253533634311,291.3041036064183,8,37,1.8543341
7744,0.1251204102083029,291.0505270692053,7,45,0.92740995
7745,0.1136072821946786,290.18234447016675,8,88,2.4507244
7746,0.125725591852,291.0157931496541,7,54,2.4188814
7747,0.1182777000316356,290.4807639154569,8,66,1.1307034
7748,0.124406940281731,291.1710017271201,8,42,2.8965516
7749,0.1091565327382114,289.53491287161586,7,113,2.7802885
7750,0.1102552524547827,289.42587772809617,4,71,2.4669993
7751,0.119997589218502,290.5709573629093,8,52,0.0
7752,0.1145119211599922,290.2553980738718,7,60,2.4510617
7753,0.1246120450783867,291.1603119973514,8,42,1.1140925
7754,0.1204993426123038,290.6120953098754,8,62,1.4598186
7755,0.1220540497701788,290.68811934044754,8,50,1.1256801
7756,0.1107416819665017,289.13289450418,8,139,1.1462848
7757,0.120505780311566,290.60749490002394,5,62,1.1265713
7758,0.1127237582744404,289.94881609739474,9,64,2.9379525
7759,0.1202271433058484,290.5913576173172,8,58,2.1700542
7760,0.1102303572473289,289.4307496812349,8,74,2.286339
7761,0.1190765188526229,290.5396426749629,4,58,1.1296198
7762,0.1254965379218701,290.9881360124279,8,54,1.4526211
7763,0.1222348663839953,290.8880381394175,7,47,2.166282
7764,0.1091922582065709,289.3052893547668,8,97,2.943315
7765,0.1173784457752924,290.4322433682331,4,61,1.4634212
7766,0.1125142143437661,290.13901114133216,8,69,1.1387146
7767,0.1084931315864852,289.0688787697519,7,91,2.2903562
7768,0.1181148105909953,290.45479384821914,8,69,1.1298409
7769,0.1269020647876066,291.21181150313134,8,49,6.558407
7770,0.1238266027708846,290.8518275810252,8,58,1.8543341
7771,0.1104500951393899,289.281575819518,8,72,2.7802885
7772,0.1101694389314039,289.93297181489766,8,218,2.2779853
7773,0.1175499791796529,290.4276697921594,8,68,0.0
7774,0.1242532587520639,290.88340915257913,8,60,0.0
7775,0.1084364008842074,289.2343955030524,8,189,5.157589
7776,0.1227572218511273,290.9607545993053,4,43,2.904332
7777,0.1109905584501185,289.3578250415419,8,99,1.4729903
7778,0.1218984124851964,290.86792914551745,6,49,2.1665547
7779,0.1179869797465777,290.463992784702,8,71,2.4437997
7780,0.1200667212767976,290.5776762421945,8,64,4.3330874
7781,0.123075049172196,290.7731800683197,8,60,4.850714
7782,0.1247017397541314,290.96834098200014,4,46,9.45433
7783,0.1190305301446063,290.52090780845265,8,61,1.129616
7784,0.1207059050028423,290.6294535810419,8,69,2.253598
7785,0.1150761908688242,290.2894765200109,8,65,2.7802885
7786,0.1223652025772297,290.7318960382196,8,56,0.92740995
7787,0.1176729941804402,290.44192499188745,8,61,2.1718714
7788,0.1172015106247717,290.3994914285375,8,65,1.4626231
7789,0.1208515624670064,290.60416537018943,8,65,2.4362586
7790,0.1171680513477074,290.3988441260414,8,74,7.8637786
7791,0.1243799362991279,290.8987102101576,8,56,0.92740995
7792,0.108438172641958,289.2606658038572,8,164,14.553045
7793,0.1262367002391796,291.15889615379854,8,46,2.227911
7794,0.1230406914901214,291.11327055103845,8,37,0.0
7795,0.1224164751831457,290.72908296206606,8,59,2.1680565
7796,0.1245654312844912,290.9076813448395,2,55,3.7047918
7797,0.1092609426899137,289.5692809117696,8,79,8.365238
7798,0.1140443175865182,290.2113927628411,8,67,1.1344868
7799,0.1193213752876522,290.5426088776429,8,67,1.8543341
7800,0.1219960779602147,290.775121262254,8,51,2.1678152
7801,0.1201795718685677,290.57799606159256,8,60,2.253764
7802,0.1107620777366972,289.23045920032564,8,138,1.8543341
7803,0.1224462012261706,290.7850680355544,4,49,4.484696
7804,0.1191824868557139,290.5151386098829,8,67,2.4393132
7805,0.1222435446605262,291.15248022054766,8,36,0.92740995
7806,0.1145844032070461,290.2602546878765,8,78,1.1360059
7807,0.112681406242443,290.0208756079768,7,64,1.1400706
7808,0.1242758260986123,291.0768756495148,8,44,1.1161134
7809,0.1187134049442937,290.4928866578555,8,54,1.1299781
7810,0.1259040647016812,291.18145918492064,8,48,1.8543341
7811,0.1164088298414345,290.355465627897,5,54,1.4636056
7812,0.1240882322754136,290.87294816342217,4,59,0.92740995
7813,0.1161115234038754,290.3384741812475,8,76,7.277246
7814,0.1139108937468346,290.220109344644,8,76,2.4545841
7815,0.1105884808501194,290.0104254845612,8,181,1.1392223
7816,0.1112953789173781,289.3580871665756,8,103,2.9442725
7817,0.1127557757716003,289.975674120155,7,64,2.280013
7818,0.1205963035683461,290.5993296842411,8,65,2.1695168
7819,0.1251861425272079,290.95716598734964,8,56,0.0
7820,0.1091439186628165,289.36000934136484,8,160,4.924841
7821,0.1190875995099938,290.51126296360707,8,55,1.4613041
7822,0.1204639276670316,290.4938926951761,8,56,1.8543341
7823,0.1193594662919766,290.5420258366754,8,62,0.0
7824,0.1221028714332009,290.7260216607068,8,48,1.4577632
7825,0.1118278092651167,289.54565113163375,8,69,1.1434808
7826,0.10996418491838,289.09801599145726,8,81,3.0065873
7827,0.1227804174452437,290.71685808640405,8,64,1.1247469
7828,0.1240721182121148,290.8717721352689,5,59,0.0
7829,0.1218767815670626,290.76519199449405,4,51,1.4570311
7830,0.1095004594625086,289.66914189973903,7,248,1.4704006
7831,0.1228584851571317,290.76334722414487,8,57,1.123396
7832,0.1218922999087059,290.8903315968204,8,48,0.0
7833,0.1114923198260196,289.9372044819839,8,69,2.1764417
7834,0.1088496859284236,289.4547963978482,8,81,1.4714283
7835,0.1238912613405976,290.8822174603794,6,56,1.8543341
7836,0.1200874969614036,290.56362019387706,8,52,2.4385285
7837,0.1222525474028482,291.15322357307906,8,37,2.2269053
7838,0.1178495518189096,290.45476678768705,8,65,1.4626971
7839,0.1112730102690038,289.3006879623814,8,108,5.7522717
7840,0.1200063880078821,290.5870829748766,8,93,3.3812299
7841,0.1097385066069807,289.74290339219294,8,220,0.92740995
7842,0.1123370474791932,290.13231023913806,8,66,0.0
7843,0.1118213713985272,289.5423845247054,8,70,3.0055778
7844,0.1105086893008163,289.941907234606,7,148,2.9366548
7845,0.127997896317779,291.1645483125541,8,85,0.92740995
7846,0.122269362457507,291.2077986626705,8,38,2.7802885
7847,0.1191058979816008,290.50516052813737,8,55,2.4407034
7848,0.1249088053420933,290.9670520695421,8,51,0.0
7849,0.1121246436263811,290.122244798786,8,68,2.1754587
7850,0.1233598760968807,291.0928782718645,7,42,2.9951
7851,0.1212355093873342,290.6322626748189,8,53,2.1694562
7852,0.1222629099546156,290.7727228827844,8,46,8.675804
7853,0.1221264700201852,290.70764196549163,7,49,2.24981
7854,0.1219055507521273,290.7678859887996,7,52,0.0
7855,0.1218823215490393,290.77162223562624,7,51,2.9119103
7856,0.1227739067699444,290.76124468231154,8,57,2.246822
7857,0.1125761790236723,289.8732075592413,7,66,4.347611
7858,0.1126522933957211,290.06584836294627,8,63,2.4596546
7859,0.125957867046052,291.11793823463404,8,48,0.0
7860,0.1120381388235864,289.7469019727688,8,69,1.1419615
7861,0.1222197031372956,290.6984112311193,8,52,0.0
7862,0.1161804116093126,290.3527232910456,8,67,6.74267
7863,0.1206762810024489,291.40804082716915,4,32,0.0
7864,0.1249595326324872,290.9795903215668,8,50,0.92740995
7865,0.1221094498199855,290.7510838140422,4,52,5.8992305
7866,0.1238150315401722,290.93441855420497,8,58,0.0
7867,0.1191547953541571,290.5265470335721,8,57,0.0
7868,0.1135240414976905,290.1917352846207,4,61,7.320876
7869,0.1158180983158629,290.3341450538674,8,109,2.1733258
7870,0.1122116428580069,290.0438148161524,8,70,0.92740995
7871,0.1254765033595783,290.975501058855,8,55,1.4528123
7872,0.1076530951150406,289.034479164584,8,180,2.7802885
7873,0.1280241211695656,291.223988049689,8,57,2.7802885
7874,0.1257116067905687,291.02216274196303,8,50,2.1646295
7875,0.1221898735821993,290.88498933357647,4,47,2.166322
7876,0.1232672820471998,291.1923922059101,7,38,4.338535
7877,0.109743449791265,289.41959498950035,9,73,2.2860594
7878,0.1243668592624755,291.02622597215134,7,47,1.451959
7879,0.1237893481277817,290.8502698736237,8,57,1.4552274
7880,0.1214146919424699,290.6771495077648,7,53,2.4344363
7881,0.122338811979582,290.87962310790044,8,51,4.5694556
7882,0.1098999850836779,289.8331110950066,8,191,11.396654
7883,0.1128390298926173,290.1423383250292,8,113,2.930957
7884,0.1220016986058859,290.6670900432977,8,61,2.169025
7885,0.1268650861699176,291.237568941445,4,43,2.162093
7886,0.1090856958525839,289.3146410525327,8,117,2.178405
7887,0.1102816114816039,289.2734271289673,7,75,1.473243
7888,0.1227503472760287,290.8765223098445,5,46,2.1664345
7889,0.1121119707239279,289.65760835754827,7,69,0.92740995
7890,0.1259360867138303,291.15394993472273,8,48,0.0
7891,0.1101457190278998,289.90714990661377,8,192,3.0041292
7892,0.1101458832878617,289.8804510903079,8,167,4.400483
7893,0.1218310257545048,290.9328330851657,8,50,2.9053457
7894,0.1219303309956504,290.73089581038283,8,55,0.92740995
7895,0.1240486853310762,290.8826917099993,8,55,0.0
7896,0.1232146861615264,290.8258003106463,8,56,0.92740995
7897,0.1275848407373665,291.2148942709062,8,49,0.92740995
7898,0.1160180096897516,290.3326832437732,8,73,2.4450395
7899,0.1096877823989377,289.5772070680952,8,70,4.7650733
7900,0.1105851252368565,289.8598460771958,7,69,2.4610653
7901,0.1231052087334807,290.9132872953794,4,41,4.8381453
7902,0.115482176140556,290.308708014523,8,59,2.7802885
7903,0.1224322427341065,290.77186875252005,7,46,1.4567953
7904,0.1222606733812586,290.7246380165645,8,53,1.1248779
7905,0.1135399316447355,290.20162276323134,4,58,2.174217
7906,0.1128243469442611,290.1588699884869,8,68,0.0
7907,0.121936453646545,290.68151254769833,8,53,1.458472
7908,0.1249772852246377,290.9528148587588,4,53,1.1190497
7909,0.1229500267442842,291.3533440379274,6,33,2.4043162
7910,0.115932653090957,290.341716542076,4,61,0.0
7911,0.1104635595164308,289.981136606698,8,158,5.6788435
7912,0.1274097125204485,291.2347141784512,8,59,6.196861
7913,0.1106195768113326,289.15563825352655,8,94,2.2911532
7914,0.1223008224391421,290.8444790038061,5,48,2.4266198
7915,0.111442793201265,289.2685271537838,8,94,3.0063531
7916,0.1168207351762446,290.3778620232956,8,63,1.4629492
7917,0.1127161142420559,290.156284108001,8,65,1.4673849
7918,0.1173909125323203,290.4245765337251,8,64,1.8543341
7919,0.1128264369126427,290.1601708156754,8,66,0.92740995
7920,0.1260546876801888,291.1799125225116,8,46,1.1138482
7921,0.1230912081601089,290.94529109024154,7,43,3.479698
7922,0.1206626892861655,290.59943300355815,7,55,2.2542317
7923,0.124540775217882,290.9156340867104,5,52,1.8543341
7924,0.1187182075337535,290.5052509665745,8,61,0.0
7925,0.1143264893814976,290.24563978126787,8,55,0.0
7926,0.1168170476037237,290.39292287206354,8,66,2.9257197
7927,0.1153639711251669,290.3023726315427,8,59,1.4648025
7928,0.1101852171126753,289.51036303888884,7,69,0.0
7929,0.1225008359785157,290.8062995570518,1,46,1.1227862
7930,0.1198042770161883,290.3706390408872,7,61,1.130608
7931,0.1125424855716139,290.1365690504828,7,100,6.4677534
7932,0.1087775819704201,289.28929894320896,8,133,2.1784303
7933,0.1251339293449872,290.9821400746852,8,52,0.92740995
7934,0.1225538893423433,290.78593291921607,4,47,1.4565083
7935,0.1226779406912362,291.00516661314435,8,44,1.4522225
7936,0.1223023996149863,290.71658480242473,8,56,2.1685348
7937,0.1219303299203049,290.83975483896853,7,47,0.0
7938,0.1109342362777435,289.4650925879007,8,78,1.8543341
7939,0.1103408895792346,289.1867896359139,8,73,1.4738086
7940,0.1230275635274656,290.78962310265246,8,54,1.4563849
7941,0.1246553171816084,291.07339727596235,8,44,0.92740995
7942,0.1258792312709997,291.08966442194844,8,49,1.4508868
7943,0.1252207094989748,291.0246767746732,8,50,1.4520458
7944,0.1248956221336638,291.1113588022019,8,41,0.92740995
7945,0.1132177868632493,290.15825244732287,7,118,1.4658442
7946,0.1190706556568191,290.5127531557257,8,66,1.1286126
7947,0.116797171244303,290.3879331617359,7,63,1.1325483
7948,0.1246132091475055,291.16228798934173,8,43,2.4122536
7949,0.1216229127854664,290.67187939711124,7,63,1.8543341
7950,0.1275889473018636,291.19755012303153,8,61,2.4114127
7951,0.1211548605991836,290.64543291700056,8,53,1.4591688
7952,0.1260991698512043,291.1800706658857,8,48,1.1138518
7953,0.124374928287634,291.1616788916775,7,39,1.114017
7954,0.1237730787477738,290.9947732968349,8,36,0.92740995
7955,0.1175889386779908,290.4459072594706,6,57,1.1319333
7956,0.111939596297067,289.62871580039405,8,68,0.92740995
7957,0.1080837403667084,289.0160813805325,8,118,3.8770015
7958,0.1213503274893511,290.6248143170259,8,59,2.9166217
7959,0.1229665239208054,291.12096909991806,4,40,1.4499869
7960,0.1194598459241123,290.5433021307537,8,59,1.4609456
7961,0.1129862052066247,290.1692320549674,6,66,1.137592
7962,0.1172958469681354,290.40393625575103,8,61,2.9236205
7963,0.1258140856812764,291.07252520310374,8,51,0.92740995
7964,0.1237962531362104,291.223471782966,1,38,0.92740995
7965,0.1144265993853907,290.25057922666906,8,60,2.7802885
7966,0.1254043804618645,291.0931472456247,8,47,0.0
7967,0.1171314026257155,290.411802274514,8,70,3.5830777
7968,0.1158548910749385,290.0499434886981,7,69,0.0
7969,0.1115009189545198,289.29602620836044,8,81,3.006278
7970,0.1212057951482726,291.3652995122566,4,32,0.92740995
7971,0.1100864203867113,289.8169022628161,7,209,2.93775
7972,0.1108801803222671,289.6978380426997,5,71,7.888149
7973,0.1223391409530475,290.6796099263547,8,58,1.8543341
7974,0.1111796245722266,289.3897760738822,8,105,2.468371
7975,0.1086140445929273,289.2802773431714,8,173,6.8940167
7976,0.1105619782731876,289.58544341690606,5,72,0.0
7977,0.1218659837067114,290.9538867595708,4,46,2.4208548
7978,0.1184656340618416,290.4830791341025,8,61,0.92740995
7979,0.1227467588360881,290.85876347074685,8,47,2.1666672
7980,0.1269137773869103,291.0877187605546,7,124,0.92740995
7981,0.1097276849726493,289.38302795170114,7,73,0.92740995
7982,0.125435551355398,291.00719371414993,8,53,1.4523234
7983,0.1220378453739145,290.8207207999269,8,53,2.7802885
7984,0.1255739343463992,291.0666646145584,8,50,1.4512937
7985,0.1234672620270825,290.8251726883736,5,60,0.0
7986,0.1225208941839228,290.7392147918535,8,50,3.870762
7987,0.1224488661450135,290.7920991121448,1,48,1.456405
7988,0.1246962935930299,290.9634212417284,3,50,2.9963472
7989,0.1185484095535102,290.5008391752796,4,56,2.1712904
7990,0.1116969191130931,289.30560114479624,8,70,3.5995657
7991,0.1094127348222096,289.5826826576462,7,69,3.5953321
7992,0.1119058676315151,290.0875594019484,8,153,1.1372983
7993,0.1225983490246664,290.7622916169812,8,50,1.4569505
7994,0.1101104331103878,289.7905150064008,8,70,2.7802885
7995,0.1116292469630847,289.39994197907123,8,74,2.2882118
7996,0.1201798313729767,290.56916837235883,8,52,2.2554564
7997,0.1228266036603586,291.3270199952424,4,36,1.4464555
7998,0.1171486568148746,290.4097362625856,8,62,2.172215
7999,0.1208633308210848,290.6151617483557,8,53,0.0
8000,0.1213808527990227,290.6375402273688,8,50,1.1266918
8001,0.1231495928485726,290.7650714187353,8,59,1.1235859
8002,0.1249046125973191,291.0468678363526,3,46,0.92740995
8003,0.1197921064212373,290.5678256889075,8,60,1.1285709
8004,0.1250770194923591,290.9798266277785,8,51,1.8543341
8005,0.1102785416876128,289.91153115380496,8,185,1.8543341
8006,0.1237210398408083,290.9082064620724,8,54,0.0
8007,0.1104234470851465,289.9939146921398,8,173,2.9354284
8008,0.1120526292003361,290.0253889604141,8,70,1.4692678
8009,0.1228572385820202,290.7321336176371,8,64,0.92740995
8010,0.1118208997744165,290.0785471131612,7,138,3.0032325
8011,0.117194790195086,290.403306221949,8,65,3.5809808
8012,0.1087566668680459,289.2790376413559,8,132,7.304272
8013,0.1220047379232483,290.6858778132919,8,52,1.1257327
8014,0.1175293660736965,290.42773567154074,8,63,1.8543341
8015,0.1176995618684987,290.4398248653016,8,61,2.7802885
8016,0.1241762330883587,291.5033356430034,8,37,0.92740995
8017,0.1089497555687824,289.17855488043745,8,71,3.8982334
8018,0.1224538587803964,290.7478653272849,8,49,1.1242461
8019,0.1257033766894331,290.9979675748756,6,52,1.1180077
8020,0.1231419701406131,291.2157364040699,8,38,2.7802885
8021,0.1200849182338613,290.5801183380797,8,58,3.381094
8022,0.1107537173563492,289.8109291694823,7,69,0.0
8023,0.1121926174907037,290.1224792021777,8,178,3.003265
8024,0.1096805351759527,289.56519469375866,8,73,10.141734
8025,0.1244088514756101,291.1733956207557,8,42,0.92740995
8026,0.120330021727181,290.58911723888843,8,55,0.92740995
8027,0.1223233512098369,290.7770740553648,7,49,2.7802885
8028,0.1136823929219775,290.1938732211829,7,67,6.2963853
8029,0.1191731614334412,290.5315617740544,5,64,1.1294258
8030,0.1127875001217497,290.15359866500364,8,71,1.4682968
8031,0.121038016494461,290.611306771765,8,59,2.2534847
8032,0.1126469216184201,290.1524765373801,7,68,5.3167267
8033,0.1164364310909831,290.3559457312708,8,60,2.172209
8034,0.1233144158983369,290.8402565060616,8,46,5.1343265
8035,0.1192967603922068,290.5481953411483,7,56,1.1292697
8036,0.1222589123433275,290.7248153943266,8,54,0.0
8037,0.1090717611237083,289.4066894358114,8,136,5.7722406
8038,0.1089906407362023,289.4328968642767,8,134,6.887945
8039,0.1102653845243994,289.1930685823858,8,73,1.4737399
8040,0.1193276041184958,290.536345464076,8,61,1.4610807
8041,0.1126832122113304,289.9626396606284,7,64,1.1405293
8042,0.1228235156351041,290.7371628484631,8,60,1.1243881
8043,0.1191219331204304,290.5258980583699,8,61,0.92740995
8044,0.1164660995120737,290.36780539957715,8,63,2.1726177
8045,0.1154834564273032,290.31413396362524,1,63,2.2692082
8046,0.116428028432866,290.35808409532274,8,68,0.0
8047,0.1113157608728792,290.0441820193733,7,93,2.9335866
8048,0.1208122272969124,290.6307149779093,8,65,2.7802885
8049,0.1269289802669841,291.08628158306806,7,92,4.7589226
8050,0.1097513432176322,289.6096371064766,8,71,3.5953221
8051,0.118911324179413,290.50532421309225,8,55,1.1297342
8052,0.1122686796979536,289.7894666731993,8,67,1.4707733
8053,0.1081020651032938,289.1438116779275,8,153,2.288653
8054,0.1243846930368648,291.1716907147392,8,43,0.92740995
8055,0.1109490076652489,289.4591941027038,8,79,0.92740995
8056,0.1263312909450093,291.1284365762662,8,65,1.8543341
8057,0.1194318016105681,290.5203898371648,8,65,2.1705601
8058,0.1245743713163575,291.1545786584357,8,44,0.92740995
8059,0.1237880196426102,291.2189781650748,1,41,2.4093862
8060,0.1212605973315412,291.3213661298734,8,34,1.1096371
8061,0.1257534382707837,291.2092565471964,1,39,2.162352
8062,0.1245793543009613,291.1568613963942,8,41,0.0
8063,0.1123960463817019,289.93232620091896,8,67,0.0
8064,0.116587610257078,290.3819815266434,6,58,1.4642733
8065,0.109494540552292,289.62839833769243,7,82,7.464743
8066,0.1231927075205965,290.9722407802316,8,47,3.4777563
8067,0.1209156964498364,290.4873248217892,7,57,1.4602569
8068,0.1077652868809775,289.03452112548666,8,184,5.7527413
8069,0.1242673034693767,290.8919305433736,8,56,1.1204342
8070,0.1237568833086679,291.11560061849343,5,43,2.898512
8071,0.112323235676539,290.1190549454672,8,67,5.9914527
8072,0.1232588874267323,291.20474481992227,8,39,1.1127443
8073,0.1183151292402376,290.37612633403467,4,62,1.13206
8074,0.1111424250924331,289.7830460566831,7,71,0.92740995
8075,0.111955278910388,289.47401724263324,8,71,0.92740995
8076,0.1129813882212331,290.11733123159524,5,64,0.0
8077,0.1105560748180445,289.92106550115693,8,95,2.1763155
8078,0.1228232827028355,290.7734418932613,8,57,2.4297795
8079,0.1250881929267853,290.98328790981213,8,53,0.92740995
8080,0.1254168968828173,291.1039994919793,8,47,2.9951081
8081,0.1081806957923782,289.1655175078177,8,208,5.751348
8082,0.121838174975886,290.835777399423,4,49,1.4555811
8083,0.1134147578748378,290.1839205942139,5,59,3.8738868
8084,0.1184979822538842,290.49343155427835,8,66,2.442422
8085,0.1106315445341513,289.33258955190064,8,77,0.92740995
8086,0.1223014069148182,290.77681933601366,8,50,1.8543341
8087,0.1187576813708537,290.5153027664233,7,57,1.1300734
8088,0.120298060282071,290.5954026114888,8,60,2.170005
8089,0.123920399032626,290.8607104737212,8,56,1.1211125
8090,0.1114058919905029,289.6688226447049,8,77,2.4644437
8091,0.1232609017916827,290.76905812571124,8,61,1.8543341
8092,0.12447678642601,290.94708595772926,8,53,1.453452
8093,0.1223266264585507,290.7673034814974,7,48,1.8543341
8094,0.1223484132803548,291.1270748743467,8,38,1.4497904
8095,0.1110111168512051,289.2582703905388,8,106,1.1454022
8096,0.1173500162651878,290.42787347773697,4,61,1.8543341
8097,0.1177123301205223,290.44141545465584,8,63,0.92740995
8098,0.1246188341916756,291.3905035582709,5,38,6.6268067
8099,0.1150952026961423,290.2808399327397,8,65,1.8543341
8100,0.112606743623644,290.1353281569007,7,103,3.0029771
8101,0.1225389802376817,290.7369763958129,8,59,1.8543341
8102,0.1081077135513278,289.0437897995677,8,119,0.92740995
8103,0.1226887144737551,290.81254608091973,5,46,1.8543341
8104,0.120280419313879,290.59679634418137,3,61,0.0
8105,0.1133709060850765,290.19256768478994,7,63,1.1364542
8106,0.1242302201315776,290.9489516003905,8,54,3.354365
8107,0.1095742252371122,289.6272862953953,8,72,5.7649956
8108,0.1248493318550903,291.0801626666719,8,42,2.2313733
8109,0.1261578334306284,291.0979663813566,6,50,2.4154859
8110,0.12535203817725,291.1059170852717,8,46,2.163622
8111,0.1212043411387365,291.30480819298697,0,32,0.0
8112,0.1218712908249099,290.81619348318696,8,49,1.4559811
8113,0.1134298093333303,290.1702175386592,8,105,1.4655855
8114,0.1196160789157145,290.5533469970742,8,60,1.1288214
8115,0.122929050498762,290.7941982002837,8,62,1.1222703
8116,0.1219344517478086,290.76597492027383,8,49,1.1239252
8117,0.1209940655217726,290.64453084829233,8,59,1.8543341
8118,0.1181700727062188,290.47004360083486,8,63,5.9851804
8119,0.1227689665648989,290.8538852066119,7,47,0.0
8120,0.1220660397200028,290.860432158596,7,50,2.425869
8121,0.1246340968800664,291.0621506733647,8,47,2.7802885
8122,0.1220040784732139,290.84464306337816,8,50,0.0
8123,0.1251135276363049,291.03309560327085,8,28,5.6452966
8124,0.1126790076733328,290.13505277832326,8,127,1.4666462
8125,0.1116666770517954,290.09744806758266,8,65,1.4685131
8126,0.1229595055413938,291.2084820447258,8,38,0.92740995
8127,0.1120474469781763,289.80129702067364,8,100,1.8543341
8128,0.1195987299617088,290.5450327894507,8,66,3.5775886
8129,0.125568655117679,291.1367248639088,8,46,0.92740995
8130,0.1086123882908665,289.06126030539,8,72,3.0064342
8131,0.1093498610657806,289.21596632796644,4,69,2.9445279
8132,0.1171637710356922,290.39961605574354,8,68,1.1308756
8133,0.1218127491537801,290.9327917728594,8,45,1.1195189
8134,0.1193360585048827,290.5417633547322,8,61,8.066429
8135,0.1219283752143008,290.73786920231686,8,52,2.9984887
8136,0.1115718933685102,289.9704510654609,8,69,0.92740995
8137,0.1184431892794105,290.48757818943943,8,63,1.462023
8138,0.1220497073071253,290.7199007972581,5,59,1.1241453
8139,0.1219074177442377,290.7195068136195,7,53,0.92740995
8140,0.1119647588918898,289.57018670358457,8,69,2.4663925
8141,0.113057483940141,290.1621284567323,5,52,9.195146
8142,0.1138939587829886,290.2022811584031,8,63,1.4653062
8143,0.1177197497208745,290.4377005720357,8,59,2.1717517
8144,0.120559150266611,290.61693814623544,8,64,2.1691809
8145,0.1188101091656812,290.4919333086884,8,68,1.461113
8146,0.1247292705246289,291.0590654075661,7,46,1.451369
8147,0.1159745487913145,290.3411172605886,8,62,0.92740995
8148,0.1218629116566554,290.9163540033629,8,47,2.2390494
8149,0.1175881481074332,290.4454361604735,4,58,1.4631717
8150,0.1162076592646009,290.34267587933687,5,56,1.4634569
8151,0.1108001279731829,289.4486915580881,8,73,0.0
8152,0.1246345362878791,290.9273541393323,6,53,0.0
8153,0.1186781696387753,290.48479579447667,8,69,0.92740995
8154,0.1263039818767977,291.1620645057851,8,47,0.0
8155,0.1257722225843268,291.08399261837064,8,49,1.4509871
8156,0.1163617520438206,290.3681856343848,7,61,3.397537
8157,0.1244565562359336,291.19052029928014,8,43,2.4109104
8158,0.1102509704176501,289.7786459893011,7,72,1.4701668
8159,0.1208251813195388,290.5958385977309,8,64,1.8543341
8160,0.1205982018477232,290.6165882004753,8,61,1.4597223
8161,0.1218212927434025,290.68445479990135,8,60,1.1258378
8162,0.126401091076966,291.1722838726648,8,47,3.4647064
8163,0.1214684572103213,290.67239653930045,8,63,0.92740995
8164,0.114310430154056,290.24341626460205,8,120,1.8543341
8165,0.111071142534156,289.659333368696,8,73,0.92740995
8166,0.1169484004365346,290.40306215758665,8,60,1.4637873
8167,0.1219457252053871,290.7774559378837,4,50,0.92740995
8168,0.1091357881983466,289.3954912825159,8,113,2.9421797
8169,0.1126725071390377,290.1515951809756,8,64,1.8543341
8170,0.1221677844670104,290.85909074620145,6,47,2.4259305
8171,0.1154215667629485,290.29879527371025,8,61,1.8543341
8172,0.1249151505100286,290.9605652400172,8,53,1.4531473
8173,0.1088058269828831,289.3678139650832,8,130,3.549333
8174,0.1115126336832924,289.9513160526079,8,70,2.1763878
8175,0.1182162330456525,290.473194371001,8,64,3.860776
8176,0.1082158425782296,289.2363508332116,8,156,4.409777
8177,0.1180176843600548,290.45582774912833,8,71,2.1708386
8178,0.123102115064521,290.8188671179825,8,56,0.0
8179,0.1246704785133187,290.9233704111873,6,56,4.564669
8180,0.1149743601047085,290.2830196429918,8,66,7.144856
8181,0.1085464366303435,289.0580231656404,8,86,3.8769732
8182,0.1222261569373447,290.8706431162141,4,48,2.1665146
8183,0.1127109703209544,290.13513396663046,8,65,2.2774816
8184,0.114100430382753,290.2329367556956,8,67,1.466462
8185,0.1126441825172744,289.8870621154899,7,67,3.004674
8186,0.1126047991296859,290.13409069347813,8,113,2.1745343
8187,0.110382382817629,289.8935199319863,8,80,7.464515
8188,0.1074424545112669,288.9533013140716,8,200,8.429519
8189,0.1205411522483187,290.61738149004685,8,60,1.4597545
8190,0.1125885945663731,290.12115307785064,8,101,5.150514
8191,0.110580715993829,289.22469466798657,8,78,0.0
8192,0.1201951708675836,290.57795027055124,8,54,0.92740995
8193,0.1165596080126012,290.37983424430104,8,61,1.1333268
8194,0.109523483700254,289.2459604379723,7,74,3.5531604
8195,0.1220920350084034,290.8192796125999,8,51,1.455901
8196,0.1235009139901871,290.82704708489257,8,58,0.0
8197,0.1257306192481933,291.24315772401627,8,41,0.92740995
8198,0.112589218284157,289.86138794174605,7,65,0.0
8199,0.1220273727280309,290.7266219659816,8,55,2.168469
8200,0.1257415390331162,291.1878899233591,5,42,2.4114392
8201,0.1226703929228178,290.99212199440126,7,47,0.92740995
8202,0.1229850395360277,290.97980134561624,7,45,2.9036183
8203,0.1188075834013891,290.50322922302985,8,59,0.0
8204,0.1150750564668835,290.2881093997183,8,60,1.8543341
8205,0.1244021465610919,291.02394767938944,7,48,2.4185119
8206,0.109267091985612,289.25111132760867,7,67,1.8543341
8207,0.1130715919795436,290.1735841191187,8,68,1.8543341
8208,0.1164500337310265,290.3680619653061,8,65,0.92740995
8209,0.1242564600294551,291.0152791873193,7,52,1.1176357
8210,0.1226181186949832,290.9700371782724,8,44,1.4529079
8211,0.1218525487069068,290.801144338494,7,50,1.4562932
8212,0.1180549426292649,290.46861357478303,8,76,2.1716423
8213,0.1093483479852289,289.16640859921887,7,70,1.1452936
8214,0.1123804400928708,290.1102703313061,8,78,5.02617
8215,0.1155005846747457,290.3150262585016,8,102,4.763291
8216,0.1136370824958526,290.2040797920022,8,74,1.4673485
8217,0.1232194374828803,291.2040450982416,8,38,1.4484062
8218,0.1107787478710224,289.17928079534715,7,128,7.97073
8219,0.122561876104779,290.8268454683969,5,45,1.4538193
8220,0.1244270161460917,291.1838789130371,8,43,2.4112077
8221,0.1255493632752115,291.16938853789225,8,43,2.8969042
8222,0.1255236520849359,291.1229929869584,8,44,2.7802885
8223,0.1255811384148701,291.18933838657887,1,42,2.1625881
8224,0.1164632193630374,290.3720860778414,8,73,1.1332612
8225,0.1248179206942756,291.16266763657205,4,47,3.5602376
8226,0.1114411778660509,289.52960270707445,8,109,1.4720882
8227,0.1219088599062607,290.8430640658271,8,51,0.0
8228,0.122090459149233,290.79332234820333,8,53,2.9109647
8229,0.1197616171316205,290.5697955735722,6,63,4.864169
8230,0.1122023994700186,289.70806487700554,8,69,2.2837877
8231,0.1268105203594897,291.12225763450584,8,58,1.4503336
8232,0.1106827831407489,289.34254963926145,8,77,1.1445502
8233,0.1236848667229741,290.8697340683933,8,59,1.8543341
8234,0.1115074624669647,289.2912037743541,8,83,0.0
8235,0.1127979449552233,290.14312391877127,8,113,0.92740995
8236,0.1183767958206114,290.4731497116702,8,72,0.0
8237,0.1222354324879961,290.8397471388288,8,47,3.8378046
8238,0.1237332295569612,290.8544250149203,8,59,0.0
8239,0.118101637950524,290.46517889497073,8,63,1.4623568
8240,0.1185255858939092,290.4958665209072,8,69,3.5116398
8241,0.1230727202573934,290.9319622688861,4,45,2.1657178
8242,0.1127762995073486,290.1453713764421,7,87,3.8742437
8243,0.1152700383500857,290.29971114639494,8,64,0.92740995
8244,0.1188491297905326,290.5143054832729,8,59,0.92740995
8245,0.1226404912846382,290.7568388428123,8,58,1.1234109
8246,0.1210817614722831,290.63610057226424,8,56,2.999318
8247,0.113033342245203,290.16420566304623,8,63,3.8741915
8248,0.1242082251294344,290.88305602252626,8,56,2.2402768
8249,0.1217123551868642,290.6949712954629,8,75,3.7047918
8250,0.1109770929051951,289.411998272108,8,89,0.92740995
8251,0.1120768996418323,289.65170584858333,8,67,3.7047918
8252,0.1252488597955664,291.02597238438733,8,53,2.164607
8253,0.1184795488791884,290.47684040178814,8,69,1.1293687
8254,0.1189689291921222,290.5279007811703,7,54,2.921109
8255,0.1108317096875727,288.55653126017205,8,87,2.1821313
8256,0.1221860369335001,290.8829228277793,4,49,1.4546214
8257,0.1230154939094044,291.1153383831214,4,39,1.4501005
8258,0.1098397957405874,289.122370364237,4,74,1.4740121
8259,0.1127138296115183,290.1488130579445,7,69,2.276491
8260,0.1223368644991909,290.8934865454994,8,47,3.4834054
8261,0.1123197454981512,289.8994832530129,8,67,1.8543341
8262,0.1152679321556647,289.37546226679086,5,70,0.92740995
8263,0.121895819820962,290.8304716601709,8,52,0.92740995
8264,0.1158613644765017,290.33751635154977,7,61,1.1345488
8265,0.1223498369479107,290.71447500806056,8,52,0.0
8266,0.1159196445074743,290.3402169351997,8,106,1.8543341
8267,0.1126017468345065,289.9481353793496,7,65,2.176634
8268,0.1095159536586116,289.5688296485624,8,92,3.7047918
8269,0.1129975647983224,290.1606523577779,7,63,1.4685925
8270,0.1219999752122089,290.69805855894225,8,63,1.4576794
8271,0.1111923222942872,289.1958366179552,8,145,1.8543341
8272,0.1170776734832917,290.4074015586726,8,64,3.8730493
8273,0.1141807093838952,290.22226658276145,7,67,3.7047918
8274,0.1223263130596077,290.8941715120174,8,47,0.0
8275,0.108765994619271,289.3499274294528,8,155,11.385252
8276,0.112501876329555,290.11897213344497,8,86,1.8543341
8277,0.1224355504141273,290.72306857226266,8,51,7.8628397
8278,0.1200227896117839,290.5811587801741,8,57,0.92740995
8279,0.1127258006960131,290.15155829877494,8,69,1.1383961
8280,0.1252115979227271,291.0017163679926,8,52,1.8543341
8281,0.1104520183559009,289.70217528489235,5,65,3.8757594
8282,0.1170391563449212,290.4030604496952,8,62,1.463454
8283,0.1264721509826833,291.09313974075945,8,60,0.92740995
8284,0.1117769162719286,289.5921200142974,8,72,0.0
8285,0.1249047546347951,290.9756830000884,8,49,1.1186141
8286,0.1226778239091024,290.7648891596979,5,58,2.2454681
8287,0.1254355063725793,291.0341037685257,7,52,1.1172607
8288,0.1224531934928882,290.7060197146818,8,48,1.1252338
8289,0.1254588714372046,291.1188760848967,8,45,0.92740995
8290,0.1260463998269981,291.21105709134724,1,42,1.8543341
8291,0.1221498839422807,290.9158685525203,4,47,1.4539608
8292,0.1100006476321915,289.47760957199176,7,74,1.1431491
8293,0.1118851674672843,289.74694035483463,8,74,2.2828815
8294,0.1187925223754068,290.51015894944453,8,61,1.1299628
8295,0.1230509534139665,291.20571227540546,8,38,3.558514
8296,0.1117612358254283,289.98214003650594,8,70,2.4602022
8297,0.1115360014494577,289.42621322968114,8,80,1.1443015
8298,0.1151932988159459,290.2922281235562,8,55,2.4493775
8299,0.1220309339778977,290.8454119211289,8,51,4.3586473
8300,0.1186202626522968,290.4926691799079,8,57,0.92740995
8301,0.1222617027160874,290.8905358191008,8,48,0.0
8302,0.1111431968861196,289.3764550245596,8,103,1.1445101
8303,0.1121433666884886,289.5871132893136,7,73,2.7802885
8304,0.1118895141545053,289.4242161981131,8,71,2.17867
8305,0.1223352426056682,291.1675829916592,8,38,0.92740995
8306,0.1132029410426266,290.1832068740256,8,60,2.2726154
8307,0.1235853296335357,290.8712571914754,8,57,1.454843
8308,0.1121646828974761,289.61134224990326,8,67,1.1431092
8309,0.1222005188259895,290.6739327081656,8,62,0.0
8310,0.1151258289670953,290.2921946421594,4,60,1.4659886
8311,0.1225925771241313,290.84178452999583,4,46,1.1218814
8312,0.1218821493208551,291.12843368370505,5,35,1.8543341
8313,0.124710144008739,291.065263397533,8,47,1.4512519
8314,0.1094748204735722,289.6213140657169,7,104,6.48124
8315,0.1117598640219967,290.10089524644746,8,65,2.9353492
8316,0.1219136923356609,290.93138890178426,4,47,2.1656914
8317,0.1183234806578362,290.46769554140417,8,69,1.1295476
8318,0.1151057134161979,290.2788729249544,7,65,1.1335777
8319,0.1113408759646494,289.3307795973478,8,102,1.4732991
8320,0.1122677697546413,289.92451484997315,8,113,3.0045002
8321,0.1150263035971182,290.28343983580686,7,58,0.0
8322,0.1191106759775866,290.5250775352129,8,61,1.1295056
8323,0.1220858741426432,291.05532435303155,8,37,2.4165213
8324,0.119655901792043,290.5530550942533,8,50,2.4394464
8325,0.1091977160060684,289.11335211437006,7,70,1.4738117
8326,0.1228866617062848,290.7459377878647,8,59,3.8706865
8327,0.1113876336893446,290.0480786650151,8,70,3.5376265
8328,0.1238970692279864,290.8566552344713,8,55,1.4551105
8329,0.1218524392442868,290.8341171875272,4,49,1.4556153
8330,0.1079898370113665,289.09886756346845,7,201,5.87419
8331,0.1175225065634052,290.4351168386672,8,64,3.001145
8332,0.1181051085749319,290.4627683048208,8,60,1.4623184
8333,0.125090160533239,291.09237563029785,8,44,2.1637747
8334,0.109166148646908,289.3051735308632,8,108,7.3670883
8335,0.1249152016077129,291.02870791296124,4,47,1.8543341
8336,0.1124494099060632,290.1253960089327,8,113,4.6273675
8337,0.1108727254120762,289.60209835576046,8,75,1.8543341
8338,0.1189492064568345,290.50494501794543,8,54,0.0
8339,0.1220692367185509,291.1650609989072,5,33,0.92740995
8340,0.1105664661792986,290.01649954236706,8,184,3.5368307
8341,0.1119300597750477,289.9773275438515,8,69,3.0042934
8342,0.1246702069219482,291.0669113082435,8,43,1.1164107
8343,0.1242379824830134,291.19638059145444,4,43,0.0
8344,0.1098232014703571,289.1266285139104,5,77,0.0
8345,0.1118754962527723,289.8347407057716,8,73,1.4703605
8346,0.1120836631793959,289.86032704423536,8,72,1.4702744
8347,0.1183069634953664,290.4736634616334,8,62,2.4426973
8348,0.118919061553389,290.4952117644507,8,52,1.4614424
8349,0.1261660051953728,291.1909547798255,7,44,1.4490528
8350,0.1151288534014248,290.2801908183113,7,63,5.6500874
8351,0.1209792233734411,290.6367061533836,8,53,1.1269519
8352,0.1093969609761156,289.60641593253166,7,94,1.8543341
8353,0.1197262630888403,290.5684553431554,8,66,1.4606493
8354,0.1117481499702355,289.3473352922839,8,73,5.0433517
8355,0.1187387037473722,290.50057598294154,8,56,2.2591007
8356,0.1088242561632739,289.3780280767496,8,120,0.0
8357,0.1092532569806239,289.4265604909317,8,107,3.0054643
8358,0.1245808800720172,291.1629153000958,8,43,0.0
8359,0.1226397302575041,290.97496326613503,7,46,1.4528123
8360,0.1224046857379757,290.77050806844125,6,47,1.8543341
8361,0.1099454249923965,289.1818990489683,8,78,0.92740995
8362,0.1194235719567692,290.52248851539264,8,68,3.507149
8363,0.1178768700685991,290.4566024550413,8,66,0.92740995
8364,0.1098621878436375,289.7042689992508,8,66,3.5944731
8365,0.1088343425052304,289.13878479261825,8,77,1.4735116
8366,0.1158771777038899,290.33206900041205,8,63,3.001798
8367,0.1108367277080693,290.0468994418878,8,197,3.5917356
8368,0.1130083516605924,290.1623316349409,8,63,1.4684888
8369,0.1139893364850111,290.22426592970567,8,87,0.0
8370,0.1075617525037217,288.945382665283,8,153,2.1795168
8371,0.1246934071380896,291.05544455275896,7,47,0.0
8372,0.1225953270554254,290.7556047602177,8,60,2.429539
8373,0.1214221837893087,290.65954021108905,8,55,1.8543341
8374,0.1120259298986963,289.72491059766884,8,69,0.0
8375,0.1253004898436228,291.08335696078467,8,47,0.0
8376,0.123906926182735,290.8595882803445,8,57,1.4548572
8377,0.1161863667728087,290.35662335732763,8,135,2.2667162
8378,0.1136543199803885,290.18501666675127,8,85,3.002289
8379,0.1243874967495306,290.9065126546485,6,55,2.4235148
8380,0.122451071237342,290.70368728745353,8,50,2.249705
8381,0.1146636034624624,290.2510400303593,7,65,0.92740995
8382,0.122042038503961,290.69314719738856,8,53,0.0
8383,0.1143305805525328,290.24619705087565,7,64,2.4523985
8384,0.1229696279173351,291.2262795149097,8,37,1.4479399
8385,0.1215777910144672,290.6485066539448,8,64,3.8486073
8386,0.1131561751216692,290.17737043003297,8,69,1.4676459
8387,0.1263207693902119,291.2212707962791,0,41,4.443167
8388,0.113390783642537,290.1672250504204,8,109,2.7802885
8389,0.1240445924535934,290.88718699814234,8,56,0.92740995
8390,0.1156700897595585,290.3239026280296,8,65,2.927914
8391,0.1092523580496938,289.6143685093719,7,279,4.649485
8392,0.1245174296809824,290.9486641406404,8,50,1.4534265
8393,0.1237524912865997,291.1812794273789,1,38,2.895985
8394,0.1119233965810202,289.961579017939,8,73,2.1764333
8395,0.1093814903695475,289.35702544634,8,67,2.9428246
8396,0.115065396885739,290.28499895595513,7,56,2.4496138
8397,0.1241507162895232,291.1550071509028,8,39,0.92740995
8398,0.1121149099998213,289.98931712851555,6,71,2.4603631
8399,0.1106855990780893,289.94626709734075,7,59,1.4693291
8400,0.1197210491586711,290.55914180735965,8,58,1.8543341
8401,0.1168623281182223,290.38016873311307,8,61,2.444685
8402,0.1256578881824999,291.1965356041332,8,43,0.0
8403,0.1155056409404186,290.30370114653044,8,62,0.92740995
8404,0.1101639276889401,289.77393056284683,7,70,5.154644
8405,0.1189228465938835,290.52244293548495,4,57,2.4413507
8406,0.1264464617391187,291.14643115260515,8,54,1.1146864
8407,0.1078271144483176,289.045557772747,8,211,1.4736491
8408,0.1212897460206261,290.65172264937155,4,60,1.8543341
8409,0.1083175897404485,289.21896291269195,8,174,2.287675
8410,0.1132233139433421,290.1821321750164,8,67,0.92740995
8411,0.1185050912785841,290.4798518958977,8,56,2.2595809
8412,0.1221977297559253,290.91690778372856,4,46,1.4539409
8413,0.1226955261374283,290.8428580084785,8,44,2.2428367
8414,0.1166259766859865,290.38270813884344,8,100,4.616928
8415,0.1218456346986085,290.6643646604424,8,59,2.2506268
8416,0.1104318810408162,289.3153115417183,8,73,3.8766494
8417,0.1223504854601557,290.7633321260053,6,44,2.4304264
8418,0.1146490377867909,290.2517752035516,7,66,0.92740995
8419,0.1259831026977795,291.1489465882132,8,48,0.0
8420,0.1221158817029929,290.8108960885543,7,53,1.1227119
8421,0.1121853080883362,290.04498457061106,5,70,2.4596179
8422,0.1218204957214774,290.91465877078355,8,48,1.4539748
8423,0.1227700133928877,290.72853345752844,8,64,0.0
8424,0.1110694293016863,290.05491601534715,7,64,2.7802885
8425,0.1244773155558179,291.1564677923143,6,41,2.4124792
8426,0.1191636898317972,290.5213480610348,8,55,2.1707952
8427,0.1120734202285319,289.61549852598466,7,69,0.92740995
8428,0.1227313786520182,290.70637690032027,8,58,5.812886
8429,0.125218477761614,290.96785005650776,7,54,1.4529727
8430,0.1276182916401234,291.1836310113366,8,61,3.46423
8431,0.1247246263746372,291.0908756181148,8,44,2.4155457
8432,0.1251815847198232,291.00371253138525,7,51,1.8543341
8433,0.1150447096623205,290.2843278913639,8,61,1.4650602
8434,0.1189924324500035,290.50737003197514,8,67,4.869969
8435,0.1088733012080012,289.4627810104916,8,85,3.0052056
8436,0.1107375187980326,289.5892800599384,4,76,2.2843208
8437,0.1227769732933122,291.0136831086852,8,40,2.9948466
8438,0.1233259735429143,290.93393030240486,8,48,2.165699
8439,0.1124556379986362,290.1413497720217,8,66,1.467743
8440,0.1123044314961329,289.94015896346446,8,117,4.3469377
8441,0.110691954555538,289.50068795709115,8,72,1.8543341
8442,0.1120129209290087,289.7901252838246,8,86,6.324968
8443,0.1098959506219476,289.5330930136516,7,71,0.92740995
8444,0.1222476039513822,290.8898380080413,8,44,2.4244523
8445,0.1245599374004432,291.16347763230056,8,41,2.2271638
8446,0.1196980024843605,290.5753149065409,4,59,1.460661
8447,0.1091165216332845,289.28229490734134,8,101,1.8543341
8448,0.1206095317370189,290.61753926666483,8,62,0.92740995
8449,0.1179892283736301,290.46123820179395,8,65,2.9231238
8450,0.1230450664573015,290.7910383152912,5,58,1.1226153
8451,0.1246012287339752,291.02483861349447,7,45,0.0
8452,0.1137830439865851,290.1993183952494,7,69,1.8543341
8453,0.1242932121383691,290.8880262033582,8,58,1.1204268
8454,0.1122921621907623,290.1193363398223,8,83,2.7802885
8455,0.1230919507801721,290.80784946014694,8,52,3.8396966
8456,0.118417130897907,290.4741319222564,8,71,1.1293801
8457,0.1170228216593989,290.3910560165218,8,66,2.1716542
8458,0.1231049739468191,290.97545794583573,8,46,2.1651525
8459,0.124336875504924,290.89410991861394,8,57,0.0
8460,0.1231642379882442,291.1843524555936,8,41,2.162437
8461,0.1220662108714094,290.7854609496704,7,50,0.92740995
8462,0.1219057565057408,290.74443858219286,8,51,2.9984257
8463,0.1127161879551311,290.15611175412147,7,66,0.0
8464,0.1181552565675027,290.4670277229949,8,60,3.000772
8465,0.1167801966480391,290.38621445532124,8,63,3.0014353
8466,0.1144155121546798,290.25057356825346,8,59,3.5868793
8467,0.1098997077609556,288.8874342575166,8,78,4.76641
8468,0.1172748735789944,290.41359794263644,8,61,3.8729131
8469,0.112062543843711,289.68262164667755,8,68,2.4647975
8470,0.1218630421975594,290.80581631581737,7,47,2.2448962
8471,0.1246818330674144,290.9184065771461,1,55,0.92740995
8472,0.112363628161391,290.1370989552267,7,63,2.1751184
8473,0.1217821827422168,290.68514706173625,8,59,1.4584807
8474,0.1222022279272372,290.8416230213054,8,46,1.4554468
8475,0.1181163034086069,290.4713460920427,8,67,2.443439
8476,0.1244610711190102,291.2158410301012,7,40,2.1621516
8477,0.111331356132529,290.06763222786304,8,178,5.6735625
8478,0.1161398238374739,290.3386792645616,8,56,1.4634837
8479,0.1112931095212745,289.24421749411545,8,110,2.4706774
8480,0.1087909747946352,289.2736706703161,8,142,1.4726695
8481,0.1268912569952821,291.21029372105767,7,54,5.776637
8482,0.1243729498369324,291.1711908006729,8,43,1.1137799
8483,0.1255720005819176,291.23929867708154,4,47,3.3335776
8484,0.1112568820992277,289.64211263384414,8,72,0.0
8485,0.1217774121302813,290.99824378098134,7,44,0.0
8486,0.119978727054915,290.5601595855631,8,65,1.4600055
8487,0.1103767698391369,289.9773410799613,8,190,2.935136
8488,0.126131565894489,291.1731367668997,8,47,2.4122205
8489,0.1087692078086581,289.0879680224375,7,79,1.4737992
8490,0.1269064045747588,291.12228647390407,8,61,2.2296898
8491,0.1256010115104291,291.19882978932907,8,42,2.16247
8492,0.1180159023658635,290.4607435192785,8,61,2.7802885
8493,0.1217630491002881,290.68922669443765,8,58,2.998905
8494,0.1086380124718082,289.05750171862263,8,75,0.92740995
8495,0.1087534547830407,289.35263747942327,8,125,3.894314
8496,0.1218816852217794,290.7873134649254,8,52,2.9980006
8497,0.1080394147447249,289.15981547124585,8,145,8.760998
8498,0.1089695942181748,289.5049431402659,8,92,5.9836335
8499,0.1287365946951651,291.3992893469425,8,56,3.5545273
8500,0.1238047835572791,290.8445614746378,5,59,2.1668086
8501,0.1249906606107511,291.07434363459106,8,48,3.4710305
8502,0.1219083674039142,290.7300441719532,8,51,1.4577488
8503,0.1160543851225086,290.33413477024504,8,68,3.8729353
8504,0.1172831473290623,290.42637129674034,4,58,1.4635402
8505,0.1192445647587796,290.53241423889966,8,68,0.92740995
8506,0.1123111078732993,290.0611831277913,8,69,0.92740995
8507,0.1227210686570358,290.8852357327774,8,44,1.4524413
8508,0.1180337992681257,290.46149951016025,8,62,2.1715965
8509,0.1206848562400279,290.61618452890724,8,54,1.4596727
8510,0.1226189536188724,290.9654638390808,8,43,2.165262
8511,0.1248042925768531,290.96305074875136,8,50,0.0
8512,0.122555593345841,290.84483568305336,5,45,3.4869921
8513,0.1238596288028714,290.8535972989571,5,54,7.8026004
8514,0.1243939596597873,291.0052202340516,5,47,0.0
8515,0.1126953154142226,290.0538073757924,7,62,1.4692924
8516,0.1263945022382193,291.24640443084644,8,43,2.409011
8517,0.1234186159688857,290.8732239917482,8,60,2.9077444
8518,0.110823079401216,289.39430060835,8,76,1.1442053
8519,0.1252757526683295,291.0212930204501,6,51,0.92740995
8520,0.1091390553295209,289.52332752872417,8,139,2.7802885
8521,0.1218670856314967,290.79714377066136,7,49,3.4907458
8522,0.1242145303299265,291.0056391333864,8,47,1.117869
8523,0.1187667639667442,290.51996510837705,7,59,0.0
8524,0.1181687584756897,290.4541838899367,8,58,4.607016
8525,0.1158749580112272,290.3243208284017,8,60,0.0
8526,0.119976720507186,290.574057382313,8,57,3.7047918
8527,0.1222985995690186,290.77327698237707,5,50,0.0
8528,0.1225640732634423,290.6944024629482,8,59,1.4581331
8529,0.1228256400245301,290.7812664166578,8,57,0.92740995
8530,0.1166224532478002,290.38227508422443,8,98,4.616868
8531,0.1249154041181564,290.963606305122,8,52,2.4211383
8532,0.1223082921683849,290.8753247965498,8,48,2.1664517
8533,0.1084231762781781,289.30864224936886,8,148,2.178145
8534,0.1227894172782632,290.9528986829702,8,45,1.1190642
8535,0.120249055681009,290.5744068250655,8,52,2.2552671
8536,0.1230924332645312,291.1877033620565,8,42,0.0
8537,0.1230594412942301,290.7995813769609,8,55,1.4561987
8538,0.1148279628293393,290.2614372424571,7,63,2.1730719
8539,0.1167059196567619,290.3713363568254,8,61,0.92740995
8540,0.11919283082701,290.5311490481847,8,68,2.1700423
8541,0.1202439837003936,290.5837923244327,8,59,0.92740995
8542,0.1218821275108978,290.8011154962612,7,47,4.8488693
8543,0.1085792992594168,289.0901210651335,8,100,1.8543341
8544,0.1119250332193614,290.093930826241,8,66,2.175905
8545,0.1228994763149918,291.2242440651237,8,38,1.44797
8546,0.1218687895548711,290.870250667348,5,47,2.9078808
8547,0.116125323391352,290.340821983241,8,59,2.1726096
8548,0.1114694862149733,289.81245112012766,5,71,0.92740995
8549,0.1220019762730746,290.799492456047,4,50,1.4563104
8550,0.1228696441094868,291.2053531473776,8,38,2.162137
8551,0.1175278640580096,290.2663832179492,2,62,1.4649134
8552,0.1219787292099333,290.7815662500366,7,48,4.6273675
8553,0.1243599563349343,291.0111260496233,8,46,1.1177487
8554,0.1226653854293705,290.7213829340091,8,60,2.1682675
8555,0.1142136338361779,290.2199917663981,8,67,3.0020337
8556,0.1079747581204102,289.087678194062,8,202,4.3517838
8557,0.1253490506032117,290.9829518420886,1,53,1.1183655
8558,0.1120005284720469,290.11449646650993,8,65,2.4577162
8559,0.1233079079547155,290.78729980980006,8,64,1.1230389
8560,0.1256129960876889,291.02728123841985,8,52,1.1173991
8561,0.1239767016252635,290.86628368054903,8,57,1.121238
8562,0.109265967096805,289.4518920644693,8,103,5.0392118
8563,0.1231577234010407,290.78576140731343,8,56,1.8543341
8564,0.1224447586042603,290.70382228656763,8,48,0.92740995
8565,0.1095858588648609,289.179496315229,4,73,0.0
8566,0.1110246271569853,289.55179032046817,8,75,1.1430453
8567,0.1087692616359096,289.42364368218284,8,82,1.4715923
8568,0.1121748131926404,289.58421917985027,7,65,1.8543341
8569,0.1227143073937094,290.7405609317128,8,59,2.2471352
8570,0.1110109950386594,290.0652242806743,8,191,4.546818
8571,0.1093551406184811,289.5594337015123,8,82,1.4711314
8572,0.1206375003097341,290.6065770409297,8,61,2.2541487
8573,0.124702866764458,290.9920720041164,3,50,0.0
8574,0.1084020041158166,289.3046695534244,8,131,2.1781511
8575,0.1184603230688403,290.4922251177948,8,69,1.1304513
8576,0.1082784128513173,289.27244986942577,8,140,2.1782372
8577,0.1253989284682093,291.1242363537218,4,41,0.92740995
8578,0.1109337731167213,289.62138722287835,8,72,1.4713385
8579,0.1125205998547519,290.0184981890621,8,69,1.8543341
8580,0.1218793725650558,290.7646259088982,5,53,1.4570426
8581,0.1218946861936148,290.76568902456563,5,49,1.4570167
8582,0.1218400900738411,290.91862030378974,8,49,0.0
8583,0.1239666125434169,290.8919246645333,8,56,1.1206294
8584,0.1153486983192184,290.3057561110165,4,62,1.8543341
8585,0.1141976408919975,290.2225292772282,8,65,1.1344326
8586,0.1248779231330556,290.97246711031687,8,48,1.1186908
8587,0.1179318552973913,290.454992438218,8,61,3.0008898
8588,0.1110587844594985,289.386146956566,8,90,1.4728407
8589,0.1250026136479461,290.9660674479871,8,53,0.0
8590,0.1269001981333518,291.0964723605881,7,94,2.415579
8591,0.1224613930353723,291.12752540241536,5,40,1.4497958
8592,0.1230959521826949,290.94713836515143,7,46,0.0
8593,0.1127203291028634,289.9713846123719,7,63,0.92740995
8594,0.114741945864825,290.2690980444105,8,62,1.4655614
8595,0.1247998281773719,290.96691001889246,8,52,0.92740995
8596,0.1251411404652934,291.08736031824594,8,46,1.1159723
8597,0.1096257525890712,289.7163104272836,8,222,4.764763
8598,0.1231115723611929,290.75054284006563,8,60,2.1679928
8599,0.1208307571212503,290.59891625892925,8,64,0.92740995
8600,0.1222107202954753,290.859183585835,4,48,2.4259236
8601,0.1180726096875623,290.4633753579251,8,61,2.7802885
8602,0.1118653848695819,289.84056109117,8,74,1.4703237
8603,0.1232610773346719,291.22708571718806,4,40,3.8672411
8604,0.1129855854145041,290.1462603783815,7,74,2.174101
8605,0.1201385677504893,290.4256312315271,4,58,2.441041
8606,0.1162075362426899,290.34964262735446,8,59,1.4640347
8607,0.1255955616432321,291.0077540385987,8,54,1.4522982
8608,0.1224569830498496,290.68864377722656,8,61,1.8543341
8609,0.1189698872159679,290.4982746358493,8,55,3.3853538
8610,0.114216573970535,290.23837446901257,8,75,2.1744938
8611,0.1259026202338924,291.12661742595213,8,47,0.0
8612,0.109075975036139,289.4720375798796,8,101,3.5961988
8613,0.1222067105876478,290.73988642528445,8,49,1.4574602
8614,0.1220326141768604,290.714182574424,2,53,1.4580232
8615,0.1219527240302956,290.8864166312624,7,47,0.0
8616,0.1125319807959024,289.9502624981056,7,63,1.4698718
8617,0.1249385707751544,290.9730528070345,8,49,0.92740995
8618,0.1126820335849891,289.9151721851217,7,65,1.1409055
8619,0.123552670849692,290.8402493527103,7,59,0.0
8620,0.1220785226459102,290.73265314549974,8,55,1.8543341
8621,0.1227913508685177,290.9543004820114,8,46,0.92740995
8622,0.1222227859551447,291.1983177066323,8,35,2.4098146
8623,0.1224407158474647,291.0743598992102,8,41,0.92740995
8624,0.1089497841753337,289.4956224996221,7,97,7.9982886
8625,0.1113515589081065,289.5522904422251,8,94,5.868347
8626,0.1120054262490516,289.49330320412696,8,72,1.4725325
8627,0.1246686356732892,291.08814052423946,8,45,0.0
8628,0.1225900181023771,290.74526934982106,8,56,2.998144
8629,0.1126695236143151,290.0897784079556,8,64,1.1395258
8630,0.1234570871160658,290.8477695132605,8,57,0.0
8631,0.1189502619298765,290.5157719217209,8,61,3.0003793
8632,0.1204935747018746,290.6032317286162,8,54,0.92740995
8633,0.1154756953758066,290.3102688186707,8,58,1.4648355
8634,0.1104905697487421,290.0034492139061,8,198,1.468687
8635,0.1193262207894357,290.538337035926,8,61,0.92740995
8636,0.1086747171116693,289.1089842733708,8,97,5.9961424
8637,0.117056320656425,290.40622205647185,8,65,0.0
8638,0.121848573437186,290.9182283490585,8,47,0.92740995
8639,0.1242424046589518,290.88648401033095,8,57,1.454366
8640,0.1108641441641801,289.6919679243406,5,61,9.263388
8641,0.1204119292244887,290.60831219239253,8,67,0.92740995
8642,0.1174226860972026,290.42583637717235,8,63,0.0
8643,0.1278429059953728,291.15803283854774,8,71,4.3200293
8644,0.1115081379847083,289.7859557884385,8,73,3.5945685
8645,0.1231711256207889,290.83231507093944,8,55,1.1220814
8646,0.1219137600417396,290.7961866261151,6,49,1.4563878
8647,0.1117894169210741,290.07901222182795,8,148,5.318196
8648,0.1246277614867257,291.1604165051612,8,42,0.0
8649,0.1151068028592742,290.29118037920654,8,64,2.9291296
8650,0.1191607923092817,290.53131266171744,8,62,2.4406822
8651,0.1239393495272796,290.8768367769619,8,52,0.92740995
8652,0.1209918587648523,290.6310150163538,8,52,1.4593813
8653,0.1149972254715005,290.27244440597264,8,62,0.92740995
8654,0.1251210665889361,291.0736064515818,8,47,3.471135
8655,0.1207496117423245,290.62044925870623,8,57,2.169695
8656,0.1244680070047763,291.1943770514461,8,45,2.4107385
8657,0.1241216722305514,291.1828748391669,8,44,1.448937
8658,0.1208198629426769,290.634516511781,8,59,7.2597046
8659,0.1075637480605611,288.96454919365465,8,211,9.091423
8660,0.1170951773488876,290.3977823391399,8,56,3.5161011
8661,0.1116227670429949,289.80166196247995,8,75,2.9390206
8662,0.1114351768462803,290.05055799367904,7,130,3.7047918
8663,0.1148281910783435,290.2609950805866,7,67,1.4645901
8664,0.1192276226077475,290.5425050178885,4,51,1.8543341
8665,0.1127106464849526,290.03309911645806,7,63,1.8543341
8666,0.1180571636491371,290.4687235802977,8,75,1.1310401
8667,0.1090626846499536,289.33613213255944,8,123,7.7545724
8668,0.1259689839307766,291.0594871005201,8,52,1.8543341
8669,0.1122707294178827,289.9095249859004,8,82,3.004545
8670,0.1178885937048919,290.4399682171069,5,55,3.8726392
8671,0.1259039327662458,291.1644730802338,8,44,1.4495165
8672,0.1106016849949842,289.9565529644252,7,202,4.34611
8673,0.1119270291894045,289.6130603712943,8,71,1.4717472
8674,0.1226026520706497,291.0577943905039,8,44,1.1163635
8675,0.1236171854191279,290.8200622726585,8,57,0.0
8676,0.1201171241553241,290.58345430968967,8,54,1.8543341
8677,0.1132420726983565,290.1810514143159,8,69,1.467734
8678,0.119027247524419,290.5288392822402,7,57,2.9209502
8679,0.1145145518069012,290.2459237287716,8,65,0.0
8680,0.1136741975760338,290.2087799159148,5,63,1.1357878
8681,0.1227697717987517,290.7108778417575,8,60,2.1685
8682,0.1109187644774598,289.269674514651,8,101,5.0437665
8683,0.1182349507853698,290.47898250854894,8,70,1.8543341
8684,0.126925004635709,291.12525682339816,8,61,2.1634433
8685,0.1199914337190583,290.578381614838,8,59,0.92740995
8686,0.1101408908829029,289.17306111063624,8,79,0.92740995
8687,0.1113370000619852,289.2546421797626,8,97,2.1792479
8688,0.1079445068706901,288.98049609035354,8,127,5.547545
8689,0.115524374458528,289.6981677857333,4,67,1.1419098
8690,0.1211128986103444,290.631995108673,6,53,0.92740995
8691,0.1201774860270393,290.5851291086122,8,58,3.8718157
8692,0.125376906291646,290.9705027618518,8,54,5.976148
8693,0.1231017213635594,291.1822587154496,8,41,2.4108574
8694,0.1106068366498377,289.26825238056426,8,76,2.9448583
8695,0.1155976192041369,290.3209663322508,8,121,3.002226
8696,0.1179033275341608,290.45432429264054,8,63,1.4625758
8697,0.1109913889954603,289.3376595221696,8,108,5.547545
8698,0.1123108883621484,290.1266934906446,8,71,1.4686962
8699,0.1201591107822731,290.5897894520237,8,60,0.92740995
8700,0.1194994918601638,290.5532113764359,8,64,1.4608986
8701,0.117084932416682,290.39754603908773,8,55,0.0
8702,0.1131701083984102,290.1815386158172,7,65,1.1366845
8703,0.1247249682174304,290.9339934610893,8,55,0.0
8704,0.1219439590363972,290.6989538990764,6,59,0.92740995
8705,0.1193832861048309,290.53021643600823,8,56,0.92740995
8706,0.1233423899770037,290.8593203991416,8,55,0.0
8707,0.1110818906006835,290.0285584184595,7,78,4.9043546
8708,0.1223965798110868,290.9231878455385,4,45,2.9057746
8709,0.1177455697549869,290.4496420309172,8,109,3.5820346
8710,0.1168569419240982,290.3800985147859,8,64,1.4632518
8711,0.1235159538828255,290.82929692773564,8,59,1.8543341
8712,0.1216559132256105,290.6780125402926,8,56,1.1260107
8713,0.1252669064523522,290.9873783027821,8,50,0.92740995
8714,0.1247827751350904,290.9838816517168,7,50,0.92740995
8715,0.1092802771381478,289.115206896332,7,70,1.8543341
8716,0.1087105230224095,289.4330759867214,7,84,5.0383816
8717,0.1242388654182216,291.23106125360385,8,40,1.4480302
8718,0.1088424817865561,289.30874074987736,8,118,2.9430106
8719,0.1114133872147184,289.6531492935787,8,74,2.4646795
8720,0.1113654750997686,289.2022228700981,8,99,4.667321
8721,0.1248730375789097,291.07814765660635,8,48,1.1161606
8722,0.1217951272917824,290.938437578554,8,48,0.92740995
8723,0.1219139534120925,290.8162887633491,7,47,1.1225932
8724,0.1237506557642415,291.11570207044747,4,39,0.92740995
8725,0.1207952949290133,290.63582954969473,8,71,0.92740995
8726,0.1223147647836675,290.7229763597038,8,55,1.4577516
8727,0.1233922559613475,290.79040776417577,8,59,1.8543341
8728,0.1229101057408351,291.05181091119124,3,43,2.9008
8729,0.110184182455643,289.9356826175143,8,211,6.503125
8730,0.1223779405748413,290.79979052311046,4,47,1.4562618
8731,0.1239694083088546,290.8655837432128,5,54,2.1664612
8732,0.1095992214560435,289.70534563382483,8,235,3.7047918
8733,0.1170561326982178,290.4092223790747,8,57,2.925381
8734,0.1178875593074128,290.4635560484724,7,60,0.0
8735,0.1105762148547251,290.00824736693585,8,173,2.1757526
8736,0.1200702536363157,290.57388932136456,8,53,0.92740995
8737,0.1096723437943899,289.13005075172543,4,76,1.4738963
8738,0.121915032394376,290.87525835368547,7,49,6.2337337
8739,0.1166993018874937,290.380067618285,8,63,3.394158
8740,0.1216874807495722,290.66376176899195,8,50,0.92740995
8741,0.1098141606024821,289.48390253932047,7,75,1.8543341
8742,0.1188719659515926,290.4989816210561,8,57,1.1297647
8743,0.1239156157896866,290.9159392936327,8,56,0.92740995
8744,0.1177244487874617,290.4347670316149,8,71,3.5107815
8745,0.1090392673709105,289.516171300555,7,79,2.4642594
8746,0.1089784845006479,289.4061359270498,8,164,0.0
8747,0.1185582633602068,290.5017121053811,2,54,2.4423654
8748,0.1219128192821065,290.837757235635,8,51,1.8543341
8749,0.1233026754494638,290.78343885885994,7,58,1.1232285
8750,0.1210027271102121,290.6095112029712,8,61,1.4595416
8751,0.1111618428540365,289.46438645442873,8,90,3.0056946
8752,0.1289204305376834,291.2640592119397,8,70,3.4592679
8753,0.1139080109429589,290.22205353261427,8,67,1.4665889
8754,0.1174773338073224,290.4315808489931,8,65,1.1317914
8755,0.1221570700649328,290.7764225418268,4,52,2.2463381
8756,0.1100725234527673,289.8546957030038,7,198,2.9371195
8757,0.1253256882771128,291.0881016521567,8,46,1.450884
8758,0.1085327850342534,289.3209103410202,8,125,11.490183
8759,0.1119974997675966,290.08016632532394,8,79,2.2727325
8760,0.1227747375227644,290.720245071929,8,59,0.0
8761,0.1186506796978943,290.49987711474466,8,62,0.0
8762,0.119272804601618,290.52920083781385,8,69,1.4602745
8763,0.1213814831490663,290.6506052087383,8,56,1.4590148
8764,0.1168407958380641,290.15279321962754,7,70,1.8543341
8765,0.1259203052310135,291.11038908618974,8,52,1.4505169
8766,0.1078864773256537,289.0493321133721,8,196,2.9454198
8767,0.1212849082867327,291.43778746241594,3,28,0.0
8768,0.1279870986507943,291.1637398708513,8,85,2.9946582
8769,0.1274797722968521,291.22528053405176,8,61,6.5583644
8770,0.1090518478037803,289.3379649698033,8,141,0.0
8771,0.1188440801844285,290.5083765316268,8,59,0.0
8772,0.1234126050744526,290.8005686136396,8,62,1.4560698
8773,0.1187089923161921,290.48294155702735,8,54,1.4616308
8774,0.1135752061642166,290.2026984562808,8,65,1.1368837
8775,0.1220222457520802,291.0888993548122,8,40,0.92740995
8776,0.1258511902594631,291.11207798164605,8,50,2.2300723
8777,0.120719013733281,290.6194959925529,8,55,1.1273255
8778,0.1082804074181991,289.00900880452696,8,86,2.4713042
8779,0.1196808806781211,290.5607596999787,8,59,0.92740995
8780,0.1117451555140705,290.0907195421593,8,124,0.92740995
8781,0.1260412912151991,291.12228291106453,8,49,2.2296104
8782,0.1230150719715122,290.7522595290257,8,55,2.1679194
8783,0.1192349007448761,290.5335812976616,8,60,2.4404855
8784,0.1166300150675132,290.3842014685116,5,59,1.1332303
8785,0.1223632031159506,291.1364699407047,8,38,1.1143191
8786,0.1188157796762979,290.50483147494214,8,56,1.1298866
8787,0.1156576337854066,290.3097165806672,8,62,0.92740995
8788,0.1112970403689139,290.0779890033758,8,62,4.6402736
8789,0.1145911363718831,290.26113667435897,5,62,1.4659284
8790,0.1264857508574918,291.06878647420643,7,74,3.8234174
8791,0.1257327312371844,291.06408766583667,8,49,1.1165704
8792,0.1113911279248393,289.9284266266126,8,70,1.4696417
8793,0.1207476521362953,290.62023055828047,8,53,1.4596057
8794,0.1124998769175173,290.139080870307,8,67,3.5910103
8795,0.1108112710995932,288.562943280652,8,87,1.4779973
8796,0.109406287079963,289.62060853492926,7,142,5.0364037
8797,0.1103254325462213,289.486617774905,8,72,2.4661782
8798,0.1258908386021441,291.06816148953885,8,52,1.1164724
8799,0.1196587353149435,290.55142875222054,8,54,1.1287758
8800,0.1219658820315091,290.8866939528716,8,48,0.92740995
8801,0.1231105249778692,290.8380683593459,8,55,0.0
8802,0.110724335485495,289.7239285460605,4,70,1.8543341
8803,0.1222683323452715,290.9312070724865,1,45,2.1657045
8804,0.1160488282242877,290.3488883954928,4,61,2.2674196
8805,0.1204909698215755,290.6151194486353,6,62,1.4588404
8806,0.1221055579097829,291.02445381074085,5,42,0.92740995
8807,0.118526457483805,290.2782769556376,7,61,0.0
8808,0.1164567509405107,290.3714877296485,8,70,2.9264994
8809,0.124925243009136,291.0984334522198,2,41,2.1636853
8810,0.1196332774134959,290.5531834624997,8,66,3.3794527
8811,0.1175287399006449,290.4383137585148,8,60,0.92740995
8812,0.1138025067727273,290.2055971264159,8,60,0.92740995
8813,0.1155903303679981,290.30883414198127,8,61,2.1727903
8814,0.1100761173177665,289.78353436902376,7,72,0.92740995
8815,0.1206189661409133,290.6127831642047,8,55,1.459737
8816,0.1116411677082799,289.9890734961785,8,69,1.4693598
8817,0.1081890312610282,288.98542513023,7,109,5.3478184
8818,0.1148710952346368,290.2682600505076,8,63,1.1340803
8819,0.1275072237291682,291.1680532323154,8,64,3.560475
8820,0.1152914659300064,290.29845687191613,8,58,3.8696718
8821,0.1253530210736072,291.0444412603792,8,49,1.4516932
8822,0.1134443911052638,290.1566722894781,4,64,2.1757731
8823,0.1126440794658461,289.96396690131246,7,64,1.1405056
8824,0.1249114107524154,290.9694496906004,8,51,1.4530092
8825,0.1121782181810834,289.6514216218091,7,68,1.1427939
8826,0.1190985199025618,290.52924245031414,8,63,3.509276
8827,0.1091556087410279,289.475077648961,8,110,2.2846553
8828,0.1100944210992535,289.59061648776515,7,72,2.177526
8829,0.1160805942209455,290.3507864859048,8,62,2.173229
8830,0.1246752098637441,290.98321123680364,1,49,2.1651244
8831,0.1257842647342704,291.1252967887984,8,49,2.4142728
8832,0.1176910729040087,290.4343593924847,8,59,4.380384
8833,0.1164297111036934,290.3569575904832,8,58,0.0
8834,0.1142350837226203,290.23283435612825,8,70,2.9289737
8835,0.1220734514645911,291.05730344794443,7,41,2.4164276
8836,0.1221185357587254,290.72360695427074,7,50,0.92740995
8837,0.1220509329016507,290.7869493148651,8,51,1.1233476
8838,0.1216850999486938,290.70242107458,8,52,2.4335902
8839,0.1223965274248803,290.9148826901477,7,45,0.92740995
8840,0.1149538420106243,290.269114845632,8,59,2.9271433
8841,0.1102120828220721,289.36400938180515,8,76,2.2873788
8842,0.1137642898364086,290.20582266747584,1,62,2.2751179
8843,0.1259050777286836,291.1450058076637,8,47,1.1146755
8844,0.123132855976174,290.9528837413122,8,45,1.8543341
8845,0.1157252698416515,290.3281956894864,8,74,2.9281292
8846,0.1210609529711708,290.6120810150192,8,66,2.1695228
8847,0.1145881498341362,290.26086942340964,8,68,1.8543341
8848,0.1247672963481255,290.9589464836487,5,51,1.119002
8849,0.1125550337409521,289.9607244418239,7,66,6.3200197
8850,0.1082019898312741,289.00248855986945,8,93,2.946257
8851,0.1208673418564416,290.64101325146265,8,73,0.92740995
8852,0.1116979208283146,289.40468876110674,8,75,1.4729716
8853,0.1264612628888151,291.2525812867131,8,42,0.0
8854,0.1238295113342354,290.84808313688114,8,59,2.1667838
8855,0.1117573898951727,289.35980682268246,8,73,0.92740995
8856,0.1219157787904837,290.68015566062,8,53,2.168949
8857,0.1170144514499755,290.3998294645484,8,61,1.4634212
8858,0.1104188093326822,289.9933635821104,8,202,3.0039353
8859,0.1131821184949203,290.1784068173132,8,70,0.92740995
8860,0.1199518544218768,290.5818658665005,8,71,1.4604003
8861,0.1115198345733978,289.82262872691183,8,74,0.92740995
8862,0.1219757601697624,290.7873348197239,4,46,0.92740995
8863,0.1249374989199191,290.97782217904523,8,49,1.4528713
8864,0.1147776045014793,290.27071971727975,3,63,1.1361111
8865,0.1218852064124644,290.8431132464818,8,46,1.4554298
8866,0.1239654337936321,290.8922214438453,8,54,1.120622
8867,0.1179278028038212,290.45955544774665,8,66,0.92740995
8868,0.1226374695013848,290.83841289075906,8,44,2.166933
8869,0.1104645897626337,289.79326648398586,7,66,4.914744
8870,0.1147078933505736,290.25288623377594,7,63,5.020623
8871,0.1113943388646949,290.08334084913014,8,63,2.9353673
8872,0.124522299290058,291.1553601825405,7,44,2.4125454
8873,0.1185856596380332,290.49669530021924,8,59,2.1712248
8874,0.1219113110485428,290.8141265982836,7,52,0.92740995
8875,0.1256197000971436,291.0282258052297,8,51,1.451959
8876,0.1078821622594131,289.0081046372101,8,145,6.464861
8877,0.1245091783436852,291.1767435288651,8,41,2.2264893
8878,0.1108321664349147,289.72497146473194,6,69,0.0
8879,0.1116599060506812,290.0970089353028,7,67,0.92740995
8880,0.1246731568972788,291.0730654202521,8,48,2.4163406
8881,0.1205901479544454,290.6122784286521,5,62,0.0
8882,0.1202254073839008,290.572338246238,8,56,1.4602276
8883,0.1226159365133782,290.8401707831265,8,48,0.92740995
8884,0.1128918759269401,290.0948853993801,5,63,0.92740995
8885,0.1088356422516678,289.2833890039966,8,135,2.2873228
8886,0.1193069286578199,290.5401070606671,8,61,2.1707063
8887,0.1119212423603619,289.9972977621688,8,72,0.0
8888,0.1252197557488046,290.9828240633195,8,52,2.2359378
8889,0.1200501685340141,290.5548876785455,8,61,2.1702428
8890,0.1164945096872835,290.3623629052791,8,55,1.1325368
8891,0.1190251908531899,290.51790202617974,8,61,2.4409916
8892,0.1206485922160337,290.5949228622142,8,69,2.9171505
8893,0.1120553476405063,290.0827846025237,8,63,3.5299628
8894,0.12534346727227,291.0292236515332,8,50,0.92740995
8895,0.1121891895548193,289.93700130096767,8,79,0.92740995
8896,0.1088175543417828,288.3590832614716,8,83,1.4784737
8897,0.1242815744740858,290.9136682467105,4,52,1.4540654
8898,0.1129967381970633,290.1175949821176,5,64,1.139435
8899,0.1097331200955868,289.62074609692405,8,82,3.4221556
8900,0.118577395493134,290.5062661975007,6,59,1.8543341
8901,0.1088480218206327,289.3330687553618,8,125,7.9556947
8902,0.1129405771736504,290.1553554208424,8,72,2.453256
8903,0.125557283039343,291.13336434763914,8,46,2.8982627
8904,0.1260473240433167,291.1535207552968,8,48,0.0
8905,0.1097934302467175,289.6617112668842,7,71,0.0
8906,0.1230211377859137,290.79042002794233,8,56,3.490735
8907,0.1126986113109305,290.12694970804574,7,126,4.6283717
8908,0.1127487690825886,290.10349699283137,7,63,0.0
8909,0.1095398466777833,289.1614716607884,4,74,2.9453511
8910,0.1078740382785094,289.0041213851575,8,134,2.1793728
8911,0.1233049415691418,290.8253768973667,8,59,4.327971
8912,0.1242544631907674,290.88671279751907,8,59,2.240115
8913,0.1247732681487241,291.0796027506352,8,43,0.92740995
8914,0.1201745098661694,290.5925405116207,5,61,2.4357572
8915,0.1105666382984674,289.6243455558973,5,73,1.1422639
8916,0.1229922819807807,290.76871520737245,8,56,0.92740995
8917,0.1118095270759543,289.4588543170195,8,71,2.1784997
8918,0.1220129200050554,291.01216547763624,7,45,2.2340796
8919,0.1093954147933614,289.67987769482346,8,246,4.647615
8920,0.1112584555047222,290.0634656590781,8,63,1.4688184
8921,0.1224283796771394,290.71733497750864,8,48,2.9986033
8922,0.1222692322816201,290.73279235362986,5,57,1.4569793
8923,0.1146679014241769,290.26539243248044,8,70,5.149685
8924,0.1218056599536605,290.6776044887507,8,52,3.848253
8925,0.1256995264930386,291.10260600896515,8,47,2.163689
8926,0.1093135257878218,289.4031710979026,8,98,1.8543341
8927,0.1257865728632581,291.0839970715345,8,49,3.8225267
8928,0.1105894233159971,289.04993855660456,8,86,1.4747812
8929,0.1226528671597134,290.9750089486637,8,46,3.8287294
8930,0.1183080480941253,290.4703711125693,8,72,4.508609
8931,0.125030824529171,291.0620523416676,5,47,4.3221498
8932,0.1218700937711819,290.907546843917,8,46,2.2395122
8933,0.1218680960873198,290.93834527913623,8,47,1.453497
8934,0.1079059836458948,289.0056744061916,8,142,7.3311954
8935,0.1190299691088213,290.53134077007223,8,56,3.5797484
8936,0.1151187435600892,290.276536462199,8,60,3.0016453
8937,0.1220528902967947,290.80058285001985,7,50,2.428763
8938,0.1234347109873226,290.8422852676036,8,59,1.455387
8939,0.1103950406141375,289.9820207264773,8,219,2.2775917
8940,0.1085303583771121,289.1983269221714,8,165,3.552836
8941,0.1229160261766127,291.10520333983135,4,43,2.4143927
8942,0.1142278843491516,290.2318594429199,8,64,0.0
8943,0.1247658376661939,291.0591096562802,7,44,0.0
8944,0.1121155788956412,289.8333047661607,8,89,2.4626195
8945,0.1257667688079466,291.218981164361,1,38,1.1128409
8946,0.1134076020091203,290.1944640897379,7,64,3.8742836
8947,0.1186882994771847,290.49900692147605,8,62,1.4617428
8948,0.1221034423074113,290.87385142328776,4,48,2.4252214
8949,0.1196292502042298,290.5464996672408,8,55,0.0
8950,0.1222477402254891,290.7244144302416,5,50,0.92740995
8951,0.1245361106984124,290.91206151468737,8,56,0.0
8952,0.1213181290048117,290.6543540793158,8,55,2.9161224
8953,0.1083384423514876,289.01323317030307,8,95,0.0
8954,0.1249259267399943,290.946437000675,4,54,1.1191852
8955,0.1182654255892896,290.4803193421842,8,69,1.4622533
8956,0.1122009237650718,290.129293944563,8,76,3.00333
8957,0.1098790084025288,289.08528079002866,8,77,2.179574
8958,0.1126974845411741,290.1474297160328,8,71,0.0
8959,0.1123054567078401,289.7688659809943,8,64,1.4709153
8960,0.1219946941471847,290.84875917069746,7,53,5.265255
8961,0.1096482584577351,289.71747470487566,8,256,2.9384062
8962,0.1125840476869391,289.9826950486965,7,66,2.7802885
8963,0.1116094190484686,290.0703273740553,8,156,3.5898316
8964,0.1234344645717131,291.0204602411802,8,48,1.4519898
8965,0.12473049998472,290.9975696834246,4,49,1.8543341
8966,0.1197556105007113,290.54939961549485,8,65,2.1700501
8967,0.1245439303316702,290.9591918541761,5,51,1.4532319
8968,0.1096542225261759,289.62133738819483,8,72,2.4636853
8969,0.1081851517698991,288.9989448430987,7,101,7.0865493
8970,0.1221401173653602,290.7711041187059,5,49,3.4925704
8971,0.1230135899651974,290.9441056211763,8,47,2.4219563
8972,0.1232765170392073,290.83114619708,8,57,3.8700898
8973,0.12255266846276,290.7473361781932,8,46,2.242482
8974,0.1153859664986218,290.0949108048023,1,66,1.8543341
8975,0.1227634228567727,290.8438709459704,4,45,2.1668603
8976,0.1090831128860238,289.22486147347445,8,79,2.1787732
8977,0.1240890910897897,291.0336492953922,8,44,0.0
8978,0.1122986764567682,289.9731891499647,8,97,3.8753717
8979,0.1180198454700045,290.462012630749,8,62,1.4624662
8980,0.1164446144123425,290.3631121120799,8,59,2.1725333
8981,0.1283329446806353,291.23603246750554,8,62,2.2246997
8982,0.1231433167970295,290.771718006614,8,58,1.1235263
8983,0.1169097220940104,290.38268554456977,8,61,2.172035
8984,0.110460234745807,289.7909985436469,7,68,1.4701606
8985,0.1163554544734022,290.35124736315834,8,60,3.0012965
8986,0.1220221342237944,290.8281780412809,8,52,0.92740995
8987,0.1116670190655273,290.0962563684242,7,66,3.536592
8988,0.1187320263371611,290.5066082304821,8,55,3.000501
8989,0.1082541908103004,289.1802964512547,8,203,7.932096
8990,0.1221187136894282,290.844693620634,7,46,2.4266267
8991,0.1233165566495133,291.1083217392396,1,40,1.8543341
8992,0.1210680552129959,290.63067163647423,8,53,1.4593434
8993,0.1098569726234003,289.7572938072764,7,83,8.144129
8994,0.1222215089352179,290.9027739571453,7,47,7.2717004
8995,0.1120813786893913,289.5604481376256,7,70,2.1781387
8996,0.1197311642129998,290.5664811487684,8,63,2.1703985
8997,0.1207258874065678,290.6185750784223,8,53,0.92740995
8998,0.1196891298687419,290.55891598462483,8,66,1.4597515
8999,0.1221041080404804,290.8820836003838,2,47,2.4248266
9000,0.1195552357668012,290.5322226425512,8,65,2.1703236
9001,0.1140031212833697,290.2276208225357,8,59,1.4662478
9002,0.1087616971624329,289.449584051579,7,102,1.4713725
9003,0.1090594625601061,289.40394605210366,8,137,6.5634956
9004,0.1107819139776745,290.0162940706814,8,158,2.9347587
9005,0.1219023025673904,290.65999180059964,8,65,0.0
9006,0.1226225947125648,290.8410106578009,7,50,2.9974518
9007,0.117598174211451,290.44354018121777,7,55,2.1720312
9008,0.1183146368692731,290.4597190621188,8,66,2.7802885
9009,0.125243394636048,291.0255242126721,8,53,2.4185722
9010,0.1088453212481509,289.3169046851033,8,117,1.47243
9011,0.1103477148542396,289.8866741512982,8,78,2.1764002
9012,0.1257030726324348,291.0203845097832,8,52,1.4520823
9013,0.1203011051473446,290.57833086635645,8,53,1.4601487
9014,0.1254014779421529,291.1145210206295,8,42,1.4503946
9015,0.1230033917915504,290.8227593103164,8,53,2.9976108
9016,0.1182548898376765,290.46188782789727,8,69,1.4615071
9017,0.1182070235109224,290.4767357368185,8,66,0.92740995
9018,0.1203271351176522,290.60594397597185,8,62,1.1264658
9019,0.1232835554381825,290.7753680832266,8,60,0.92740995
9020,0.1226813734760845,290.83759730712427,7,45,1.1219814
9021,0.1219585975200878,291.07900150648953,8,42,1.1157297
9022,0.1234430443233787,290.79509748054846,8,64,1.4562273
9023,0.1249238296543656,290.97932052519684,8,50,1.1185336
9024,0.1220481399875261,290.7999206799118,7,50,1.4562961
9025,0.1228438906109035,291.0385971621983,4,43,2.9013016
9026,0.1259165321778092,291.1829692896909,8,45,0.0
9027,0.1213391259256184,291.32095202672946,8,35,2.4050136
9028,0.1242013140873729,290.8830670242463,8,58,0.92740995
9029,0.1161232099963632,290.3480049726643,8,63,2.4478917
9030,0.1222008246324607,291.18574814126043,5,37,2.1623302
9031,0.1100164238122858,289.88691131520704,7,161,7.2982006
9032,0.1118567821180121,289.78040198096545,4,72,4.3480496
9033,0.1210448016364083,290.6511676759084,8,70,0.0
9034,0.1254119519738527,291.0507829658188,8,52,1.1168826
9035,0.1120982251200679,289.63279522925814,7,67,4.9220467
9036,0.1115441335011106,289.3383061717949,8,81,1.1450242
9037,0.1188077600943765,290.51760635725293,4,57,1.4616867
9038,0.1248536024335655,290.9726148598251,8,51,1.4529727
9039,0.1222771987567585,290.92874818177586,3,45,2.2384477
9040,0.1240770063350592,290.9101265993985,8,53,1.4541249
9041,0.1220719978171956,290.78763266916263,7,53,2.997984
9042,0.1126643861690853,289.90697609662493,7,64,0.92740995
9043,0.112939091719998,290.1627269454673,8,70,1.1382979
9044,0.1181861669747419,290.4762875978431,8,71,1.462351
9045,0.1270077717466625,291.11109766476847,8,78,2.9950786
9046,0.1228074322725981,290.7587523717133,8,57,2.2461371
9047,0.1187804990020525,290.510139374327,8,60,2.171092
9048,0.122601156422395,291.3924977328508,1,32,1.1089525
9049,0.1121036809509173,290.1240993496188,8,119,2.1750877
9050,0.1218550872500406,290.8035608257408,7,52,1.4562416
9051,0.110017292163087,289.7245650930868,8,69,1.4704099
9052,0.1187934693141551,290.4999871842439,8,69,6.4866037
9053,0.1219923567071938,290.84084153752576,8,51,1.1219406
9054,0.1188216498286621,290.5075496495045,8,61,1.4616102
9055,0.1223874613347457,290.75744169937616,8,49,1.8543341
9056,0.1184262891147022,290.48085312419715,8,60,2.1713004
9057,0.1255710379754985,291.0311266062916,8,51,2.7802885
9058,0.1206760983802364,290.59019837340435,8,63,0.92740995
9059,0.1193334225775489,290.53248419961176,8,54,3.5082994
9060,0.1195144440143768,290.5433165349036,8,54,0.92740995
9061,0.1123695744316682,289.73164986857654,7,66,0.0
9062,0.1110696523390808,289.38826503339834,8,95,5.341831
9063,0.1128493812615778,290.1162592538105,7,62,1.1393877
9064,0.1220605985916493,290.68159735532936,8,50,2.2506795
9065,0.118873141463055,290.5004810808109,8,69,4.600444
9066,0.1242545758643867,290.89035505732096,7,59,0.0
9067,0.1195826131552538,290.55652572081686,8,63,1.4608105
9068,0.124995254379684,290.963838599314,8,52,1.4530797
9069,0.1159996344171324,290.3311258475626,8,72,0.0
9070,0.1235809278991438,290.8329801170074,8,58,0.92740995
9071,0.1223326297692028,290.76868661103475,7,48,0.92740995
9072,0.1175477741300328,290.4294184042028,8,61,1.4628601
9073,0.1223168766008055,290.73658980422226,5,57,0.0
9074,0.1148386434274705,290.2735911961232,8,57,0.92740995
9075,0.1224490820265058,290.9531783389551,4,47,0.92740995
9076,0.122318364377791,290.8916746056907,8,46,2.7802885
9077,0.1104692743640596,289.94368539993644,7,210,2.936545
9078,0.1073446425687757,288.92559862033147,8,232,12.2114525
9079,0.1225378442385024,291.14473796978234,8,39,2.1628964
9080,0.1243529871801087,291.03117302167664,7,46,2.4181762
9081,0.1225466520877172,290.75727598169954,8,47,1.4570541
9082,0.1132594498626796,290.1838801198879,8,69,2.1749814
9083,0.1129640311260733,290.1693933638828,8,61,0.0
9084,0.1123525576925568,290.1184594781309,8,70,1.1391869
9085,0.1210160430134747,290.63707096677496,0,60,0.0
9086,0.1232849175861981,290.7722101413934,8,59,1.4566661
9087,0.1157072980795365,290.3268490456983,8,62,2.9280694
9088,0.1124505207536558,290.13595792599807,8,67,1.4684339
9089,0.1227925758569717,290.74575189572346,8,58,0.0
9090,0.1087577951594952,289.1275421918878,8,100,5.8748336
9091,0.109590264093926,289.43771082736737,6,66,0.0
9092,0.123023008712973,290.9633954597819,4,48,2.236778
9093,0.1218080866069158,290.6867462035898,8,59,2.1689236
9094,0.1122391672923659,289.9352329264586,8,91,1.4698688
9095,0.1117016175703738,290.09910815580383,7,68,2.175695
9096,0.1220894858655137,290.7847410586993,8,51,0.92740995
9097,0.1220024000969621,290.74214825552644,4,47,1.8543341
9098,0.1116506077719101,289.8985778013265,8,72,3.5412054
9099,0.1190854312579461,290.5243792610073,7,61,2.2582026
9100,0.1094824964848307,289.6671022153725,7,236,0.92740995
9101,0.1116652182580034,289.3950186927591,8,70,1.1446224
9102,0.1215041852532709,291.44498620293666,1,30,1.4446144
9103,0.1107427649264598,289.1329645702535,8,139,2.1796079
9104,0.1123528763858919,289.7350102865178,7,69,1.1422002
9105,0.1119254392207069,289.6139279594856,8,71,1.1429734
9106,0.1255457646603298,291.0058607052112,8,52,0.92740995
9107,0.115434110067804,290.3060373640991,8,61,4.5268054
9108,0.1250600781016036,290.9867600240717,8,49,1.4527054
9109,0.120135006840382,290.5883928887557,8,60,2.1701112
9110,0.1183259367568769,290.47282867610977,8,57,1.4620702
9111,0.1104814455688385,289.79875116993946,7,66,1.1408896
9112,0.1226820314801367,290.6973137214728,8,58,1.8543341
9113,0.1096758139436949,289.7786348974308,8,259,10.636931
9114,0.1117916978479876,289.94080902980306,8,72,0.92740995
9115,0.1185221652028412,290.4839895421391,8,57,0.92740995
9116,0.1248010071393239,290.9933145859452,3,48,2.1650038
9117,0.1101353095211565,289.5371716747314,8,75,8.221375
9118,0.1228564129089943,290.7260412934722,8,59,0.92740995
9119,0.1227727397082223,290.9476854136306,8,46,0.0
9120,0.1127212522023041,289.9636831537256,8,65,1.1405371
9121,0.1229865386463317,290.73524013357354,8,62,1.4573565
9122,0.1213619565455437,290.65798847991965,8,52,4.861538
9123,0.1142319405008754,290.23917868416873,8,78,0.0
9124,0.1186387967447293,290.50530552698586,8,59,1.1302222
9125,0.1096140025742287,289.24329300085765,6,73,0.92740995
9126,0.1260909283675599,291.1595423807058,8,44,0.92740995
9127,0.1146899225538876,290.25211217478113,7,61,2.927424
9128,0.1234353423232723,290.8204265757115,8,60,2.4275773
9129,0.1219575614079112,290.84923095081524,8,51,3.486736
9130,0.1197366063026384,290.5354144557328,8,63,2.4393342
9131,0.1254586393301741,291.1191611626908,8,44,1.4503142
9132,0.1277699247778572,291.1567334837681,8,80,6.20497
9133,0.1204545829337621,290.6081559612013,8,59,0.92740995
9134,0.1136486581297055,290.18997739403403,7,72,2.1737645
9135,0.1184658906142815,290.4923152186992,8,67,0.92740995
9136,0.1103433672201039,289.9738225825696,8,195,2.2767973
9137,0.1162100529463877,290.3427161920372,7,59,2.7802885
9138,0.1223575846206664,290.7555710651368,4,48,2.7802885
9139,0.1169683704953545,290.3883037493862,8,66,6.733059
9140,0.1227893311165417,290.8488026732027,5,42,3.8291788
9141,0.1196898645325276,290.562212471215,8,62,2.17043
9142,0.1087813797511861,289.1704385889648,8,84,2.469404
9143,0.1245373468534874,290.95814394814045,5,50,2.165432
9144,0.1213060937299731,290.6212159628828,8,65,1.1268651
9145,0.1225817459833605,290.8442191892543,5,48,0.0
9146,0.1274315664820973,291.20395682778144,8,57,2.162529
9147,0.1234238540737928,291.0779239836177,7,45,1.4508756
9148,0.1119769570692922,289.72694396610945,8,69,2.7802885
9149,0.1156610260300422,290.3120702994556,8,59,0.92740995
9150,0.1094791251938949,289.194714524183,7,73,2.7802885
9151,0.1225303278840037,290.9414908658906,4,47,1.1193355
9152,0.1228270120470315,291.05387040033213,4,42,1.4512798
9153,0.1209794363837637,290.6189188458487,8,61,1.8543341
9154,0.1260342776351189,291.10027781521126,8,49,2.2306356
9155,0.1232124194566345,290.79063174182653,8,56,2.167382
9156,0.1241005634891101,290.9055606409429,4,54,2.2397473
9157,0.1162786149854042,290.36101078583823,8,69,2.172927
9158,0.1206901360097361,290.5977377921216,8,49,1.4597952
9159,0.1255168611691889,291.14781963311816,8,46,1.114546
9160,0.1232260473173658,290.9586609160315,6,45,2.9044726
9161,0.1166248544141885,290.3844235799577,4,58,1.4642435
9162,0.1138494268199016,290.20604819010214,8,67,1.1350842
9163,0.1252486260787447,291.0034298038448,8,56,5.2525373
9164,0.1081605585171435,289.17155900412075,8,148,4.3511333
9165,0.1254386187121016,291.05165867054427,8,49,1.1168609
9166,0.1200241164451436,290.5862638941405,8,64,1.4603213
9167,0.1245044266873578,291.1626850357641,4,41,2.4122007
9168,0.1219013512744387,290.80182295031136,8,47,0.0
9169,0.1180838689043174,290.46803402832074,8,64,1.1309559
9170,0.1137991977420753,290.21610221832134,5,63,1.4665768
9171,0.1163609378514403,290.36232385611333,6,62,1.1330914
9172,0.1086738652461058,289.36504052489414,7,112,2.46623
9173,0.1135594963392097,290.179092424794,8,85,0.92740995
9174,0.1194155801975137,290.5359322336018,8,54,0.0
9175,0.1099245212565622,289.42902203758484,4,72,1.1434928
9176,0.1220558472462028,290.693947769364,8,54,2.9988306
9177,0.112159708210458,289.74850924808976,8,67,3.5452478
9178,0.1087262056987365,289.2313700923309,8,145,8.652445
9179,0.1110178021858324,290.0406494517131,8,177,6.3111596
9180,0.1184707190226515,290.4883318256753,8,62,1.4619876
9181,0.108899120367412,289.461092713148,8,82,2.4649596
9182,0.1252912573646619,291.054271517998,8,50,1.4515144
9183,0.1260461044591807,291.09816212969395,5,51,1.4507365
9184,0.1241635824230102,290.88604357994166,8,54,1.4544709
9185,0.112396845881014,289.8488371392646,7,66,2.4626195
9186,0.1219907603277324,290.66113253031324,8,60,1.1260859
9187,0.122125983778054,290.7351809221727,8,50,1.1246685
9188,0.1127005407959275,290.13549360023467,8,124,1.466604
9189,0.1185168837064879,290.5009537383855,4,59,0.92740995
9190,0.1257016375329805,291.0671937672298,8,48,1.4512826
9191,0.1232277105652987,291.2042429277065,8,38,0.92740995
9192,0.1199571712609906,290.58286594316144,8,63,1.4603915
9193,0.1119919782665154,289.7777667636415,8,76,5.3327403
9194,0.1109304157464017,290.0200380824329,8,83,3.8747923
9195,0.1083798178408586,289.2998223246192,8,127,3.0055885
9196,0.1081481388155037,289.22126988259384,8,196,9.793205
9197,0.1114328081424977,289.86954242774675,7,70,2.4615633
9198,0.1223155421001257,290.77156124502903,7,51,1.1236902
9199,0.1164248079433719,290.3709954672098,8,127,3.5845082
9200,0.1193088787327232,290.54862309913784,7,56,2.9203281
9201,0.1224350791194421,290.9546573663024,3,45,2.4213815
9202,0.1219123233255531,290.88205323623833,7,47,1.8543341
9203,0.1165556800882333,290.37417690922086,8,63,1.1328795
9204,0.1120996528155878,289.57732160441617,7,67,1.8543341
9205,0.1106180078015283,289.8396474953192,7,71,0.0
9206,0.1075750636644127,288.96465394619554,8,195,3.60027
9207,0.1255000843876546,291.0720198556559,8,49,0.0
9208,0.1132477014518649,290.1857339943912,8,65,1.8543341
9209,0.109500307166834,289.4963558164049,8,79,4.349258
9210,0.1207907996179879,290.62172744915705,8,52,1.1272501
9211,0.123126958569752,290.7611223180664,8,61,2.4300478
9212,0.1247244935822523,291.0903056015917,8,44,1.8543341
9213,0.124228886423949,290.8876174892373,8,55,0.92740995
9214,0.1170052464931342,290.38987979761043,8,65,3.0009
9215,0.1109512797743642,289.72766592738367,4,68,1.1416316
9216,0.1218858120558804,290.8869348768433,7,48,2.4245884
9217,0.122217703101553,291.07474835279777,1,39,1.4508061
9218,0.1112951905949121,289.2581743049303,8,135,4.9317856
9219,0.1092425202035831,288.8634050250866,7,79,1.4754015
9220,0.1233035617875729,290.8211697094249,8,58,0.92740995
9221,0.1120814303235074,289.62220774399447,7,68,1.1429814
9222,0.1090924783892566,289.15756592535536,4,71,3.554564
9223,0.1222189673173983,290.74274329409553,8,49,1.4574026
9224,0.1076112502186751,289.02691428145334,8,162,3.0062659
9225,0.1243574849961832,291.02360448653764,7,45,0.0
9226,0.1093452731520646,289.6083436087634,8,106,5.66237
9227,0.1218925173525149,290.7326065783279,8,46,2.2487998
9228,0.1256358541491281,291.0296204989804,8,52,2.418344
9229,0.1093794187309321,289.5326108805285,8,113,7.163616
9230,0.1184528213046993,290.49124613203367,8,66,0.0
9231,0.1127261993614217,290.05487602923995,7,63,2.936661
9232,0.1099034626772702,289.54252469541206,7,68,1.4714499
9233,0.1131585536254289,290.1806134939927,8,65,2.9321156
9234,0.1220432185225309,290.6974675331901,8,55,0.92740995
9235,0.1156547598763131,289.72019441303587,4,68,2.4633322
9236,0.1237396399038589,291.13446310950945,4,57,25.239498
9237,0.115630936952553,290.3226419137149,8,73,1.8543341
9238,0.1250617657547342,290.9472873354126,8,56,0.0
9239,0.1251195937870983,290.95649821643843,8,55,1.4531586
9240,0.1181464181026405,290.4691689175165,8,62,0.0
9241,0.1225544165293094,290.97093115405664,4,45,0.92740995
9242,0.1130754514402377,290.1657652903375,8,61,1.1387577
9243,0.1255263877685583,291.0666966742676,8,51,1.1165123
9244,0.1247148251620221,291.08840063411105,8,46,2.163797
9245,0.1255853956646362,291.0905597730171,8,46,1.1159542
9246,0.1252797114445374,291.0912944230428,8,48,0.92740995
9247,0.1124841279974686,290.11758108698984,8,75,0.0
9248,0.1272120590190457,291.1601186775065,8,60,3.8181012
9249,0.1264788599556452,291.19668813552465,8,46,2.1625714
9250,0.1126807649066301,290.1474437200574,8,72,3.5356045
9251,0.1088300659332351,289.15377693883096,8,89,4.6637597
9252,0.1194735313474795,290.53571724222644,8,67,4.5977106
9253,0.1146459976087296,290.2627973084524,8,58,4.7633357
9254,0.1223215268395305,290.7614494087126,7,51,2.9121513
9255,0.1222302014193833,290.8685682893775,6,48,1.1212085
9256,0.1202915255122595,290.5867825227343,8,65,1.4594542
9257,0.124122332906738,290.9129992390901,5,53,2.1659834
9258,0.1223502335416365,290.71553764216844,8,52,0.0
9259,0.1253008395306264,291.05417430994265,8,48,0.92740995
9260,0.1230567295004103,291.1292695452088,5,39,2.2283857
9261,0.1139696967209494,290.2255678559343,8,64,2.174093
9262,0.125161431324514,291.0901987264077,8,46,2.2309608
9263,0.1246216184353672,290.9224954480144,8,53,0.92740995
9264,0.1088567915186646,288.95012319141154,7,72,2.7802885
9265,0.110193612936165,289.9663010989383,8,197,3.882827
9266,0.1172146194896631,290.4200859769068,7,59,1.1323676
9267,0.1073385197994739,288.9192873068173,8,185,3.0065506
9268,0.1227775097389263,290.94238739173875,8,46,2.9050527
9269,0.1212595316721689,290.63192251344515,8,51,1.1268238
9270,0.1138927075047627,290.2210579029548,8,66,1.1364152
9271,0.1103982283563638,289.98481761733365,8,180,1.138923
9272,0.114395056396361,290.24918390420754,8,57,1.1352706
9273,0.1222521376462305,290.9427207866711,4,48,0.92740995
9274,0.1117700666145632,290.0931962255873,7,176,1.4677066
9275,0.1077141714493064,289.0100051289744,8,215,4.3522553
9276,0.1122568631397511,290.10804441188736,8,141,2.932073
9277,0.1211687940770444,290.6479830396169,8,53,3.5010848
9278,0.1122071370667573,289.63779336316423,7,68,1.4716976
9279,0.1184465862850035,290.4913221043131,8,69,1.4620554
9280,0.1172249626946012,290.40254856075444,8,65,0.0
9281,0.1214033851377095,290.66618871854706,8,61,2.4349017
9282,0.1198483683788284,290.5691872609376,8,60,2.7802885
9283,0.1120648750499305,290.121868226136,7,74,4.764009
9284,0.1261051004212703,291.2475068783944,8,42,0.0
9285,0.1256748612304416,291.23159769691864,8,40,2.1620636
9286,0.1105186086314679,289.32701397020315,5,71,0.0
9287,0.1228986127757554,290.72623800232327,8,60,2.9984424
9288,0.1199782611508052,290.56994558681697,8,64,2.436907
9289,0.1128186153736225,290.0937050558384,7,62,0.92740995
9290,0.1262571364965289,291.18314372734187,8,46,1.44921
9291,0.1211859118422709,290.64681769019376,8,53,1.8543341
9292,0.1224808768453458,291.0242946360792,7,43,0.92740995
9293,0.1240564487004231,290.8754115187825,5,54,2.7802885
9294,0.1086655252460142,289.34992412091003,8,103,4.4084883
9295,0.1183552881690181,290.48020437117344,8,71,1.1289124
9296,0.123007457338285,290.8318608582794,8,53,2.1670058
9297,0.1131035765520351,290.17478410939145,8,66,2.9333441
9298,0.1238710214733723,290.90971366832923,8,55,1.1201949
9299,0.1198483647013452,290.57383448221435,8,65,0.92740995
9300,0.1129837617854451,290.1711450956044,8,61,3.4074163
9301,0.125301945122363,290.9669479171499,8,59,1.1186908
9302,0.1258898669996858,291.0794335753152,8,49,0.0
9303,0.1186807101427484,290.48511106848747,8,70,2.1707675
9304,0.1118164421815785,290.1086569411711,8,144,1.4678676
9305,0.1135811938530689,290.20412134207004,8,65,4.6273675
9306,0.1218727172607465,290.81605222133106,8,51,2.4280498
9307,0.1127552849336412,290.0739320760655,7,62,1.4691883
9308,0.1238381631281745,291.19048935012574,4,36,0.0
9309,0.1244334396099242,291.0727699440207,4,44,0.0
9310,0.1218481826579188,290.840755416585,4,48,1.1219517
9311,0.1204191314407895,290.6084128776042,8,65,0.0
9312,0.1081031984326892,289.05141337181453,8,117,2.2902434
9313,0.1175076992779678,290.4316131761401,8,63,0.92740995
9314,0.1186288952457169,290.49195789048235,7,64,2.170497
9315,0.1219994702836014,291.19968842970934,8,35,1.4483184
9316,0.1187495210331724,290.5070162099582,8,65,0.92740995
9317,0.1218402053716615,290.8371236696004,5,50,0.92740995
9318,0.1220132166345427,290.9260157534114,5,48,0.92740995
9319,0.1144680329288832,290.25340871067533,8,74,4.535651
9320,0.1236281853572167,290.8214428421074,8,58,2.167096
9321,0.1125872513529706,289.9531919231076,7,66,0.92740995
9322,0.1237935836361061,291.14623633959707,4,42,0.92740995
9323,0.1218712954346262,290.8144340219508,8,49,1.1226488
9324,0.108701917519111,289.391679269173,8,98,3.7047918
9325,0.1218736007623283,290.9364584088279,8,48,1.4535366
9326,0.1219239532824282,290.7658061985394,8,50,0.0
9327,0.1217161058322583,290.6955324186102,8,76,6.5605087
9328,0.1159321842755893,290.3418074546936,4,62,1.4650751
9329,0.1177104110370737,290.43865756549286,5,58,0.0
9330,0.1111429413008151,289.4303906204013,8,86,1.8543341
9331,0.1197193226200107,290.5528088998372,8,51,5.701038
9332,0.1105300841133072,289.2556936001088,8,73,2.944958
9333,0.1205077271450728,290.61454424894816,8,61,1.4597982
9334,0.1173623267070505,290.41377976721674,8,70,6.814163
9335,0.1090029736116999,289.40207159309364,8,151,5.3380866
9336,0.1173631707020112,290.42057768786685,8,73,0.92740995
9337,0.1122544490891927,290.13222893933016,7,68,2.2740529
9338,0.124762222944325,291.0600943302794,7,44,1.1165885
9339,0.1224477796139416,290.69312883150803,8,57,0.92740995
9340,0.1225026765904436,291.2006254568852,8,37,1.4483732
9341,0.121900069683687,290.7923364646536,7,51,2.245602
9342,0.1226682077697212,290.97533979138325,8,46,1.4528095
9343,0.1231085634051617,290.76508407373615,8,61,1.8543341
9344,0.121907503462693,290.85474767650066,8,50,1.4551932
9345,0.1116195178591256,289.3854889138448,8,76,2.4688463
9346,0.122159489065864,290.8972124482844,7,46,2.9969163
9347,0.1237298444915974,291.1342611705182,5,42,3.5608969
9348,0.1203647751608851,290.6018510300746,8,59,0.0
9349,0.1115983249521864,289.67506456432955,7,74,0.0
9350,0.1082679478906409,289.08761184820906,7,153,3.5549705
9351,0.1105013360453492,289.66540416717703,8,71,2.1773176
9352,0.1223157689621925,290.6827880269517,8,59,0.92740995
9353,0.1121441919278978,290.1114965499489,8,69,1.1391631
9354,0.1128094167128929,289.9891418135444,7,60,6.848686
9355,0.1189998883476162,290.5236500203697,8,67,4.376745
9356,0.124625509673831,291.1626512617205,8,41,1.4493895
9357,0.1184397001319689,290.4907311923325,8,66,2.2600765
9358,0.1084061426269783,289.3155490985337,8,164,2.7802885
9359,0.1132000265024437,290.1779018129468,8,71,2.9337928
9360,0.1231561319981589,290.94220338822845,7,47,2.1655872
9361,0.1203880614332549,290.6038056954951,8,59,0.92740995
9362,0.1149698629265758,290.272080465622,8,63,1.1338327
9363,0.1148098483897045,290.27366309081805,8,72,7.9497557
9364,0.1222646101001981,290.8063002935676,4,49,1.4561442
9365,0.1254215699425348,291.01951774697227,8,50,1.4521188
9366,0.1219599327007503,290.6887959690616,8,54,0.92740995
9367,0.1124168305206857,289.7747104370747,7,66,1.4709184
9368,0.1222996148505897,291.10119883903,8,42,1.450292
9369,0.1243471470689187,290.890061995158,8,56,1.1203532
9370,0.1216065128719179,290.6403076691011,8,62,1.4590148
9371,0.1199384467177804,290.5657500783753,8,55,2.91904
9372,0.1244404464719038,291.18215275904055,8,42,1.1135216
9373,0.1248923287333408,290.949840972226,8,54,1.1191338
9374,0.1223270853805897,290.8893253915255,6,49,2.1662648
9375,0.1095856898598214,289.55517247377963,8,94,6.5633373
9376,0.1218185468101462,290.93077284564475,8,46,1.4536468
9377,0.1112130228783562,289.35198454598026,8,110,1.4731151
9378,0.1081072743489577,289.13355408159583,8,166,5.6630154
9379,0.1125332186759719,290.1446172184316,7,70,2.2732244
9380,0.1164104078154056,290.36644453557506,8,65,4.8860426
9381,0.1108881070584325,290.0225989364056,7,161,1.4682419
9382,0.1183321256325187,290.47322575378786,8,56,2.17135
9383,0.1241687567739786,291.1583431391747,8,43,0.92740995
9384,0.1255017140791498,291.1195643243112,8,46,2.2296247
9385,0.1219574899703164,290.79469494698776,4,49,1.4564136
9386,0.1158700206489448,290.33808971533176,4,61,1.4652401
9387,0.1198419970171932,290.5509410447044,8,55,2.170357
9388,0.1121913899063269,289.7242783913539,8,67,0.0
9389,0.1221154063658559,290.7288010723299,7,52,2.4321713
9390,0.1254338159216576,291.0726760152861,8,50,1.1163672
9391,0.1095590156942205,289.5511060627574,8,97,7.163457
9392,0.1244053054191007,290.90739017196904,8,55,1.1201177
9393,0.1178037174979564,290.4521104003939,8,65,1.1313695
9394,0.1220759127562511,290.7164132223909,8,50,4.856833
9395,0.1193012665150151,290.5328891248624,8,58,2.2576096
9396,0.1092722017439836,289.4763954381417,8,113,6.5083895
9397,0.1259209866955053,291.23100061229684,4,45,3.8132854
9398,0.1187367645856626,290.48434893886406,8,54,3.5102975
9399,0.1204382600215063,291.43792235516787,4,33,1.4445767
9400,0.1116678133984453,289.3327598701373,8,73,0.92740995
9401,0.122043425877421,290.71607441754367,5,52,1.1251963
9402,0.1120630696409687,289.56412589404266,7,67,1.4721068
9403,0.1256475343702592,291.0271533099624,8,52,2.2339487
9404,0.1252507369698779,291.0875403672964,8,49,0.0
9405,0.1188889939679517,290.4992868570904,8,67,1.4609045
9406,0.1251490747036489,291.0405235068598,8,47,1.4517576
9407,0.119020337203679,290.5308447855157,7,56,2.9209855
9408,0.1193765662998868,290.5372445282572,8,57,1.8543341
9409,0.1202204634099244,290.59552671986444,8,62,1.4601195
9410,0.1256034523477272,291.2180852224701,8,40,2.4100323
9411,0.1168301407992933,290.3840282972986,7,55,1.4634391
9412,0.1105635259266389,289.3027095230058,8,73,2.944391
9413,0.1112455983654591,289.7971782454292,8,71,2.1769514
9414,0.1254413958047424,291.02200418004475,8,51,1.1175301
9415,0.1123000895626773,289.7036357870197,7,65,2.2839546
9416,0.1192030141803731,290.53525756433834,8,63,0.0
9417,0.1121119880744741,289.7057259922026,8,67,3.5461667
9418,0.1260781083326861,291.1854979945408,8,45,1.8543341
9419,0.1149544628388687,290.2790239698408,7,55,2.4498715
9420,0.1126664305096353,289.9210915846935,7,63,1.4700961
9421,0.1280322622368727,291.20807801627745,8,61,4.3188777
9422,0.1121406448004057,290.10877762015286,8,84,4.90104
9423,0.1211952499452613,290.64994773118576,6,60,0.92740995
9424,0.1228186212279752,290.7631269066967,8,54,3.3679097
9425,0.1253464734888897,291.1398925763841,6,41,1.1147116
9426,0.1247565097690452,290.9271907582041,8,55,1.1195849
9427,0.1227082334973549,290.912426413048,7,47,1.4540457
9428,0.1259800244286832,291.2237814557148,8,41,4.537692
9429,0.1222998301297628,290.8930463960924,7,45,2.9069676
9430,0.1221220887230338,290.99408833961826,5,40,2.2329824
9431,0.1218382670931878,290.86011565305364,7,47,1.1214375
9432,0.122080446489227,290.8832070293706,7,43,1.4538957
9433,0.1219388191280861,290.895663626462,7,49,0.0
9434,0.1269785025346557,291.1049290495927,8,97,7.816607
9435,0.1170387275757158,290.4006204185146,8,63,0.92740995
9436,0.1079639077353748,289.10335919282284,8,150,10.342501
9437,0.1111531993743146,289.2845063520592,8,125,0.92740995
9438,0.1086562285565623,289.1359032049257,8,104,4.35178
9439,0.1192914865964302,290.5271353552742,8,65,3.3813772
9440,0.1126577668131273,289.9909225365449,7,65,1.4696631
9441,0.1261483195954637,291.14724377904463,8,46,2.2284503
9442,0.112282011622194,290.1118377755349,8,135,2.4544468
9443,0.111666915397893,289.39082988158566,8,73,1.4730495
9444,0.1102157466533943,289.10848010066275,8,74,2.2914996
9445,0.1229038359068133,290.7330551775505,8,59,0.92740995
9446,0.10995616693805,289.1874292131781,8,77,1.1454344
9447,0.1225163546765299,290.7301028591137,8,50,3.3704894
9448,0.1222184352271475,290.699353676103,8,52,1.8543341
9449,0.1101372648194,289.9034219258751,8,188,4.764472
9450,0.122212145117691,291.1418971645997,8,36,1.8543341
9451,0.1123340768861594,289.9138994912063,8,69,1.8543341
9452,0.109644085808761,289.7054355779993,7,197,1.141068
9453,0.1204536018069252,290.6124777102708,8,61,3.871682
9454,0.1120899544364011,289.7406627741019,8,66,1.142037
9455,0.1103594778501052,289.9820572382058,8,190,1.4686321
9456,0.1218008946757086,290.9331711457638,8,48,0.92740995
9457,0.1263620943993489,291.1940218444844,8,45,1.1135539
9458,0.1166347490745478,290.38287276020753,8,110,7.28243
9459,0.1182144420198294,290.47174310691446,8,61,2.922575
9460,0.1224173546262075,290.9894790137634,1,43,0.92740995
9461,0.1218121713226198,290.91478090526056,8,47,1.4539721
9462,0.1176605846473686,290.4427796057796,8,64,1.4628868
9463,0.1198622786171274,290.5743942509565,8,65,2.919116
9464,0.1225749740862233,290.7134831281727,8,60,2.248568
9465,0.1102262618964051,289.1939574189806,8,73,2.2901227
9466,0.12522948736715,291.17715629772187,4,42,0.92740995
9467,0.1103761755529605,289.5345110534928,5,74,1.4716666
9468,0.1195805957986681,290.5510916362561,8,62,0.92740995
9469,0.1226719183226381,290.760017836172,8,57,2.7802885
9470,0.1203223461419024,290.5675571052167,8,64,0.92740995
9471,0.1242762722842375,290.892693605162,8,54,2.4240105
9472,0.1187825772494453,290.4872569196824,8,56,1.461566
9473,0.1097182772604725,289.3943174914792,7,73,0.0
9474,0.1118795680885368,289.8560614594164,8,74,2.176854
9475,0.1080716677897115,289.15284526384403,8,148,6.5112143
9476,0.1188497347796612,290.5075180005406,8,59,1.1298447
9477,0.1259520854120269,291.1141869847053,8,49,1.1154116
9478,0.1154829515340774,290.3141292288299,4,63,3.4014633
9479,0.1168019044884677,290.38262942670804,8,55,0.92740995
9480,0.1127318431942779,290.11446328983874,8,63,1.1393602
9481,0.119920684181024,290.5800234136754,8,69,1.1283736
9482,0.1224713360901205,290.752866044816,8,50,1.1241192
9483,0.1142447225140834,290.24011068054887,8,74,0.0
9484,0.1110504400118082,289.9483657876916,7,65,3.0042472
9485,0.1121932139585439,289.7731230473504,8,67,1.4708474
9486,0.1257645834580385,291.1071696770674,8,50,2.8992822
9487,0.1247543195854518,291.0142330780339,1,50,1.4522169
9488,0.1230495521358631,291.0758359663273,2,41,1.1159686
9489,0.1228970149035434,290.88690662968736,5,46,0.92740995
9490,0.1173812628121906,290.4160174418842,8,54,1.4629432
9491,0.1213494015070368,290.6465026234831,8,56,2.43543
9492,0.1231922981432293,291.2253324355797,8,34,0.92740995
9493,0.1220487411314399,290.729898942628,0,51,2.4321713
9494,0.1205124145520402,290.60217547998985,8,53,2.2544281
9495,0.1089027495305482,289.22350100893465,8,105,8.952709
9496,0.1219006516180441,290.93068087802413,4,47,2.1657007
9497,0.1223459851585939,290.8843420302777,8,46,1.454593
9498,0.1219272132525954,290.83908203094325,8,52,0.92740995
9499,0.122158409288381,290.75757074553485,5,52,2.1680315
9500,0.1242221222836207,290.8832850841442,8,58,2.9069223
9501,0.109254315163228,289.37068254082584,8,94,2.942564
9502,0.1230015678296616,290.74544201618266,8,61,1.4571779
9503,0.1079379196235175,289.06476640568,8,182,3.8992589
9504,0.111382460643735,289.5609167514641,8,87,2.285373
9505,0.1084748744186983,289.3079125760891,8,196,4.3501
9506,0.1230161206796699,290.7877573112347,1,57,2.997752
9507,0.1154684541415886,290.31188955802764,8,64,1.8543341
9508,0.1127638487632659,290.13525965784606,8,112,2.2713761
9509,0.112440190565532,289.76450585941626,7,65,0.0
9510,0.125940587430899,291.1959503869403,2,43,2.1625364
9511,0.1187797187558646,290.4871637210554,8,56,0.0
9512,0.1129417779302691,290.1587339546521,8,66,2.1757011
9513,0.1266308316947315,291.2159102815175,8,44,1.4486426
9514,0.1120296199795641,290.0937587473985,8,136,2.2733338
9515,0.1081519526304774,289.14696571686227,8,183,7.8949075
9516,0.1109398489293314,289.59865340901405,8,74,0.92740995
9517,0.1238771500236869,291.13227037397115,5,41,1.114672
9518,0.1210007116177864,290.6314649694996,8,54,1.1269972
9519,0.120259728969759,290.5958559359817,8,60,1.1279229
9520,0.1169297076210155,290.3870371782522,4,50,2.4455006
9521,0.1181235055421695,290.47038516135814,8,65,3.861227
9522,0.1179960709768113,290.4704192210321,8,59,1.4626734
9523,0.1195861920961035,290.55133266410235,8,60,1.4608135
9524,0.1157706137145544,290.31689916337945,7,75,4.3382354
9525,0.1170416800452267,290.4006017789258,8,62,1.1321677
9526,0.1238019032261494,290.93177936921427,8,55,1.4537119
9527,0.1224296333864045,290.7484165407688,8,61,2.9980521
9528,0.1115719638276621,289.21883588919604,8,80,1.4741062
9529,0.1245450631861764,291.0629719689026,8,44,2.2321339
9530,0.1261959468072923,291.1655475879397,5,45,2.4125786
9531,0.1201980615401229,290.5939344898429,8,65,4.76171
9532,0.1197874857409962,290.56508002085934,8,61,0.0
9533,0.1252120370333395,291.076541139931,8,46,1.8543341
9534,0.1240515795682723,290.8712107963406,4,58,0.0
9535,0.1219222019052178,290.7911061173,7,50,4.361968
9536,0.126627363474664,291.250697579068,8,43,1.8543341
9537,0.1075574877158935,288.94588219982205,8,175,2.946395
9538,0.1093386742842547,289.4151645547011,8,85,1.4720169
9539,0.1115739555173917,289.44580118952547,8,77,1.4726633
9540,0.1247090768769325,291.06425674238824,8,45,1.8543341
9541,0.1210004551643124,290.6314809375785,8,53,0.0
9542,0.1157234390999043,290.3282721185641,8,81,0.92740995
9543,0.1108377110393194,289.4111843249066,8,76,4.3506184
9544,0.1236705538394052,290.8604955741213,8,58,2.166633
9545,0.1213348283607699,290.6225233483663,8,62,1.1268803
9546,0.1090757895646663,289.5185019856693,8,83,1.4711561
9547,0.1161635581079757,290.3442776407167,8,56,1.4639541
9548,0.1127051598042042,290.0450201733348,7,63,0.92740995
9549,0.1223221637068266,290.88807645439016,5,46,2.4245408
9550,0.1221624398990027,290.7294662015522,5,50,0.92740995
9551,0.1218607784625912,290.95773211719154,8,43,0.0
9552,0.1179092605688813,290.4498824977103,8,61,0.0
9553,0.1226984137022685,290.7058368862128,8,60,0.0
9554,0.123017373317411,290.7636745836596,8,60,1.4568557
9555,0.1218988772520963,290.6616594949624,8,66,2.1689625
9556,0.1262867287242286,291.1578684355329,8,45,1.4496741
9557,0.118085681513526,290.4697389028019,8,68,2.1716125
9558,0.1189445445255311,290.5100306615177,8,55,2.1709454
9559,0.1234504323283495,291.08406916556,8,42,2.1637616
9560,0.1259930207361539,291.1285965462212,8,49,1.1150758
9561,0.1147199637369857,290.26784509707767,8,59,1.8543341
9562,0.1079047972500661,288.99571327054286,8,135,6.001073
9563,0.1199414229666526,290.5465185646693,8,68,1.8543341
9564,0.1227417083604363,290.8463468618765,7,43,0.0
9565,0.1120984110651949,289.89684638366947,8,74,1.470056
9566,0.1245614829707699,290.9224458882941,1,52,2.9057407
9567,0.119118790332239,290.5962010367826,7,69,0.92740995
9568,0.109364428658619,289.56658721730537,7,79,3.8906877
9569,0.1221679261145159,290.66905874879484,8,59,0.92740995
9570,0.1256286461128741,291.1211916803965,8,46,0.92740995
9571,0.1217720320506865,290.6942118779156,8,54,3.3736496
9572,0.1252375331543196,291.075670305615,8,46,0.0
9573,0.1172880419088322,290.42286506335404,8,63,2.2634518
9574,0.1102008728571519,289.7887166957893,7,69,2.4617686
9575,0.1234886552106867,290.8400797637908,8,60,1.1218777
9576,0.1207716317977279,290.6433248904578,7,58,0.0
9577,0.113224241953527,290.1843965171965,8,57,4.393007
9578,0.1259698177255203,291.23532242214566,8,42,1.4481949
9579,0.1222010772882759,290.6878061718745,8,47,2.1688282
9580,0.1100847175441528,289.3268482726703,4,70,2.943725
9581,0.108043430214997,289.10875566327155,8,191,4.6273675
9582,0.1235446542223212,290.8549530112324,6,57,0.0
9583,0.1121690120050027,289.7814313373389,8,64,0.92740995
9584,0.1152152963480155,290.2851845962151,7,61,1.1334425
9585,0.1105196892718246,289.8211589240141,7,68,1.4700038
9586,0.1190095079110651,290.52993188016666,7,55,1.1296922
9587,0.1219730595137194,290.7742210312439,8,48,0.0
9588,0.1230394404429348,291.08935082205005,1,40,1.8543341
9589,0.1181225594181607,290.45508195342427,8,70,2.441421
9590,0.1219394815755455,290.7672882175188,8,49,0.92740995
9591,0.1240225936005424,290.87175937855545,5,54,0.92740995
9592,0.1137162469234326,290.2077649386853,8,92,2.1749446
9593,0.1101802736969225,289.7615400524593,7,75,4.6478314
9594,0.1163559583295177,290.3543330608667,8,71,3.3904946
9595,0.1167480564953947,290.3852869389283,7,64,3.3943422
9596,0.1262771776984653,291.07632015772515,8,72,0.92740995
9597,0.1216127816123008,290.6977404701185,8,53,1.458385
9598,0.124340775196406,291.02395956005466,7,46,0.92740995
9599,0.1083674865267355,289.28342019325424,8,189,5.774273
9600,0.1217637778833733,290.68379629443336,8,59,0.0
9601,0.1229670803090393,291.21444632000515,8,38,0.92740995
9602,0.1123915110825709,290.13323762319254,8,67,2.1756291
9603,0.1140650206933107,290.2291728533897,8,77,2.1746283
9604,0.1121854961754261,289.82599013339745,8,68,0.0
9605,0.1190492094189711,290.52189406931416,8,62,2.2583015
9606,0.1134748126701961,290.1918382807724,8,85,7.9159074
9607,0.1147301615397065,290.26838188288184,8,59,1.4655614
9608,0.1224656993684163,290.6894157005181,8,62,2.250132
9609,0.111796796112175,290.09996308118326,8,148,1.8543341
9610,0.112499485748243,290.13395219745985,8,70,1.1391199
9611,0.1230824783946225,291.1545554409036,4,38,1.4493481
9612,0.1082868927900421,289.06805711180283,8,110,2.290163
9613,0.1174316486883692,290.43161118056975,8,65,2.263045
9614,0.1253064361972261,291.174848271064,8,42,3.8166075
9615,0.1264048561813534,291.2076121493632,8,44,1.1132312
9616,0.1110107835449283,290.030534892789,7,106,1.4681323
9617,0.1183743695482145,290.4913222368854,7,58,0.0
9618,0.116274117570507,290.35992604488445,8,67,7.7007794
9619,0.1257459035907064,291.07896661236066,8,49,2.2316122
9620,0.1219405147240126,290.6909690417584,8,56,3.4981678
9621,0.1144035305041087,290.2329844606456,8,61,3.5852282
9622,0.1117100160391289,290.0394366110776,5,68,2.278198
9623,0.1252162438132482,290.95863428775743,8,57,1.1188666
9624,0.120916897875334,290.6287402514743,8,52,1.4594395
9625,0.1110752663295076,289.78781604743205,5,69,3.8883078
9626,0.1121182599985445,289.7379312362257,8,66,1.1420689
9627,0.1116820607840246,289.8010124476311,8,72,4.764869
9628,0.109126220648982,289.142545547641,4,77,5.78251
9629,0.1127128573108804,290.13598782159875,8,126,3.875461
9630,0.1201530565511351,290.6445097288097,7,68,2.914201
9631,0.1238563242845097,290.9145319791097,7,51,2.239299
9632,0.1156400148096708,290.32372749402634,8,60,1.1347078
9633,0.1249510834128318,290.9752900835765,8,49,0.92740995
9634,0.1106311618338048,289.4277048922743,8,71,2.2867787
9635,0.113524560777502,290.2000380610095,4,62,1.4670122
9636,0.1121870402861711,290.03463365342174,8,71,0.92740995
9637,0.1192025147151972,290.51019128595163,8,55,2.1707575
9638,0.1123586124807964,289.70080197835614,7,68,1.4713571
9639,0.1103007223336887,289.9356439237564,8,159,4.6273675
9640,0.1240988236477361,291.0087422242854,8,45,0.92740995
9641,0.1138427066297228,290.2035121891871,7,67,0.0
9642,0.1108991628836366,289.4164065510596,7,90,2.178443
9643,0.119425566676345,290.526314906742,8,64,2.7802885
9644,0.1232980708477232,291.2053050074331,8,37,0.0
9645,0.1131616716190594,290.18107800094043,7,61,0.92740995
9646,0.1205856857105774,290.62034935984286,8,61,1.1274276
9647,0.1279947606744247,291.1989999536352,8,65,3.7047918
9648,0.1092794691331988,289.4990019947628,8,122,5.547545
9649,0.1096721458576323,289.6862575959464,8,76,8.40011
9650,0.1088346468347267,289.3462800402631,8,116,1.4722466
9651,0.1185269335884545,290.50022341382754,7,56,2.4424572
9652,0.1220769400459627,290.8552079449965,7,49,2.908483
9653,0.1221910476432364,290.85354063333523,8,49,0.92740995
9654,0.1241947738373787,290.87994495637304,8,59,1.4544369
9655,0.1175969004119376,290.4462755725032,4,59,1.1319141
9656,0.1239366915374663,290.89754408502404,8,57,0.92740995
9657,0.1097119970208193,289.69974120762976,8,76,5.547545
9658,0.1097673607451791,289.5883405627574,8,68,6.5633082
9659,0.1220868672582518,290.8576663524853,7,47,1.4551276
9660,0.1185846082696596,290.4964914575035,8,63,2.442154
9661,0.1159153793910197,290.33993386398765,8,97,4.387015
9662,0.1121314751618025,290.1208443969311,8,67,0.0
9663,0.123088342121954,290.7721441243897,8,59,0.0
9664,0.1187130696765179,290.51067666045617,7,56,2.1711636
9665,0.114805303158236,290.26411353313847,8,63,4.889764
9666,0.1227507987072318,290.72020107691213,8,62,1.124631
9667,0.1155859333348714,290.3116898490964,4,56,3.0018096
9668,0.1165332493427906,290.3728864755693,8,63,4.338993
9669,0.1076580503319699,289.0030193535407,8,185,2.179267
9670,0.1218787580116204,290.81196448778434,8,51,1.456067
9671,0.1254984061763733,291.10087772980324,8,45,1.8543341
9672,0.1187353465887636,290.4949931341699,8,70,1.460837
9673,0.1176133721188174,290.44466943288944,8,55,2.7802885
9674,0.1250962130084132,290.9733549653373,8,54,1.1186141
9675,0.1291603687949126,291.2435064369224,7,80,1.448354
9676,0.1189817553856683,290.4987177448264,8,53,0.0
9677,0.1173742064519812,290.42635255846125,8,68,1.8543341
9678,0.1146654525522847,290.2529402648523,8,65,0.92740995
9679,0.12350935578263,291.08244972536886,5,44,2.2308886
9680,0.1251004137016394,290.9740082261937,8,53,2.236354
9681,0.1220702634252408,290.7244635782152,7,51,1.1249678
9682,0.1246721210122602,291.2376388143915,8,40,1.8543341
9683,0.1221088285022369,290.8498035458139,7,49,0.92740995
9684,0.1194791157905772,290.55071370499763,8,59,1.4609221
9685,0.1124900300839067,290.0076206398876,8,71,2.2792943
9686,0.1180714950091252,290.46791008929216,8,61,3.0008538
9687,0.125336806921828,291.0643536553698,8,48,1.1165595
9688,0.1188967571425141,290.5115521559703,8,62,4.6039844
9689,0.1164438254686893,290.3563887102969,8,60,4.382429
9690,0.1121341805670557,289.6617928259851,7,68,1.471521
9691,0.1147758283310325,290.2698475482892,8,54,1.4653451
9692,0.1195081610150376,290.5524952993736,8,62,1.4608898
9693,0.117964040542988,290.4697269734446,4,59,0.0
9694,0.1148073580325245,290.2635628005347,4,63,2.2720227
9695,0.1232497999588979,291.1533273246373,3,38,3.4646027
9696,0.1090453539397601,289.2397905430259,8,85,3.7047918
9697,0.1237017287088891,290.878637274284,8,56,0.92740995
9698,0.1229809984945599,290.7442274876757,8,61,0.0
9699,0.1182616481077308,290.47652062361897,8,63,1.1306729
9700,0.1138819339030208,290.2013264382156,8,65,2.928698
9701,0.1204065758824488,290.6058104243114,8,60,1.127711
9702,0.1126402380145228,288.6263564251119,8,82,5.1636066
9703,0.1190364551204848,290.52989128959484,8,52,1.4614187
9704,0.1208498474040991,290.61072979685133,8,53,2.1697028
9705,0.1209839139152382,290.6325108786752,8,51,0.92740995
9706,0.1221646707964692,290.76343020303307,5,48,1.4570081
9707,0.1106012530572721,290.00823858991026,7,173,6.562741
9708,0.1169156798074998,290.3830194822398,8,59,1.4630827
9709,0.1128778606405046,290.1634530136163,8,70,2.1750858
9710,0.1249455455655087,290.97382146114893,8,48,2.4207401
9711,0.1228585240993285,291.017317230097,8,46,1.4519982
9712,0.1226197967089102,291.1694152677169,8,37,1.1135252
9713,0.1223292509591874,291.1233971518621,5,41,0.92740995
9714,0.1218916297713261,290.7872434269684,8,52,3.7047918
9715,0.1188232888321984,290.50508093105617,8,55,2.7802885
9716,0.1228831907211458,290.7344580779897,8,64,2.7802885
9717,0.1101008337746738,289.597991008833,7,71,1.8543341
9718,0.110182220318751,289.92576315427544,8,175,2.7802885
9719,0.1106054537582249,289.5963808279291,5,68,1.4713725
9720,0.1255564479225643,291.0305364622315,5,51,1.4519227
9721,0.1106196810459296,289.8468685180045,7,67,2.4612703
9722,0.1164640837885255,290.37211130557625,8,72,1.4642106
9723,0.1093500818330753,289.6075103775949,8,95,3.8757792
9724,0.1201325790371252,290.5887886018666,8,61,2.9185493
9725,0.1091604453687502,289.52030203913563,8,169,2.4644952
9726,0.1122080358722413,290.12767410441535,8,66,5.6726685
9727,0.1210475009938781,290.6108430016922,8,63,1.4593755
9728,0.1220762617928306,290.80680086314635,8,50,0.92740995
9729,0.117116745863209,290.3992317518123,7,57,1.1318872
9730,0.1227679311073089,290.9865315338677,7,46,0.92740995
9731,0.1219094234651743,290.788339686446,7,51,0.92740995
9732,0.1187978617132902,290.5029860851025,8,59,0.92740995
9733,0.1120153005759326,289.5741760168908,8,68,2.2857718
9734,0.1126159116150753,290.1510185684257,7,64,1.8543341
9735,0.1116285492569948,289.39082565057714,8,74,0.0
9736,0.1110605822740797,289.8019884503023,8,71,2.7802885
9737,0.114229828444849,290.24045848534416,8,64,2.1741397
9738,0.1143681888121258,290.0355630416121,2,64,1.4691302
9739,0.1226897264912607,290.8418692827124,8,44,2.166887
9740,0.1091015288354139,289.5315734741373,7,84,3.5455809
9741,0.1127247203767277,289.9895578125992,7,65,2.176489
9742,0.1240683085575944,290.87244022712787,5,57,0.0
9743,0.1263346107198458,291.2042624015941,8,44,1.4488269
9744,0.1214076302020145,290.67513646562094,8,65,4.332037
9745,0.1219029493034497,290.6870688530318,5,57,0.92740995
9746,0.1246260594082829,291.05925075558577,4,45,1.8543341
9747,0.1227877442102845,290.72979786530124,8,62,1.4573507
9748,0.1132945844535401,290.18648849674844,8,69,3.4082587
9749,0.1238886687714591,290.9062072391501,8,55,2.1660633
9750,0.1277382396184362,291.1920995862375,8,63,1.8543341
9751,0.1178494210289922,290.45775217845977,8,60,1.1313847
9752,0.122070691134792,290.79413578646563,8,47,1.4564108
9753,0.1082305069771542,289.2361352443083,8,159,5.6628337
9754,0.1179673689337123,290.46319836902103,8,79,2.7802885
9755,0.1243345940016047,290.89357063748946,8,55,2.1660936
9756,0.1227186325803753,291.1419526290456,8,40,1.1142364
9757,0.1235023686349339,291.0759879759504,4,45,2.1638696
9758,0.1198716898977607,290.5645921630113,8,64,0.0
9759,0.1252955828410545,291.0609574569789,8,48,3.4720862
9760,0.1093965148510314,289.4141421146681,8,85,3.597027
9761,0.1164274761190701,290.3696323794296,8,70,1.8543341
9762,0.1118385559964552,290.0342069780117,7,72,2.2783713
9763,0.1184595205189411,290.48302003405,8,59,2.922015
9764,0.1114795389488081,289.9737993021747,8,69,1.4694026
9765,0.1215019151913323,290.6861375026099,8,68,7.6621737
9766,0.1207943908845916,290.4522166526025,3,57,1.1286201
9767,0.1135297420947748,290.1987692859324,8,67,0.0
9768,0.1253452238419863,291.1030091610618,8,45,2.4151587
9769,0.122484341825274,290.73241068615505,8,48,1.1246086
9770,0.1194317287522283,290.5460167887072,8,61,0.0
9771,0.1115743448175036,289.9640409224761,8,69,1.8543341
9772,0.1188778321760253,290.5142224305434,8,62,1.461566
9773,0.1247983362149987,290.94038573044884,8,55,2.2378318
9774,0.1129579606882649,290.16231668069696,8,78,1.1384786
9775,0.1223048376324302,290.74336328245465,8,49,1.1243993
9776,0.1095144612290515,289.3023989331554,7,68,2.7802885
9777,0.1176809958575677,290.4421203082227,8,62,0.0
9778,0.1121418193304228,289.65167914971505,7,67,0.92740995
9779,0.112323997685827,290.12767719864604,8,70,0.0
9780,0.1227507821140638,290.85790399403885,8,49,1.1214708
9781,0.1219568186894582,290.87892793414005,7,49,2.4249763
9782,0.1087613659430799,289.2673660557297,8,140,2.4679775
9783,0.1253982542186193,291.1417880438668,8,42,1.8543341
9784,0.1185818319998513,290.4994348263674,8,68,1.8543341
9785,0.1175066674016238,290.43298990165374,8,63,1.4630381
9786,0.1100729850451411,289.8217704457551,7,208,7.1586556
9787,0.1151510228106172,290.2934311051403,8,66,1.1347775
9788,0.1115173616547915,289.22813620344766,8,82,2.179413
9789,0.1260370757878166,291.2345429331313,8,41,0.92740995
9790,0.1124334196678664,289.96163075665214,8,66,0.0
9791,0.1244885145679477,291.15892898658706,4,40,1.8543341
9792,0.1086352053203614,289.388199868047,8,123,3.876156
9793,0.1253424725177605,291.0499885896883,8,52,3.563775
9794,0.123787541229963,290.8492200029423,5,57,1.1213932
9795,0.1223489963829544,291.16754153338377,8,38,2.8961444
9796,0.1103156729852457,289.9710610110458,8,140,5.66189
9797,0.1106163759429129,289.68639889364647,7,72,1.1418065
9798,0.1159319196653273,290.34109470040937,8,115,1.8543341
9799,0.120767914284086,290.59228945846854,8,64,3.5034895
9800,0.1104754550437447,289.3845794168984,4,72,2.467807
9801,0.1108545799243457,289.216216603164,8,116,2.7802885
9802,0.1225183351330291,290.9431246119635,4,47,4.32494
9803,0.1223226456326361,290.776936771146,7,48,1.8543341
9804,0.1113540285156585,290.05581523322894,8,80,2.175266
9805,0.1264136169578023,291.25194047552185,8,42,0.0
9806,0.1095444599699039,289.15397213470374,5,74,1.1454908
9807,0.1219825399335748,290.77482465229093,8,50,0.92740995
9808,0.1272861058486042,291.1875283164631,8,60,1.8543341
9809,0.1254546978180447,291.1171318176851,8,43,0.92740995
9810,0.1237324615139268,290.8903174428919,8,55,0.0
9811,0.1194865982623342,290.5520419861904,8,65,2.9199295
9812,0.1157014398089811,290.3269150053696,8,77,0.92740995
9813,0.1255787428495339,291.12863032097454,8,45,2.4140666
9814,0.1171093687569214,290.40060007584526,8,60,0.92740995
9815,0.1164591158633105,290.37347427298096,8,62,1.464357
9816,0.108351182424683,289.2742165932764,8,126,14.764325
9817,0.1190691643006596,290.52441307163525,8,59,1.1295666
9818,0.1193837237911842,290.532213840174,8,54,1.1291329
9819,0.115403182638068,290.3076765437115,8,61,1.8543341
9820,0.1242131106202247,290.8868269936436,8,56,2.2402327
9821,0.1125524857955748,290.1286400576937,8,117,3.588465
9822,0.1244668503232626,291.18373546559025,8,42,2.9943225
9823,0.1123727124101771,289.78231582949024,7,65,2.1772716
9824,0.1226832239072123,291.0648377233704,8,42,1.4510511
9825,0.1246796590789281,291.02071375476123,8,48,1.1175447
9826,0.1218565023164696,290.6884036097761,8,57,2.1688983
9827,0.1231287383729668,290.7733943058541,8,58,2.7802885
9828,0.108758217160409,289.4528113491509,7,92,1.4713416
9829,0.1263930824574402,291.224640058201,8,44,0.0
9830,0.1145961523552025,290.2597400380064,8,58,3.873799
9831,0.1233696553238923,291.18676691040974,4,40,1.4487609
9832,0.1221113371297346,290.8581882063361,4,44,1.4551163
9833,0.1105034431822387,289.6157353599861,8,70,2.2837002
9834,0.122790542648144,290.7326732103343,8,64,3.5730102
9835,0.1177470629907151,290.44839284022146,8,65,0.0
9836,0.109213913109368,289.5378372347724,8,168,5.155755
9837,0.1160850453838066,290.3501658408581,8,106,1.1338907
9838,0.1114030740897673,289.18849894840906,8,101,2.4716327
9839,0.1162307640216117,290.3521129368176,8,59,1.4640675
9840,0.1123472182247288,290.1350160303181,7,66,0.92740995
9841,0.118500580595376,290.4941890963608,8,67,0.92740995
9842,0.1237968629404574,290.8501783390259,8,56,0.92740995
9843,0.1149372595646392,290.1279379876887,6,64,1.4681293
9844,0.1141444803816364,290.2238047004662,7,70,2.1735804
9845,0.124599968588931,290.94364149718126,8,52,0.0
9846,0.1145414330919274,290.257051175206,7,60,3.0023768
9847,0.1170389467507267,290.2434129783483,8,67,1.4654924
9848,0.1226959785156649,290.69701143289564,8,61,2.168665
9849,0.1235750011464072,290.81384785949325,8,58,2.1671917
9850,0.1177444141580385,290.4447268367687,8,61,0.0
9851,0.1219457216946059,290.76900125367285,8,51,0.92740995
9852,0.1179466226490917,290.4435620768406,8,68,3.3869612
9853,0.1203804756371353,290.5910900233575,8,55,1.4600289
9854,0.123001601396013,290.7320847701564,8,65,4.3302493
9855,0.111395632777209,289.28077073484707,8,103,5.8751802
9856,0.1253554385412879,291.070092273792,8,48,0.0
9857,0.112774982146038,290.1593922216608,7,63,3.0032442
9858,0.1197053316743143,290.574606594098,4,54,1.1286582
9859,0.1258819493029762,291.08951397965865,8,48,0.92740995
9860,0.1218821171961076,290.73291202750045,8,51,3.495704
9861,0.1197251969550845,290.57123602601035,8,93,5.6257954
9862,0.1110026785996246,289.572956683311,5,74,2.4654984
9863,0.1112305705888274,289.3938926577964,8,102,5.0420437
9864,0.1227920959283983,290.7382764329931,8,57,0.92740995
9865,0.1185286215317743,290.4794237205906,5,53,3.8724275
9866,0.1218884136052327,290.8302225008582,8,49,1.1222259
9867,0.1097085328477577,289.38038199558764,7,75,0.92740995
9868,0.122269603956164,290.8052934628794,6,50,2.2448146
9869,0.1141906914243159,290.2209203922149,8,64,2.4497569
9870,0.1150532302977005,290.28780593823814,8,65,1.4654893
9871,0.1280570798403419,291.1617815659213,8,90,0.92740995
9872,0.1192521749221686,290.5348981804937,8,68,0.0
9873,0.1121108722825961,289.5555390220158,7,70,2.178166
9874,0.1172763991363067,290.4182734604035,8,64,1.1320179
9875,0.1100932353217927,289.21453867856377,8,77,1.1452855
9876,0.122551964457887,290.8400261291956,4,45,2.166916
9877,0.1221760841940226,290.8991511369543,7,47,2.9067185
9878,0.11041715429807,289.95415832797204,8,188,5.7423406
9879,0.120442763028494,290.5907257655685,8,55,1.4599909
9880,0.123011639168635,290.9400145901765,7,44,1.1194052
9881,0.1148954459606378,290.27891181062887,8,68,0.92740995
9882,0.1226471826141952,291.2098951194879,8,39,1.4482113
9883,0.1223093001739666,290.900243516004,4,39,1.454278
9884,0.1218896154288229,290.9320148754447,8,49,2.9965737
9885,0.1226854570986086,290.9144944302535,4,47,1.1200368
9886,0.1229571704255122,290.9407275475142,7,45,1.4535028
9887,0.1082622414104338,289.2257465700628,7,108,7.4651146
9888,0.1180063099582643,290.454921489478,8,75,2.7802885
9889,0.1077148335691991,289.05318317529475,8,179,8.592182
9890,0.1229682035522253,290.7456556768525,8,58,1.4571807
9891,0.1123498634583195,290.1288834459059,8,70,2.2771118
9892,0.1192513230614642,290.536881893898,8,61,3.579318
9893,0.1220767512101746,290.82043913265164,8,47,1.4558781
9894,0.1196047695393024,290.5507713375307,8,55,2.170497
9895,0.1127172450556895,290.1554626440406,8,65,4.3950596
9896,0.1255870305033371,291.17674736535685,5,47,1.1138482
9897,0.1205688399623681,290.58021473418603,8,62,0.92740995
9898,0.1113513723983328,289.33717743803805,8,105,3.431145
9899,0.1171534415485793,290.41087507516966,8,62,3.0013008
9900,0.1131691486188359,290.1728179624759,8,64,0.92740995
9901,0.117788970073523,290.4456013765312,8,62,0.0
9902,0.1161508106789941,290.3475347225038,7,59,0.92740995
9903,0.1242563586845566,290.8910603950442,8,58,1.454329
9904,0.112275841163769,289.76188006588575,8,69,4.405108
9905,0.1216937725329972,291.5262707176107,4,31,4.3231344
9906,0.1122887952199675,289.7515365981562,8,66,2.7802885
9907,0.1164743996501706,290.36348710399267,5,54,0.92740995
9908,0.1121141431321594,290.1071800275672,8,87,4.6329646
9909,0.1244630711035219,291.075203501562,4,44,0.92740995
9910,0.1203227604907966,290.5897983051899,8,64,2.2531757
9911,0.1230219848950748,290.7489134395096,8,60,2.1679735
9912,0.1251033363906264,291.0943112364534,8,44,2.4154859
9913,0.1224878328359663,290.75143228981415,8,60,0.92740995
9914,0.1232473781829481,291.1870079652681,7,38,2.2255366
9915,0.1102612070414983,289.3533655885112,8,73,2.9435325
9916,0.118715024976146,290.48933941320524,8,49,3.5801122
9917,0.1101114354035627,289.8684281346078,8,189,4.346394
9918,0.111964163358316,289.521338593186,8,71,2.1782749
9919,0.1187376474024137,290.512075801563,7,57,2.9216146
9920,0.120333949951855,290.5836258794701,8,53,2.918304
9921,0.1140268577702317,290.2282025928544,8,65,2.4536815
9922,0.1122413932403528,289.69926846508605,7,67,3.8760018
9923,0.1190252544997633,290.5179270419152,8,61,1.4613923
9924,0.1218895545338271,290.9393484502062,8,47,1.1193502
9925,0.1119482320023116,290.11264825203585,8,69,0.0
9926,0.1104686909738193,289.9699440606832,8,203,1.8543341
9927,0.1111100545562091,289.9346108750784,6,71,0.92740995
9928,0.1245402928550288,291.1766763459547,8,42,0.92740995
9929,0.1122758361320777,290.12537562928367,8,71,1.4686596
9930,0.1245852451465638,291.0743015090299,8,42,1.4510678
9931,0.119255285691483,290.5265627327022,8,56,3.0002193
9932,0.1221980605759824,290.76465778163924,5,53,4.5810237
9933,0.1223063166470384,291.2004264280948,8,35,0.92740995
9934,0.1125232014558716,290.1414018684993,8,68,2.1754937
9935,0.1254159654438681,291.01825350742934,8,53,2.234378
9936,0.1159739016315386,290.34362900283,8,113,2.7802885
9937,0.1218521675975974,290.7977724069921,8,50,1.456362
9938,0.1240274328365096,291.01842643125457,8,48,0.0
9939,0.1233430026536282,290.8417191971223,8,59,1.1218444
9940,0.1219133681616929,290.69124490658123,8,56,0.92740995
9941,0.1226901414512629,291.07782521467004,8,44,2.2308886
9942,0.1086391924812276,289.1146100323591,8,90,0.92740995
9943,0.1251425154177829,291.08679421633445,8,47,2.163849
9944,0.1218502516106068,290.92582463950623,8,50,2.4226942
9945,0.120558314331075,290.61739381296525,8,59,1.1274767
9946,0.1220764784111375,290.7192070352646,3,59,1.8543341
9947,0.1218478428024604,291.1373126451382,7,35,1.4495249
9948,0.125051222028115,291.1790479022812,4,41,0.0
9949,0.1161423157978446,290.3534444212186,8,121,4.526267
9950,0.1111485450522415,289.8986163515689,8,68,2.1765223
9951,0.1185594312936083,290.4998004720396,8,57,2.1712706
9952,0.1182243168650357,290.4755083958584,8,66,1.4622681
9953,0.1158917171114985,290.333574807418,8,58,0.92740995
9954,0.1221554885033623,291.16429384368223,8,38,2.1626065
9955,0.1102151931710674,289.59160671646794,7,70,2.7802885
9956,0.1118937724416477,289.56544900730205,8,69,2.285796
9957,0.1127317046746574,290.063950078482,7,63,1.4692403
9958,0.1192834422790839,290.52447683601054,8,57,2.440338
9959,0.1176019374582357,290.43078737037854,8,70,1.1299552
9960,0.1130421601088719,290.1577922172875,7,77,1.4663413
9961,0.1221767142366712,291.15080168751007,8,37,1.11392
9962,0.1253864404381241,290.96831980298185,8,57,1.8543341
9963,0.1125778534724378,289.9468654902432,7,64,2.2803214
9964,0.1279052989038195,291.1650314941553,8,72,3.3396995
9965,0.1249239817346384,290.96150560071743,8,51,0.0
9966,0.1218427020650098,290.83590081456987,4,51,2.4270778
9967,0.1157001097254483,290.3240970715369,8,62,1.4647157
9968,0.1258074031807755,291.22564296075257,5,42,2.4097552
9969,0.1110915565436019,289.6050811294849,8,68,3.005257
9970,0.125750644103203,291.11617366962776,8,49,1.450403
9971,0.10866053226909,289.04521603847337,8,77,4.4142857
9972,0.1155081464684536,290.30048858893747,8,64,3.51813
9973,0.1122704560051894,290.10759404377484,8,137,0.92740995
9974,0.1217680848796617,290.6824630112529,8,59,1.8543341
9975,0.1226210712097927,290.9649157793661,7,45,1.8543341
9976,0.1127962490708462,290.09211060515634,8,63,1.4690903
9977,0.1106821284113373,289.6280332067204,5,68,1.4712087
9978,0.1120152720655372,289.5875878216268,8,72,1.1432331
9979,0.1123930120998309,290.1039905627648,8,76,2.2716722
9980,0.1088519717172932,289.33781283800806,8,115,1.4723057
9981,0.1083217642053691,289.284956869005,8,129,1.8543341
9982,0.1096018389067508,289.7346031953612,8,264,3.0045195
9983,0.112371484861032,289.81214439919256,8,63,2.7802885
9984,0.1184117562411751,290.47997404268807,8,63,1.8543341
9985,0.1080960663325439,289.1880885190528,8,223,2.9436007
9986,0.1135832420247411,290.20424584581974,7,60,1.4664711
9987,0.1234107019505937,291.07896587635287,5,44,3.4700806
9988,0.1123965216583404,290.0693829556826,8,74,2.2782612
9989,0.1223718658865285,290.7220023163718,8,52,1.1248966
9990,0.1095614427426172,289.2331498664775,7,75,2.469203
9991,0.1176054062512922,290.42413054793053,8,58,2.9222918
9992,0.1233323478807748,291.2179681287974,7,37,1.4481536
9993,0.1094334257367037,289.6127949386655,7,96,5.99338
9994,0.1222401063777492,291.11204034472496,8,41,3.4671547
9995,0.1099177061074229,289.2881586682199,5,73,1.473009
9996,0.1246095033329737,291.2104903347944,8,40,1.1128445
9997,0.1220763598534294,290.79492996758864,8,51,1.4563936
9998,0.1220436273966393,290.7025818377867,8,56,2.7802885
9999,0.1098771073228302,289.82745442759506,8,186,5.327438
