sample_id,lat,lon,split
0,35.70884616994587,-91.03797991826438,test
1,34.53607453913218,-91.0851483254709,test
2,36.00509271968984,-93.61260569551588,test
3,35.440788101707774,-94.43782268601386,test
4,33.32962071760677,-93.11011637661888,train
5,36.41467823072865,-93.83903256485102,test
6,35.663988956966236,-92.65293125829801,test
7,35.75122506846934,-89.75264978781156,test
8,33.44839771436441,-93.72007528660106,train
9,34.576350782634485,-93.03519650118785,test
10,34.29779308481403,-91.01618184789173,test
11,36.243677460970105,-92.08936156917625,test
12,35.25352792028232,-94.40167712644028,test
13,35.879665646447904,-93.81640060973824,test
14,34.55194969589566,-89.97180971277722,test
15,33.79533552624672,-94.10726998608703,train
16,34.94104675455542,-91.46358884756776,test
17,33.22336039636461,-90.68214152526068,train
18,35.89670910197404,-93.30076785825713,test
19,35.21082539692723,-91.01636232440072,test
20,35.65330709029881,-93.77562096022001,test
21,34.24084088845454,-93.20479113407606,test
22,36.397443085382164,-93.07024450650549,test
23,36.12592392462769,-89.66771809689581,test
24,35.724342239758165,-93.55357569276676,test
25,33.681235477481884,-93.97783890077109,train
26,34.63352351304462,-90.01931355571739,test
27,33.1533131802553,-93.81520445171284,train
28,33.54001322223642,-90.24997879944186,test
29,35.39067133634859,-91.38723056059595,test
30,35.60666754567736,-91.75299835458952,test
31,36.38628406351974,-90.88584660361352,test
32,34.140388753483535,-91.0117851829742,test
33,34.29660897112204,-94.07068483859099,test
34,34.64344533946533,-89.65265343127876,test
35,33.663149756795,-89.93880805954983,test
36,33.45472526867415,-90.16393794457628,test
37,34.66496724179077,-91.52722300430625,test
38,33.7941827216781,-92.0217270832784,test
39,35.344348981388784,-91.95469543810812,test
40,34.53003171605316,-94.54576338718569,test
41,35.91437368620243,-92.13763657533116,test
42,35.45092785700787,-91.5198652487302,test
43,34.093283244837146,-91.3462301423885,train
44,35.9129093048832,-92.96926685869498,test
45,35.816675251238806,-92.27772671904107,test
46,34.35617432660561,-91.45753628488701,test
47,34.009148363755855,-92.49132161393236,test
48,35.38873426391241,-89.83818806105188,test
49,33.489133692632585,-91.11395271403556,train
50,33.69967870866288,-94.61366948113307,train
51,33.02576794412852,-94.50430097703321,train
52,35.75423532125748,-91.18920798876218,test
53,35.32697799807211,-92.56915386519886,test
54,35.46807882519217,-90.44782938241504,test
55,35.732551608576884,-93.76011341485328,test
56,34.60620521438419,-94.55128023716011,test
57,34.99059418583513,-92.69123071993485,test
58,33.489289493446805,-90.96176140159199,test
59,33.40085525737591,-89.7905131651135,test
60,35.33941036626665,-90.22824021962526,test
61,34.64883672150096,-92.21414917867243,test
62,34.97832637268416,-90.58029810251406,test
63,35.67749600095609,-94.27045762439796,test
64,35.22151412000207,-91.77580643250313,test
65,34.93752790230299,-90.02623688731809,test
66,34.95722506260895,-92.64996581697103,test
67,34.06382534321914,-89.84829987057432,test
68,33.107862420987786,-93.52319506925635,train
69,34.52851086231327,-94.09499996661904,test
70,33.75104635486835,-92.01193118967394,test
71,34.42985025303623,-90.11098304625332,test
72,35.98691075643858,-93.07294228283862,test
73,33.818788200528694,-90.64320321258721,test
74,33.20405959591173,-93.779089588575,train
75,33.98484362207699,-90.91451513187533,test
76,34.027578152183395,-91.85157610130447,test
77,35.31670780154413,-93.75016563228998,test
78,34.949612533194475,-91.05110637029509,test
79,35.743643731872446,-91.07263211612157,test
80,35.32509739114586,-92.05828691115711,test
81,34.42235401504025,-93.49942584091592,test
82,35.84907134633112,-93.96249935554238,test
83,33.58440521967697,-89.86244240915485,train
84,33.07949225596851,-91.360611684852,train
85,33.315167512714744,-90.59806982664028,test
86,35.52825772708758,-91.1560564706203,test
87,34.616570305879854,-90.49751588399432,test
88,33.56445122661761,-93.81242062584785,train
89,34.75365671286177,-92.15015738400119,test
90,33.53309235949609,-91.3043898906036,test
91,35.43712131277208,-94.10615219752077,test
92,34.561546964509105,-93.87471396183781,test
93,34.33357429133769,-91.4691065065728,test
94,34.05529231201757,-90.30253215285852,test
95,35.20598907591611,-91.33773159066027,test
96,34.266344136936866,-94.44006207712332,test
97,33.30677471760635,-89.7969484020611,test
98,33.413020657421804,-93.92665070249596,train
99,36.3666418259233,-93.46416569924413,test
100,36.180032417476625,-89.77441260893353,test
101,35.44897496833762,-90.78796600663273,test
102,33.93054486510832,-89.96521389851883,test
103,36.392117320717034,-90.6111001267441,test
104,35.72562816388028,-91.3808796592341,test
105,35.50911566205649,-93.20577159565086,test
106,34.572765257503264,-92.99539923475336,test
107,33.95284546645806,-89.91206276696948,test
108,33.337368367537245,-90.34269068770645,test
109,36.159108387903444,-92.83333247124165,test
110,34.59521701441764,-92.7648609344251,test
111,33.708271776783306,-93.14045888032886,train
112,34.070848184527286,-92.99913319115373,train
113,35.02726849129664,-90.34248269254473,test
114,33.61870474028731,-94.56778092274847,train
115,35.99814999432331,-92.45281847308567,test
116,35.654818354423234,-89.9340867977163,test
117,35.51812034582828,-91.92309731474144,test
118,34.51232563921286,-92.3812844229848,test
119,35.19558094245855,-93.06752207064305,test
120,35.044342891194574,-94.25265422958634,test
121,35.27446310544187,-93.50430220420327,train
122,33.295555123989615,-94.17042170261375,train
123,34.455325907597135,-93.99030383431433,test
124,33.14564960851662,-93.80732277569244,train
125,34.72896786735581,-93.11891372254114,test
126,34.15451424316475,-94.5652471004222,test
127,33.505834661031166,-89.89778488860156,test
128,33.36191038702893,-94.00461910939543,train
129,35.056756002621995,-92.71575010437286,test
130,33.5970753898791,-90.24874802821755,test
131,36.23792041431879,-94.09035718815191,test
132,35.033713988951384,-92.21648686878203,test
133,34.21404431587193,-90.42142552021927,test
134,35.06820422018496,-91.85189575855033,test
135,33.079813548603944,-93.57459233074889,train
136,36.35495724634506,-90.96451762887948,test
137,34.68806202930015,-91.23373491754849,test
138,35.739573295376005,-92.8199360444618,test
139,33.28955499972854,-94.38991304694056,train
140,34.70330415793356,-94.58091249121642,test
141,34.717474480240824,-90.51779737085796,test
142,36.28239259241244,-93.02185991305143,test
143,35.001048183316264,-93.93528360392865,train
144,34.65721290369934,-92.04280040596998,test
145,33.93441482082163,-90.0434585202463,test
146,34.16049149069893,-94.57785010332368,test
147,34.82235340865038,-94.34096660283822,test
148,34.53619011106766,-92.5472866850522,val
149,33.07564227958115,-91.26044944342733,test
150,35.892021734680256,-92.25378071992776,test
151,36.13656270143918,-90.15918426082695,test
152,33.49087181149514,-94.40089975897874,train
153,34.93912650238667,-92.9294998778706,test
154,33.38001509397405,-92.87380098973806,test
155,35.35284032563934,-92.92956768684789,test
156,33.984318243436526,-92.19620101674676,test
157,35.307979221421654,-90.6908320853828,test
158,35.54448115000409,-93.04012339647801,test
159,35.6902662217118,-90.91991846303796,test
160,33.37709331084564,-93.89206660774302,train
161,36.20604145798163,-91.83319746749928,test
162,33.805748968132086,-92.75581251244225,test
163,33.13094394661663,-91.94012231259101,train
164,34.94198364287019,-94.08448374064993,test
165,34.29822799351854,-89.8812896515983,test
166,35.904264100963445,-90.11611583949517,test
167,35.828880152225054,-90.51281036767558,test
168,34.109986124879505,-90.18286936776138,test
169,36.33514788274411,-93.89096128519802,test
170,34.01821243349042,-92.11650278809226,test
171,34.802699952311,-93.03999148098008,test
172,33.89587781698661,-90.20969187171833,test
173,36.276152495171374,-93.67849471797766,test
174,33.57612736153706,-93.5268715849444,train
175,33.157187167873154,-91.2070291519156,test
176,34.52283971001063,-94.17816869433429,test
177,36.47331447419543,-90.9801351307243,test
178,36.1208704318922,-93.28740737707882,test
179,35.62012806809932,-91.33515123462229,test
180,36.11777371807484,-90.28100220178753,test
181,36.12706323894252,-91.59023147502211,test
182,34.816004261352575,-93.56296184556804,test
183,34.105751681407774,-94.3756473380701,train
184,35.70204351238846,-94.39826856067553,test
185,35.31581442108716,-94.17860494639038,test
186,34.30780205105798,-91.73830497502551,test
187,33.3306333382153,-92.88935726541797,test
188,35.61376363972159,-93.4117583223424,test
189,33.91861180573002,-93.53004640774796,train
190,36.27884602686823,-89.9055497864416,test
191,33.843397012519894,-94.0294816178164,train
192,33.4296527634402,-93.10507237845991,train
193,35.90889435243717,-92.27675800776461,test
194,33.53649510818573,-94.61776585541095,train
195,33.62743907855209,-90.04286265824565,test
196,35.09783977032295,-94.12748000392229,test
197,36.060967142931126,-91.22812111458973,test
198,33.687521330001005,-91.49453857850244,test
199,34.08613285515033,-90.59895264012945,test
200,35.72091693384412,-91.38260297910611,test
201,36.401392491213386,-90.79614453643659,test
202,34.752594151708195,-92.52639441432102,test
203,33.50364125892938,-92.19113866207844,test
204,33.0487770069787,-91.13273935224284,test
205,33.803796104995996,-91.7949191963564,test
206,33.46137776225282,-92.0776534051744,val
207,35.371805357645,-93.5983747219089,test
208,33.42641376619986,-93.33720194379232,train
209,34.772154760672215,-92.83826871193482,test
210,35.4299185247501,-94.5738566044452,test
211,35.033908132273154,-92.54570365558622,test
212,33.6992147808102,-94.60624067545336,train
213,35.814435841637916,-91.81187328347096,test
214,35.50392495365531,-91.12097701820743,test
215,35.586444013704394,-91.82612130087283,test
216,33.4587021304506,-91.17320573317177,test
217,33.43313831277621,-94.61993455227565,train
218,36.24646892852277,-94.32457339277698,test
219,34.391523678387294,-91.1486416688485,test
220,34.05332042123329,-90.62958626465486,test
221,34.71004415873037,-91.05302319267972,test
222,35.32002474467254,-91.32482915450885,test
223,36.344681399664395,-91.10430816085655,test
224,34.00256179408719,-90.94423806879306,test
225,36.236829502592094,-91.01984383311319,test
226,33.087008219851896,-90.95209786588896,test
227,34.943193148143884,-94.25212205414655,test
228,35.2189128908838,-94.30554038907172,test
229,33.37064091312764,-92.82523388214969,test
230,33.49118858972369,-91.9978443286925,test
231,34.46690011760706,-90.82978330200902,test
232,36.38181169250114,-92.95650214060868,test
233,35.086148936320306,-93.25266812913084,test
234,36.26558127560074,-90.73620190865091,test
235,35.8152632046454,-93.38079584827365,test
236,34.63583560544352,-90.54041835723213,test
237,35.74667207238266,-93.73964625789141,test
238,33.062428743919455,-92.8334165913238,train
239,33.382003988680076,-92.62665422115084,test
240,35.903000152089575,-93.13143307688102,test
241,35.78885980913807,-94.60331613798155,test
242,33.814242596882515,-93.4495189886284,val
243,34.85769356709669,-92.941861812372,test
244,35.12105537245004,-93.06128427420249,test
245,36.03708633821604,-90.71578918250829,test
246,35.11087505068554,-94.38458222019374,test
247,34.44400049245788,-92.68692496271346,val
248,34.30964415192514,-94.43354818577018,test
249,34.49058730230728,-89.99468159633884,test
250,35.28175858952991,-90.69265909795546,test
251,36.036217211133135,-89.73865685178708,test
252,34.58863908726705,-90.0965021574708,test
253,33.86743847032975,-93.05041052258306,train
254,33.828318270491536,-91.18283044071703,test
255,35.61104998085206,-93.09642618523232,test
256,35.857990671983686,-90.20559039598977,test
257,33.368473279489436,-92.57855823626232,train
258,33.232955999343126,-92.75183891673598,test
259,35.08051782314758,-90.07707834116034,test
260,33.51160635467444,-90.46140077052932,test
261,35.8863246665972,-89.81692463977943,test
262,34.08617135873426,-94.289554214695,test
263,33.503551765399,-93.41060577614687,train
264,36.223396653706075,-93.12473699310078,test
265,33.57936102957348,-92.51097025705484,test
266,33.99652028818277,-92.26854367163578,test
267,33.53764688317221,-93.17138203250832,train
268,33.40421522282874,-90.69146139696922,test
269,33.07401805717754,-93.51047660190928,train
270,33.19388393207491,-91.15830895290341,test
271,33.611245148275486,-90.38671147150728,test
272,33.186836764195114,-91.61961975137686,val
273,35.0690033563884,-92.85983013831269,val
274,35.38250084379827,-93.68618052628264,test
275,34.3777065989121,-93.95229941381363,test
276,34.112968839332176,-90.92145154642917,test
277,34.7658418295778,-92.28841397200993,test
278,36.06251729782113,-94.38979183069819,test
279,35.978960693877724,-89.73031765049518,test
280,33.152162717044774,-91.28362318054472,test
281,33.635244433587836,-90.42441271940793,test
282,33.828607048865386,-92.44220230355445,train
283,33.87285651541274,-89.87147005458412,test
284,34.99931428109971,-93.6283606460071,test
285,34.456918489961176,-93.69987346899408,test
286,33.17238941974658,-90.19503636819132,test
287,34.307649484608504,-90.18816619189154,test
288,34.83313532051173,-92.13987315706977,test
289,33.355851660163005,-93.99484181389073,train
290,35.91710493825996,-93.10307420272974,test
291,33.181866532627865,-90.8718628799687,test
292,36.23694654156322,-90.41542021723353,test
293,33.346895995529565,-92.89215590370826,val
294,35.952512330592135,-94.31566860137018,test
295,36.15928600374666,-91.31133839258328,test
296,36.428497382053074,-90.94469970405169,test
297,35.80709058095758,-92.51264706095745,test
298,35.72817139269965,-91.7220048702592,test
299,35.248691465984415,-89.71276365730532,test
300,35.72648724102345,-93.40235696118249,test
301,33.47093272944601,-91.77230086181773,test
302,34.876238125816734,-91.58352674459367,test
303,34.79978004566645,-91.89093723575843,test
304,36.00150250442895,-90.30042609701934,test
305,34.619797779577304,-91.61311256634708,test
306,34.347813236351236,-92.0957865887153,test
307,35.238471449329886,-94.00861531749398,test
308,33.93262161125296,-91.12505027951168,test
309,33.48918943833885,-93.96342641337134,train
310,34.67257045908311,-94.48794762997981,test
311,34.459112790082095,-92.1920001195746,test
312,33.81399479185106,-91.77494699742577,test
313,34.28629133540295,-89.65470131497182,test
314,34.28237357439187,-91.07973583155723,test
315,34.14623447544391,-90.40250610846894,test
316,34.32812427904425,-92.89845144601715,test
317,35.40010170909581,-92.09069402757757,test
318,34.0390676609995,-89.77788311641058,test
319,36.32100274350369,-92.54557889585041,test
320,36.207218068383625,-90.60776658873216,test
321,34.68318649905027,-92.00583408480986,test
322,34.14926421751641,-93.50690959789559,test
323,34.87402176440501,-91.73531937306191,test
324,35.969961710707686,-93.5362317189995,test
325,35.284055691960354,-94.60495586031757,test
326,35.81537139781477,-93.44759680309748,test
327,34.86452796623009,-93.66007515319521,test
328,35.215211702436676,-92.77652174931882,test
329,34.008544649638615,-90.20367338806784,test
330,35.57212606808602,-92.69237022421459,test
331,33.708416075940015,-90.41941749136979,test
332,35.431793450864745,-91.85860328994605,test
333,36.01251673914063,-94.58215492001385,test
334,33.4623599305554,-93.68197853687103,train
335,35.15032909189672,-89.99154811531606,test
336,33.33283511880477,-91.61725797239734,test
337,35.54000469894999,-90.0001521128958,test
338,33.29572626588232,-93.07870349909184,train
339,36.27578937945219,-91.05868497993477,test
340,33.480927755132306,-90.78303495531063,test
341,36.35608086068178,-89.77077297440081,test
342,35.80309461629784,-94.52966287865027,test
343,35.07788701563224,-89.88738104083747,test
344,35.73918436620342,-92.67379661850731,test
345,35.7829019364408,-90.45517774344802,test
346,36.311094719860655,-91.91277679644122,test
347,33.886841738437155,-91.81369177112418,test
348,35.06526563375408,-92.83389189571335,test
349,33.3326721914754,-90.50249122582036,test
350,35.15657995008443,-93.30785255293597,test
351,33.59951956432476,-92.17356031069234,test
352,34.97732714015355,-91.83593274112565,test
353,35.003506799118476,-90.92967016566539,test
354,34.630948035434294,-92.27597237490356,test
355,34.82921121429593,-91.23899399276772,test
356,35.67373186502306,-92.20808834115057,test
357,35.79735650779223,-91.3431764343158,test
358,34.722536254514004,-91.26950692324552,test
359,35.098577045329144,-91.09407544416966,test
360,36.259326824915355,-90.52820002451419,test
361,33.41906755975393,-91.93260887202922,test
362,33.40986248065039,-93.65940752556664,train
363,33.30698154168769,-91.2421850171533,test
364,35.30252149764185,-94.23672312504397,test
365,34.46512905276633,-93.53179353836792,test
366,35.71012495649645,-90.68297708253596,test
367,35.34930994658007,-92.45770138267957,test
368,34.16773215414884,-92.14472048677345,test
369,36.14428291576537,-89.71263731513686,test
370,35.66886251474728,-93.45119274533089,test
371,33.94687229318561,-94.5228228348064,val
372,34.274672062202185,-94.06647813069632,test
373,34.10053993071492,-93.40482575748568,train
374,33.5516407701875,-91.01217747874955,test
375,33.51724180389767,-90.76416450103574,test
376,36.276446121815106,-91.80951989854987,test
377,34.532664130195634,-93.35241939847015,test
378,34.34161937972093,-92.0269427842017,val
379,35.55389998037082,-94.54566094700836,test
380,34.93547572838515,-91.23144931457328,test
381,36.276489953934615,-91.56694114961644,test
382,35.73105522868287,-94.51167119927374,test
383,34.677793474435894,-90.55945218084501,test
384,34.31725815718289,-90.82577012024426,test
385,36.453210407235126,-93.08812798452549,test
386,35.51216082601275,-91.46217804635745,test
387,36.329181310013446,-91.6305799715791,test
388,33.414675020259644,-93.90839401224245,train
389,35.97686787716774,-93.6595012734616,test
390,35.22975859396923,-91.2244655029462,test
391,33.426725874172895,-89.98024831803806,test
392,35.058902999892275,-91.7558669261272,test
393,35.40133727786907,-91.79796866656906,test
394,33.04305940061011,-91.40599197732193,train
395,34.59011286644611,-92.4303258481147,test
396,35.888898289187125,-94.35076494379832,test
397,34.033756588704314,-92.64937588177825,test
398,34.60491828629493,-90.1457465157141,test
399,34.54809944473762,-90.619414402054,test
400,34.05674587004872,-90.01070486417198,test
401,36.21454663430444,-93.86042702189192,test
402,35.73452912401031,-92.10538994751703,test
403,33.38705943848639,-91.71390107057968,test
404,36.48962130243151,-93.57667021533493,test
405,36.07720008507711,-93.62117791083323,test
406,33.99367953252413,-90.73329632476528,test
407,35.929138028813284,-91.28089597225053,test
408,33.37246836154984,-91.40347794202866,test
409,36.49686655665984,-93.29307233382443,test
410,35.32989657637288,-92.1013559614914,test
411,35.27543755445579,-94.50534233115805,test
412,33.31654254444447,-93.97416811857588,train
413,36.139616896138186,-92.04429321207887,test
414,33.101498261215646,-93.0809287901094,train
415,33.84289820314402,-89.82062130822432,test
416,33.50057656308322,-92.27672092536297,test
417,35.71868779242276,-94.20468614290645,test
418,33.69371479524514,-94.53132353414111,train
419,36.1872337949581,-91.01546836697707,test
420,35.29694163764621,-93.76761151188994,test
421,33.126569486731434,-93.68657252604486,train
422,33.019004419450454,-92.51367810347587,test
423,33.1808027095504,-93.30761887190728,train
424,35.12073812176705,-91.55561191366144,test
425,35.80518633800796,-92.2061082390979,test
426,33.83493487219586,-94.06609051065817,val
427,35.972930950230754,-90.71983798589005,test
428,33.20031179053641,-92.5034814935612,test
429,35.803373487745866,-91.58415343164118,test
430,36.24728400560298,-94.60040660731258,test
431,35.70237939686533,-91.50679183382042,test
432,35.44342274392523,-93.21423621055627,test
433,35.93293076529384,-92.16297740624634,test
434,33.14052954841473,-93.1403285990082,train
435,33.706237387516694,-89.66858409912805,test
436,33.43723287756975,-93.47271369588323,train
437,34.76585846567545,-90.0830877805984,test
438,35.608158449150956,-90.05770583980532,test
439,35.2050414560174,-92.5276267549162,test
440,35.97895884916677,-93.10910451584893,test
441,33.54324547354382,-92.72625333191301,test
442,35.571173821773066,-89.70298473566277,test
443,33.67564521804116,-91.54458275013211,test
444,33.9476556296123,-91.91244221803143,test
445,35.48466644048457,-94.44148812974305,test
446,36.43071674714539,-90.40622013892678,test
447,35.140402620919744,-94.20348688463822,test
448,33.190751102469534,-94.38654733583913,train
449,35.15708139474636,-93.25395531199358,test
450,33.14822693053058,-92.25533063286414,test
451,36.09450998978386,-90.17041386877814,test
452,35.483523997852174,-90.69330836855829,test
453,33.60594746247876,-93.63776824180597,train
454,33.32102352038469,-92.77076474371644,train
455,33.64236630108112,-90.74220588484415,test
456,36.430095128439675,-92.00035053607859,test
457,34.604962248604714,-93.75277504814034,test
458,35.74428331919493,-92.6516056426887,test
459,35.22742919737722,-91.50909905158676,test
460,35.00344602485523,-89.7830683962001,test
461,33.507955891327676,-91.33079408736366,test
462,36.311085587453334,-94.53951004370997,test
463,34.05469921380151,-91.11610886513634,test
464,35.0230602553264,-93.37320190693757,test
465,35.44921580606173,-90.33507019635735,test
466,35.27231604335858,-92.71206715611609,test
467,36.292080433934316,-93.62791326236113,test
468,33.519536464720204,-92.29430248304413,test
469,34.7792345845643,-93.35166606765443,test
470,34.41412036759268,-93.44796720216569,test
471,34.65959055318916,-91.77088885015574,test
472,33.417261341692104,-90.80628903387114,test
473,33.46933113455468,-90.47027676042542,test
474,33.9732644102344,-92.64358074376216,test
475,34.06646611316291,-94.28798529492322,train
476,34.49766124788472,-92.2146442576262,test
477,35.1384564146282,-92.46410605916893,test
478,35.22120191096392,-93.6410146271824,test
479,34.441338138049495,-90.16615984131373,test
480,34.43074088300044,-89.77848318248718,test
481,33.76169984343937,-94.36281647547558,train
482,35.05907186943153,-90.66514049210856,test
483,34.10964318961033,-91.41078870703056,train
484,33.12620941997077,-93.32066179691545,train
485,34.46440015454901,-91.46327409213443,test
486,34.6594643628156,-93.98064333733313,test
487,33.78957503871474,-94.27504965376144,train
488,35.003602765927404,-89.68235929699027,test
489,34.98020165151172,-91.45724180346046,test
490,35.4570076338863,-93.36148355606983,test
491,35.26781968770423,-92.3833312391583,test
492,35.28351569782361,-89.89806173397974,test
493,34.10674953138415,-92.43953641011755,test
494,35.75601277695084,-90.14479067594836,test
495,34.92200534259888,-90.30201828604706,test
496,34.50996368312961,-92.90954310902852,test
497,35.1910436832937,-91.1608352497368,test
498,34.26230067057589,-91.33732243620052,test
499,34.79458735612366,-90.78707700301939,test
500,35.57846990968777,-92.8013320535906,test
501,36.102410103532975,-94.36038460246428,test
502,36.22370019053317,-93.76993497167082,test
503,34.76271523814085,-91.55572817226142,test
504,34.82096290159199,-90.76775207112016,test
505,35.79954643767343,-90.8624382863581,test
506,34.1005774211047,-91.7191025219783,test
507,35.93083826820774,-94.19875201579698,test
508,34.729495762810984,-94.53407552288651,test
509,33.405498535173436,-90.73275546610931,test
510,33.2522070147553,-91.88959912207639,train
511,35.94697623863812,-90.72992084942442,test
512,33.19448770917407,-93.81094134644744,train
513,33.982140026467796,-92.59510684126742,test
514,34.169455141755414,-90.05172864322248,test
515,33.605480558170576,-93.76715798350159,train
516,34.09862679430696,-94.31421128805167,train
517,35.5994239835378,-91.37226710260471,test
518,33.05138995246025,-91.66515438710988,test
519,35.8951069858224,-89.88840838588708,test
520,35.99791808251096,-90.11485194735727,test
521,34.30291550617042,-90.89533096060377,test
522,33.53764514671222,-94.52478852774509,train
523,35.102941427807785,-92.2324767670194,test
524,33.41885394552713,-90.16637337541093,test
525,34.27721776377388,-92.46475409207105,val
526,36.3545021331534,-89.83813577352342,test
527,36.48412565404273,-91.37713473619941,test
528,35.70236711974105,-94.07599807611231,test
529,34.088365284722684,-92.08891778632218,test
530,35.40682767208132,-91.16278283584361,test
531,35.46892227919405,-94.29511620796909,test
532,34.357445933072775,-92.90709182560829,test
533,35.24311022105156,-91.05610711662169,test
534,33.037546757414866,-93.83935532933404,train
535,33.731701805107846,-92.88875070559551,test
536,34.83780906038541,-91.19114569733786,test
537,33.573129564904036,-90.76556171773537,train
538,33.58067403756787,-92.04299638468767,test
539,35.92706501692583,-89.86441808733096,test
540,36.46196550939262,-90.02110563176899,test
541,34.945892998099566,-92.26701784207832,test
542,35.936744058086,-93.82343618174673,test
543,36.46612582514195,-90.77853012749674,test
544,33.49558560999071,-93.41159631029608,train
545,34.56885964639023,-90.43117808930445,test
546,34.37400450544672,-91.70189262445916,test
547,33.28017249276165,-92.66135775820321,test
548,35.64365560478161,-91.85477470784475,test
549,34.51822659562907,-91.97194042076411,test
550,34.642644269666405,-90.02407775587741,test
551,33.52735540834634,-93.55461564268504,train
552,33.63324328280804,-90.00705249081817,test
553,36.174862677546756,-94.46423502394452,test
554,33.15627181140998,-90.79705969078061,test
555,33.81498299730297,-90.04924939036353,test
556,34.022207656100846,-92.66156061079695,test
557,34.71569139840555,-94.25685608063353,test
558,35.05255810555179,-90.62080236847626,test
559,34.72651491547733,-90.43096166721209,test
560,33.29440367094909,-92.94880078169739,val
561,33.852836089194994,-92.04259137014105,test
562,35.95255934666889,-90.59693873198957,test
563,35.2315604516746,-93.66554640306691,test
564,35.27202167546996,-91.4939904907354,test
565,35.345711393729744,-92.47976562220639,test
566,35.67016056663835,-93.75315371129632,test
567,33.203379686025066,-90.48774216996273,train
568,34.28312934726414,-93.00633626396638,test
569,34.88834602341588,-89.97590220519457,test
570,34.18459769154064,-91.7923986669956,test
571,35.955676056505155,-92.06288539251786,test
572,34.68900378005553,-92.5161694572298,test
573,35.690196563107826,-92.62866567741416,test
574,35.98205430908409,-90.5547076140596,test
575,34.76677019016224,-91.25282077805396,test
576,36.183432853549725,-90.7747600483166,test
577,35.054933791879435,-92.5272117267323,test
578,35.97596004591803,-93.32065699322742,test
579,34.192067784570334,-94.18827986391494,test
580,34.7458593548602,-90.7600197297793,test
581,34.859938643516024,-92.55607614032702,test
582,33.36742900563625,-92.08915874727948,val
583,34.39493377345539,-92.2873641210707,test
584,36.210681853930865,-92.47724485384488,test
585,35.207912841276595,-91.22101910197279,test
586,33.62127303852939,-91.59459144467972,test
587,34.185994724633616,-89.78889262073781,test
588,33.67061053381945,-93.92964757898332,train
589,33.086880961295,-91.7696090132334,train
590,36.246111604764096,-94.3056963878905,test
591,34.56872564889905,-90.60464545902025,test
592,34.076372753472754,-91.55693267374207,test
593,35.094670170452076,-92.4909572845171,test
594,33.02560059702555,-90.63288879641959,test
595,33.973077373102846,-92.35863703579686,test
596,35.46061712994612,-93.48790310629217,test
597,35.21819420574242,-92.27167121728164,test
598,36.436320816398876,-94.26796597071242,test
599,35.17125198380315,-90.15763028509225,test
600,34.67127055769706,-90.98713687756974,test
601,35.66501397114403,-90.84123054251131,test
602,36.16164755187418,-90.27376827902835,test
603,35.52243581351423,-90.68588423358904,test
604,36.37123928242283,-92.47369262644041,test
605,35.73701809758362,-94.03037708441852,test
606,36.03380503391674,-92.76437704349468,test
607,33.39936424914273,-89.97759896953279,test
608,35.563447260478256,-89.90302025858004,test
609,34.54031044834579,-90.80368179834674,test
610,34.935863308439465,-93.6039800021352,test
611,35.28935843318825,-93.65358420343313,test
612,36.39435290846949,-90.24753559092282,test
613,36.44602328501069,-93.91467786263472,test
614,34.008798859207666,-91.71683673765753,test
615,35.56813724103271,-92.74008913907304,test
616,35.62494238277344,-93.11900529043295,test
617,34.21272501459567,-91.25341133238541,test
618,33.43354421202477,-89.85094168903987,test
619,33.143314361000016,-90.75516032094572,test
620,35.720700946352125,-92.20377191228528,test
621,34.71394909635917,-92.42966380423499,test
622,36.449390593232245,-90.10890898403774,test
623,34.627407096677786,-91.74680772058545,test
624,36.42270942675844,-92.15170405536101,test
625,34.44051600767921,-91.22630572842883,test
626,35.7778875269599,-93.44134552886626,test
627,33.296867453091416,-94.30323462675285,train
628,34.94411598548217,-90.37009614078785,test
629,35.807209254450036,-91.6019093475237,test
630,36.23645583526961,-93.8005608069114,test
631,35.87904081716101,-93.13870180529129,test
632,33.12939754520411,-89.70003044243003,test
633,34.30445819457357,-91.46691454665564,test
634,33.17044465309848,-91.45852265939341,train
635,33.38248801890095,-94.26134659385265,train
636,35.36356970033619,-89.80411108080766,test
637,35.49640368709095,-90.18286903889316,test
638,35.70802238963069,-91.8975212619518,test
639,36.02909791819482,-93.08233708523916,test
640,35.58801013966779,-91.15066551492113,test
641,35.80305057237321,-90.47812925947481,test
642,33.17137298438148,-90.71297659317844,test
643,33.82087302654455,-89.76407456092204,test
644,35.17664220681336,-91.4548286686253,test
645,36.00343856618688,-93.02350960515244,test
646,33.01575043728881,-92.1452997630494,train
647,34.80120269740723,-90.56290367528544,test
648,35.37050589777539,-93.30124734153958,test
649,33.10362551195015,-93.46990097292837,train
650,34.404744451436855,-91.01757213577744,test
651,36.13472208484294,-92.41119569021842,test
652,35.350644830995506,-90.56164513590709,test
653,33.83180427176209,-93.90589257678982,val
654,35.9847339537117,-92.95158857814745,test
655,34.2181099819333,-93.28754346424721,test
656,35.98670634900421,-91.15159530411063,test
657,34.04630277891617,-90.84613380976656,test
658,35.06612087809102,-92.35366660144382,test
659,34.38929023711742,-92.2441939992973,test
660,33.961887677642736,-93.96380154253804,val
661,36.10295146760154,-91.13191437374914,test
662,33.65657788678822,-89.68818136101174,test
663,33.29684056932517,-90.75372845106591,test
664,34.19674428490981,-93.5111317537575,test
665,35.511737016745485,-91.52307998421665,test
666,35.82601062091699,-93.15406465099866,test
667,36.495601795233675,-94.47002253200608,test
668,34.03726719953908,-93.72628040739052,train
669,34.42779682895949,-94.11010994584872,test
670,33.478874473103694,-93.64621520876608,train
671,35.012051753680616,-90.66584602539845,test
672,36.49153013042021,-93.16462429386875,test
673,35.4530835354223,-90.85751144380279,test
674,35.0832449414468,-89.90415310243144,test
675,34.37329182522628,-91.76586261811316,test
676,36.20354566099944,-92.20751755821003,test
677,34.73920808645622,-90.89186793731639,test
678,33.47028419659571,-94.13746200473135,train
679,34.27882462119697,-92.49178592520012,test
680,33.235083340967186,-92.14084176318767,train
681,33.70692663191073,-90.48967498732007,test
682,33.06184073349969,-90.57333822865044,test
683,34.58647970775057,-90.4041211615456,test
684,35.22089092733129,-91.15157154849753,test
685,34.20152361832618,-91.98313763829137,test
686,34.47133620026847,-90.5054397729234,test
687,36.35723245495602,-90.27978639618132,test
688,35.6318709255122,-92.2319915744857,test
689,34.89299822930733,-89.72126031779281,test
690,33.99589306289139,-90.27215391885349,test
691,36.13948879570548,-92.08296576285561,test
692,33.822839909082305,-94.27564065112489,train
693,34.13869955680837,-93.50427450716668,train
694,36.18172685048032,-90.76129906049987,test
695,34.853397193497756,-94.06756334271654,test
696,35.59811282296292,-92.28509367039327,test
697,35.06760677957318,-91.6138846052395,test
698,35.28703723153323,-90.25461626299854,test
699,34.04784152030189,-90.40984410141941,train
700,33.84480221569332,-90.82153873233314,test
701,34.128723215090325,-92.59375961422235,test
702,33.54404547429198,-93.91302120591878,train
703,36.06010027851782,-91.2918429314975,test
704,33.9913642663754,-93.71899554623229,train
705,34.965212880450345,-91.83026701745918,test
706,35.77191048799481,-89.74602943315719,test
707,35.743384382814995,-91.88496041423785,test
708,34.53435190504467,-91.41158236971557,test
709,34.66690058005354,-91.25244990457662,test
710,36.481456121272586,-90.49296986235275,test
711,35.36109116942659,-92.45814602980798,test
712,35.85123455091259,-92.1473757917691,test
713,36.158938892267315,-93.7454190907948,test
714,35.75656442680269,-91.56504095794462,test
715,33.64812770733749,-93.1500827085678,train
716,34.9675975680815,-92.09710499802317,test
717,33.35662955060091,-90.81021074825581,test
718,35.28522744297399,-94.53267757373052,train
719,36.34372299865734,-91.81733983287567,test
720,34.79456222505039,-93.75797826396588,test
721,34.51540372503719,-93.23146480127426,test
722,33.12544962996357,-94.44747499796763,train
723,36.35921082815227,-93.77777008187607,test
724,33.360509394455555,-89.71645191536287,test
725,33.14377682656696,-89.65734187683942,test
726,33.86123314026729,-91.04235583814845,test
727,33.22935651871434,-91.57907143178717,test
728,34.59291244844117,-90.75827544309666,test
729,34.806307304399894,-90.16412526723975,test
730,34.09399482160004,-92.03905385395993,test
731,33.1783616890121,-94.44463852289402,train
732,33.3906012888723,-91.09430277171714,test
733,34.34576532296475,-89.72652556470007,test
734,33.21184957789288,-93.33747680881936,train
735,35.4436640396347,-92.31657613965834,test
736,33.724571895336844,-92.82446622677514,test
737,34.05725049074273,-92.67937655367759,test
738,34.37944022012334,-91.03464203043949,test
739,34.458133715742015,-92.73933018291244,test
740,33.0058124768618,-89.94281189647013,test
741,33.392246298495444,-90.69539748479511,test
742,36.01967597309307,-94.48259428531416,test
743,33.00431571879168,-90.55181205629239,test
744,34.77858574534506,-90.77889861047987,test
745,34.71325702277523,-92.05302616994527,test
746,34.16582956353723,-92.15081753817033,test
747,34.50964457051258,-90.46743128976925,test
748,35.732033981343044,-92.50881711285972,test
749,35.94421297175235,-93.82747215383232,test
750,33.91121990195337,-93.06489280074031,val
751,34.12871654338706,-93.30194405531329,test
752,33.848689985599165,-91.2351366226323,test
753,34.67952190192873,-93.730999450297,test
754,35.391404251805845,-91.41548099092896,test
755,33.79888506412197,-92.30414427209911,test
756,34.15757509719203,-90.44688518082344,test
757,36.25634616156203,-92.20955624620919,test
758,33.169992514464354,-89.99887444519017,test
759,34.61269361833848,-90.14466843440863,test
760,35.490453145588724,-93.69912073185301,test
761,33.52658904045116,-91.20975322881114,test
762,33.165809070019186,-93.55331499686976,train
763,33.483718800734856,-90.52817759803463,test
764,36.21588117735739,-91.46045592195325,test
765,33.03240923637393,-93.15823505942019,train
766,33.659126911839735,-93.38185556693398,train
767,33.10949229515575,-92.48499905442422,train
768,33.38720313646771,-90.64040683183818,test
769,35.17052250319904,-90.66307680307393,test
770,33.8457361805868,-94.45412015899197,train
771,34.99224217650737,-93.11763253910964,test
772,35.06568383968144,-92.51843071155551,test
773,35.973023665814225,-91.70965739318211,test
774,33.01659487519156,-93.87685076619096,train
775,35.98679310769828,-92.95364338797125,test
776,35.16691680249441,-90.21858280777725,test
777,33.56960220136735,-92.25155885833416,test
778,35.70528085847349,-90.92160816656411,test
779,35.99422039626705,-92.21065082271319,test
780,33.88992219313955,-92.3090365952897,test
781,36.21577788315938,-91.529030140335,test
782,34.590601006045304,-93.3309583744176,test
783,35.111985590166626,-93.37848356644794,test
784,36.44627336766175,-89.70291134118871,test
785,34.265376275237195,-90.30110971368347,test
786,35.846057710370395,-90.95335816464527,test
787,34.114396912399606,-93.93839164089401,test
788,35.79724732784522,-94.46978318541171,test
789,35.10256871601925,-93.74819985414045,test
790,33.7572449332889,-89.95947710639763,test
791,34.44909132826233,-90.56303984186253,test
792,34.11172472027246,-92.02031221793177,test
793,33.273379375781275,-89.80516046089917,test
794,33.10442169534894,-93.89148694857556,train
795,34.21267529392513,-91.84102231317,test
796,33.066619517361204,-93.70938603179842,train
797,33.57920715153621,-93.0970498341226,train
798,35.53814162297804,-89.94752895575277,test
799,35.47831932489256,-90.30465577275305,test
800,35.585031352600836,-94.11406003541599,test
801,34.11003609895493,-93.37976728636214,train
802,36.11506809991194,-91.66529787617722,test
803,35.07840691809957,-94.31507664691611,test
804,33.441092196113196,-91.88607930266336,test
805,33.503015315094366,-91.71507756410378,test
806,35.425833994253956,-93.17389310878762,test
807,33.60530377754727,-93.16317878877814,train
808,34.77552445553715,-93.48147603421275,test
809,36.47121066575049,-89.96968844012568,test
810,33.01402661656669,-92.68731043072559,test
811,33.05802930664145,-91.71121275632397,test
812,36.475796036756776,-93.12117436596004,test
813,35.04623591946958,-91.12775989805793,test
814,33.444184914314796,-94.11583688283855,train
815,36.14055769913933,-94.26394153081952,test
816,36.08133105044692,-90.92090970990803,test
817,34.876701445889815,-91.00846024717272,test
818,35.17627210451265,-93.30294335938092,train
819,33.95615517025307,-92.85541783775831,test
820,33.176818937302016,-89.86241530837587,test
821,35.08098663111802,-94.1014784338733,test
822,34.03164317620967,-93.70975907926305,val
823,35.322673663311235,-92.48270932608304,test
824,35.926858118949106,-93.21796843690404,test
825,33.063561903700275,-91.39442751329794,test
826,35.08499821140005,-91.18770943695499,test
827,33.80948188890398,-92.00385122306623,test
828,36.05860974266331,-91.58234941202824,test
829,33.8878257729664,-92.4658984648589,test
830,35.13769546632396,-90.84087534898593,test
831,34.93739294031364,-94.41077046570405,test
832,34.386582750207374,-93.06493005682027,test
833,35.37167267259928,-91.21838269426738,test
834,35.54019372150402,-92.98166381385936,test
835,34.98428228361785,-94.22967965619854,test
836,35.65447783014664,-92.90528326052014,test
837,36.441959765975284,-91.08387098421035,test
838,34.467453357652815,-94.01373521969101,test
839,34.80104068159936,-91.01858211986809,test
840,33.04364457279425,-90.76598508970285,test
841,35.78609994708633,-91.4625553002192,test
842,34.82080523466098,-93.40615677866603,test
843,34.42786500626198,-90.61768207474054,test
844,33.32925187081288,-93.55422076616104,train
845,36.11379747586389,-90.1180698677084,test
846,34.382525340141946,-91.10797087526386,test
847,35.389035593732274,-94.34804196456412,test
848,33.522809547288524,-90.64754302025155,test
849,36.36542370339362,-92.10302530441126,test
850,33.624546166376405,-92.37033498532413,test
851,33.69839697514821,-92.53005937228852,test
852,36.006440011951995,-91.60504856978865,test
853,36.19403960449676,-91.01884485110868,test
854,33.742515926331556,-90.16699621984894,test
855,34.6443031086119,-93.2634642796523,test
856,35.567232165969905,-91.4850419236352,test
857,36.074280068337806,-91.2088772210034,test
858,34.32668443263057,-91.26625821525914,test
859,34.809568203973,-92.16978678051865,test
860,35.59600743681907,-92.67661793542761,test
861,35.55897591828479,-90.83097727917657,test
862,35.7403604550913,-93.12895127391722,test
863,34.99476836524534,-93.58597578288074,test
864,33.36615283881671,-91.90722890701218,test
865,36.16390651807314,-93.28997403741899,test
866,36.0295038876236,-94.45483118106024,test
867,35.793341025364164,-94.36366855538995,test
868,33.34951867006255,-91.16579768385724,test
869,33.715390784785,-89.7834651454194,test
870,35.60260127787678,-92.36019873337841,test
871,33.080990331036816,-93.88910620584387,train
872,36.42728621797548,-90.55412644366912,test
873,34.32000638124488,-93.32066359204062,test
874,35.51759386791788,-89.67173648582872,test
875,36.10649880970815,-91.82057709583951,test
876,34.38120460852529,-93.4638162336563,test
877,34.11696371009883,-92.15485629546401,test
878,35.130593951143865,-92.95315507900665,test
879,35.03346280811818,-90.74602423640407,test
880,34.43198992168679,-94.09409504753397,test
881,35.10621164553698,-90.36069649634824,test
882,36.273834793482735,-90.80633563550725,test
883,34.63674089819309,-90.33902189460962,test
884,33.68859763262721,-90.17188108217293,test
885,34.320220940090515,-93.47800421997289,test
886,34.37937443907592,-92.03060113807376,test
887,33.45888042559177,-90.39588656577311,test
888,33.57005025194094,-92.74438177858293,test
889,35.39596725687787,-94.3197743433257,test
890,34.18817213973116,-93.17057724800358,test
891,36.34214437149533,-93.4176560519702,test
892,33.85258860875513,-90.29578878511515,test
893,33.34623576786688,-92.31468364343654,val
894,35.637265970500906,-91.22278513989183,test
895,36.083626181712546,-89.83826782603282,test
896,33.97339674905021,-93.13303637364554,train
897,33.707308355759174,-90.83683819908885,test
898,33.65018147204881,-94.50686231605196,train
899,34.82704305478279,-94.10254260870171,test
900,34.639458244363695,-93.81553050268371,test
901,33.90803943949087,-93.06728086574364,val
902,33.15810590946299,-92.617153540807,val
903,34.68521969114198,-92.2492310230607,test
904,36.35766321672463,-93.40070320897152,test
905,35.283817202634324,-94.29090986153763,test
906,34.734272948200164,-91.252710233554,test
907,33.38742225910366,-94.50240307293471,train
908,33.88352701692356,-90.59693094475215,test
909,34.0317088235109,-90.00210051899853,test
910,35.67681243412532,-91.08946649911162,test
911,36.06848779042617,-91.65807622914409,test
912,36.15574648748253,-91.3546179092367,test
913,36.44599012887764,-91.37845642831056,test
914,36.43828339086586,-89.98942547374949,test
915,36.335496964687934,-89.827399820166,test
916,33.251377491760095,-92.49924313971614,test
917,33.482277375747316,-91.55311649454237,test
918,34.06563284266611,-90.63004894294117,test
919,34.935143889225614,-94.61484035885448,test
920,33.33942261046918,-92.00073089336625,val
921,35.9602893523075,-91.37520459110604,test
922,35.15864662677058,-91.05548891480423,test
923,34.898275408057714,-92.78711663530049,test
924,33.57858963178552,-93.15064722956039,train
925,33.88639416040069,-93.7147514441575,train
926,33.561092087437906,-91.84765672120817,test
927,35.9817660522818,-90.05106194170696,test
928,35.044797510214266,-90.16698859090148,test
929,35.57295299631872,-92.83096934202628,test
930,34.03611502018509,-93.33845995450714,val
931,34.29938422980897,-90.69969470132624,test
932,34.41699237549287,-91.01684930932639,test
933,35.660052401104124,-92.10846103924666,test
934,35.70323545686099,-92.68651961009188,test
935,33.72384734629911,-94.00472441838649,train
936,36.29538599858335,-90.71786121221159,test
937,33.4222936810529,-91.55120171539897,test
938,36.13642728848271,-92.74689805170206,test
939,33.351384759774334,-90.053623758948,train
940,33.92588933902959,-91.34142664913306,test
941,35.96267487623785,-90.00168283178658,test
942,33.628222253211305,-92.26217007211197,test
943,34.447487759584895,-92.36054941440227,test
944,34.574507549804444,-89.96192072713903,test
945,33.858406405581235,-89.84983660162965,test
946,35.48585820467595,-89.84498642517194,test
947,35.979671272907716,-90.55007995228002,test
948,36.0610129894945,-92.32184146022304,test
949,34.18762751007797,-93.57481250748279,train
950,34.85797638000735,-92.7142988200492,test
951,33.86942241352978,-89.9566614671566,test
952,33.85678775542551,-92.81313515345092,test
953,33.564389219981734,-90.85911438868702,test
954,36.2900665378263,-90.0326683750772,test
955,36.10796090011953,-89.7971509504793,test
956,35.72075549664692,-89.91005949002948,test
957,34.81181532450705,-91.8613637393203,test
958,34.71712770429155,-92.17535602898518,test
959,34.854109831638745,-89.71142667142311,test
960,34.877988047519814,-93.53564935323588,test
961,34.520970796441915,-93.68797459942674,test
962,33.461141915122234,-89.83298398020321,test
963,33.439823485039874,-91.19470173553388,train
964,36.33287400545989,-91.95456907130315,test
965,34.68710765855223,-93.96371252957871,train
966,36.33621933716816,-92.06919596238885,test
967,33.57251907198538,-89.92722086699787,test
968,34.940457932139765,-91.62363012295711,test
969,33.727010386730385,-92.60899574647551,test
970,33.886146121443105,-91.88101808271831,test
971,33.105191025664126,-90.21585891752162,test
972,33.41633658759074,-90.08314215415743,test
973,36.20896942670218,-92.63156181670512,test
974,34.125365470188164,-91.59793681790143,test
975,35.12845224170107,-93.23236301496634,test
976,34.62754946196245,-92.37810607809237,test
977,34.401579358358475,-93.52718329518778,test
978,34.86160131971124,-91.9785828585281,test
979,33.65533630615369,-91.74614652922564,test
980,36.46011364481852,-92.94095142143006,test
981,35.86407754046352,-93.26757204582593,test
982,35.595651214560306,-93.86940273504169,test
983,34.64065753954883,-93.92646797895539,test
984,33.53506992744217,-91.08403825490085,test
985,36.22233050395749,-93.51845912224367,test
986,34.194854735836046,-94.0336542051004,test
987,33.17537341393927,-89.65560770187149,test
988,34.1984128688372,-93.3282149856114,test
989,35.78059960673559,-90.1666398723222,test
990,35.17948060745873,-91.59234580985297,test
991,35.62793504660701,-91.06610127097014,test
992,35.777723843518324,-91.83223300984682,test
993,33.7418411387819,-93.72136836055196,train
994,36.23324160632613,-90.41015368988057,test
995,34.5329636102213,-90.50497535056068,test
996,35.23654777242458,-92.88206323720918,test
997,33.0080807040536,-90.82366203883502,test
998,36.476789744439124,-91.9210899160282,test
999,33.98313735087454,-90.10202577141648,test
1000,33.21722087289054,-90.62996287461928,test
1001,34.6039171453778,-94.4162510240839,test
1002,33.451605200137145,-90.24999841820946,test
1003,33.53314348555151,-89.80622490264692,test
1004,35.21298984560573,-90.93148367295323,test
1005,34.37524587049582,-94.02402975169008,test
1006,36.22648357554248,-90.60734182750952,test
1007,34.117047731128245,-91.40197945816078,test
1008,35.54163044934366,-92.93603320191576,test
1009,34.613848005542174,-90.22636816057245,test
1010,35.309829553952476,-91.80913355838774,test
1011,35.098933748505964,-90.38094818283358,test
1012,34.65474390465649,-91.28953466953632,test
1013,36.32521383118553,-93.18607496458651,test
1014,34.19949774964235,-89.77415708157065,test
1015,33.620324254372456,-91.7821024267404,test
1016,35.3733292130794,-92.05172644812251,test
1017,35.96102646457768,-92.61455714758132,test
1018,33.14088808978973,-93.9423693107039,train
1019,34.57371440947938,-91.20952198622028,test
1020,36.12370691390564,-92.47892798591111,test
1021,35.62366516623003,-89.97497582353246,test
1022,36.4713270077417,-89.82346707196407,test
1023,34.85994834059035,-90.80482494891075,test
1024,35.30998501580403,-93.4148010243984,test
1025,34.05868098398275,-91.0615809864043,test
1026,36.316374598830976,-94.51850389770368,test
1027,34.282174209947875,-90.51278950104229,test
1028,35.5847874944032,-92.16671572156008,test
1029,34.41099071441678,-89.96440394007062,test
1030,34.9663662552205,-92.74253259460995,test
1031,35.519238872575414,-93.3120271857153,test
1032,34.78126953112974,-89.67456999638249,test
1033,36.17480214418328,-91.98253097858499,test
1034,34.467553457747336,-90.32998276422013,test
1035,35.26475129350164,-90.0920458948156,test
1036,34.198268516550186,-92.04321049747634,test
1037,34.42854833880855,-92.35510179016964,test
1038,34.54017537881743,-91.87215680478143,test
1039,33.440324564093,-90.40673467067938,test
1040,33.321032876706525,-89.82563864894404,test
1041,35.336214731013655,-92.98823911643251,test
1042,35.29431208420068,-90.94900700086437,test
1043,35.320183999735335,-93.20168884786891,test
1044,33.069182558699424,-91.58356338458242,test
1045,34.14291394935123,-90.6201957465552,test
1046,33.69233446540719,-90.21416296643338,test
1047,35.72352997890404,-92.38988056413214,test
1048,36.012206404886456,-92.78231425764753,test
1049,33.863381320291516,-93.3603454883059,train
1050,35.33747205596795,-93.95691666302162,test
1051,33.45276981210396,-92.80635968384094,val
1052,33.963033839606,-90.28627031040321,test
1053,33.48529073681697,-92.53851670443314,val
1054,33.9923226830973,-93.04305296591824,train
1055,35.36157791572247,-90.94651274440552,test
1056,36.18614418564838,-93.54854517601909,test
1057,33.70882842773465,-93.34625459163622,train
1058,34.89727662232752,-89.96853401775864,test
1059,35.454868854352014,-94.21449922769244,test
1060,36.33522863969948,-92.55928303419019,test
1061,35.13521169010511,-91.75354657379783,test
1062,33.89287425859583,-93.47560424339541,train
1063,35.18917354919878,-93.22336795335345,test
1064,34.12171906587306,-93.51742853719914,test
1065,36.41644936742098,-92.90442770685861,test
1066,34.39886647307273,-90.15442639726012,test
1067,35.39899702266355,-92.47501088753883,test
1068,33.08129653821366,-92.54338978787855,test
1069,34.40021506147164,-92.69869302553329,test
1070,36.062876646628794,-89.82834483712026,test
1071,35.13579605551636,-94.03702180198752,test
1072,34.553800102385914,-90.28677915793135,test
1073,36.27578124802504,-92.99400949339197,test
1074,35.9889453165153,-89.8661373892244,test
1075,34.127754858380285,-93.05332058616902,test
1076,34.90591940714469,-94.20811441461609,test
1077,34.71438489632362,-92.035391834768,test
1078,35.212708750402015,-93.48750807082975,test
1079,34.169389434355644,-90.87764061709733,test
1080,33.85471750268061,-91.35319107691006,test
1081,36.19435142339437,-91.20824828512579,test
1082,36.23356074824477,-93.65835724160515,test
1083,35.95163010016692,-91.09810758352086,test
1084,36.423715507675965,-93.07268479590773,test
1085,35.60747034022891,-89.65659008054145,test
1086,35.676335299967,-90.98311471452219,test
1087,35.66906532186924,-91.68565480817969,test
1088,34.68212670829807,-90.31042463729874,test
1089,34.59758268079995,-91.69112085239445,test
1090,33.84079196652151,-91.8728331621256,test
1091,35.256867180257515,-93.44054145405727,test
1092,34.01262047635817,-91.24978338323264,test
1093,33.90232943395824,-92.75801719160017,test
1094,35.05086480933619,-94.40587933977372,test
1095,34.434938358787655,-90.56417287204131,test
1096,33.76599813078121,-94.36219036175575,train
1097,35.85619605863491,-91.27866838948259,test
1098,36.011994717530314,-93.84109716931998,test
1099,33.58694831887223,-92.4701295026428,test
1100,33.0262746148,-90.3503144570228,test
1101,34.176454889852806,-94.1507348409027,test
1102,35.79128792488263,-91.30426112759348,test
1103,35.93710853182014,-91.57528484984417,test
1104,33.48415174540617,-90.30837716060923,train
1105,35.71017565414068,-93.76150768951939,test
1106,33.404964585583,-90.64505610196005,test
1107,34.365219065547855,-92.38289765219561,test
1108,36.4951333025417,-92.48963975490858,test
1109,33.67406788130818,-92.82193177632583,test
1110,33.53887253902169,-92.7036964934063,test
1111,34.47980116391378,-92.03580065666664,test
1112,35.16883984089451,-94.08920488007038,test
1113,36.26515273844639,-92.5074226267314,test
1114,36.43287400936562,-91.37965336115418,test
1115,33.243742228069884,-92.14398400341159,test
1116,33.482991310717665,-93.79582753981738,train
1117,35.76758290863598,-92.8156330420956,test
1118,33.947212532948015,-92.41848047810313,train
1119,36.096971708272264,-91.29569217127415,test
1120,35.32208640030181,-90.14319137698864,test
1121,33.39145680833237,-91.88463370243855,test
1122,35.913852497234025,-91.2584504032567,test
1123,33.61724733002826,-94.23636756156617,train
1124,34.48223388137879,-89.87629886414247,test
1125,34.932647249957654,-93.05341280893306,test
1126,34.75268152178097,-92.85917000405104,test
1127,35.40157020465303,-93.5124713802117,test
1128,35.28440357204239,-94.19918974332522,test
1129,36.47214701934819,-90.69346745299501,test
1130,36.49797668228466,-93.42476429392033,test
1131,34.80760790922474,-93.2150419553338,test
1132,33.33319680436303,-93.71647250526684,train
1133,35.54745154639051,-89.77482015691457,test
1134,36.41832427375806,-90.73825705752236,test
1135,34.11414235670157,-89.99839873959593,test
1136,34.61423110043151,-90.33723486574407,test
1137,34.48671923685409,-90.11570490626005,test
1138,33.17996704094925,-92.23920076230952,train
1139,35.35292550928206,-93.77240905633522,test
1140,34.236681932739636,-92.99540473824301,test
1141,35.75612356121026,-93.16651596060093,test
1142,35.91242026348695,-91.05584482712126,test
1143,35.87430775309246,-94.4924067490525,test
1144,34.45833099313958,-93.91405019185765,test
1145,34.12540988784315,-91.22606095233334,test
1146,35.62087272883469,-94.0064915016118,test
1147,35.80486301844953,-94.37998950167112,test
1148,34.71940106236978,-94.07720063188239,test
1149,36.12560856837706,-91.18734945937581,test
1150,33.503680436274955,-93.92755346075865,train
1151,36.076740728806364,-93.8928673251517,test
1152,33.33633331540158,-93.47540802210729,train
1153,33.53733932719115,-90.88797380014329,test
1154,34.86844004645886,-93.62424602606394,test
1155,33.23631468065595,-94.4441842782807,train
1156,33.184824854900384,-90.11785912278758,test
1157,33.00181560457997,-90.26469743127412,train
1158,34.52710830892992,-93.70144956554454,test
1159,35.71118358452281,-93.30124732882594,test
1160,33.12193422597971,-93.68286886992512,train
1161,35.28290162263049,-91.04391334136021,test
1162,35.88094561095665,-93.37745584557952,test
1163,33.58800297002255,-89.99069470582884,test
1164,33.51402307187492,-90.50662410881367,test
1165,36.012803407671875,-91.69564639597873,test
1166,35.88093613482533,-94.57557702317285,test
1167,34.886296181924656,-90.22816305010917,test
1168,35.86719957752893,-91.00302461673321,test
1169,33.32464627098573,-90.7041002391912,test
1170,34.38068531278564,-94.26302873327721,test
1171,35.5822914463723,-91.09845595401384,test
1172,33.90108185763387,-90.62119031608802,test
1173,35.63315120051743,-89.86552227989944,test
1174,34.76462511536785,-91.7350617502713,test
1175,35.62593095781882,-92.09503199556363,test
1176,34.626378732500655,-92.5057779537899,test
1177,34.28766519077636,-91.13460022560572,test
1178,33.76716225767521,-90.04351811556838,test
1179,33.729327695022555,-91.6392174078813,test
1180,35.63021783699988,-93.49040030170356,test
1181,33.41618621811886,-94.5326574669634,train
1182,33.30093822538831,-91.5430078022104,test
1183,33.617019777577454,-90.32294849654531,test
1184,33.61371279008873,-94.29210287046016,train
1185,35.88087667982415,-92.64407109146211,test
1186,34.394773182159746,-89.94796677737791,test
1187,36.46635960076169,-92.12666533059168,test
1188,33.480239402267145,-93.5233285979507,train
1189,35.28738938992775,-92.86232763350883,test
1190,34.570553275204375,-92.59154635601182,test
1191,34.37521361843976,-94.03707111334855,test
1192,36.06279469668929,-91.33586254807341,test
1193,36.4145847603994,-91.6769432844104,test
1194,36.05500635570962,-91.40081729700809,test
1195,33.67305237662296,-91.58436590365947,test
1196,33.772792724231266,-94.53713982060695,train
1197,35.29625857683272,-93.7529196376554,test
1198,34.01179253573367,-93.79710715032908,val
1199,35.571537957732026,-94.133181113099,test
1200,34.98247227783376,-90.96468540720457,test
1201,34.92818068971641,-94.0229180440419,test
1202,35.89991423693575,-91.29907545495179,test
1203,35.48686470109937,-93.73340016102124,test
1204,33.09302217749052,-94.0319984141078,train
1205,33.173106980011056,-93.8122256583781,train
1206,35.10545458359606,-92.09323482100605,test
1207,34.70167226467797,-91.41195192600696,test
1208,33.91064629370047,-90.58473344551355,test
1209,34.465296305601804,-93.98104583884079,test
1210,35.65268611556501,-91.55755186549243,test
1211,35.89314019630275,-90.7740171909261,test
1212,34.964280737615155,-93.06734629760582,test
1213,34.34879318299986,-94.22381357054384,test
1214,33.94743866523287,-93.84494856355943,train
1215,34.826714647692384,-94.16495352162454,test
1216,34.101623664975335,-90.2105567028173,test
1217,34.97433297966528,-92.74779270824963,test
1218,35.36828333878373,-92.01895743247515,test
1219,33.231277238217885,-90.79961988553256,test
1220,33.003736127579614,-92.77365284206,train
1221,33.7429699859426,-91.39395980650077,test
1222,36.130790242015735,-94.23890112950437,test
1223,35.26201767129996,-92.22989893158406,test
1224,33.60186123177958,-94.14030073813358,train
1225,36.115923866382666,-93.38602782081927,test
1226,34.64484579100569,-93.16209608685053,test
1227,34.66632114837531,-91.05360849468188,test
1228,36.27439680344929,-91.26970219414241,test
1229,33.20820342264169,-90.9070119580126,test
1230,33.753123961200515,-94.31307741523045,train
1231,35.050199638041526,-89.68024636549997,test
1232,33.68420278353702,-94.34953245731245,train
1233,35.37834453223135,-90.5160334765474,test
1234,33.74932301267852,-90.94086340060174,test
1235,33.34704939709585,-91.67894390125566,test
1236,33.72444805874294,-92.43887988922941,test
1237,34.47956911995222,-90.8570522042472,test
1238,33.61648404710578,-90.94290671775384,test
1239,33.471422087231716,-93.93822367261568,train
1240,36.01098660176629,-90.68061660938449,test
1241,34.121390212590576,-94.22957172274823,test
1242,34.26265540281389,-92.13228567362118,test
1243,33.193446433254294,-91.41394332196106,val
1244,34.25079368225719,-90.53620637884512,test
1245,33.92682512062553,-92.31834221607753,test
1246,35.13669773569626,-93.44281535450123,test
1247,33.718866041853424,-92.18142171118068,test
1248,36.10927908571994,-93.37646569112752,test
1249,36.253833173218446,-91.99223485416294,test
1250,33.349408700118765,-92.3213343299606,test
1251,33.37591034701002,-90.74089271576055,test
1252,33.40364253338846,-93.42675213619063,train
1253,35.16849239708609,-93.62607363457401,test
1254,33.42689137473368,-92.26329886235222,test
1255,35.98333811275593,-94.36899330500148,test
1256,35.63995030228262,-93.48017707667555,test
1257,35.86933100383308,-92.86208657648717,test
1258,34.841211844101075,-92.19648032857228,test
1259,36.48837024031704,-93.28089954520995,test
1260,33.15461286030457,-91.83363662129922,test
1261,34.4044273746514,-90.2542791077675,test
1262,34.133778341281726,-91.91767451705272,test
1263,36.32025924549424,-93.19440757696994,test
1264,35.019013354741574,-94.3119545691485,test
1265,35.82166837905654,-93.94076846540084,test
1266,33.59619417780482,-91.83074967832047,test
1267,36.42521950365153,-91.22196707462123,test
1268,34.7452384140671,-94.37315032053627,test
1269,34.72785226694726,-93.697817346324,test
1270,36.39809654991008,-93.03416608473745,test
1271,34.33256326426001,-93.0307276488639,test
1272,34.39133758594247,-89.85671713953553,test
1273,35.04663445981728,-93.60726012822616,test
1274,33.448184136917256,-94.30927386308883,train
1275,34.123799692441494,-92.86551629831779,test
1276,33.67622912855796,-93.9518234039825,train
1277,33.36149217687468,-93.99088763327514,train
1278,36.03150612215857,-92.59497021424788,test
1279,35.062659081446164,-93.09723603792776,test
1280,34.25535477034769,-94.16411792250787,test
1281,34.430342820783494,-91.61661195574558,test
1282,34.51031651290574,-92.12655216287887,test
1283,35.216022137506485,-94.23681464531202,test
1284,36.243692870211476,-90.33215996414971,test
1285,36.264728668799435,-93.20497610068472,test
1286,34.370221928357324,-89.84193749881253,test
1287,34.15241860859219,-89.99025299619507,test
1288,34.57866275064839,-92.4625397676928,test
1289,34.98776980649973,-93.48402230602149,test
1290,34.61636269007412,-90.4707820187248,test
1291,35.30563693435845,-92.82440936713644,test
1292,34.94039658182917,-93.80715304748365,test
1293,34.12250441342927,-91.87850965237986,test
1294,34.21005782016921,-92.18766985977472,test
1295,34.32507475645906,-90.39541114229465,test
1296,33.33123918887286,-90.99547154219853,test
1297,33.581219213448904,-90.26558675042133,test
1298,35.53089830750885,-90.96852652543475,test
1299,34.36183849032728,-91.42839044558045,test
1300,33.7508864039605,-92.13411955318325,test
1301,34.969353437012,-89.71186015120266,test
1302,35.64438839865699,-89.85295082471914,test
1303,33.9009782682088,-90.40120068176734,test
1304,35.893764586733106,-90.76666350748593,test
1305,36.246267008687674,-91.749529035911,test
1306,35.09088085175844,-93.32902579818476,test
1307,35.34131680647053,-90.26906803537283,test
1308,33.184015966130694,-94.56624380965158,train
1309,36.30931961857667,-93.48962336503416,test
1310,34.373696569927304,-92.61344974793019,test
1311,36.23365140190901,-91.70679893848667,test
1312,35.02642133662585,-91.83242977780904,test
1313,33.01616579595164,-93.74619534286514,train
1314,33.134896997632026,-94.09915294692675,train
1315,35.38146581984473,-93.51502522990117,test
1316,34.969338048411764,-92.88691731918448,test
1317,33.09286353022126,-94.55015317103718,train
1318,35.60210986427835,-91.17849457186722,test
1319,35.98250867974214,-93.38879464438467,test
1320,34.73746118853758,-92.87351995035465,test
1321,34.63015104125039,-92.95553859779803,test
1322,33.0191558809212,-92.07620588963375,test
1323,35.753273993727596,-90.34679538118979,test
1324,34.15750623361137,-93.87753193107747,train
1325,36.07567266923889,-92.92658624724059,test
1326,34.30571205645319,-91.18061682557304,test
1327,34.97777268720747,-94.40016987599624,test
1328,33.94619625869765,-90.49500618324376,test
1329,33.562059094047214,-89.8397290517278,test
1330,35.712177661834644,-91.60004310316751,test
1331,34.73806667596199,-89.86615339597732,test
1332,34.87770773313288,-92.56708270772423,test
1333,36.378955837186076,-92.55729229864397,test
1334,36.37252969277754,-94.09194292021522,test
1335,35.994747425958415,-94.44382873305115,test
1336,33.65663252467762,-93.40481353887137,train
1337,35.07995443005553,-92.2437005742073,test
1338,36.07351598629438,-92.09681851741145,test
1339,34.31062377757128,-93.53865035274508,test
1340,33.353871580774545,-91.57435579693271,test
1341,35.83837015783973,-93.71940680205321,test
1342,34.6861724297676,-92.99873063286257,test
1343,34.975374381257126,-93.64732370950905,test
1344,36.43750503711246,-91.15758190804902,test
1345,35.12524000672925,-92.05263463413512,test
1346,34.487427849831356,-90.9615775376091,test
1347,34.29494528746519,-94.3354765971295,test
1348,34.46166752428916,-92.50595046123135,test
1349,33.41439679112534,-89.81421586246235,test
1350,35.7816269544615,-94.35351101190938,test
1351,35.93200900365464,-92.54065791221107,test
1352,33.99538997100693,-94.41922085228757,train
1353,34.0632881644348,-93.89113299477513,val
1354,36.060169897171846,-92.32124353568194,test
1355,33.08389624434784,-93.83715841351027,train
1356,34.8216010531853,-92.04178553792971,test
1357,34.62286500138525,-90.03402353663276,test
1358,35.41544369352461,-93.6239744357588,test
1359,33.57187095052309,-94.08728304673038,train
1360,35.33915759278304,-90.51837548694473,test
1361,34.31856902756207,-92.33245885835365,val
1362,35.16550172359375,-90.23342283874464,test
1363,33.140332534554716,-93.09856722551304,train
1364,34.61604519014578,-91.50116593422017,test
1365,34.8278781289383,-90.03113163512073,test
1366,33.750142409992456,-93.76667187674391,train
1367,33.48868278962692,-90.64037906025214,test
1368,33.659660060543054,-91.48136175326972,test
1369,34.20449377322172,-90.57965467920354,test
1370,33.3388355225674,-93.77165407558306,train
1371,36.315619285053614,-92.46259024242505,test
1372,34.41747921523536,-93.97967897446955,test
1373,35.831393608773624,-89.84839192331275,test
1374,36.41045993088096,-94.30842213688814,test
1375,33.28257348000959,-94.29454751196789,train
1376,35.28084313777248,-90.15616372485695,test
1377,36.04993180359425,-93.12521212375576,test
1378,35.21982051888355,-91.65281043674968,test
1379,34.50159142475094,-93.19124662133069,test
1380,34.508767251732785,-91.39567087313117,val
1381,33.12564610102576,-93.66342723472798,train
1382,34.871102629512464,-92.3394187934842,test
1383,36.477400488753965,-91.96854389134144,test
1384,36.35547634090177,-92.96179483527297,test
1385,33.141397300947574,-93.36904796199332,train
1386,35.47028951270321,-93.92317286167406,test
1387,34.056177033439255,-91.11046264854964,test
1388,36.16046203692148,-93.78363490150772,test
1389,33.157901609982474,-93.16813183579492,train
1390,36.27555935703878,-92.94556343985592,test
1391,35.93116510325722,-92.36179701901105,test
1392,33.4112653378841,-91.12823356323618,test
1393,33.209385180610546,-92.49311268077109,test
1394,35.921476825144275,-90.29066470146566,test
1395,33.54515184841103,-91.2414653362977,test
1396,34.872143535415546,-90.45272102083301,test
1397,36.20510700257548,-91.05972081218523,test
1398,34.986068397422635,-93.88129995480962,test
1399,34.39031655515488,-89.75970130973548,test
1400,34.55755619198897,-90.71066625913123,test
1401,33.22091009746355,-91.77357280988896,test
1402,36.39063312476559,-93.79880222453151,test
1403,34.08728964778379,-93.7617771765625,train
1404,33.66277222085499,-91.56677406094511,test
1405,34.001165556441386,-92.55150024898,test
1406,36.37530618212018,-91.26097828243974,test
1407,33.330001187208026,-92.76903420724848,val
1408,36.03556064175413,-92.07115949786073,test
1409,35.477453630405066,-93.68584855131911,test
1410,35.9050671270566,-93.84865031285969,test
1411,36.415641391287636,-94.24404552441851,test
1412,35.947541294309055,-90.5463926546542,test
1413,36.30183822947249,-91.85973032964908,test
1414,33.44427339876822,-89.9127090316639,test
1415,35.7852599780844,-90.89505318164414,test
1416,34.909864929283664,-90.79924709356003,test
1417,34.90223458277951,-92.08997958204084,test
1418,36.1462255171218,-90.56719393546751,test
1419,36.40131336526349,-89.93794467679034,test
1420,35.46693413065113,-91.03295094589288,test
1421,34.69028436315124,-94.09522296379161,test
1422,34.59741350265646,-91.38443129951008,test
1423,34.352195100281136,-94.02144693516178,test
1424,34.26559660350432,-94.23620456057922,test
1425,34.37027394589551,-91.17628498657379,test
1426,33.31413632337918,-90.47111640333753,test
1427,33.271026298411535,-93.83055779107505,train
1428,35.72954445355309,-94.25148141840876,test
1429,34.56125512522079,-90.21398121586554,test
1430,36.25739570990617,-93.96291959515538,test
1431,35.142773530078834,-94.44562211409364,test
1432,33.123115937645466,-91.03635978723055,train
1433,33.55133169461118,-90.40685369614616,test
1434,33.72036927554553,-92.0630674929228,test
1435,36.415076085363815,-91.93657153685388,test
1436,33.765464791530725,-92.94580325174493,test
1437,34.80514486700818,-93.43483790163484,test
1438,36.27661926074069,-90.86649661122735,test
1439,36.42017455470025,-90.39905649163842,test
1440,33.82726152384241,-93.02341355191898,train
1441,33.17191175312514,-93.25911865116802,train
1442,33.53760641388215,-93.2890751538611,train
1443,33.221649675458956,-94.3685407724289,train
1444,33.682934843823176,-93.22305712654331,train
1445,34.989994001463074,-94.49251494266404,test
1446,36.193570787034744,-90.7016141163322,test
1447,34.88026609293019,-93.34804365971614,test
1448,35.19096344844678,-91.18992870892373,test
1449,33.7065353806334,-91.92035372386344,test
1450,35.802042672358475,-90.45780575901333,test
1451,35.162261179769544,-89.8469177240416,test
1452,36.024478902174536,-92.79456067777805,test
1453,36.32095087452024,-94.18094612514851,test
1454,34.21765271514807,-90.89426055100196,test
1455,33.31702670487404,-94.51412743879007,train
1456,33.79075135270874,-93.51187222760336,train
1457,34.53244547986543,-94.35534417768851,test
1458,36.30992778138565,-90.15620259304953,test
1459,34.32408437830696,-94.5936735039432,test
1460,35.6977062478288,-92.1710714398743,test
1461,34.89166842259764,-92.51272433801988,val
1462,33.63983069650842,-91.37585901719575,val
1463,34.12256941633708,-93.17997187981084,test
1464,35.286171597579866,-90.2777338596668,test
1465,35.354986881397124,-90.97030166434048,test
1466,34.52165911383166,-92.47149670281861,test
1467,33.8002596093174,-92.84060953992267,test
1468,35.52667372829437,-90.56503540993701,test
1469,33.5910556456445,-90.85741031627722,test
1470,36.27834392152794,-92.6369697116205,test
1471,33.65766252662767,-92.92338184282767,train
1472,33.37559326991382,-94.42672669137717,train
1473,34.74176695827882,-94.21391499016248,test
1474,34.818423593383926,-94.35202527589546,test
1475,34.77867520172386,-94.49865503285031,test
1476,34.528336212685936,-93.86022426076032,test
1477,36.48185212490363,-90.36000516612755,test
1478,34.701982144347035,-90.65314822554336,test
1479,34.67281303258941,-90.41749797629387,test
1480,34.476181219500965,-91.51971220371541,test
1481,33.23389014145512,-91.51840638683387,train
1482,35.07534820902366,-94.00405921963151,test
1483,33.79788720278114,-91.14614219239735,test
1484,35.23163143080168,-93.22826873797375,test
1485,33.17791711681967,-92.03931095096259,test
1486,36.434854854385506,-89.87502865910974,test
1487,34.641517776544354,-90.29304149023743,test
1488,36.13864380056744,-93.46102826873992,test
1489,34.66446410631527,-90.95884643996955,test
1490,33.211157865009774,-94.10266897270273,train
1491,35.87774741132832,-94.48708984585217,test
1492,35.26864305383497,-94.47997385433416,test
1493,35.73614966650881,-93.77387497343648,test
1494,34.49859452228106,-91.16610644159385,test
1495,35.232778604863256,-92.81436970951366,test
1496,35.996801513288126,-94.54076607833555,test
1497,35.20872905005161,-89.7095275220571,test
1498,34.21685772192566,-91.969109335937,test
1499,35.3188535802817,-92.66241533089676,test
1500,35.351489660149234,-92.04131602160732,test
1501,36.36205436877319,-92.03574457800302,test
1502,34.29819312539584,-92.28292421184783,test
1503,34.48778618629946,-91.5736439448091,test
1504,35.84243036415471,-90.21843569925453,test
1505,34.770168101599594,-93.12048295037688,test
1506,35.578005825905066,-92.19976594445558,test
1507,34.60898312558757,-94.60188933890207,test
1508,33.75423299634445,-90.34672302184853,test
1509,35.60821344973354,-93.09965767210181,test
1510,33.45904309214649,-93.271654415308,train
1511,33.695042822359575,-89.66224026902117,test
1512,35.19388743974473,-91.71556709443642,test
1513,35.615444300672245,-94.00847506667928,test
1514,36.13140760403735,-93.30034089962896,test
1515,33.95405274095562,-92.86446385631643,test
1516,33.38753490510194,-89.71928156208286,test
1517,36.3461633083292,-92.47981026076316,test
1518,33.5404808080775,-93.47623407818475,train
1519,33.69183443789124,-91.7884370919583,test
1520,34.01965308745463,-92.60834449945666,test
1521,34.85286973909201,-94.34684687093491,test
1522,36.08988948111927,-90.34122952610201,test
1523,35.661911079554535,-94.54203298940199,test
1524,35.47855143844922,-90.15453633034498,test
1525,33.61313198749601,-90.68446224309905,test
1526,34.25188921034091,-94.24315864559222,test
1527,34.674417241303374,-91.02365294326913,test
1528,33.51599083719955,-90.78841983976758,test
1529,33.957003957443355,-91.62653384505944,test
1530,34.07916621383495,-91.74897612322407,test
1531,33.44546669415164,-94.37305547954757,train
1532,34.9258389216789,-94.32430303204077,test
1533,35.46759868783467,-91.00537541031659,test
1534,33.24476071016901,-94.09534106077302,train
1535,34.683930856171024,-93.41803481948881,test
1536,35.737739183437284,-92.14078212869791,test
1537,35.61796545133356,-93.80410654214498,test
1538,35.85275583676564,-90.69449738406638,test
1539,34.568842216097124,-90.60733122181793,test
1540,35.871949789239515,-90.43454824003337,test
1541,33.84263574924994,-94.37364643974972,train
1542,34.2628369649613,-92.4934703886689,test
1543,33.617244517462304,-90.41081916660976,test
1544,34.636195888,-92.81479963017571,val
1545,34.37221007845405,-91.16177271973459,test
1546,33.84324490745009,-91.69144785617566,test
1547,35.63123248230774,-92.89437317496532,test
1548,34.09846370239076,-93.2462679994206,val
1549,33.954815155510424,-91.37586683226596,test
1550,33.45811615797673,-93.95588803909561,train
1551,34.53587595630682,-90.34519108013384,test
1552,34.060376200930556,-91.7550760978289,test
1553,34.29245494469339,-94.06582757952458,test
1554,33.82599041917194,-91.12346760338899,test
1555,35.67104421436965,-92.47737062708438,test
1556,36.25501171574151,-93.60571536564503,test
1557,34.742761484761104,-89.84348561416343,test
1558,35.25049448169291,-91.04335050847831,test
1559,36.03510296812347,-91.67282169205987,test
1560,36.495903730667806,-90.40113011013497,test
1561,35.147307696554414,-91.9169671442857,test
1562,36.114228132889544,-92.42589105670547,test
1563,36.18012886294475,-93.67844910649228,test
1564,35.77008020732668,-93.85764958716265,test
1565,34.61325986875588,-92.47311249763192,test
1566,33.28403900148365,-92.35380634223326,test
1567,33.05531944404047,-90.97543684900329,test
1568,34.67020221649024,-92.42283750011673,test
1569,34.73010086737116,-91.67199877318988,test
1570,34.425768357520404,-90.48238293534106,test
1571,34.98858572951978,-89.68312656331261,test
1572,34.93256946156549,-93.01704918369813,test
1573,35.92814564361443,-90.13728631527002,test
1574,33.38029986141792,-90.61392716688762,test
1575,33.78812183136941,-94.28200674911183,train
1576,35.775517426358704,-92.95923011365616,test
1577,35.96742903528279,-93.53135648962312,test
1578,36.481884747673035,-91.3180101660577,test
1579,36.055192057354795,-91.8601632929981,test
1580,36.114646524753155,-92.16059026862992,test
1581,34.100217799204664,-90.82508809387635,test
1582,34.405815719032816,-92.96345578181445,test
1583,33.93829786687193,-92.71772109110027,test
1584,35.122047893674505,-90.31779927731952,test
1585,36.28581873972463,-89.78812370897778,test
1586,34.206243102790665,-90.76150401638388,test
1587,34.94950623658507,-93.54115725535719,test
1588,34.0370487065872,-94.06012138814569,val
1589,33.594299908204476,-93.58025041560397,train
1590,33.6831493543653,-92.51887601583621,test
1591,33.202808705883456,-93.44361577209425,train
1592,36.3225273305324,-90.14182549408211,test
1593,34.410078629776706,-91.28650717821583,test
1594,35.91942312200738,-92.54885565342842,test
1595,35.38465315441392,-93.25915568767805,test
1596,33.6717240649388,-92.72811480444942,test
1597,33.614117863026806,-92.25402854102735,test
1598,35.841958705286906,-91.07230290968664,test
1599,33.92649098716838,-94.17597245560248,train
1600,36.19649814295691,-90.40130028924895,test
1601,33.49019391641322,-93.986026645283,train
1602,35.371980150590645,-93.315623092597,test
1603,35.850658566108265,-89.68185821801026,test
1604,33.82339735945476,-93.67466308880007,train
1605,33.96672577209798,-94.11732332670186,val
1606,36.3758161014872,-91.44712564946357,test
1607,33.92609161871155,-92.66614847313942,test
1608,34.50484967465017,-94.16357789168552,test
1609,34.51380457634828,-94.60140013110525,test
1610,33.885621624753895,-94.22656696538407,train
1611,35.71526880252982,-92.02200417350363,test
1612,35.701472701302045,-93.47246206269922,test
1613,34.32411304978325,-90.75556589243483,test
1614,35.92294026878257,-90.35818209363345,test
1615,33.74576227039651,-93.90017990195498,train
1616,33.015070214836875,-92.9450112424497,test
1617,34.99908576719509,-93.89152659642306,test
1618,36.47927220358333,-93.19513726319772,test
1619,33.135255084394096,-93.43115403880967,train
1620,33.72799325797961,-90.70928144234219,test
1621,34.81620124870479,-92.9029660002701,test
1622,35.834792577557046,-92.15704295024145,test
1623,33.31164701776269,-91.27074132579929,train
1624,34.38332128815613,-90.53338445371364,test
1625,35.6147653022046,-93.12299082109742,test
1626,34.30040122942226,-93.58017328151102,test
1627,33.660927471664735,-89.75708673243335,test
1628,33.68423539588805,-93.02886670310194,train
1629,34.43517075420248,-91.28479154707105,test
1630,34.67795976182062,-91.25113002783132,test
1631,36.01635046235605,-92.06527365537029,test
1632,35.24788346498798,-93.48461619594175,test
1633,35.41640684080426,-93.91695661785775,test
1634,36.44045510037567,-92.19952975977529,test
1635,34.44145204105341,-92.08068020254446,test
1636,34.41174041137195,-90.77636721882926,test
1637,36.23171438704034,-91.0921277835576,test
1638,33.86056455451771,-90.08715484418575,train
1639,35.554353362060034,-89.79482300741847,test
1640,35.64100598376347,-91.0025789087883,test
1641,33.34225799105905,-94.23973909331364,train
1642,34.638809919927546,-92.606562003191,test
1643,33.70196864962544,-91.59425222189181,train
1644,33.6488134548087,-91.68673049489371,val
1645,34.62339838662007,-93.71822438442193,test
1646,34.01300397627823,-91.72276469462918,test
1647,35.78621156669055,-92.88208787582923,test
1648,36.17661711986669,-92.93553358112673,test
1649,35.80952211850928,-90.47498518365286,test
1650,33.93110805417583,-92.52299220141896,test
1651,33.95947037791013,-91.99884210829967,test
1652,33.89154922541113,-91.82252188065864,test
1653,33.47263333619683,-91.82190600413747,val
1654,36.30329428836299,-93.56078607649664,test
1655,34.40716729354974,-91.64071678514944,test
1656,33.786413160910556,-92.95692066354773,test
1657,35.96334867677885,-91.36454913585705,test
1658,34.39718355930226,-93.89588293314034,test
1659,33.12290883888383,-89.67924549467067,test
1660,33.566795495873706,-90.78294484147663,test
1661,35.2373761912466,-92.546260375583,test
1662,35.74016845960104,-93.12228130120452,test
1663,33.7382703597105,-92.69262388695532,test
1664,36.210884562431495,-91.03559488431385,test
1665,35.978489920182575,-91.36262323606472,test
1666,35.96933263921378,-91.13060021535709,test
1667,33.79681401379725,-90.20167399860586,test
1668,33.176875960275204,-92.35221272523727,val
1669,36.03598238818904,-91.29247989221511,test
1670,34.07030080058499,-92.42570546384945,test
1671,35.16620733410734,-91.44865255174422,test
1672,35.65988409295255,-92.26012652429415,test
1673,33.449026404788924,-90.75998177213067,test
1674,35.73293424081667,-94.59385718727985,test
1675,36.28479010636373,-93.54791654972479,test
1676,35.54931238011243,-93.14670500293867,test
1677,34.54427961968195,-89.92138930393196,test
1678,36.06837348563096,-92.09998032155443,test
1679,34.84610170525396,-92.80917115640925,val
1680,35.606698247358636,-92.61056878540006,test
1681,35.871770803505115,-92.3744432513403,test
1682,35.62273501594652,-90.30688296113357,test
1683,34.00749206616854,-89.83719074756972,test
1684,33.41245365317041,-90.42450174049105,test
1685,33.83418485276721,-90.43696588580784,test
1686,34.76006227943124,-93.63089489855136,test
1687,34.768469228025836,-93.2846699833416,test
1688,35.03925522260088,-91.65763557262625,test
1689,34.382856431417615,-91.3589970551967,test
1690,35.754119835075095,-93.61255429397298,test
1691,36.19603812621523,-90.91097909244982,test
1692,33.86353768717815,-93.62618114198966,val
1693,35.57783126195661,-93.31283708645061,test
1694,35.372901483907654,-93.0952261762314,test
1695,34.830816747477606,-90.41542266004313,test
1696,33.65985581855956,-90.98154303255171,test
1697,35.78331290503948,-91.98249338445082,test
1698,36.36219199970091,-90.54584598826958,test
1699,35.52642716281765,-90.57974661074047,test
1700,36.21250998819007,-92.68252951313485,test
1701,36.444648427318,-90.73625668118753,test
1702,34.23217735983734,-93.59497342315177,test
1703,35.233782435242176,-92.11895261572113,test
1704,34.65876458173327,-94.03233859996831,test
1705,36.453200614021306,-92.49883140661146,test
1706,33.328327384027034,-92.03378212425707,val
1707,34.44331220004029,-94.22280576115713,test
1708,36.064386655845325,-92.32081457419321,test
1709,33.994179586842804,-91.38119740148814,test
1710,35.75727497723605,-91.56798147331865,test
1711,34.33974106973089,-94.34986117718145,test
1712,36.429924889615556,-94.14616176103624,test
1713,36.092354427482974,-92.87375945760296,test
1714,34.05462125181916,-90.43185195710696,test
1715,35.69567589738249,-90.29731241575821,test
1716,34.17899790341644,-93.0812240375516,train
1717,35.12226994075437,-91.04710633634997,test
1718,35.30468268937652,-91.75036875601234,test
1719,35.903583931799965,-89.73239137396563,test
1720,33.08557794308705,-94.14961975592024,train
1721,33.77055261903305,-91.89703271106593,test
1722,35.49171233706002,-91.67508788510987,test
1723,34.972331329393384,-93.09088720237295,test
1724,34.734617773704,-94.3866423599674,test
1725,33.19323484847793,-94.3610404576315,train
1726,34.2189655921151,-92.36551827062283,test
1727,36.02785081168727,-91.17840526646373,test
1728,33.108124929626115,-91.14012634455847,test
1729,34.387526823776845,-93.72057984688254,test
1730,36.3080190068477,-90.35587845920125,test
1731,33.17808257090755,-92.74550274293037,train
1732,35.623970128656225,-89.82709152719708,test
1733,33.901644156637126,-94.03274661690459,train
1734,36.03313091253786,-90.46282014778166,test
1735,35.61123792635778,-90.10555937837013,test
1736,36.09996809800427,-90.53130263506566,test
1737,33.75573676650943,-90.60005952823758,test
1738,34.859524641865114,-92.82428922343743,val
1739,35.727444802511805,-91.07468475959676,test
1740,33.85994910048243,-91.74064756692384,test
1741,33.80761206843526,-92.51033871678685,test
1742,33.09513746724155,-89.68423487061321,test
1743,36.35480352891408,-93.17644005081875,test
1744,35.485059080191185,-92.56667420972671,test
1745,35.22446123903565,-90.13278064442956,test
1746,35.60398152943247,-93.18362885289152,test
1747,34.86064521543404,-93.86117472362118,test
1748,34.666468373816436,-93.07930124414267,train
1749,34.57336284393232,-90.8462209648041,test
1750,35.241537242362746,-90.34652557177975,test
1751,33.70537241387334,-94.05120841151687,train
1752,36.10820543255204,-91.53008797505812,test
1753,35.841133299267426,-91.80058407919414,test
1754,34.22347264008212,-91.29607500599857,test
1755,35.025132538843835,-91.28484983549983,test
1756,33.49359554982505,-89.85144667277535,test
1757,36.403211867767595,-92.89774983411911,test
1758,36.16012440670599,-93.13015839897318,test
1759,36.2266412727472,-91.73131032946553,test
1760,34.16257066696208,-92.48579025758386,test
1761,33.59197147584,-92.26544126660649,test
1762,33.74120257213209,-94.27569334228268,train
1763,33.315004868657816,-93.88323638054065,train
1764,33.42038720535484,-89.97118656513348,test
1765,33.24956586964696,-94.2805914851995,train
1766,36.46438074221706,-91.68697640437732,test
1767,33.259201891791754,-90.86976210578109,test
1768,33.46389728332995,-94.5610382636491,train
1769,35.89539108456758,-93.51294170477108,test
1770,35.0308407586003,-92.74595200667855,test
1771,35.71046021599266,-92.10111728806872,test
1772,35.20819202720429,-92.92227138506438,test
1773,36.087612746151315,-91.39447368699922,test
1774,35.23463634717659,-93.49480433926396,test
1775,34.82743782516103,-94.49334980594779,test
1776,35.49462392816455,-94.61219187743328,test
1777,34.565874631272386,-92.90280530061032,test
1778,34.21122338016657,-92.8225358880046,test
1779,34.63678358357574,-89.90543753658888,test
1780,33.593999367844965,-94.39743985877443,train
1781,35.78800105430942,-91.98557665112816,test
1782,33.912463234675805,-91.7482678281087,test
1783,33.537360412179666,-91.14460319086834,test
1784,33.86223284624129,-91.44548903730092,test
1785,35.94724553120284,-94.57954671619201,test
1786,34.15570453459206,-91.47966736315722,test
1787,35.40117454327065,-93.01773193969234,test
1788,35.99743370729509,-90.77884126210142,test
1789,33.27210633423765,-93.68382403090558,train
1790,35.67758541812315,-91.06045790967343,test
1791,34.07682913232661,-91.51128819156537,test
1792,33.75817827464415,-91.37811429992246,test
1793,35.4111550835854,-93.74553999517487,test
1794,36.184288179566316,-91.29420521337767,test
1795,34.032567230493385,-90.95721730904968,test
1796,34.99091831884512,-92.18763100164811,test
1797,34.01441939847322,-92.9283825555519,test
1798,34.9399995500425,-93.79222239903777,test
1799,35.176517107290195,-93.17889619019962,test
1800,35.13617386076563,-90.82377303861098,test
1801,35.18241229374961,-92.58527839900512,test
1802,33.472779272761336,-91.12751518729351,test
1803,35.42739164355352,-90.94174611475752,test
1804,35.36162624733078,-91.26937398610228,test
1805,35.38905842775909,-91.27251403429575,test
1806,33.25924693458547,-91.58428322449953,test
1807,34.56393594844953,-92.04344276579285,test
1808,34.431622962160056,-93.63685106625476,test
1809,33.3034901927512,-90.43126716699841,test
1810,33.778287747638835,-89.82760706273666,train
1811,34.543369211293125,-92.30157419396718,test
1812,35.600172084503285,-89.98180338325326,test
1813,33.82971726944632,-89.65996714751529,test
1814,35.90412468543719,-92.20360631444848,test
1815,34.91029400008812,-91.01995379246266,test
1816,35.661475898146165,-91.4203620188949,test
1817,34.653945941679,-93.44079386447629,train
1818,34.74717978897778,-94.38596546454104,test
1819,35.16901786282874,-92.36682410346296,test
1820,36.247897128580384,-90.70759116294053,test
1821,34.72134403494518,-93.0040807264322,train
1822,34.85030138337902,-90.72133955566989,test
1823,35.106989372346355,-91.36563564064411,test
1824,35.58130298054204,-91.1631594814666,test
1825,33.25147617420182,-93.19986778476438,train
1826,34.8049060348269,-92.28386450727007,test
1827,34.68557056222115,-93.71693211387468,test
1828,36.225897444831496,-93.39449477544376,test
1829,34.7272730315272,-94.1734452858307,test
1830,34.639121871430156,-93.98993617070785,test
1831,36.36769995987146,-93.5737480078997,test
1832,34.57701762260309,-91.7362359694621,val
1833,33.63309550612732,-92.42718073584824,test
1834,33.75920642982026,-93.29331062254916,train
1835,33.33315638417941,-90.3402711389185,test
1836,33.00198845240631,-92.01001597403034,test
1837,34.511809813501685,-90.03214591603012,test
1838,35.692349034543774,-91.4642241374805,test
1839,35.567132549799425,-94.54153564525228,test
1840,33.112521807309975,-90.08002581565201,test
1841,34.99494016257911,-90.3584072216663,test
1842,33.53999093894716,-91.46270202277894,val
1843,36.29376699667644,-91.96217542801784,test
1844,33.58577749875463,-92.36895741560664,test
1845,35.193237261941185,-92.22359101653885,test
1846,34.1418342675742,-90.79697341501353,test
1847,35.245464640875234,-92.06968623627733,test
1848,34.44290508762426,-93.74515724744887,test
1849,35.658750683072384,-94.33085749115023,test
1850,33.8073769386475,-93.99285420685604,train
1851,36.17027148519991,-93.3703376890782,test
1852,34.75073377259673,-92.79236141644466,test
1853,35.64632601699498,-90.18469241948922,test
1854,35.974055669904295,-93.43173645596765,test
1855,36.49590013834182,-93.03159516672741,test
1856,33.78380982957886,-93.51161773855193,train
1857,34.00412344747209,-91.90766316103053,test
1858,33.87651580356161,-91.55307911941641,test
1859,33.92004966255924,-91.97532616647112,test
1860,35.038556595387824,-89.88927244345182,test
1861,36.47732883101045,-89.672971252259,test
1862,36.465973304824644,-90.45814193066636,test
1863,34.84370630976808,-90.6176781598952,test
1864,35.23659523592636,-92.80071769955445,test
1865,36.00989690295562,-91.73847597437488,test
1866,36.26526710458727,-92.87318207782404,test
1867,33.7135121956534,-90.72175144451653,test
1868,34.849896051298586,-93.76599923871358,test
1869,35.914929691315294,-93.54314157995563,test
1870,34.06120726822107,-94.42769046777457,val
1871,34.53933164868163,-91.59356982351018,test
1872,36.449673855292026,-91.19796485381889,test
1873,36.44766343852305,-94.60328943743005,test
1874,36.17137383767813,-92.08139475294858,test
1875,35.7945692068982,-92.74693354370582,test
1876,33.94195675252982,-90.68186751436073,test
1877,34.122975259235155,-94.42671299238674,test
1878,34.915489944217065,-94.37862852657416,test
1879,34.96272081096704,-91.53756077933238,test
1880,34.76925986774973,-91.67955489273858,test
1881,35.22834597970707,-90.48948258569989,test
1882,34.42913057921546,-91.67643356088792,test
1883,35.622109550604364,-89.90162698190025,test
1884,34.16742474267424,-93.05750832809493,train
1885,34.15736948931223,-92.64233061016814,test
1886,33.4452908666214,-89.7609569074805,test
1887,33.660492735101215,-94.08560451044227,train
1888,35.976823076224754,-90.6643528796145,test
1889,34.561988185031545,-94.56250348813762,test
1890,33.797537252934916,-92.20202915046535,test
1891,35.65769385007835,-93.8575903832777,test
1892,34.93893394035901,-91.64365733247152,test
1893,33.074046039981525,-90.6530952505521,test
1894,34.107265100678504,-94.45577975731709,train
1895,33.61950493892469,-93.80604954883903,train
1896,35.295555013439945,-92.91722640562534,test
1897,33.962608642205886,-93.34867913969731,val
1898,33.2273137272348,-92.71539714766291,val
1899,33.192272462191845,-89.88921454990727,test
1900,35.036045542855504,-94.11700554662201,test
1901,33.07603209496431,-92.51628791993112,test
1902,35.97077239597631,-92.34825588311031,test
1903,33.54388991740046,-93.22670000240906,train
1904,35.122982173184006,-93.23582240829279,test
1905,34.55640809803761,-91.06768175610588,test
1906,34.54998032431166,-91.54931610202462,test
1907,33.25128999826016,-90.58022486192624,test
1908,35.80963287574276,-92.60678608428408,test
1909,36.125683696636386,-91.60464619591103,test
1910,33.0385583358448,-90.17886694080757,test
1911,33.62511461493991,-90.38889749556957,test
1912,36.16366466078418,-90.04748373927521,test
1913,34.92322764480021,-93.28319413803473,test
1914,33.52513852386873,-89.72245671287537,test
1915,33.709766584132055,-90.56254212010707,test
1916,35.3099518548299,-90.66980520397473,test
1917,35.536858877864056,-91.30213435323547,test
1918,35.09799383002977,-89.73315817234084,test
1919,36.33601932969384,-92.425430756609,test
1920,34.72922261281622,-90.93454965533083,test
1921,34.05095169249884,-91.14690789869705,train
1922,34.67031518491529,-90.9815181349581,test
1923,34.25883202783314,-90.8852198735788,test
1924,33.785455624361404,-93.67194322112758,train
1925,33.160871372690494,-92.88521419557907,test
1926,34.23274372747793,-92.67049764074525,test
1927,35.4899327169841,-90.9024409245196,test
1928,33.06453231006318,-91.06024756067507,test
1929,34.53712479622077,-90.47816995997849,test
1930,35.25403290507454,-90.70105978528504,test
1931,35.136414382110075,-91.65771161943464,test
1932,35.71826952561051,-93.92445602215741,test
1933,35.83681900480929,-91.46178736161515,test
1934,35.490970373217856,-90.21131536032173,test
1935,33.359791936506625,-91.42342341395305,test
1936,34.66257855401526,-90.16873664996862,test
1937,35.111920851206634,-89.65470649985961,test
1938,33.85948113583308,-92.83476490187304,test
1939,33.148931361763715,-91.02525021909119,test
1940,33.78256612306616,-91.93640559597549,test
1941,34.592130406064236,-92.35879015048042,test
1942,34.4487561166911,-93.42786061889848,test
1943,33.618334434645064,-93.39780445790022,train
1944,35.88545439939222,-93.70068773480295,test
1945,36.239903340578536,-91.48152697270027,test
1946,33.7047191166845,-93.91399610968378,train
1947,36.25350520448528,-92.47600924500927,test
1948,33.06251335711313,-92.0190338008172,test
1949,36.23736865447431,-92.44197464837083,test
1950,36.331750765283175,-90.37100031803465,test
1951,33.04218152055574,-92.41744828182452,test
1952,35.670567538718615,-94.20832449796742,test
1953,36.39570550399445,-89.68876828037195,test
1954,36.170657765862224,-90.42043155243074,test
1955,36.397485564186745,-91.33958387753219,test
1956,34.92613226994174,-90.86107160458123,test
1957,33.27354648959886,-93.98289222221842,train
1958,35.974262192317624,-90.81340347330723,test
1959,35.14839889533154,-93.58748775969089,test
1960,35.15157860465901,-92.18978863601734,test
1961,34.4603876345054,-93.73542553705832,train
1962,35.001446917823884,-90.87368872726901,test
1963,33.537529226801404,-93.39770861385314,train
1964,35.58919509298153,-93.36155416009629,test
1965,33.2625605757304,-94.07716492377872,train
1966,35.55423268465327,-91.03858590888956,test
1967,35.971424479186986,-93.14965218501904,test
1968,34.65364037147571,-92.04414833438622,test
1969,34.78440628119967,-92.96874951988582,train
1970,34.092749955227276,-90.7697347436535,test
1971,36.393105043039554,-93.49437622722482,test
1972,35.56593566095841,-89.94405253476944,test
1973,34.291459936551206,-93.02294032479816,test
1974,33.61182585181552,-94.10385744218497,train
1975,33.76852857270732,-93.42568299290978,train
1976,34.623728001385174,-94.25251358253614,test
1977,36.29898940110018,-92.29036850696765,test
1978,35.56951221016321,-93.37625143300437,test
1979,33.753353118627025,-90.21635115910897,test
1980,36.00846396696614,-92.04987075750587,test
1981,34.323701830533885,-93.46015880981545,test
1982,35.981027639633815,-92.37718646037244,test
1983,33.84594859293396,-93.64590846746209,val
1984,35.165312141777115,-93.73171500165316,test
1985,36.243346708284484,-93.12573734343678,test
1986,33.90262903201728,-94.08174172009834,train
1987,35.425243067050495,-93.68242174155287,test
1988,36.45559416985,-89.95790704121276,test
1989,33.52709400535051,-91.30599090555361,test
1990,33.30940801745236,-90.04211976261739,test
1991,35.35968317355686,-93.34347070090512,test
1992,34.189075817121605,-90.36064372106941,test
1993,33.24935567078307,-92.81950414993571,test
1994,34.663569662592614,-93.90335094382125,test
1995,35.638197378753844,-90.62060571297914,test
1996,33.99792840145316,-94.32353884464213,train
1997,34.172664071267974,-92.60788139049322,test
1998,35.9599479022644,-90.54800609749714,test
1999,34.82025169291521,-91.55259092053086,test
2000,35.94956189082265,-92.04521349386353,test
2001,34.56236322250298,-92.86243941012721,test
2002,36.335413065460365,-94.24697252297155,test
2003,35.277781064012075,-89.69486922940159,test
2004,33.405646028617376,-93.75137457817651,train
2005,36.0978254587938,-93.35111687936907,test
2006,34.712428167907795,-93.44749866040175,test
2007,33.49573638790517,-90.10753120877206,train
2008,33.53441546844497,-90.82446868816406,test
2009,35.40636877288455,-92.3470708967865,test
2010,33.165803773553215,-89.87154752125926,test
2011,34.00307817719835,-94.35766659749139,val
2012,33.489256566644535,-90.1784582053284,test
2013,34.543771003660495,-94.31967614162986,test
2014,34.45023820198026,-92.67608044120523,test
2015,34.82656752141099,-94.35159575446885,test
2016,33.978727151858855,-89.65512411096431,test
2017,33.11215256282362,-90.07548417257202,train
2018,35.15035137287315,-91.71354919242624,val
2019,34.30801301008823,-93.53731246722873,test
2020,35.27967249559016,-93.24441470576858,test
2021,33.38033439781494,-92.38576947069612,val
2022,33.04822074352918,-93.01578249301305,train
2023,33.86902986759853,-94.51406988998835,train
2024,34.597915630479186,-91.35840763965784,test
2025,34.379251909589634,-91.5712633166563,test
2026,35.83605894345713,-90.12557580500237,test
2027,34.32243175467488,-92.25003542067591,test
2028,34.85654412861078,-92.90679645986202,test
2029,35.07730457354767,-92.0777596008987,test
2030,33.076409870760344,-93.65236589524768,train
2031,34.802966818961664,-91.51106445143081,val
2032,34.206909407895935,-90.79293657253291,test
2033,34.47448044689139,-93.85729528452282,test
2034,33.351005894733376,-93.03763540835241,train
2035,35.73987197977026,-90.307029132549,test
2036,36.29841487782983,-92.1075072092899,test
2037,33.0779408722036,-91.9767718660126,train
2038,35.104804669839716,-91.02963126064485,test
2039,35.673454235509254,-91.74787270835002,test
2040,33.99682656027461,-94.27418855267312,val
2041,35.75644454702126,-90.62431029204072,test
2042,35.213242677682054,-90.03350489487512,test
2043,36.25206921294875,-94.35521215203566,test
2044,36.4335168397382,-94.01738871040598,test
2045,33.148211398995464,-91.13118324502882,test
2046,34.55728216359452,-91.61576455540282,val
2047,34.91445725652376,-92.71889051511043,test
2048,33.51360131622678,-91.93993421476635,val
2049,34.177000406495765,-91.12440731703474,test
2050,36.45676606714762,-92.11275198445179,test
2051,33.05680659719865,-93.92326402656083,train
2052,34.583777760335344,-94.17550293520755,test
2053,35.94929117601369,-92.43887208611375,test
2054,34.13365441951751,-90.0332627534913,test
2055,34.679294759643035,-91.84783750169879,test
2056,36.42316011025793,-92.8396462569813,test
2057,34.66206892766496,-90.10373033748046,test
2058,33.45822459251275,-92.68849818379068,val
2059,33.18102522083237,-92.08954198975616,train
2060,36.30895800353982,-94.04099832677527,test
2061,33.93033294646273,-90.95511730076868,test
2062,34.76422367297593,-91.13949430299574,test
2063,33.31745618131489,-90.67260735548913,test
2064,34.482792921927114,-93.00379917226402,test
2065,36.25536931737543,-92.45281550124103,test
2066,34.758445477708285,-93.78334169370983,test
2067,36.398973031308145,-89.8264107658004,test
2068,33.9059247303309,-94.19219558338283,val
2069,34.76590833896378,-91.3944038807362,val
2070,36.00835777133264,-91.11487074901103,test
2071,34.568883240938106,-93.83604972595464,test
2072,33.97820580749566,-92.80434366702247,test
2073,35.99416377196258,-94.40566096319046,test
2074,34.36461314105413,-91.85365695979439,test
2075,34.85753151871082,-89.67515743016659,test
2076,36.41784473245301,-92.48347176459387,test
2077,33.65269153164552,-89.6996591447465,test
2078,34.05490222852065,-93.99265964366946,train
2079,33.10874360024444,-92.66950191395907,test
2080,34.37143198468519,-90.1372340988591,test
2081,33.70064200704701,-90.26282345616237,test
2082,35.38012227392762,-93.01174985798718,test
2083,33.634625105680485,-91.2473053986714,test
2084,35.361844633420546,-90.21578394735779,test
2085,33.92216399866261,-90.80861899321846,test
2086,34.2432624194242,-91.49647330124341,test
2087,34.22101228216239,-93.86169919563669,test
2088,35.508631125572634,-94.2571766179243,test
2089,34.6327824209842,-91.5653277663117,test
2090,34.26454614598439,-92.13362994152514,test
2091,35.98417951663807,-93.43695780113453,test
2092,35.00182718974421,-93.16493411905365,test
2093,33.748407874472996,-92.671326729309,test
2094,36.15031947350289,-92.15726136495115,test
2095,34.199276036117745,-92.6804129236306,test
2096,33.13642782138062,-92.69516038973275,test
2097,34.731100783910584,-94.04480792778259,test
2098,33.433783190543075,-90.31801562127094,test
2099,33.8346325530051,-91.59250421356288,test
2100,35.61488805440594,-93.89387214252801,test
2101,33.45763134681712,-92.51334421769667,test
2102,35.82430478523912,-92.54892191721316,test
2103,36.27917550845834,-91.63491423390907,test
2104,35.122862351427806,-91.59391799928883,test
2105,35.4862571720799,-91.41324597921059,test
2106,35.49755313467596,-91.15142180500128,test
2107,36.47482785044656,-94.10633039073879,test
2108,34.19538391770568,-93.10453666315313,test
2109,33.56999792934946,-94.53378133871182,train
2110,34.81708532220013,-92.3604316849605,test
2111,34.86637433441098,-92.48573251318348,test
2112,33.622693709036504,-90.970395157008,test
2113,35.14588296647949,-93.78942877535893,test
2114,33.04943656716888,-91.48147254808622,test
2115,36.24683940858978,-93.09572983628715,test
2116,33.926009972374416,-92.7218751201958,test
2117,33.13846072936567,-91.04514429401388,test
2118,33.378873045162,-94.26440619858934,train
2119,33.84087131897875,-92.91636904201212,test
2120,33.958671590121156,-92.67512354620594,train
2121,33.11483499824205,-91.06272592009721,test
2122,33.97774184267805,-93.62985465709862,val
2123,33.67529607772719,-89.9113574213584,test
2124,34.32517324602082,-89.66112309461305,test
2125,34.34808708074589,-90.55001660012434,test
2126,34.186527092110076,-93.13042886772627,test
2127,34.14773359235746,-91.32058272925792,test
2128,33.31405947209438,-94.20675428246128,train
2129,33.088217314941566,-90.28974180093864,test
2130,33.70740005054763,-92.05551542983645,test
2131,35.64827299595815,-93.74309734339067,test
2132,36.46783417942893,-92.99273969897834,test
2133,36.24984161270065,-90.64030855989478,test
2134,34.76476774438219,-90.29497296588758,test
2135,34.86138349522277,-92.03702446693592,test
2136,34.101035491625446,-92.23285184345596,test
2137,35.7087880352318,-90.8888483096303,test
2138,35.67664840776427,-90.51383757608279,test
2139,35.954953251538555,-90.81871134239277,test
2140,36.134266020189095,-92.709392590336,test
2141,34.52022236878854,-91.4296289648017,test
2142,35.68406448837519,-90.35892125589349,test
2143,35.82239555078557,-93.86574964878433,test
2144,34.079608678742126,-92.69096067497864,test
2145,36.25234785402152,-94.33860414713993,test
2146,33.33019525923879,-92.58787989013362,train
2147,36.47994212707149,-90.78175804292432,test
2148,35.69531751355604,-93.64076863617484,test
2149,33.326448168635146,-91.92682085891182,train
2150,35.2968037683675,-94.43816890489353,test
2151,33.11962793824891,-90.15867954606367,test
2152,35.69565432305464,-90.54457666634477,test
2153,35.797280225806695,-92.0136863168183,test
2154,35.108435885820064,-91.11223863001942,test
2155,35.999011371707994,-94.10353666060178,test
2156,33.342591480752006,-90.41930880290508,test
2157,33.965733447142846,-91.0651501905733,test
2158,34.44962132557435,-94.02376203827636,test
2159,33.14860283489834,-89.74597425295968,test
2160,34.56875630649908,-94.50802369229396,test
2161,33.92824709639398,-91.49630101291392,test
2162,34.374572542356134,-93.76637766619814,test
2163,34.487859211973074,-91.04528948337891,test
2164,36.0779410672069,-94.27008091777518,test
2165,33.94619339684674,-94.21692861226971,train
2166,36.128100950506955,-92.30253004940124,test
2167,34.490898376844974,-89.6797729569525,test
2168,34.147327022428954,-93.24571428833987,test
2169,34.75879217267301,-91.57573504104009,val
2170,34.46210150226994,-92.04256260036006,test
2171,33.900803095693014,-90.43466554003733,test
2172,34.75937763678623,-93.18570964970536,test
2173,33.53130606577591,-91.86192642786392,test
2174,34.23175480058038,-89.89540112992725,test
2175,34.980265767809314,-92.9670485325698,test
2176,34.446928855364504,-92.4361542608884,test
2177,35.883693263677785,-90.20259782691676,test
2178,33.898526165373084,-92.96748067954475,val
2179,36.39420052590854,-92.72805138976994,test
2180,35.74652707297973,-93.10852951987785,test
2181,36.38657559099115,-90.5966290646344,test
2182,35.93347794190606,-89.99597675692424,test
2183,33.49736374048075,-91.48343856308549,test
2184,34.84261031722255,-91.52055824763953,test
2185,33.59492482418525,-92.68168201002553,test
2186,35.8637957341954,-94.55795576462967,test
2187,35.044567522141534,-93.75553013384685,test
2188,33.92207260024917,-93.88723137768653,val
2189,36.2535964020251,-94.04406644601922,test
2190,33.403151186599914,-91.36938483921463,val
2191,34.9735184121496,-93.94234570670223,test
2192,35.52364194133354,-94.1943992558925,test
2193,33.20596988066351,-92.71856991238757,train
2194,35.09249611622171,-93.38235736504954,test
2195,35.85565425412083,-93.89507308818968,test
2196,33.23634560046319,-93.89374445847392,train
2197,34.79285039887319,-93.34665763728965,test
2198,33.90495012352059,-91.95185667602108,test
2199,35.320235580379226,-90.85226486754648,test
2200,33.41537078477596,-90.38170008303688,test
2201,36.27968000734678,-90.88545328679793,test
2202,36.13155003600156,-91.49778009927027,test
2203,33.650910469564984,-90.10910584972817,test
2204,34.13143059527786,-92.03690809041078,test
2205,35.05672241128565,-91.47221650095716,test
2206,35.51321817821987,-92.57424586485062,test
2207,34.54929605306091,-92.9929005216227,test
2208,33.54701962686341,-92.97139245607758,train
2209,33.36453022831005,-93.88286310988991,train
2210,36.499178679200206,-90.66090967615096,test
2211,34.5937324250522,-94.3448206208623,test
2212,36.05386112201975,-91.26681433849033,test
2213,34.6883160162019,-90.32363284159993,test
2214,36.22825173491101,-92.14778111548273,test
2215,33.30715783970043,-94.2711021142475,train
2216,33.39906716967093,-92.49076521566465,val
2217,36.25371265703478,-92.91416378367472,test
2218,36.316225657656744,-89.72186958308184,test
2219,34.10151106612877,-91.18441194795385,test
2220,34.24307710447855,-91.03484177000027,test
2221,34.583575821921656,-92.05634021275772,test
2222,34.456565880235516,-91.09421115542278,test
2223,33.665158255858586,-91.02882224569083,test
2224,36.14431384378781,-94.29019636269186,test
2225,33.88657660246975,-93.51364557334797,train
2226,35.46845343317178,-94.55555124951844,test
2227,33.23504487207241,-92.086257192535,train
2228,33.1356296603495,-90.26727472146496,test
2229,35.28805665401922,-91.59051396256422,test
2230,34.18655550150641,-92.13396858679569,test
2231,35.29410787452,-90.01794973737512,test
2232,33.32907420759091,-93.76407400022188,train
2233,36.324479829705524,-94.2492165884563,test
2234,35.61980063412584,-90.06099049004371,test
2235,36.0669353155903,-90.1331746780535,test
2236,33.47764693915579,-91.22562674352164,test
2237,34.120563391125046,-93.39748356438263,train
2238,34.289204574722206,-89.80027279721928,test
2239,34.880104269143864,-90.81622863153498,test
2240,34.03903969927595,-91.2707439195842,test
2241,33.21220759766292,-93.51213071964322,train
2242,34.29107433258115,-92.06994681698342,test
2243,33.890922601195484,-90.53179608075392,test
2244,34.350724520121254,-90.34450668308054,test
2245,33.68935839917009,-91.8296923244677,test
2246,33.916637310976576,-92.02171459671526,test
2247,35.19433319151294,-91.15251137331103,test
2248,34.358538421023226,-91.99460324376702,test
2249,34.208841876093224,-92.54412524081367,test
2250,34.8686697145283,-94.19546751322079,test
2251,35.70151189295374,-93.99353311169357,test
2252,34.32603784721785,-90.8414309230427,test
2253,35.05631822394544,-94.49741959881739,test
2254,36.38170918878862,-94.3600440217859,test
2255,34.82693039941318,-90.1239214169105,test
2256,36.1842915178114,-91.12113434613022,test
2257,35.77785418489749,-94.5990627720867,test
2258,33.20551538577553,-93.06914442945629,train
2259,34.5018460501424,-90.82630725084015,test
2260,35.44411442754006,-92.54452402411304,test
2261,36.4534916935687,-92.29007482039519,test
2262,34.60431701906529,-92.33976866660112,test
2263,33.324749089443586,-93.61539201580257,train
2264,34.96703211149504,-91.03468455364565,test
2265,33.44297327243386,-94.10805853730879,train
2266,35.630318460977875,-92.09896200543305,test
2267,34.77686949111622,-93.77531953752698,test
2268,35.532009789320504,-94.38873193640154,test
2269,36.04276639407483,-93.90807789429758,test
2270,35.20131806006972,-90.29940536653065,test
2271,35.14353765238614,-93.74454610604111,test
2272,35.64099603403871,-93.23650503120862,test
2273,35.948592505084335,-93.93366890254458,test
2274,36.04168825196951,-90.96434084476094,test
2275,33.12750568489009,-92.4061176387352,train
2276,34.946666038792266,-89.93013385793401,test
2277,33.75694258429143,-91.31830682622792,test
2278,36.01121061773624,-91.97899557418074,test
2279,35.269391898211765,-91.35654426980801,test
2280,34.470778676613534,-94.41908584544797,test
2281,33.65836479842473,-89.89521850716041,test
2282,34.18658269071939,-89.86654483622628,test
2283,35.46322193089078,-93.24758485327902,test
2284,33.715258408240736,-91.49737145076664,test
2285,33.327540308684306,-93.61648123662482,train
2286,36.10810065379643,-91.89906518083572,test
2287,35.67473622353041,-90.78917748155177,test
2288,33.699282257303466,-89.9490860277172,test
2289,34.02309040200497,-92.93409189136962,test
2290,36.4022456199581,-91.17327884267748,test
2291,35.47864570365691,-91.05935724169453,test
2292,35.136827014748384,-93.52089045821124,test
2293,34.076699698984456,-91.49371030647785,test
2294,34.04693800458283,-91.36255619273676,test
2295,33.13833266541581,-90.82254175146022,test
2296,35.54968653415676,-89.65026213045097,test
2297,33.1511132876991,-94.4200451239504,train
2298,33.01700068222048,-93.61454393292254,train
2299,35.553232807513425,-93.89896019335889,test
2300,36.32105815002194,-93.85246275946912,test
2301,35.64776066704559,-92.36238415670884,test
2302,34.650740667185325,-90.25367331363371,test
2303,34.70115837346306,-92.38984535273326,test
2304,34.52647747927187,-91.29765242276297,test
2305,34.136252834886164,-92.74879926162481,test
2306,34.82599974965044,-93.03127332290376,test
2307,34.509028349993905,-90.47385113139967,test
2308,35.09358758014271,-91.36192887471147,test
2309,36.14342028175383,-92.8760504182298,test
2310,36.482532960633336,-90.0766235016016,test
2311,33.27560151459021,-92.14239752136531,test
2312,34.34639215431469,-93.68427450592255,test
2313,33.63247168518383,-92.21838734353562,val
2314,34.23242165873937,-91.26674379347062,test
2315,34.00615556491948,-92.79545043139687,test
2316,33.61087996069376,-90.4263898607113,test
2317,35.67426618697451,-91.97027441638768,test
2318,34.73701059990233,-92.2952090437257,test
2319,36.21735953776029,-90.35220422637933,test
2320,33.11407355136455,-92.31929850186323,test
2321,33.23442304596197,-92.56038159500145,test
2322,34.4114575402562,-94.10452951519252,test
2323,33.28097062141413,-92.81841536208088,test
2324,33.919553587451915,-92.64666994620148,test
2325,36.451104100768184,-93.72230707345429,test
2326,33.73135862619615,-91.69851868748556,test
2327,33.69341209494232,-93.90510490936478,train
2328,35.00774234078498,-93.50826175063867,test
2329,34.74299401777605,-91.83137283094605,test
2330,35.031534040209955,-93.28315168331807,test
2331,34.31857347372991,-91.44084849866209,test
2332,35.893668259632314,-91.18814972938411,test
2333,33.48503193004862,-93.12258665928495,train
2334,34.49937426044513,-94.1856832229613,test
2335,35.4141664695543,-92.18742438587029,test
2336,36.03882754099015,-94.15829485214367,test
2337,34.29350062224865,-92.05927866282639,test
2338,34.987109596828134,-91.01069732461907,test
2339,33.241989807525414,-91.53696093639012,test
2340,33.5961168083914,-92.39210982317628,val
2341,33.2419835686314,-89.9190830169492,test
2342,35.547583121994826,-94.11431625158161,test
2343,34.00820989052749,-90.24639251064771,test
2344,35.53310851567143,-90.64335950297323,test
2345,33.23239397665146,-92.53389925558803,test
2346,36.01891730142914,-93.86025015565346,test
2347,35.92435569338882,-93.84534207468512,test
2348,33.31125060067599,-90.0386253691083,test
2349,33.08314777260015,-93.45848781853705,train
2350,33.19701084543697,-90.27564493130049,test
2351,35.98770560601357,-92.11862275694646,test
2352,33.821462211681634,-92.325178855465,test
2353,34.91895661250366,-91.54102900010841,test
2354,34.4918547111302,-93.55125575802063,test
2355,35.784339341800106,-92.49099774992332,test
2356,34.711144055147344,-89.9557323391395,test
2357,34.75231294231445,-93.43586306297561,test
2358,36.46182178824966,-90.03972971236765,test
2359,33.5254534486224,-89.67877780785238,test
2360,35.90746378561076,-94.36202127526478,test
2361,33.1811241096136,-91.9790457607209,train
2362,34.671770693505394,-93.76605808052237,test
2363,36.102171883765585,-91.53008014789532,test
2364,35.32824887961442,-89.70197306322207,test
2365,35.39825116778147,-90.16250194977152,test
2366,33.9216104878977,-90.02350314581643,train
2367,34.46501176976509,-93.55965142783887,test
2368,34.28303372224668,-91.92467159352017,test
2369,34.825051235552976,-93.4528898485171,test
2370,34.617797755502835,-90.14985920333908,test
2371,34.14414423156946,-93.669964654421,test
2372,34.069182143299095,-93.85482420532628,train
2373,33.87798512079293,-94.55955172038134,train
2374,34.277665364096656,-93.7157191353695,test
2375,33.52479517276921,-93.67687865113298,train
2376,36.05236505701251,-94.23487376799771,test
2377,35.107417871417,-90.30732671603661,test
2378,33.4682524895785,-90.74341089078027,test
2379,35.4285076697315,-93.35522695818413,test
2380,35.96683263799291,-90.72720921454332,test
2381,33.831374852182904,-92.52184220241992,test
2382,33.52710208018043,-90.76566406253953,test
2383,33.03016039996813,-93.01465197037919,train
2384,33.1653761859977,-91.81366849435526,train
2385,35.66787971906229,-92.72339560648778,test
2386,36.45515216214593,-93.68725118939336,test
2387,33.15708112866697,-91.70940456651006,test
2388,35.618248356779624,-90.88837092411009,test
2389,33.25151758044336,-90.87705759076708,test
2390,35.07246488716284,-92.84924159095337,test
2391,35.64626348849883,-92.04200251102304,test
2392,34.25721539043708,-90.82402036503213,test
2393,33.038271523887325,-94.34914695522272,train
2394,35.08316273243899,-94.26271498349473,test
2395,36.4693561984901,-92.75017298233878,test
2396,33.90166097993473,-93.50934614288605,train
2397,33.663219470155255,-92.75800928283542,test
2398,33.4337406246373,-94.15404719309768,train
2399,34.943394669650196,-91.67772008754383,test
2400,35.087557847760955,-91.28144968520806,test
2401,35.77294793009641,-90.68455267576729,test
2402,35.63575645767178,-91.38690099776564,test
2403,36.123895231782804,-92.6499844668198,test
2404,35.820204444198055,-89.97340672265526,test
2405,33.86543479077805,-91.0101298803409,test
2406,34.94557091706516,-91.99742420824093,test
2407,34.04094185682753,-93.59195347057211,val
2408,34.154248828430255,-91.39459431592101,test
2409,36.261805292304985,-91.6791489903228,test
2410,35.38663566773476,-91.2238499052804,test
2411,36.41106644637887,-90.73780991641775,test
2412,34.459193878515606,-90.07220339367824,test
2413,34.88103150673892,-89.90318874095001,test
2414,34.70490396970747,-91.48797805443579,test
2415,33.37550470133304,-89.8191985023059,test
2416,33.828456980843114,-90.09023067696718,test
2417,34.846727262115685,-94.60700664563436,test
2418,33.235810067965524,-91.45104119275734,train
2419,36.26011675258111,-93.73300703312471,test
2420,33.433452886801796,-93.15289250734126,train
2421,33.692932612459174,-93.14142400731413,train
2422,35.678624283785226,-92.21884569100358,test
2423,33.3392708962626,-94.56599509537297,train
2424,36.150973348653935,-93.44809185211746,test
2425,35.539953397528876,-94.47526884390962,test
2426,33.240172999881004,-91.38672392837539,val
2427,35.421464714499784,-90.20024073389662,test
2428,35.21069989759961,-89.66099036063531,test
2429,35.650723014589715,-92.39067224784299,test
2430,35.89869248371268,-93.32709868183807,test
2431,35.51422697110604,-90.38007512424846,test
2432,35.0516170334484,-94.05760216782386,test
2433,34.128621615036224,-89.77803226415098,test
2434,35.44045781640475,-91.06725785005054,test
2435,36.349400546207725,-92.11544471312396,test
2436,35.05632623185106,-94.13964682949856,test
2437,35.32520703951989,-94.52956619952243,test
2438,34.5299481476993,-91.91367497851476,test
2439,35.64642283410076,-92.5631629780231,test
2440,36.491835873185224,-90.43195746302068,test
2441,33.56136263423708,-91.42774176592363,test
2442,33.70841847826317,-92.4734751579164,test
2443,34.88803215532536,-93.49674491129707,test
2444,34.6848138904158,-92.23230162220433,test
2445,35.00049424577352,-93.8099184344328,test
2446,33.171759167034956,-91.30494706750828,test
2447,34.41496759715657,-91.60952650984518,test
2448,35.04042391722946,-90.59394530041277,test
2449,35.04816972956737,-92.3858395169559,test
2450,35.300668866189305,-93.23511679085318,test
2451,35.52075610150932,-90.4631150645983,test
2452,35.245415211693,-91.18574450514438,test
2453,35.76585104386302,-91.10765545462503,test
2454,35.18666222139607,-91.99541968011047,test
2455,34.88127681888022,-90.26638628401224,test
2456,35.12168750110734,-93.48791596786647,test
2457,33.35417678363666,-92.62359063399599,test
2458,33.95604789253932,-90.66272411882584,test
2459,34.84589923230346,-93.95918431721566,test
2460,36.055455253905976,-90.60369581970942,test
2461,35.37668044700798,-92.86760175296773,test
2462,33.31642827465164,-93.99624661581908,train
2463,35.07296232655541,-94.22662705688991,test
2464,33.776082956729844,-90.43014726779394,test
2465,35.56905795926053,-90.75028073824059,test
2466,35.89604298378062,-93.18843451341411,test
2467,35.077096954064906,-94.04167991948974,test
2468,35.069769134130986,-93.39124490259255,test
2469,34.18507005123785,-93.56145145060243,test
2470,34.56187507406458,-90.97671341108978,test
2471,36.02437923835371,-93.54865147074612,test
2472,35.53162115838505,-93.5459903468149,test
2473,34.81913780893545,-94.45962738148069,test
2474,34.2888133518693,-91.6536073491017,test
2475,33.17632908400994,-91.19577164516716,train
2476,33.500525904642345,-91.37215236932803,val
2477,33.6755881633878,-91.7940621939043,test
2478,34.30684240140536,-89.81860750426105,test
2479,36.30450276476696,-92.27048959447988,test
2480,34.76803688200562,-90.34512155463747,test
2481,33.82194057140731,-91.40933074542463,test
2482,33.3701254811153,-94.20171515478145,train
2483,34.184069336110376,-90.59386034894884,test
2484,35.8550572244287,-91.7155889478016,test
2485,34.34169977693678,-91.3719774731526,test
2486,35.703770321078444,-93.72426964494946,test
2487,35.80946741644408,-92.4456742321125,test
2488,33.38787269394547,-90.24350510235982,train
2489,35.130309134193745,-93.54930697036102,test
2490,36.356836221798886,-94.61937921451015,test
2491,34.40748326216244,-93.34018170077616,test
2492,33.17830431151058,-92.19691402759324,test
2493,36.231559415902574,-90.53824812478946,test
2494,36.09283198550369,-91.42284422415045,test
2495,34.8274950652315,-90.05225455928284,test
2496,34.93288592120403,-92.35584477480937,test
2497,33.741093859716436,-92.67764834190353,test
2498,35.86807764440623,-93.4698514635193,test
2499,34.74510013437244,-93.53622945184065,test
2500,33.11857228299895,-90.96153381186994,test
2501,35.39055234757149,-94.22061515846482,test
2502,36.326736944309474,-93.41371348337995,test
2503,35.90202671621012,-90.21710056008556,test
2504,33.97019349073689,-91.75270353404473,test
2505,33.18663779726669,-94.3884595829304,train
2506,36.291229943883636,-91.11985240980097,test
2507,36.279719537078954,-92.10178863226702,test
2508,34.863453618995045,-90.37302701433487,test
2509,35.248110940850374,-91.22830365346992,test
2510,34.61910021248783,-94.5979004577504,test
2511,34.46917878484565,-93.59747673674065,test
2512,33.418069525750454,-93.33792040819223,train
2513,33.33863514426383,-91.12990552286661,test
2514,33.81456251336665,-92.08870853697964,test
2515,35.928242612422906,-90.90518593945693,test
2516,33.51041305257488,-92.0710500220462,val
2517,33.79344528170149,-92.9928984848379,train
2518,34.92014920762772,-94.10480658585782,test
2519,33.75295926327396,-93.61296816961638,train
2520,33.57122339651225,-92.62812300068197,test
2521,34.971606845942866,-91.87927208833656,test
2522,34.28832644848816,-89.9549721061426,test
2523,35.19155750044164,-93.4285907199795,test
2524,36.192718691430365,-91.30955785094999,test
2525,33.52847596002274,-93.8618468198783,train
2526,36.19701780934572,-91.072646984046,test
2527,36.15871488598022,-94.56363584059443,test
2528,35.90180654167566,-91.36007784884981,test
2529,35.2095007105713,-93.80880824612882,test
2530,35.17051330112942,-93.72378750148731,test
2531,35.23724430977776,-91.84222906242655,test
2532,35.41673442926235,-92.7542046168337,test
2533,33.05768770208655,-92.27761340176235,test
2534,36.35332402706227,-93.0848222536954,test
2535,35.04961316512953,-89.88126876384423,test
2536,35.735130437908474,-93.17543918259302,test
2537,34.32048643671477,-91.92602429906457,test
2538,33.043390248705286,-90.373852888962,test
2539,34.78407130956755,-91.31902136306373,test
2540,34.77516541760575,-93.01579857350086,test
2541,34.52946250909008,-91.87438968366692,val
2542,34.18900968956727,-94.20753410262336,test
2543,33.87439130733403,-91.90793857854277,test
2544,34.84640706074014,-92.4759962308829,test
2545,34.31347348892723,-90.85306947584499,test
2546,36.39476159067433,-90.40592286962344,test
2547,33.60524557718426,-93.62790588741223,train
2548,34.11882948669481,-94.21476654986002,test
2549,34.028861648235996,-92.67893180321317,test
2550,34.90158211682585,-91.96527247124328,test
2551,34.74748089940952,-92.74729431687435,test
2552,35.253091628984954,-91.49605098013954,test
2553,36.32500619700973,-92.1069131397962,test
2554,33.998273799228535,-89.96496860771451,test
2555,35.42470049239249,-92.58532611710163,test
2556,33.087640710518144,-94.21000396044555,train
2557,33.91835965456769,-93.11938294492687,train
2558,34.62301904798807,-91.60870750405468,val
2559,33.10848175968397,-93.34755525992279,train
2560,35.161843111937735,-93.283127394526,test
2561,35.37408712940598,-92.93232475440892,test
2562,35.613561001933164,-90.911675353852,test
2563,34.808010766950545,-89.94753782555901,test
2564,35.113806327425195,-92.87862812977654,test
2565,34.38622837947471,-93.64842444239036,test
2566,33.14438561377297,-92.5294343477295,test
2567,33.34983149521079,-92.87135672589126,val
2568,35.292485734705124,-89.69957617680782,test
2569,36.48444354855022,-92.31457475516558,test
2570,33.05531133707154,-91.24396173652504,test
2571,34.95154223889234,-90.07847330877509,test
2572,35.62853063508895,-91.4935639605015,test
2573,35.89371189804858,-93.38058897964834,test
2574,34.90821715427924,-91.6011718261936,test
2575,35.16970593064437,-92.62267460975637,test
2576,35.43853730846094,-92.52092114888913,test
2577,36.006381873927005,-89.75275683058909,test
2578,33.42801338020986,-93.23540266243359,train
2579,36.24163768696202,-92.2893923220028,test
2580,33.09106091243049,-93.82546078287498,train
2581,35.92669912835221,-93.73263533253312,test
2582,33.26859149295894,-91.6206824122934,train
2583,33.681198740617226,-90.887451930481,test
2584,33.013629512333964,-91.45679442812428,train
2585,34.558398469376144,-92.98345853042224,test
2586,34.17025729351087,-94.32369768235186,test
2587,33.5809751902046,-92.282788605121,test
2588,34.57881556281367,-92.113779824123,test
2589,34.408298091102644,-90.78986150843971,test
2590,35.6868136144456,-91.43776087540898,test
2591,36.12595607124511,-90.2898446208231,test
2592,35.283985381184785,-90.7285750928854,test
2593,33.43543636054283,-92.8015874144596,test
2594,34.033867781484474,-91.47785952508225,test
2595,36.196614038912976,-90.90598594860802,test
2596,33.31057072552761,-89.86430456521147,test
2597,34.423995437867895,-92.52090975176745,test
2598,36.29876616731718,-91.39803849821367,test
2599,36.3273269451432,-92.66846073865028,test
2600,34.43921111967112,-90.95299395101716,test
2601,35.33588910834579,-90.08739393858653,test
2602,34.598609594238994,-90.05144670187372,test
2603,35.6371118880272,-93.83927503858408,test
2604,33.1105346574255,-93.60563990982423,train
2605,33.50455002122475,-90.86800062957471,test
2606,35.1496958124026,-91.48388086686627,test
2607,33.81393291855072,-90.12161678433088,test
2608,35.33118304744202,-93.06041121970479,test
2609,34.22928024611454,-90.40533656860308,test
2610,36.10325945344738,-91.22163399079022,test
2611,35.86740784945995,-93.6485821385217,test
2612,34.72493230024074,-93.99132298609167,test
2613,35.705132804832004,-91.12746369801722,test
2614,33.94898260182281,-93.8324462817604,train
2615,34.72990921884152,-90.67218467247656,test
2616,33.69118718152147,-91.85123765056724,test
2617,36.01310158982348,-92.24997069955994,test
2618,35.88073665798945,-93.25062069147054,test
2619,36.157523839431505,-89.73028739322345,test
2620,36.07116943428491,-91.03082945877469,test
2621,36.35858691720823,-90.75302367359056,test
2622,33.79917681071174,-90.79950668950327,test
2623,36.2613850177836,-91.71744258143232,test
2624,34.99924616973199,-89.94969675546439,test
2625,34.47873279371353,-91.7184071281881,test
2626,34.961308635887555,-92.03537344203238,test
2627,34.19910824827597,-93.25965910115835,test
2628,34.009935524363335,-93.21977247838689,val
2629,33.844600182921354,-90.95768698726926,test
2630,33.28849796309994,-92.95620591445116,train
2631,34.737977140015154,-90.99830759662102,test
2632,36.107165864998606,-89.88504740869033,test
2633,35.20553189246034,-92.43664203920957,test
2634,34.82341471464521,-94.13629155488819,test
2635,34.500075213878205,-91.30726398779271,test
2636,34.62540569211017,-94.57267053247344,test
2637,33.73247071650183,-90.70859249927669,test
2638,35.88027557017584,-92.00750400831757,test
2639,33.694340371485346,-92.186030946077,test
2640,35.50817964854559,-91.7898724619289,test
2641,35.65994754023654,-92.05344953664446,test
2642,35.01204164709707,-93.01082695917377,test
2643,36.0202423123419,-93.22090071889417,test
2644,34.018676233577274,-92.55597162069924,test
2645,36.08566027435002,-90.17230086887965,test
2646,35.55293660859756,-93.94720881485442,test
2647,35.795624397166165,-93.00591995446769,test
2648,35.3260289833456,-93.66426687309146,test
2649,35.96220055946489,-92.49712922561521,test
2650,36.47584601951173,-93.95651285695784,test
2651,34.47056999083623,-90.83884579890591,test
2652,35.8487048929835,-94.10576705885467,test
2653,35.60602915831312,-91.31364739472217,test
2654,34.58504557999206,-93.28947968540096,test
2655,36.244321499063794,-92.27321571561743,test
2656,34.380490753504084,-93.62605983026383,test
2657,34.97913070696683,-90.99078831300568,test
2658,33.370798249468365,-89.90706833333644,test
2659,33.790213179231934,-93.51792592165681,train
2660,35.94243659686816,-89.88282855766725,test
2661,34.38793452990097,-93.00338920897318,test
2662,34.379294312953405,-91.84749957975205,test
2663,33.860933563667174,-91.13309794310469,test
2664,34.72063617004109,-93.62963497815599,test
2665,35.82035936472718,-92.40952323095985,test
2666,36.13307441220809,-94.28289742109968,test
2667,33.245400512154646,-91.15564273314075,test
2668,35.011872559340404,-92.54941788496934,test
2669,34.63545678762317,-90.18852667278124,test
2670,35.149986476650525,-93.25826031379151,test
2671,34.56546490417894,-90.0297014181101,test
2672,34.395256872986955,-93.91903197192626,test
2673,34.65158249350321,-91.603376663911,test
2674,35.03699695064745,-93.09019334603528,train
2675,34.75344123861122,-93.71654539356217,test
2676,34.65250557857226,-94.15313225655575,test
2677,35.86242358485328,-91.36145648262142,test
2678,35.6097679693325,-93.46115537170155,test
2679,34.19482472963418,-91.77311237200689,test
2680,35.802019911303624,-89.75228894750867,test
2681,35.98777734151575,-93.04966975321074,test
2682,33.537222718809666,-94.44632693974786,train
2683,35.03938861605766,-93.9101716064498,test
2684,33.99859197759725,-94.02696961322648,train
2685,35.58710312674353,-92.31748086978999,test
2686,33.83574865275539,-90.91908666878669,test
2687,35.34991233460561,-93.14667140266417,test
2688,33.89293629620172,-93.8951614289061,train
2689,34.789003172004804,-91.43538917134524,test
2690,36.32026263770667,-93.12313436201927,test
2691,34.33457638459752,-91.7614033639182,test
2692,36.065084700871225,-89.97908079842642,test
2693,36.45430603421363,-93.17200563401516,test
2694,36.06197797081807,-92.07291667600325,test
2695,33.5805311040317,-90.61014478925286,test
2696,35.86880376837307,-91.18216098088679,test
2697,33.11252288285196,-90.88515347134745,test
2698,34.37655659294758,-90.78033020696519,test
2699,36.04756680661252,-91.93661737893981,test
2700,35.41063274465972,-91.95577132372574,test
2701,34.864591495682575,-91.04711878517122,test
2702,34.35752408778917,-91.15268809753563,test
2703,35.843039312646,-91.28981340977246,test
2704,35.48345441381878,-92.72079058005097,test
2705,34.63941861865486,-90.50214305134377,test
2706,36.12369518023381,-93.44607163982668,test
2707,33.804818062365214,-93.84601212722703,train
2708,33.59637028205519,-92.90454377099496,test
2709,35.24981317516753,-93.35845873518737,test
2710,36.4019801994562,-91.32398291435032,test
2711,33.8653980065737,-93.4718412797847,val
2712,33.87384632626839,-91.35724550339619,test
2713,33.48824596786766,-92.06928270964129,test
2714,36.011972443457715,-93.86232316166597,test
2715,33.79239139143967,-93.33577056731852,train
2716,34.761124843537104,-92.02701788201298,test
2717,36.46805367300772,-90.97646663949922,test
2718,33.042493153227156,-92.64068932845187,train
2719,34.94770131678778,-93.46282176837515,test
2720,34.79301164946731,-93.15346130080387,test
2721,35.82606581743554,-94.14726756931123,test
2722,34.24348538843472,-94.49500697958155,test
2723,34.43619475614665,-89.78354731937564,test
2724,33.587782932096026,-94.1408426262014,train
2725,35.59285331072525,-93.99930989480008,test
2726,35.74648118215852,-90.29130849715418,test
2727,33.47832162272591,-91.3223789784753,val
2728,34.377099758959126,-92.45271951971074,test
2729,36.12516748376939,-91.39435367354254,test
2730,33.00947545786526,-89.97312542705387,test
2731,34.045656747179216,-94.12609476216454,train
2732,34.94264799768392,-93.4087561949386,test
2733,34.16932850880983,-90.34430699475043,test
2734,33.95215816212184,-90.7402224538535,test
2735,34.610131197161245,-89.67854409386076,test
2736,33.635330878383925,-93.0598731890912,train
2737,34.85368834335819,-89.92391460622143,test
2738,35.47343572459629,-92.91186650846383,test
2739,35.01353233419976,-91.0659868398081,test
2740,33.32588265800486,-90.23276755032072,test
2741,35.955430149579506,-93.77121298656594,test
2742,33.612422431206205,-93.59797588447506,train
2743,35.67684200213895,-91.73263551927924,test
2744,34.261977887715474,-90.4261908929235,test
2745,35.73966471819636,-94.2276208099461,test
2746,33.72195516191871,-90.39112237551316,train
2747,33.653317362934004,-92.91469096816087,test
2748,34.73959046176119,-92.60105372855666,test
2749,33.11527605144426,-92.93089035443285,test
2750,33.78854068573817,-90.0899448740998,test
2751,35.53404288264522,-93.9699521968833,test
2752,35.93084217406899,-91.76585582855358,test
2753,33.28274877378234,-93.88390283928982,train
2754,36.08727198303337,-90.00488468842865,test
2755,35.791310214186126,-90.65428137172798,test
2756,36.043895034974376,-93.45791820692244,test
2757,35.44449994102594,-93.14004200760188,test
2758,35.35953573552888,-92.7238688200255,test
2759,34.83782631670702,-92.60507415378169,test
2760,35.284755285719605,-90.55780599259869,test
2761,36.21688382598312,-91.81426922411333,test
2762,33.35182700495848,-92.49309190498812,val
2763,34.10517567246132,-91.04436005502633,test
2764,33.25359240758555,-92.34441156457129,train
2765,36.30681810180413,-93.9826471160826,test
2766,34.55842913099786,-94.08577875418045,test
2767,35.36370564736666,-92.999995301418,test
2768,35.943920225765126,-91.6237349190526,test
2769,36.46850086826771,-93.94983860158828,test
2770,33.56623860227293,-91.88583317163389,test
2771,35.7982941200138,-93.2800400653006,test
2772,36.105980143478575,-91.1637953244268,test
2773,33.17106381897806,-94.47953437515345,train
2774,35.63931696064951,-92.28895354554156,test
2775,34.241538624187925,-94.36024717939927,test
2776,35.270088770146515,-92.97737635688166,test
2777,34.79916868613603,-94.54259153289422,test
2778,33.90909788230323,-92.28857915992769,test
2779,33.473274767013955,-90.80793113366428,test
2780,33.40931531581223,-94.12190641240267,train
2781,33.36163000197972,-90.9659432207897,test
2782,35.23226514047102,-91.71654952255112,test
2783,34.22993797989838,-92.11211179251399,test
2784,33.758217033720555,-91.6405681864672,test
2785,35.42159782447066,-92.95059125530591,test
2786,35.403973480182636,-91.0896124177716,test
2787,34.887089023249494,-90.74506076565376,test
2788,36.27235235903048,-90.75222738803322,test
2789,34.34894981004497,-93.28078484671337,test
2790,35.925520399442526,-91.37008216184144,test
2791,33.26298792776269,-93.88396424304598,train
2792,35.58940882913477,-92.15776452042655,test
2793,36.45956594841176,-94.6069325775042,test
2794,35.96309375700736,-93.65787380772855,test
2795,35.02882651758521,-91.48028144431196,test
2796,35.19368122514506,-90.27442331914045,test
2797,34.236513423029315,-94.37632935602747,test
2798,35.378198263903364,-91.84399262289358,test
2799,35.69638384113465,-91.455228150078,test
2800,36.493799683912485,-89.98601682352175,test
2801,34.72362020950152,-91.36393534061457,test
2802,33.214564230207046,-94.10792746872043,train
2803,35.08550282755845,-93.89068111455394,test
2804,33.41658452493759,-91.46025227943163,test
2805,33.856677652446386,-93.54837020648674,train
2806,34.15072968957008,-90.00632178985988,test
2807,35.55860455601944,-90.04418461209416,test
2808,33.64332843357475,-89.90518037501866,test
2809,33.58013531394823,-93.16402553917341,train
2810,33.157374848745896,-91.05675895743724,test
2811,36.056339777238584,-91.3248208825338,test
2812,35.427268985246215,-94.44304920675128,test
2813,33.13981262966169,-93.30014157055899,train
2814,33.0990230697334,-93.59236935349304,train
2815,34.95536003766269,-92.77708124936045,test
2816,33.98887040450349,-89.88332302877023,test
2817,35.08854222651175,-90.41735985437707,test
2818,34.52111461488338,-93.16167978089968,test
2819,36.23159396808589,-91.98574329043637,test
2820,34.00733155236479,-93.6644373757143,train
2821,35.37700878953613,-93.24115305828919,test
2822,33.1891900906651,-94.29693385239602,train
2823,36.34551186966124,-91.42624569044332,test
2824,36.43265113767923,-91.35510375075324,test
2825,35.586761201557444,-90.4526469446069,test
2826,34.628243650472506,-90.28838748726655,test
2827,33.76997703764542,-93.8245047860072,train
2828,35.84380719086788,-90.92708649756996,test
2829,35.57723934001458,-93.95050306484816,test
2830,33.77683913846332,-92.76263639162333,test
2831,34.57925352955043,-92.05778323935067,test
2832,34.61979628235875,-94.37413452698723,test
2833,35.89243692490448,-93.8408843536191,test
2834,35.39345639516927,-93.27255298304952,test
2835,35.25108640239019,-93.98611462171809,test
2836,35.27439597897148,-89.97754152713453,test
2837,33.94664527783868,-93.18705363520704,val
2838,34.30098940940337,-92.12917682739071,test
2839,33.15981799902847,-89.66722483750935,test
2840,35.754293975342435,-91.80378589565173,test
2841,34.51549375309435,-92.57486599828934,test
2842,34.53383424980651,-89.99893174255631,test
2843,33.858746927267696,-93.51418615582796,val
2844,33.732995485108,-93.72788131803162,train
2845,35.0573767534916,-91.95923908586731,test
2846,33.813935553212865,-92.496310362978,test
2847,33.22473098047912,-90.65897919574215,test
2848,35.68627595593314,-94.4112100947173,test
2849,34.31764302042228,-91.54990265267624,test
2850,34.330824543647566,-91.08792465979757,test
2851,34.50961398530527,-89.78957369870488,test
2852,35.852656881928326,-93.89555689480802,test
2853,34.12292913578936,-93.39617120301395,val
2854,35.653126739402424,-89.98575713910087,test
2855,36.2884069427284,-91.485774637948,test
2856,35.3130386857368,-94.43089630730451,test
2857,34.510883784119585,-94.23560030878879,test
2858,35.61726403101333,-90.71636041368049,test
2859,34.60264079412985,-91.79965174267161,test
2860,34.45049544887849,-91.8098850563542,test
2861,34.83849107250439,-90.24706775274292,test
2862,34.11202817183253,-93.421743340725,train
2863,33.364875756980005,-93.82265802034456,train
2864,34.45198201934158,-91.56938444031826,test
2865,33.433499083952555,-90.2343572046602,test
2866,34.436545157444066,-93.30170429600194,test
2867,34.949268024247075,-91.23396700698699,test
2868,36.25748913421977,-93.86267621166438,test
2869,33.12677815865856,-93.76561378172913,train
2870,35.1751044227568,-90.1394950124222,test
2871,34.60207315327527,-94.03371397531532,test
2872,33.070913948714484,-94.49900268282369,train
2873,33.873418615785525,-90.76854597288941,test
2874,33.414698383241806,-92.81832754382985,val
2875,33.75877951006006,-92.64860699555541,test
2876,33.960995852113214,-90.64470800180628,test
2877,34.404572173837686,-93.72571911586058,test
2878,34.85163787721112,-91.38787510064046,test
2879,33.00346497874235,-93.06176420567697,train
2880,33.56654276220059,-94.1017857505852,train
2881,33.327482349630806,-91.20314463661867,test
2882,34.923856897419604,-93.03623925128186,test
2883,34.15176204640444,-90.31297760172805,test
2884,34.91939207612151,-90.05239281834746,test
2885,33.77638155761137,-90.40021274325287,test
2886,33.08480273930655,-93.01791181524575,train
2887,36.294784154445864,-93.44418435693251,test
2888,33.37907842416148,-90.18278080723324,test
2889,33.44400561786601,-92.36885349013399,train
2890,33.51291389278549,-91.10253357391667,test
2891,36.434467833976456,-90.50899391898915,test
2892,35.16181084059499,-93.23989732530693,test
2893,35.136014830963475,-94.0280857831641,test
2894,36.453443705314854,-91.51460701018388,test
2895,33.30953569246129,-91.68674448885677,test
2896,36.41075312389801,-93.27710563888688,test
2897,33.71404601293914,-91.71400759471486,test
2898,35.18075026246712,-90.69192444524265,test
2899,34.47029247855977,-92.8804454177497,test
2900,34.34383134717012,-93.4156809369399,test
2901,36.259351649678116,-91.01674396836052,test
2902,33.522297049540896,-90.71421607709149,test
2903,36.48974153876685,-89.87718149379147,test
2904,34.32693771382042,-93.88649846010017,test
2905,35.27071216360994,-90.20035741361568,test
2906,36.38767356019176,-90.81745890838619,test
2907,33.201603676326414,-91.1315574575835,test
2908,36.230025270238166,-93.06412346292383,test
2909,34.9873398487402,-94.50970103259488,train
2910,35.46538907642108,-92.09747404422637,test
2911,33.52214464360222,-93.19972619886599,train
2912,34.86685600790861,-93.17958953593435,test
2913,35.357298001538354,-90.01212127135251,test
2914,34.59686557585689,-93.85974460649555,test
2915,33.5424481233712,-89.97686507343495,test
2916,33.85441676279952,-92.11608065124663,test
2917,35.990374768477245,-90.45375199797715,test
2918,33.12064847491467,-93.21056976993371,train
2919,35.48101727454284,-91.46941429949887,test
2920,36.49786512780084,-91.85375567325462,test
2921,33.026190486373686,-90.02689453559337,test
2922,33.56365988986979,-93.72888681859317,train
2923,35.35950505312597,-93.60328764797988,test
2924,33.20996792104872,-89.9036469347159,test
2925,35.06426494349551,-94.13311583469306,test
2926,35.3940003624637,-91.46562812885135,test
2927,35.058512218399244,-94.3189963573202,test
2928,34.27814646057374,-94.2373556836406,test
2929,35.44048803595324,-91.65217074777844,test
2930,35.08003049804837,-91.87970122809433,test
2931,33.726730102328716,-91.77205979219465,test
2932,34.97097440254788,-92.26594908014678,test
2933,36.086675259986244,-90.93047407730943,test
2934,35.333916499916576,-89.68882297426646,test
2935,34.65127027587847,-93.24936720543994,test
2936,34.12554436004308,-93.01250485344471,train
2937,33.300601733031506,-93.01444377455422,train
2938,33.8561949646566,-90.82655333685992,test
2939,33.03915363580407,-92.89036295941507,test
2940,36.45319071133738,-91.25661677411424,test
2941,33.77868788245059,-92.40393884165071,test
2942,35.8520657993988,-91.59921080489563,test
2943,33.59025708631742,-90.49979359715965,test
2944,33.992604023619506,-92.0651283228556,test
2945,34.46397061729928,-92.25838919179188,test
2946,34.13541982449562,-93.29313631948165,test
2947,35.79422784465952,-92.05595422835567,test
2948,36.351926928053985,-93.31581100363927,test
2949,36.06353069277797,-90.42745607758175,test
2950,33.53752253431715,-92.68734578649793,test
2951,35.71841036722252,-93.97833506978029,test
2952,33.51781419656649,-93.427361386206,train
2953,36.19683387296735,-91.96313010668774,test
2954,34.81257501484002,-90.06605104632614,test
2955,34.177333808198476,-93.12620935208335,test
2956,33.549589240669675,-93.30600056562642,train
2957,33.041331808626516,-92.59939762099363,test
2958,33.867814470813094,-89.81026024288803,test
2959,36.19907022148459,-90.41925821792708,test
2960,35.7904176729528,-93.8761502831588,test
2961,36.394277977127516,-91.5696461631117,test
2962,33.3526653239248,-90.68443490938016,test
2963,35.072625602269845,-90.80298860338992,test
2964,33.900026659107716,-92.19043790597956,test
2965,34.90029597020342,-90.98279801320001,test
2966,34.121592099472096,-91.71957454535287,test
2967,33.99212942585175,-93.61881843522455,train
2968,35.008458557086094,-94.34141340603655,test
2969,33.64161356654339,-92.78358659014982,test
2970,34.64196702940241,-94.31216316032074,test
2971,35.27784292765412,-92.65678338251317,test
2972,33.44863725613981,-90.50047136219332,train
2973,36.25707994806916,-90.42385808243421,test
2974,34.770036448089435,-94.45065261094011,test
2975,35.8683479015952,-94.27440872647782,test
2976,35.28866900717372,-91.29076057467152,test
2977,35.48500329427891,-92.13500648613727,test
2978,35.506458293474935,-93.87768878812996,test
2979,36.062849639715154,-90.6165177998715,test
2980,35.14761902266424,-93.54401407134908,test
2981,33.97376003102487,-94.23159820416232,val
2982,33.3482837500291,-90.89494952364296,test
2983,35.12187716807549,-91.59761390607915,test
2984,33.23223481319703,-92.65961958850532,train
2985,33.84452708091336,-91.17715076719584,test
2986,33.21247514610669,-90.09043797720473,test
2987,34.92110656152298,-94.45011325944976,test
2988,33.56118343730004,-91.50043319475358,test
2989,35.13642561801716,-93.53570853383268,test
2990,35.768027958021435,-92.26353533309133,test
2991,35.87658252270152,-92.51281378944965,test
2992,34.0834022784817,-92.68180105086239,test
2993,34.92134086443074,-93.67393018177012,test
2994,34.970537660302256,-90.63082981586844,test
2995,34.655105137539586,-92.73378269290933,test
2996,35.29289861998668,-90.2106345831457,test
2997,33.735304933382366,-92.85729868345595,test
2998,36.42735133855378,-90.44662467694461,test
2999,33.34327939481826,-91.91400233232231,test
3000,35.902273994210915,-92.70344258274683,test
3001,35.07933595432916,-91.12095989344796,test
3002,33.856991615178,-90.710326515721,test
3003,35.609862502311046,-92.22102677233583,test
3004,33.295683134869755,-92.50566047093383,test
3005,35.71046242057074,-91.75022771724956,test
3006,35.06494827785055,-91.71173800882659,test
3007,33.38762611438741,-92.50536829720221,test
3008,33.2782694708233,-90.8544154941401,test
3009,35.62792716702762,-92.63338440466357,test
3010,34.02527567276343,-92.36859823587402,test
3011,36.112556477685246,-91.61156842533083,test
3012,35.667255573605615,-89.7153609574046,test
3013,35.443665856512006,-93.32439002825991,test
3014,33.97512118421708,-93.46719458443972,val
3015,35.48130581657566,-93.74087028543047,test
3016,36.31851689580192,-91.19346225488859,test
3017,33.32045942029699,-92.38799965203052,val
3018,34.141569247012484,-92.68862648983085,test
3019,33.82135292911558,-93.60567084048013,train
3020,34.37637547040234,-90.19104226430541,test
3021,35.59816429198881,-92.41743001494474,test
3022,34.65984903498885,-91.59976424191295,test
3023,34.99755712142086,-94.06072799588614,test
3024,34.0995421082742,-94.08337808307604,train
3025,33.494512434804854,-94.28524792792994,train
3026,33.93426777128205,-92.79428997823369,train
3027,36.00888105434696,-92.26975358710621,test
3028,35.10845936753694,-93.4044465972373,test
3029,34.322960356190315,-92.88210279578978,test
3030,35.76467093607456,-94.58888763090187,test
3031,33.22560101359218,-92.87509032765087,train
3032,33.88861880772835,-94.02771846589069,train
3033,33.80536103920069,-93.98192914248177,train
3034,36.44877596758878,-94.59760469512679,test
3035,35.47134503837466,-91.15898858665642,test
3036,35.16225077735994,-89.99151964297457,test
3037,33.017447378530655,-91.53091856256478,train
3038,33.6450850073145,-94.14187580191829,train
3039,35.22439452540577,-89.70144223651926,test
3040,34.32901764268583,-89.77134170074373,test
3041,36.234981342876715,-92.29287435778228,test
3042,35.676534766996156,-94.08388998452071,test
3043,34.56584425481442,-91.0379256310534,test
3044,35.62330242138395,-89.84150302371732,test
3045,36.413915133391775,-90.7498629674307,test
3046,34.61343288645514,-91.51771181278222,test
3047,35.248840607609864,-91.58416544521575,test
3048,36.21532615271453,-89.75974697239803,test
3049,33.87036131712661,-94.25659689600575,val
3050,36.102952697831974,-93.8767065826346,test
3051,33.34140647370544,-90.4908671196438,test
3052,35.26956859705676,-93.8987879908108,test
3053,35.73993354269525,-92.71501645996273,test
3054,35.15112176738349,-93.22094869740789,test
3055,34.7343718145339,-93.41007975929125,test
3056,35.160714849739904,-94.49216190299113,test
3057,33.530822980728054,-91.80573122023199,val
3058,33.75449748615576,-92.62583958145771,test
3059,33.944647703847195,-91.87859664319406,test
3060,35.092227692205135,-93.10659421370741,test
3061,34.546653758107745,-89.94093955038032,test
3062,33.855665448700435,-91.68100445455961,test
3063,36.08983266250603,-89.84280097873464,test
3064,34.30872644102628,-92.88047040733447,test
3065,34.56111101730462,-94.60862099938879,train
3066,34.43395376792148,-90.73711014213667,test
3067,33.636800343468636,-90.50792709283361,test
3068,35.56069455400581,-94.32824411591433,test
3069,34.569603917941,-91.51191493454228,test
3070,33.056899884624514,-91.33474120081061,train
3071,36.37404795825929,-93.89570268077361,test
3072,35.855172640583945,-91.87395297232268,test
3073,35.53245773932131,-93.41130156302069,test
3074,36.04182154681485,-94.53823503507355,test
3075,36.173825387619424,-90.3114518808307,test
3076,34.18121397234553,-92.17627499900448,test
3077,35.13835537445844,-90.73495546847377,test
3078,35.13082733221958,-91.02722162982134,test
3079,33.935548840837086,-89.6812848527578,test
3080,33.77683288006474,-92.44337158261108,test
3081,33.398675391866576,-92.49507348441684,test
3082,35.307599685707586,-93.21967483175568,test
3083,35.73321646860773,-91.51301834938603,test
3084,35.663335428309516,-92.20402087224025,test
3085,34.10696382014741,-90.99805722295591,test
3086,33.71840947662821,-92.84813685874612,test
3087,34.58764962459118,-93.96970163420166,test
3088,34.913847110841786,-90.33369580296632,test
3089,36.21680494788995,-90.50460669843552,test
3090,36.06188103995919,-92.87552907003476,test
3091,36.2062041595564,-91.18895196396537,test
3092,35.97591834797593,-92.17275755581022,test
3093,36.37603421552709,-90.83796867725843,test
3094,34.6292499900917,-92.68104212773738,test
3095,33.16615724101583,-91.9578730001056,train
3096,33.292467112519674,-94.3326539627982,train
3097,34.3659664962032,-93.75069739150725,test
3098,33.90190481945549,-90.73462492935775,test
3099,33.594792069763734,-92.7236195536008,test
3100,36.33621321078027,-94.44552604157894,test
3101,33.683968559437176,-93.78684766001163,train
3102,36.35782745310331,-92.5743577805345,test
3103,35.662935941124225,-91.05197185812665,test
3104,35.24330985243828,-92.81347934221807,test
3105,35.36606636031282,-90.91642680073703,test
3106,34.160160132806936,-90.35543888114344,test
3107,35.262494633203985,-92.92455102739761,test
3108,33.65342241398443,-90.64213341285351,test
3109,36.28196901387593,-93.98940309032696,test
3110,34.05627668986208,-92.55604088039385,test
3111,33.8931527930274,-94.1351148904805,train
3112,35.48906979367955,-94.35893589568997,test
3113,35.29757051323163,-94.29929893389733,test
3114,34.57954621420157,-94.09938242540427,test
3115,35.213561821417755,-90.4664421606205,test
3116,33.55822575116299,-91.91792469554056,val
3117,35.356649075906844,-89.91148070674826,test
3118,33.94713743318318,-91.94613850247681,test
3119,33.9549259183676,-91.49530467841738,test
3120,33.56762977230325,-93.70311471313175,train
3121,34.163319972626574,-91.93331232745048,test
3122,34.15937871108965,-92.70504633244747,test
3123,34.589626540957944,-89.99076634956236,test
3124,33.666468266332224,-89.9784115575645,test
3125,33.67552637655568,-93.63346189586386,train
3126,34.8960850008213,-91.53794960622632,test
3127,33.451070916346666,-91.44826625923425,test
3128,35.41113952796092,-91.82420065509366,test
3129,36.30381494051909,-94.00208135126411,test
3130,34.493784675825324,-91.36954386536092,test
3131,36.153868596027365,-90.64854613392673,test
3132,33.34410806894053,-92.90422661174995,val
3133,33.150351695814756,-92.06267804133755,test
3134,35.52479107129844,-94.04185010664409,test
3135,35.66357550543524,-89.99447710390947,test
3136,35.95070384338013,-94.07559686973357,test
3137,33.19886187439994,-93.58436577985881,train
3138,35.71917469234891,-93.13656197527384,test
3139,34.317885564788035,-90.51582251126536,test
3140,34.061681714387696,-91.1377400751033,test
3141,33.60558372470154,-94.58513824312459,train
3142,36.486055142858845,-93.70769911061774,test
3143,33.222822562616024,-90.89174863941625,test
3144,35.894528051128,-92.61294257972597,test
3145,35.238230524216846,-94.48971874363772,test
3146,35.57278155491653,-89.82933311474949,test
3147,35.49100991972629,-93.86837242268541,test
3148,36.00452069775614,-92.08298079896727,test
3149,33.64327224449638,-93.38586899470513,train
3150,33.0028861589214,-90.95477747847997,test
3151,35.094849711651435,-90.75967128773499,test
3152,34.23850523763167,-92.64581459448128,test
3153,33.433255658909985,-91.34750538134861,test
3154,33.651485639364836,-90.10190428480398,test
3155,34.16112259360728,-90.57039868109175,test
3156,33.24581679810346,-92.55795834330478,test
3157,33.199196207449575,-92.42586401213372,train
3158,36.20609189191355,-90.21221497808571,test
3159,34.09235962273794,-94.44916718188108,val
3160,36.437807441157545,-94.5066264856003,test
3161,36.3752845291564,-93.59719715242184,test
3162,33.4989994881449,-90.50672042591384,test
3163,35.50223506013667,-93.85853045754251,test
3164,35.102817111944745,-93.2021619538067,test
3165,35.41726475586804,-91.49352861000334,test
3166,33.33666850005066,-93.70431323399494,train
3167,33.65996027522095,-93.11351178401945,train
3168,33.26823531507809,-92.29944374619774,test
3169,35.11446971825975,-93.48629685967335,test
3170,36.45306876547182,-89.68770399062967,test
3171,35.35194588180279,-93.8076732939133,test
3172,35.48766537257676,-90.39581258854635,test
3173,36.446047645401485,-92.28360383745137,test
3174,35.37304043960128,-93.97825531179066,test
3175,33.14063550419964,-94.03112379890197,train
3176,36.03451960299809,-92.13352860142726,test
3177,34.27637401632579,-92.86300474779803,test
3178,33.0152726753015,-93.45402657340843,train
3179,34.77531962146287,-89.85407248828623,test
3180,36.279552503066924,-92.31700268905304,test
3181,33.90065740518244,-90.00380942257954,test
3182,34.72029610568494,-93.80492136145786,test
3183,33.60821910723837,-93.70817364586685,train
3184,33.20192435083254,-91.65774237601602,val
3185,33.28190731349589,-93.27871805619439,train
3186,35.54453817086474,-93.70085885761205,test
3187,36.02426064759752,-94.14941363449584,test
3188,33.50154593738372,-94.2409347685734,train
3189,34.00911498733664,-90.87675312449528,test
3190,33.682603136756896,-93.21764916254202,train
3191,33.0939952192425,-89.75725680806106,test
3192,34.93700979460444,-93.70988799642875,test
3193,35.44972759548177,-92.85840014938148,test
3194,35.26757118309774,-92.7567041611728,test
3195,34.358187415557865,-92.13424062009796,test
3196,34.94253586078967,-90.29293973117213,test
3197,33.329347573226784,-90.47119205647799,test
3198,33.5400630155294,-94.57051703560694,train
3199,36.261281168435445,-92.58600231721744,test
3200,35.66527711736964,-90.50515444672831,test
3201,36.22958683538808,-94.61901689510125,test
3202,36.20838099574779,-91.96781132607533,test
3203,35.27287415987709,-93.330406161974,test
3204,36.248835268392575,-92.56854031026677,test
3205,34.45846436078862,-92.53108564160233,test
3206,33.01265685674729,-92.67298042963395,train
3207,33.21899890546156,-90.18700789261003,test
3208,33.383205639952855,-91.95377586342141,val
3209,33.33373708614001,-90.12837878257493,test
3210,34.23095836797592,-91.0080902356129,test
3211,35.45444782488275,-92.8749332472592,test
3212,35.76727082310173,-92.1669885027017,test
3213,35.065746460206185,-92.6824030651197,test
3214,33.51252661094943,-90.5019858373444,test
3215,35.617655607518614,-93.68763887450432,test
3216,34.2418067169816,-89.9660309571601,test
3217,33.04547672035129,-91.73529026356798,test
3218,33.982060171864624,-91.57956296877863,test
3219,34.15710193949342,-92.0514970407477,train
3220,33.95985937326336,-91.86415250908676,test
3221,35.84154553615655,-91.30165318037855,test
3222,35.659742391579314,-91.36447478214873,test
3223,35.43443210644425,-93.55568896831629,test
3224,33.48651777479293,-91.72527240046082,test
3225,35.827418683971985,-92.85750658977845,test
3226,35.37011586582163,-91.4539593801597,test
3227,33.68193190268487,-91.89726213606845,test
3228,35.26832875598531,-93.72699072944891,test
3229,34.692290743512885,-90.96837242983099,test
3230,34.53772521649679,-92.34864316602693,test
3231,33.392431072153364,-91.8793354851379,val
3232,34.81406496545808,-91.27696496132369,test
3233,33.34976133140327,-91.37522728363183,test
3234,33.574886855389934,-90.89782376415248,test
3235,33.46391209996167,-93.59244390864372,train
3236,36.339378976745024,-94.07135556832534,test
3237,33.99702641655362,-91.29417751386852,test
3238,34.24321513258603,-93.44715481507157,test
3239,34.12728212203613,-94.05041380330736,test
3240,36.1438765581235,-93.96774966073724,test
3241,34.97038068967211,-93.06538338421942,test
3242,36.21705964626659,-89.69081837119526,test
3243,34.049737170397634,-93.83841617636519,train
3244,33.40192136051182,-93.13627328537662,train
3245,34.94676458453461,-90.04395126514575,test
3246,34.20937947126506,-89.83235892619021,test
3247,35.80667391721762,-93.48264849507696,test
3248,36.077981931190806,-90.24415009565824,test
3249,34.65400728817475,-93.92957781572062,test
3250,36.39975658429928,-90.83516403583644,test
3251,34.93554552220542,-94.55534944158256,test
3252,33.948221376852096,-92.59910044267244,test
3253,34.71141430370496,-93.39074402261458,test
3254,33.130586023410245,-91.12108016962917,test
3255,35.81400406092074,-94.54020102716474,test
3256,33.355022677990476,-92.30943852092389,test
3257,34.08061970976052,-91.15725674701768,test
3258,34.978607914517305,-94.3878767799466,test
3259,33.150412939764145,-90.15992109481404,test
3260,33.27760914713507,-92.82484888523966,test
3261,35.43640725164555,-93.79862881375605,test
3262,33.25121982571269,-93.49944145472861,train
3263,34.669790031865816,-92.9356375339611,test
3264,34.18543471697263,-93.63407574394321,test
3265,33.79827792784746,-92.08242359304144,test
3266,33.660726142522826,-91.4743292695982,test
3267,35.67193952806403,-92.46585235884989,test
3268,36.33039767602599,-92.49765021502125,test
3269,33.49062909771166,-90.73495338873755,test
3270,36.358884267109445,-93.12394693659931,test
3271,35.08166876216286,-91.52483889548101,test
3272,35.245811418771396,-90.18217972233394,test
3273,35.484742323499034,-93.51907360547283,test
3274,35.46441611624103,-91.53909337177845,test
3275,35.869338878649906,-89.90858025312772,test
3276,34.69214027971694,-91.9869175828714,test
3277,34.86675505630146,-89.76481831322526,test
3278,34.133394508621954,-93.07907116040157,train
3279,33.368401578240906,-91.815459353449,val
3280,35.326240668241766,-93.07415231653127,test
3281,33.11763489215188,-94.60151445741502,train
3282,33.96472267879179,-89.66337874078508,test
3283,33.32980452556135,-93.42690146185474,train
3284,33.66754505062951,-89.78368313337344,test
3285,35.23555819514083,-91.37442685156378,test
3286,35.19966820571722,-90.1274499635256,test
3287,34.47369219548499,-89.81300234714345,test
3288,33.31560191771322,-91.79788884448035,test
3289,34.51680870760793,-89.65153401882276,test
3290,34.23460705150403,-90.80637035090142,test
3291,35.521607034995824,-92.01664165621494,test
3292,35.02659312869668,-91.36493187757131,test
3293,34.7204801856795,-93.65447135408681,test
3294,34.70443728806748,-94.56516787144146,test
3295,36.382039105411465,-93.3437569423925,test
3296,35.647029775962075,-92.45819481725206,test
3297,34.739428461610444,-93.4865786432971,train
3298,34.67727914511142,-92.0652415870086,test
3299,33.09267685456737,-91.35001761314341,test
3300,36.29878242161932,-91.36070456997282,test
3301,34.11710890118565,-90.17799078025035,test
3302,33.895786786582605,-89.81739409047846,test
3303,36.49793123885685,-90.19324578360136,test
3304,35.51541385026584,-91.53773045204578,test
3305,33.165773206547506,-93.59735215168209,train
3306,33.216599169589514,-89.93104773892547,test
3307,33.08925547386069,-93.75094383800649,train
3308,35.09866614829504,-93.86740590892299,test
3309,33.25047575021683,-93.04168044030999,train
3310,36.26685924895726,-91.76918036014871,test
3311,36.27917289007937,-91.23308101903056,test
3312,34.91118923361828,-94.5539353935922,test
3313,35.158236259885825,-90.75322930955285,test
3314,34.02163040533837,-93.75015284103641,val
3315,33.22390389842896,-93.14647028798029,train
3316,35.58111155817136,-93.01922897279562,test
3317,33.35625096062156,-92.96774338547326,train
3318,33.299451743564376,-90.84097301701894,test
3319,34.08928088221478,-94.41650651985518,train
3320,33.04362980943259,-93.64330644259017,train
3321,34.51912465514711,-94.50907342117233,test
3322,35.47688318528027,-90.75185170014252,test
3323,35.80472125997679,-89.73089997832534,test
3324,35.11507556329622,-91.34205061844519,test
3325,35.964059710898695,-91.68700827083352,test
3326,34.422757713184886,-90.10691091945915,test
3327,35.97070229771167,-93.3528786877735,test
3328,34.772656586744326,-94.28968234346412,test
3329,33.78062644799403,-92.0854495722881,test
3330,36.30450976331163,-93.32606694522607,test
3331,33.962398058429905,-92.37812437503592,test
3332,33.09170519465727,-92.35218974260842,train
3333,33.84935915034259,-93.0354058343817,train
3334,34.283406464401,-92.20296682953223,test
3335,34.22972389151242,-92.730645153667,test
3336,34.8363362830525,-94.05809509619408,test
3337,36.090944087125735,-90.31237323419327,test
3338,34.02318379488395,-91.13466963928178,test
3339,34.82269712785709,-94.4146949409508,test
3340,34.190486337909675,-94.04454146640161,test
3341,35.8762057078062,-94.14032308056125,test
3342,33.55160529650968,-94.31313457136613,train
3343,33.362285939085204,-94.32648782407249,train
3344,34.76048338633161,-93.83915170530709,test
3345,35.35160655017922,-90.40608903960626,test
3346,35.78433820381768,-90.50368051789508,test
3347,35.06368698516861,-90.72776201786643,test
3348,35.708474164616504,-91.5649086625033,test
3349,34.374485204963236,-91.02423704052825,test
3350,33.11503684593264,-90.94974838212369,test
3351,33.406347577655445,-90.2001150345709,test
3352,33.13552910430149,-90.98025514271025,test
3353,34.15130277666773,-90.95979723913581,test
3354,34.73421969444039,-90.623716571614,test
3355,34.24711119279929,-91.85491636603967,test
3356,34.962098162732374,-93.56124691348823,test
3357,34.682132019724754,-94.19982388648178,test
3358,35.372799806523794,-92.53735350490197,test
3359,35.33436757247192,-94.16432221172028,test
3360,34.11322451488038,-93.77855896317497,test
3361,34.21175059376382,-94.50151514154071,test
3362,35.048017375744564,-93.12797473354856,test
3363,35.087513637617946,-89.79911082266197,test
3364,34.10144969772997,-92.73671157485788,test
3365,34.15611260021399,-93.42276374792613,test
3366,35.429157546151515,-92.614856098623,test
3367,35.26593788006625,-93.12234755457281,test
3368,33.47267781637921,-91.27083219004605,test
3369,34.54364657886388,-91.46670019703937,test
3370,36.12447127548707,-94.48410574838064,test
3371,33.127069866365666,-92.07872391564028,test
3372,35.993073812694746,-94.44008755225308,test
3373,33.571123549724504,-91.25350456592106,test
3374,34.77537021361601,-89.96903259678253,test
3375,34.48517750123054,-90.10978524272474,test
3376,33.03545268069511,-93.5976108029081,train
3377,36.20388927981371,-90.92905361582469,test
3378,34.59223829567007,-90.6784621239284,test
3379,36.33993896866215,-90.32409336044637,test
3380,34.00360365342726,-93.32979460612141,train
3381,36.0319652069559,-92.37935081551836,test
3382,36.22836350898471,-93.51912298768815,test
3383,34.948913457297735,-94.49918199766039,test
3384,33.70937225753701,-91.34470723951117,test
3385,35.39836601237002,-92.47562581907107,test
3386,34.92142323285311,-93.38685910359908,test
3387,36.30585383048419,-90.40989338192094,test
3388,34.537452216336725,-92.15646721930337,test
3389,33.939797766739375,-89.67655134425343,test
3390,33.48400450522937,-90.67701160011335,test
3391,35.44521749040338,-90.30002033731249,test
3392,36.409383666432035,-90.77653872347558,test
3393,33.099203196999895,-94.09355325221541,train
3394,35.591558741723446,-94.29680586675126,test
3395,36.244256268958836,-90.07205850010612,test
3396,33.26173536979572,-93.9331599754422,train
3397,33.385595157871464,-92.67560603114893,val
3398,35.421849844573984,-91.58874227256703,test
3399,35.26787181563526,-93.56686520098708,test
3400,33.24089595360686,-93.50033333277236,train
3401,35.920479632529045,-92.30278052881187,test
3402,34.83198346745712,-92.82635139544416,test
3403,36.175190806678145,-91.25741893491158,test
3404,36.072968083474464,-94.24687130826248,test
3405,35.84377719167558,-92.19086941269524,test
3406,34.80564613685547,-93.75392820895388,test
3407,33.88098724612301,-91.60457670526628,test
3408,34.770914263688965,-94.0424199399511,test
3409,33.35283982230623,-93.63776962334882,train
3410,35.30596151965699,-90.62467175526874,test
3411,33.46892026730153,-93.45122005951107,train
3412,34.78910536875253,-90.95678526619469,test
3413,33.19033690958386,-93.2628783825497,train
3414,34.04829371596126,-93.45191329898786,train
3415,33.81228161234426,-93.1332007290801,train
3416,35.170110399490845,-90.24176803741895,test
3417,35.75375349207878,-92.64608667309646,test
3418,33.20056034089184,-93.40851016647666,train
3419,35.97599289804384,-91.95290181572635,test
3420,36.01268693234112,-92.70336218342788,test
3421,34.19794176000808,-90.69271832673483,test
3422,35.30651423089613,-89.69748527698425,test
3423,34.40914561096207,-92.00292501995081,val
3424,33.53966808766371,-92.37480797866534,test
3425,34.85031846497088,-92.91511407038,test
3426,33.302258860755586,-89.78250650061742,test
3427,36.07465254388596,-92.21808211825673,test
3428,36.23501415793363,-93.73535560611784,test
3429,35.87564597953991,-89.80299695023817,test
3430,34.96884842264593,-89.8444158337832,test
3431,34.95159506893909,-92.45444648989468,test
3432,36.446125818103255,-92.88951551522621,test
3433,33.86765591440914,-91.23822588995749,test
3434,33.265819280668225,-90.50024706999552,test
3435,34.966793232604125,-92.14229530255088,test
3436,34.15074959233536,-92.97585943446643,test
3437,34.128185704828155,-93.12207176601083,test
3438,33.02479873959482,-92.99680432574435,train
3439,35.08683793341777,-94.03337628759162,test
3440,33.92411795796465,-90.75025643131463,test
3441,33.657504918674384,-94.0983494783099,train
3442,33.14151175987551,-92.64037696017876,train
3443,34.27526551766464,-90.4703316144099,test
3444,36.0763910533526,-92.61159369841127,test
3445,34.1783478265908,-93.15503386430802,test
3446,35.37675973541858,-89.90717899269777,test
3447,35.64791437190667,-93.99107754494094,test
3448,34.1483528321657,-90.22227610316116,train
3449,35.875742572542144,-94.31147831027809,test
3450,35.42157880883432,-92.56475881812273,test
3451,34.95734780045333,-91.48034635417561,test
3452,33.003473624177204,-92.78090923081585,test
3453,33.12281768072983,-91.96300608782155,train
3454,36.468030454371224,-93.60611171706171,test
3455,35.73799373226246,-91.79189844818983,test
3456,36.281478405705315,-93.9512431770108,test
3457,36.158061217213096,-90.66340130903481,test
3458,33.07155044099963,-91.71856413019262,train
3459,35.77146551426876,-92.22479738935031,test
3460,34.57901010403904,-94.34830602470959,test
3461,35.763453714002296,-92.1361215504939,test
3462,33.02350524457185,-91.81905993110465,test
3463,34.00869755420197,-93.2996324583664,val
3464,35.62963321526956,-91.25237600568614,test
3465,35.77557276010556,-94.2384772108938,test
3466,35.16900110425119,-93.58281526520098,test
3467,34.05439666306192,-90.95438386889856,test
3468,34.08626906950752,-93.88830557193766,train
3469,36.38367387274712,-93.3996223664756,test
3470,34.53724262731971,-91.38524892091522,test
3471,34.56493942585343,-90.99765673205877,test
3472,34.93316462584245,-94.36409840452154,test
3473,34.43325817902536,-93.9908506161365,test
3474,34.93435047609095,-92.40279351095899,test
3475,34.51317397968645,-91.67380912418399,test
3476,35.89350221860765,-92.36470726530231,test
3477,36.18167856929399,-91.40406213572557,test
3478,36.26238590935377,-90.86271525458586,test
3479,34.975036720402855,-89.90076707788573,test
3480,34.547519951125736,-92.88109285574666,test
3481,35.46834020577143,-93.80936930053281,test
3482,35.93413256953567,-93.30750249868763,test
3483,34.97043784723232,-93.8836227080926,test
3484,35.449933576377916,-92.66059915939461,test
3485,35.624052727524365,-90.28334068846922,test
3486,35.3673782185105,-92.89511231218655,test
3487,35.61146744505258,-93.8803511699537,test
3488,33.730258663945996,-92.02251457634584,test
3489,34.74431091457629,-89.69003923119911,test
3490,35.058939941117806,-93.68473934321626,test
3491,33.008672757999584,-90.7539614897691,test
3492,35.995868780847886,-90.52790605043572,test
3493,35.135085779557194,-92.62534843280002,test
3494,33.45197716094371,-91.54082934983731,test
3495,35.85724975401539,-92.4711039497666,test
3496,35.5096993825419,-93.31623512539635,test
3497,35.65404840212273,-92.50218956364037,test
3498,34.3721486165165,-94.14640802094856,test
3499,35.98970877343247,-91.10642811510537,test
3500,34.44909653746327,-90.49891063280236,test
3501,34.99678203530957,-93.0922223311487,test
3502,33.002248062949555,-91.8046101828315,train
3503,35.25705590137252,-93.466221795764,test
3504,35.51361527244778,-93.98652156264113,test
3505,34.98488277921077,-91.32181573139258,test
3506,34.73795585965266,-93.95348524535568,test
3507,35.834777657990976,-90.73356402604536,test
3508,35.38480451007835,-93.26937989270792,test
3509,33.97325913902008,-90.55198843677678,test
3510,36.356756683279954,-92.78853226527958,test
3511,35.47543517968369,-92.78685231456437,test
3512,36.45778625119348,-90.88965337945776,test
3513,36.399414606941036,-92.08397910006171,test
3514,36.21618402983531,-93.62114219074293,test
3515,35.643800394288576,-90.39346951617443,test
3516,35.133002789739386,-92.92943855009828,test
3517,33.60259732289023,-94.10919949863315,train
3518,34.901729960983154,-92.5524748067333,test
3519,35.67881782838015,-91.7674100370467,test
3520,34.823000055469485,-91.58886989032268,test
3521,36.0388369494198,-90.46702900884002,test
3522,33.38379564717094,-91.92920808574644,val
3523,34.33329121817022,-93.50815889915528,test
3524,34.7708754650778,-93.31951833624254,test
3525,34.51313853554188,-94.11882227617683,test
3526,33.38005291737544,-90.96245628249578,test
3527,33.5373490291562,-94.09347051389621,train
3528,35.93166052499421,-91.60911121759428,test
3529,34.695344907205076,-91.65317145158834,test
3530,33.17052849363455,-90.71604732183248,test
3531,33.057719406421775,-94.24909039256346,train
3532,34.657163906980145,-93.61153062274948,test
3533,33.575325540735555,-90.099474986195,test
3534,35.46794081099728,-91.7759829575738,test
3535,35.78363211884713,-92.34527964084292,test
3536,33.79903847959987,-90.90404896065246,test
3537,35.072619307086235,-90.13442365808689,test
3538,33.540556252198854,-93.31284210436074,train
3539,34.06253928058035,-90.13966612480763,test
3540,36.110784229635016,-94.07978770857746,test
3541,34.90434332018809,-89.76091525278251,test
3542,36.100610433004704,-93.80068642925494,test
3543,33.788367314628275,-93.29680524804661,train
3544,34.15508520137033,-94.13992811774455,test
3545,34.64833248459886,-90.6257277607736,test
3546,34.6802802631809,-89.72836665165286,test
3547,36.49176788514295,-93.14402675240825,test
3548,33.40055861639895,-93.0017085568031,train
3549,35.981877624605566,-93.2334698802014,test
3550,36.02288713797655,-93.85050434193182,test
3551,34.93619521038226,-90.70640224280871,test
3552,34.204130088907036,-94.31822239515466,test
3553,34.817291365009034,-89.81016257154282,test
3554,34.02363696682298,-90.01124184319004,test
3555,35.79687606953979,-94.0313577461373,test
3556,34.743977055486155,-91.98826645948391,test
3557,36.240447626071074,-89.68552874753765,test
3558,35.179419705246154,-90.38248233222933,test
3559,34.80011766590139,-91.06578538198596,test
3560,35.488742738921786,-94.50836910115872,test
3561,34.76376537550582,-94.28016409651984,test
3562,36.165772226468064,-90.67373502073983,test
3563,33.645560863103945,-92.74906907467089,test
3564,36.40672039311067,-91.29789356902855,test
3565,35.84266693147917,-90.94626731359551,test
3566,36.012566766527044,-92.52174463770031,test
3567,34.69017741329875,-93.90739269901714,test
3568,35.93020542268159,-92.69812831969632,test
3569,34.07370929252022,-90.29088924167654,test
3570,35.66681862497461,-92.97450367821106,test
3571,33.49157555436158,-94.30863227030498,train
3572,34.074681705868784,-89.85311685659164,test
3573,34.560064321759064,-91.23703576239988,test
3574,34.12811901350198,-91.93194194287031,test
3575,34.35455990468464,-90.49933648699425,test
3576,35.87036660674294,-92.57653142985744,test
3577,33.898365622497586,-89.72397450376735,test
3578,35.608484102541006,-90.35786184509283,test
3579,33.25799224189078,-93.22569263396973,train
3580,35.68008687630271,-92.77589150372714,test
3581,35.772081349904205,-93.24955746793373,test
3582,34.405945714258685,-91.34307601104426,test
3583,35.528672381086146,-91.442520302595,test
3584,36.20298441310785,-92.0231458086418,test
3585,35.802495407440844,-89.81977333837304,test
3586,34.36656278638936,-92.27279181775688,test
3587,34.69474729998023,-90.72489970084308,test
3588,35.72775140675032,-91.34926726763196,test
3589,34.02408106447193,-92.044620847481,test
3590,35.813589591081055,-94.41078731715936,test
3591,34.1482489989633,-91.35224973161395,train
3592,35.82096703834938,-91.42630243114716,test
3593,33.30380155172753,-93.99937624687504,train
3594,33.15539053918707,-90.6643025724575,test
3595,36.49186406579438,-92.29903940527815,test
3596,36.043099931321414,-93.0089943084081,test
3597,36.08996626213171,-90.52492185234556,test
3598,36.32947981662316,-92.91344633129582,test
3599,34.534107082950705,-91.52940156731938,test
3600,34.00392444138053,-91.54896343676124,test
3601,33.45508748256266,-94.35755426661086,train
3602,34.75423196738463,-92.51851685604366,test
3603,33.770169121668125,-93.51278961283818,train
3604,36.27442799858762,-93.62813381035176,test
3605,33.01401106854973,-91.36483941352277,test
3606,33.50118858210092,-94.5632923234298,train
3607,33.86266548579199,-89.80367747827395,test
3608,33.696348490576185,-92.65490670015605,test
3609,33.790224528028986,-93.13494646362882,train
3610,35.29616661771412,-90.04772723231085,test
3611,34.14629227409602,-92.20123945372899,test
3612,35.15258533666181,-91.56680350011817,test
3613,36.11590276776202,-91.16162177927431,test
3614,35.10894867933996,-90.28908597078222,test
3615,35.430864769502335,-93.97518231060924,test
3616,34.27926154377475,-94.21418369991265,test
3617,33.55908463667948,-89.68125740185636,test
3618,34.12204421857467,-94.57584750591843,test
3619,36.374989270464376,-91.10027207453332,test
3620,35.17633984558598,-91.58300515106566,test
3621,33.971288918019056,-91.87382142210545,test
3622,34.578203435067365,-90.71443504287494,test
3623,35.924295631008484,-89.68740945025178,test
3624,35.33955249747021,-94.38697746717519,test
3625,34.96228494255209,-91.5657834515634,test
3626,36.09807006821844,-91.05761498736092,test
3627,35.35353850275877,-93.09948164832011,test
3628,35.24955405776883,-90.18247891694298,test
3629,33.66418848023769,-92.34874557799493,test
3630,33.37236039054343,-93.80254204409883,train
3631,36.377997409700896,-90.37359315437911,test
3632,35.096004295351236,-89.93365966648952,test
3633,34.4548919320125,-94.12541085570734,test
3634,35.06157287318576,-90.88414609024187,test
3635,33.216341863751005,-93.55137933074886,train
3636,35.877445458664376,-94.58659057818497,test
3637,33.75825937447517,-93.32474930025963,train
3638,35.815911022112815,-90.37109811895289,test
3639,34.870324551422634,-93.91831613238486,test
3640,33.96800204779916,-93.97057565149765,val
3641,33.105734818847246,-90.94693290018523,test
3642,35.85541674364312,-92.60039259633375,test
3643,33.61761049514257,-93.88202421950304,train
3644,33.18131790473956,-93.4768981288836,train
3645,35.64557205789058,-90.67082843282155,test
3646,34.225151278305425,-91.52235411341165,test
3647,34.362669019570774,-90.83818400034451,test
3648,33.864736555482516,-94.13406700222946,train
3649,36.00712467543914,-92.34322171423693,test
3650,34.04065334137286,-90.65838193361678,test
3651,33.73567399412858,-93.2990100281839,train
3652,34.082374042176546,-93.77913082717114,train
3653,33.71102351308589,-92.72253404772856,test
3654,34.111793272818225,-92.96310153002126,test
3655,33.2902767800386,-93.69820028895545,train
3656,33.55485510191811,-89.8788937209794,test
3657,34.45968509188652,-92.21900092935947,test
3658,36.07813399456457,-91.59786051013369,test
3659,33.200517613528,-94.01809866351452,train
3660,33.744361473660106,-91.58812561198638,test
3661,36.17920986439559,-91.86004621475394,test
3662,36.11505135955973,-89.98831124096803,test
3663,35.378077916535794,-92.57078549867195,test
3664,33.84165743933333,-90.7331513606332,test
3665,34.46933696369525,-93.10822053704325,test
3666,33.73927348053288,-91.74266642905044,test
3667,33.45005978193821,-90.01295712569635,test
3668,34.329994380798624,-91.51339558552829,test
3669,35.01537561774622,-91.08554134168045,test
3670,34.259764364126816,-90.26635690974314,test
3671,35.137885926630894,-90.02064091435527,test
3672,34.03689157382757,-93.58487387024076,train
3673,34.21047684716277,-93.64668498280295,test
3674,35.76735757075613,-91.88413364926333,test
3675,36.074101558128504,-89.67228360975739,test
3676,34.12711928535868,-92.18394295314543,test
3677,35.00030530470847,-92.97540233337597,train
3678,33.973567993622936,-91.94981146358255,test
3679,33.186671245975994,-94.29995300264497,train
3680,35.58250013476143,-93.73928235155974,test
3681,33.59851219132653,-93.87986552578785,train
3682,34.48999383311421,-94.48125974099688,test
3683,34.70465922682705,-91.03060485386494,test
3684,33.64565054462687,-93.00239150706675,train
3685,33.33094372732189,-93.78237453312681,train
3686,34.218045551348744,-92.07414846048766,test
3687,36.33300067642612,-93.01248130231885,test
3688,35.15297456495948,-92.66670167913355,val
3689,34.33493579941016,-93.0518068692028,test
3690,33.136187872709755,-94.60020193363661,train
3691,35.10095648486879,-91.19900554383794,test
3692,33.3229017432738,-94.06986832069173,train
3693,34.89890424866634,-93.53086228659704,test
3694,35.6318267789511,-93.67412429348776,test
3695,34.482548719031755,-92.97310454137143,test
3696,34.04794023185784,-93.82381753290312,test
3697,33.16584481836159,-92.89564794278587,train
3698,33.08672256306559,-93.41097620133557,train
3699,34.50509299375933,-94.31576088753312,test
3700,36.09170844746039,-90.29330200346595,test
3701,33.85421972577617,-93.10126189771941,train
3702,35.00919427023638,-94.14644773250939,test
3703,35.39507036887917,-92.02801389660796,test
3704,33.21290453625477,-94.00732067370706,train
3705,33.53585131531182,-90.77772678875948,test
3706,34.15946877696848,-94.313957622098,train
3707,35.345326109519995,-92.31075932877718,test
3708,34.53662289279834,-89.92918313932459,test
3709,35.56968273876386,-93.82992380331768,test
3710,36.03659252950617,-93.61919767577967,test
3711,35.6543029680949,-91.63568939036578,test
3712,36.47286522559637,-89.75012526417117,test
3713,35.640263740560776,-92.70239633102061,test
3714,35.98262718252607,-91.39623388889729,test
3715,35.913282254627504,-93.86298419797528,test
3716,35.555930167980165,-91.43225624767642,test
3717,35.806306358295615,-93.36426953717418,test
3718,36.271391297535935,-91.57196059076809,test
3719,34.66322582484202,-94.17935379582447,test
3720,35.2340045836939,-92.01090396212452,test
3721,34.802289025504706,-93.440097176474,test
3722,35.97862945517225,-91.23190774445283,test
3723,34.50975861005028,-90.90408115827047,test
3724,35.86904369900657,-90.4047316231198,test
3725,35.79774101269999,-89.68779501647217,test
3726,36.36660135479006,-92.33700674512345,test
3727,33.87122244740097,-91.28714574647961,test
3728,35.4836682846007,-94.52843413022696,test
3729,35.6492182417662,-90.12171744446813,test
3730,36.27697472481633,-91.55975656672297,test
3731,36.17415846319436,-92.52591545301202,test
3732,35.00734051597957,-92.46146566847958,test
3733,35.02703615052393,-90.85276163758884,test
3734,33.585519299414806,-90.47765408242661,test
3735,36.4123694584832,-90.6047187287152,test
3736,33.892561119461995,-92.0823942743563,test
3737,35.53657676457952,-92.77540121128689,test
3738,35.7852825168186,-89.9206693737648,test
3739,34.54425426613983,-91.46802836189207,test
3740,33.739178020101704,-91.91804255729878,test
3741,33.661361344768906,-91.64635490781939,test
3742,35.99773600315557,-91.48956345431418,test
3743,34.787647703619804,-91.0760277659887,test
3744,33.31547943713393,-91.87067206564541,test
3745,35.50956815467011,-90.26948388834634,test
3746,33.875598684817604,-90.34722035505963,test
3747,36.06738162762808,-92.4219790090754,test
3748,34.08350125110491,-93.78237552273609,train
3749,33.7009479053155,-91.75402110255763,test
3750,33.29700455244227,-91.53492457500803,test
3751,34.790358978231765,-92.01880351744994,test
3752,34.577581557364006,-90.1938282680284,test
3753,35.629592506111,-94.15768932258891,test
3754,34.626109055175625,-93.19153003096906,test
3755,34.2033558912353,-90.31702446377659,test
3756,33.9157922047153,-89.95111583427965,test
3757,33.9735136091449,-92.50315237872825,test
3758,36.24746765639735,-93.66255941025054,test
3759,33.577775107307346,-92.53096240234562,test
3760,36.45861748595003,-92.35285276624205,test
3761,34.14421809317279,-92.03774019053213,test
3762,33.309365823961244,-93.25646519149073,train
3763,33.87041633275753,-93.06624178662939,val
3764,33.20445032844117,-91.36172947220993,train
3765,35.76510419207371,-91.5296830695467,test
3766,34.79393519389387,-91.3293504998768,test
3767,34.1794531660338,-92.74489363350803,test
3768,35.31717361621047,-92.94780951265554,test
3769,35.20726284082612,-92.8728527953245,test
3770,36.289552312296564,-89.89265286711635,test
3771,36.36441180861933,-92.65563183737272,test
3772,35.382393214828916,-91.60752199020051,test
3773,35.86235574535459,-92.02146935978232,test
3774,35.77348785117312,-90.26517757450738,test
3775,34.71956236444965,-92.78548950012599,test
3776,35.46560400811696,-92.46230211154983,test
3777,33.273906526892496,-90.43131238475242,test
3778,35.653073791026074,-93.82004065827137,test
3779,36.36641552517329,-91.66635609705976,test
3780,33.29741163594009,-92.6324562080103,train
3781,35.92640524607149,-89.72061595214163,test
3782,36.26543009327245,-91.03472093950093,test
3783,33.79166111430722,-94.56753537385354,train
3784,34.836839156632216,-90.44781471478018,test
3785,36.24750378912046,-91.12519710877889,test
3786,36.36079101583039,-91.83202424955427,test
3787,33.44758834523311,-93.44644147485495,train
3788,34.22151478944408,-93.87789624747379,test
3789,35.443506244028,-91.49685417259367,test
3790,33.77545474785076,-92.4334968441156,test
3791,34.13669720022068,-90.3377470482113,test
3792,33.081518710016425,-93.31600335571999,train
3793,33.53732588325919,-91.45152569519415,val
3794,34.9681532304621,-93.38325010780468,test
3795,35.28581523206464,-91.45750411690636,test
3796,35.27119140883543,-94.37972712818791,test
3797,35.72426164772376,-92.67321408873251,test
3798,34.45348494808577,-93.76175248914723,test
3799,33.957217506844046,-91.60850803876934,test
3800,33.05453245014884,-93.04586157570668,train
3801,33.72320439118335,-90.78548289014657,test
3802,34.09335734270713,-94.05046602866281,train
3803,33.62372399768163,-91.85562105741137,test
3804,33.07050565023811,-91.66942102117999,train
3805,33.55106663032817,-94.51014262439128,train
3806,35.331348437486504,-94.44115101707303,test
3807,35.203548957654085,-93.08804634352975,test
3808,36.27489273789315,-91.59289506612281,test
3809,35.79358901989058,-89.83572892404383,test
3810,34.98714640894417,-94.16880595535635,test
3811,33.481447216226236,-91.1252810171423,test
3812,34.97425136623805,-91.1772008730498,test
3813,33.21558271319963,-91.29271300978772,test
3814,34.508097140937984,-92.05474771258497,test
3815,34.365905201315186,-89.81487502546759,test
3816,34.497348332770294,-92.12617756171126,test
3817,33.97939071438176,-90.45366351637995,test
3818,35.40040656668339,-93.31527260371293,test
3819,35.94330563554573,-90.61264675844494,test
3820,35.68980947409642,-89.66716770232351,test
3821,35.19713233526808,-90.09687264076442,test
3822,34.88420679766555,-93.10876355780283,test
3823,33.10879463002811,-90.41459734503346,test
3824,35.53026899542172,-94.14657209854727,test
3825,34.90744028852474,-91.25179342872313,test
3826,33.9475936773236,-92.91953322205617,test
3827,34.14744713598704,-91.34640965470989,test
3828,36.274623752644096,-92.57112243233006,test
3829,35.1852678579103,-94.57510524536815,test
3830,34.66569352130135,-93.47055552638169,test
3831,35.173226088979426,-94.40934042269417,test
3832,34.4480981374498,-92.49646848368474,test
3833,34.64563795621056,-90.44484570496094,test
3834,34.01608239847685,-90.95215610789387,test
3835,34.539486552070755,-90.699106434367,test
3836,35.399572813532686,-90.6082177454405,test
3837,33.13979673780264,-92.77145925342393,test
3838,35.78259592553654,-92.10505212441781,test
3839,33.9904283930146,-92.09299768467557,test
3840,35.38895927701375,-94.05735367082772,test
3841,35.24953860138021,-91.64723365302248,test
3842,35.28419817199457,-91.04070649836834,test
3843,35.12845120689531,-91.58348993900694,test
3844,36.35685643324337,-90.91254930449368,test
3845,34.779204569433865,-94.02911039741947,test
3846,35.56311690430373,-90.83579753671914,test
3847,35.46907265932102,-93.58554368625867,test
3848,33.826936520474156,-90.26217069048752,test
3849,33.99157043715389,-93.40269137761655,train
3850,34.48405984354939,-92.17479785305852,test
3851,33.97194275662123,-92.19828650561654,test
3852,34.283600846254856,-93.28381390765169,test
3853,34.36836214874907,-92.82230336543462,test
3854,35.113525963284204,-93.69758415709431,test
3855,33.769615149572715,-91.78659953363102,test
3856,35.81502153056841,-90.08225071409261,test
3857,34.53137724870027,-93.0464603653626,test
3858,35.471854390891366,-92.09492882943586,test
3859,33.28504868434286,-90.33645335881401,test
3860,34.64487887943528,-92.37107973668101,test
3861,33.098768362620646,-90.48863616756415,test
3862,35.365684971354476,-92.40143839410575,test
3863,34.202985269489744,-92.43199494044697,test
3864,36.3223848493704,-93.83851738796868,test
3865,34.13443475110497,-93.99885524259973,test
3866,34.973320643062046,-91.5808611808564,test
3867,33.90085651493115,-90.50815238234676,test
3868,35.17039420131569,-93.94702976035454,test
3869,34.63464822546632,-90.09683308784828,test
3870,34.29719891526972,-92.83636738473426,test
3871,33.71291272178063,-92.50647168359151,test
3872,33.39032470390009,-90.1745665919699,test
3873,33.419576968848354,-90.16540664190262,test
3874,36.49664006126944,-92.0114513817495,test
3875,34.44308754400032,-93.2444782260669,test
3876,33.00675397755669,-93.76546082247927,train
3877,36.33525076719105,-93.27024716427019,test
3878,33.06992973480435,-90.74028183380314,test
3879,34.46505143944087,-93.00678371299817,test
3880,35.511171550897295,-91.16802953866595,test
3881,36.201097355301165,-93.64985191327041,test
3882,35.495102020012354,-92.24183694553618,test
3883,34.62269014215004,-92.87003210618767,val
3884,36.410547136444364,-92.11704675309846,test
3885,33.13761784061645,-91.78737190412673,test
3886,36.45412270888303,-89.69505322576681,test
3887,35.97287043097953,-90.14752161546967,test
3888,36.25125505994226,-91.16154360670478,test
3889,33.89170348434138,-93.85589495146382,val
3890,33.49860325299495,-90.0524280749941,test
3891,35.32160347780445,-90.18384722858124,test
3892,34.80550803295142,-90.21308395253104,test
3893,34.83108786260533,-92.23928618416532,test
3894,36.23616712469126,-93.77158764602655,test
3895,35.17028317328642,-90.87061602160446,test
3896,34.08872342286607,-92.6890802562176,test
3897,34.40023294746257,-92.9074956002296,test
3898,33.46723542282148,-92.6778133975804,test
3899,33.673099140964915,-91.84141932939492,test
3900,33.50172524573338,-92.96241141120153,test
3901,35.83601969423974,-91.19109456333936,test
3902,35.467057137902415,-91.400812735154,test
3903,34.85620756163798,-92.09095280928031,test
3904,34.3102874176965,-94.3517530385231,test
3905,35.33973001613523,-89.96538286861528,test
3906,35.84516871693516,-92.57386947289166,test
3907,36.08431625485098,-92.38621762439915,test
3908,34.91455679872217,-92.35351841415147,test
3909,35.869597926368954,-92.80581104755481,test
3910,34.789570836944435,-91.2672980842285,test
3911,34.660855312157615,-94.55082905175547,test
3912,36.02901149467735,-90.27866360332594,test
3913,34.35230877692632,-94.11087804441028,test
3914,34.385694376642455,-89.65142303472906,test
3915,34.06718970849721,-91.4984293329917,test
3916,34.815456049031155,-94.29075502369973,train
3917,34.90697511791311,-91.8246878146486,test
3918,35.3116140085866,-92.9734002714459,test
3919,34.506758085383495,-89.88337518106262,test
3920,33.7624305215926,-90.86530910623404,test
3921,36.03394721844857,-92.10013709681728,test
3922,34.21100303533305,-92.48400632444786,test
3923,36.23030196944061,-89.67053173702601,test
3924,33.72573666559259,-91.30310109774503,test
3925,34.960201166826806,-92.06576918031554,test
3926,34.878152827353084,-92.64221773642113,test
3927,35.900267467744484,-93.00682319852041,test
3928,33.4859798536279,-91.11406546370591,test
3929,36.18478010521112,-91.69820899091705,test
3930,34.859998602602246,-90.40452136853946,test
3931,35.05138284370028,-91.86880320518223,test
3932,34.78558202654219,-91.7258129910449,test
3933,33.12608717392693,-92.2475382206294,test
3934,34.73981731632309,-90.8297738969334,test
3935,33.92242381936947,-92.55748888479037,test
3936,34.19940863132241,-90.38586016449233,test
3937,35.27185559715499,-92.99458753706065,test
3938,34.741939953159374,-91.17765351948661,test
3939,33.32626374433611,-90.18193463147473,test
3940,33.25564446166616,-90.79770289743028,test
3941,33.64980193466079,-92.91723753169573,test
3942,33.66809801300278,-91.10949515533467,test
3943,35.129052649399775,-93.59128547138843,test
3944,33.6223506241594,-94.33091955512451,train
3945,36.086017981461694,-90.68683275396509,test
3946,33.73416231214695,-90.60419469729862,test
3947,33.31896005899234,-94.50603323358949,train
3948,36.06511105725876,-89.90945878106623,test
3949,34.03364651626857,-92.40387786028131,test
3950,34.48897920441807,-90.12079742724612,test
3951,36.35659234404355,-90.70277260754482,test
3952,36.30529226705221,-90.1437519667907,test
3953,35.50220911242721,-90.47812310340818,test
3954,33.24128633106394,-89.77924301315349,test
3955,35.07669043893989,-91.49336802365934,test
3956,36.461772772647905,-93.49052353014908,test
3957,36.314206799483934,-92.68387124025706,test
3958,33.3710087238198,-90.88316013436317,test
3959,34.38588556081629,-93.83986268434879,test
3960,34.104378610659936,-89.99868358919028,test
3961,33.45404837416717,-93.59976379926421,train
3962,35.43179408937066,-90.26640555124735,test
3963,33.95846927526083,-92.21589199415223,test
3964,34.20703031093854,-90.44211786259444,test
3965,33.31625606845496,-89.85727038353545,test
3966,34.742886455725326,-92.52192716318365,test
3967,33.553587522782195,-91.15787543163802,test
3968,34.51231648252821,-93.49321351105553,train
3969,33.50169777736156,-90.64009498810766,test
3970,36.33847461482551,-90.54496952306296,test
3971,33.50743886619,-93.15262885095702,train
3972,34.82660503847722,-94.50002041052068,test
3973,33.68942938861645,-92.47690989865427,test
3974,33.267266312154135,-93.7750973448013,train
3975,33.708080165947344,-90.55180113106371,test
3976,33.19170937586652,-93.32234652825474,train
3977,33.48789084092346,-89.92984682104377,test
3978,34.72719455217126,-89.79010946344786,test
3979,35.28135432370151,-90.10308545736982,test
3980,33.305689352751244,-91.63991604580032,test
3981,34.54356518366494,-93.29088282019,test
3982,35.03436457998673,-90.60792567827981,test
3983,33.81978986673872,-91.13307095539618,test
3984,34.302274440306086,-89.7634733151602,test
3985,33.25142204406763,-92.7450575236383,train
3986,33.77045878081583,-94.32792304413644,train
3987,34.63363524071629,-89.65801994567045,test
3988,36.46654762623863,-90.45382971198879,test
3989,36.486927720286964,-93.51919624915621,test
3990,36.42867588393501,-91.01362950647872,test
3991,34.48080235205115,-94.61656982992805,test
3992,33.28238132445133,-91.84768898231862,test
3993,34.132507030372665,-92.81669394222192,test
3994,33.83200031379842,-92.724774785049,test
3995,33.04944301218449,-93.40473656332479,train
3996,33.33331763600931,-93.25401927830228,train
3997,34.58617177267173,-92.36029674063494,val
3998,34.188818623315036,-93.38671917367546,test
3999,33.63123802572069,-92.3017934640589,val
4000,35.50634989730561,-91.75058182876484,test
4001,34.24990458563816,-91.08577622842303,test
4002,35.9815374951129,-91.2545861161064,test
4003,33.84342006092091,-93.41731331267053,train
4004,34.88437721530319,-94.42522773557228,test
4005,33.64448726002214,-90.48157112551715,test
4006,34.733552157350445,-90.28460517046598,test
4007,33.53363278142435,-89.75491908692564,test
4008,33.565525185300324,-89.85023356053615,test
4009,35.142781819647055,-91.46994428733588,test
4010,33.92325114761518,-90.17546963141037,test
4011,33.60328529297487,-92.3933981559727,val
4012,36.25418887547276,-90.70694187056654,test
4013,33.15051137759018,-89.87198732498412,test
4014,34.97801839443561,-90.66249557067792,test
4015,34.91892344641643,-92.55364613121955,test
4016,33.87713106041071,-92.74253654207818,test
4017,34.584701107894865,-93.171032511689,test
4018,33.30708224078922,-92.79569428416028,test
4019,35.5244455107336,-90.54173399089275,test
4020,33.77594001931888,-91.13354340354368,test
4021,33.676848759392946,-93.37810047767763,train
4022,34.10207467397126,-91.08367041094374,test
4023,36.158294720921,-92.73440453378124,test
4024,35.7876332689924,-91.84787064002788,test
4025,36.314123018968154,-92.77926471433635,test
4026,35.2818682111158,-92.02750211615738,test
4027,35.320225288612306,-90.99287464139006,test
4028,34.68010849799176,-90.98628066641612,test
4029,36.16815213178442,-90.87668258087356,test
4030,34.78807002244615,-92.67653718641373,test
4031,34.24271024778258,-91.18823764872063,test
4032,35.24131253471183,-93.433603191708,test
4033,34.91148822690337,-92.24718075051328,test
4034,33.43406935358463,-91.72195862348772,val
4035,34.374538948693505,-91.20818352925804,test
4036,34.09663893883068,-90.08737992098138,test
4037,35.963918212538964,-93.10529987639724,test
4038,34.325948949405884,-90.41892900421456,test
4039,35.87544331423612,-93.07371246751363,test
4040,34.54836357865331,-91.87701018739443,val
4041,35.63725197205964,-90.50434375829876,test
4042,33.47348674978917,-91.02594646180964,test
4043,36.23627576880462,-90.33153774567968,test
4044,34.68195961779622,-90.57004047319363,test
4045,33.90929385969207,-93.24655410818535,val
4046,33.84521362227682,-89.68510474159231,test
4047,33.9277705100124,-89.96311779193086,test
4048,34.283534605212886,-92.48203213244571,test
4049,35.511318364364655,-94.38536890582628,test
4050,36.32361065015278,-93.11162153425003,test
4051,35.34163100543271,-90.46432192293577,test
4052,34.915081948304355,-89.8941740150908,test
4053,34.57009232805997,-90.48659038732839,test
4054,35.89868063463166,-92.64818611407516,test
4055,35.973800208561244,-94.33901359655894,test
4056,34.02563186051486,-92.04761326527259,test
4057,36.336970870287004,-92.74937893095012,test
4058,34.38290377122234,-94.00882723572492,test
4059,35.80027324217035,-94.09390886844615,test
4060,36.38386957328782,-93.85940668822921,test
4061,35.46280335299464,-93.59705634327834,test
4062,33.56542754257918,-90.8736815454536,test
4063,35.05147934310876,-92.72293375161149,test
4064,33.41571993083453,-92.44841749292996,val
4065,35.76199713954124,-91.64604476513391,test
4066,33.98460310855859,-89.84813661716288,test
4067,35.43325188071007,-90.86034882696532,test
4068,36.1853138594557,-91.41080830901043,test
4069,33.633534477345606,-90.92315429596916,test
4070,34.375002435104086,-91.04511617004063,test
4071,35.26491575825748,-91.18946117285844,test
4072,34.468805074833256,-92.15285661608571,test
4073,33.611866295686504,-91.80277001170431,test
4074,33.10175064959079,-92.32638741174874,test
4075,34.42309350295687,-92.65705626967643,test
4076,35.27223159303672,-93.27428268337142,test
4077,35.00894472853371,-92.85459038972593,test
4078,33.54684433916225,-92.49020780197102,test
4079,34.57742705353586,-91.7404843572271,test
4080,34.29314866163438,-92.13562076690103,test
4081,33.9597084080269,-94.08349369724203,val
4082,35.55244935351136,-92.93033093237742,test
4083,34.083782105095146,-92.7503184610499,test
4084,34.8904968331656,-91.10657795338794,test
4085,36.231282373443655,-92.9655263407534,test
4086,34.88746593788754,-94.58045959654436,test
4087,35.159580185561964,-94.2008469820497,test
4088,33.25636095158643,-92.14991786268796,test
4089,33.623469503096075,-93.68317734376632,train
4090,33.353329197543395,-92.16172661594221,test
4091,35.67684531924544,-91.76619930073198,test
4092,35.92572378320895,-89.98081362423031,test
4093,33.65259352618102,-91.36176777598637,test
4094,33.76745112823082,-94.46572760851184,train
4095,34.13122551322474,-92.72776932412432,test
4096,35.068771659338424,-90.67651885521576,test
4097,35.176286678300066,-93.32500459373006,test
4098,35.4036388548951,-90.0228838346438,test
4099,36.16817464674712,-91.99081677843873,test
4100,34.03264049173789,-94.16053497164364,train
4101,35.305656462223716,-93.41889741530402,test
4102,34.959029960221926,-90.11569298052936,test
4103,34.07043034144399,-89.6924450366612,test
4104,36.175953153077856,-90.33081101394026,test
4105,33.33419194185726,-93.02623687727996,train
4106,35.49200359391218,-90.79896950782482,test
4107,35.547557995579105,-93.51552861132662,test
4108,36.20364284691487,-92.70892423138281,test
4109,34.81503207322974,-91.15507440085455,test
4110,34.12567818376736,-89.80456034425274,test
4111,35.89709234451007,-92.43718456439642,test
4112,35.697835986413374,-92.15569298746432,test
4113,34.75110465046814,-93.52576241111326,test
4114,35.68750081471834,-92.61598296853566,test
4115,33.93756460727041,-94.30679751975265,val
4116,35.06327215641214,-90.35282809873462,test
4117,36.028142091757566,-94.50402709160542,test
4118,34.11294576615779,-91.22288281457105,test
4119,34.6924249385076,-93.2620881437728,test
4120,36.328656989605115,-92.25373612279519,test
4121,35.79374144690108,-93.2206545527042,test
4122,36.10463657115693,-92.63164877990629,test
4123,34.34836471311656,-91.90251390449734,test
4124,36.48776840872095,-91.43475974518199,test
4125,33.533979616393346,-89.9467778687974,test
4126,34.81569704125708,-92.96896151817504,test
4127,34.677456838036875,-91.71325816052045,test
4128,35.79451266780047,-90.13844092837503,test
4129,36.18016220380254,-93.17754791448681,test
4130,35.558987819178206,-90.32070159380636,test
4131,35.19385682645606,-89.86095117094246,test
4132,34.49600216796976,-90.40795628303424,test
4133,34.78614070976507,-91.78779330833227,test
4134,34.78255109628687,-91.03108576623333,test
4135,33.07128965789532,-92.22910263330132,test
4136,34.760660316896875,-91.65163865188482,test
4137,35.995897800609434,-89.776863887118,test
4138,35.48245903899787,-93.37193083590695,test
4139,35.78498017743752,-90.68104080097301,test
4140,34.366697464189826,-92.10402124571863,test
4141,34.851406329195356,-93.7409399304436,test
4142,33.11719249148985,-91.42162915789892,train
4143,34.3404927975927,-90.68163827452068,test
4144,34.66045615712425,-91.79328357796285,test
4145,33.89323114859678,-90.45795897907146,test
4146,33.10934342646728,-92.80163298798767,test
4147,35.41642838072633,-90.07857155403242,test
4148,34.52280712797095,-91.39784910306795,test
4149,34.45487367589282,-90.62829815509014,test
4150,33.87495363909978,-93.26326392945421,train
4151,34.88240639649306,-92.40274228984251,test
4152,34.53309373444756,-90.09920146365148,test
4153,34.65894565560182,-94.36704911400565,test
4154,35.033049719527334,-92.612210883591,test
4155,33.02213626533907,-90.74181626947244,test
4156,36.17693566238448,-90.92324098981534,test
4157,33.24880588930778,-90.38743453107625,test
4158,34.57823661560598,-90.94523003664665,test
4159,33.72580506333784,-89.91295201863005,test
4160,34.83323829279456,-92.14365000991027,test
4161,33.98080538078998,-91.51727951083915,test
4162,36.01002274321911,-90.40690237995568,test
4163,34.38725941886847,-91.13259597921396,test
4164,35.23564444518953,-94.11277810719787,test
4165,33.87107904851758,-92.79602763060389,train
4166,33.06792152672906,-91.8736237322906,train
4167,34.41454087464647,-90.86905380700802,test
4168,34.87770271345401,-91.91846918297169,test
4169,34.60841502941613,-90.75558027032255,test
4170,36.36705027336601,-90.45708090197935,test
4171,35.4739371084611,-93.30231249663295,test
4172,36.48484430218888,-91.5579920793843,test
4173,34.0327103160989,-91.85116142392052,test
4174,35.761686478625016,-93.49023325430531,test
4175,34.94445463641315,-92.18530589649295,test
4176,35.14116124056975,-91.89361562569349,test
4177,36.450486201548145,-90.55782082022685,test
4178,35.28895519912891,-92.32888280802787,test
4179,36.145859123179214,-94.21784756709454,test
4180,35.540125821517364,-92.19813908758593,test
4181,33.445851426036626,-90.45538380644913,test
4182,35.447982986128096,-91.7808604019321,test
4183,34.69510456039919,-93.03523981831998,test
4184,36.2157929754382,-90.04277438851824,test
4185,35.823920565166596,-93.84641261840848,test
4186,33.36447140662529,-92.99541806710829,train
4187,33.46870475278745,-92.447440587571,val
4188,33.24363850629512,-90.9522498970084,test
4189,34.72635706160616,-90.46633844313497,test
4190,33.28270115722574,-94.32895443306137,train
4191,35.532874178011426,-90.68358197229594,test
4192,34.93325503507651,-91.03897377620422,test
4193,35.925597561436,-90.17357804508528,test
4194,33.979285260349606,-90.14479833559706,test
4195,34.81699274456399,-90.75569797345757,test
4196,33.411178900686906,-93.67469265920948,train
4197,36.09613500927598,-93.06005861191943,test
4198,33.61251736801444,-89.96649109672298,test
4199,33.35826787972642,-91.64707869972634,test
4200,33.71767709483114,-91.94235915008525,test
4201,35.82181021053044,-90.06892408298134,test
4202,33.37035084689639,-90.27523308672467,test
4203,35.15049623193358,-91.0043441180176,test
4204,35.61163455215294,-90.23520604832707,test
4205,35.62878406169005,-94.05424016333845,test
4206,33.66521310312846,-90.85500648599846,test
4207,33.215683994321644,-89.82076819508157,test
4208,34.570822343202764,-94.37658534236142,test
4209,33.70869870835591,-93.51146311060056,train
4210,35.447447831548786,-90.67397710733887,test
4211,34.24842479879398,-92.03536559277967,test
4212,34.57273879361596,-94.18950677792994,test
4213,33.39719726585599,-93.28824859509459,train
4214,34.98642600291867,-93.00942378838445,test
4215,33.64933466371168,-93.02431827242565,train
4216,35.37644981320228,-90.2579664351399,test
4217,33.24909087891763,-91.32967880693054,test
4218,36.41563107298463,-90.96746112650601,test
4219,35.39584442505034,-94.5525566582239,test
4220,33.63605348734174,-92.49526534528665,test
4221,33.04933125911649,-93.04043147851434,train
4222,34.17062012271827,-90.38593075086634,test
4223,33.534846424182724,-89.87926782001834,test
4224,33.76443966591841,-92.51599597755259,train
4225,36.054625904532614,-89.78388874558065,test
4226,35.11121631017797,-94.54863475590248,test
4227,33.617601785601146,-93.00117456108323,train
4228,34.94830790240607,-90.76859204568815,test
4229,33.89523228698748,-92.83030483653909,test
4230,36.41670302525331,-90.04281721802177,test
4231,33.114650305922936,-93.5342294842843,train
4232,35.563114477587355,-90.66553636517929,test
4233,35.705489591669995,-93.61753980555946,test
4234,33.23506967385195,-93.640388559166,train
4235,33.60154277480973,-92.40462568883513,test
4236,34.34507330686385,-89.92364527599825,test
4237,36.03854189285174,-91.71028883934534,test
4238,34.87949978446475,-91.46388651247831,test
4239,35.29357397502552,-94.57162861783098,test
4240,35.74054492409895,-94.33862243298013,test
4241,35.89842975918132,-94.28733789246472,test
4242,34.666995900792884,-90.54637839193369,test
4243,34.78077598570719,-93.44284495486107,test
4244,35.513020499807226,-92.98567422234545,test
4245,33.92169825557469,-91.58853469021398,test
4246,35.990714077279335,-91.71774704126301,test
4247,33.07275388566545,-92.57966839708486,train
4248,33.68520060773404,-94.59862797600685,train
4249,35.80069980062776,-92.38547520199745,test
4250,34.19090374162435,-90.94775339987149,test
4251,33.52441491442307,-93.45086060283249,train
4252,33.65364164498991,-91.09946068893913,test
4253,34.857647406776245,-94.54469048550813,test
4254,35.96163535270746,-90.10720121255679,test
4255,33.24727750519889,-89.89830513795073,test
4256,33.106683181936276,-94.60776642737994,train
4257,34.62808847542895,-92.34464248338163,test
4258,36.34665595268772,-92.56330495701383,test
4259,33.97653431194944,-90.43583972108006,test
4260,36.357096886734666,-91.93261369112336,test
4261,36.106884118065004,-91.58151361441783,test
4262,33.99097276735629,-93.61354516466048,val
4263,35.85931822489651,-94.23698860005452,test
4264,35.40053555899087,-91.17911444700236,test
4265,34.79137836116665,-91.53524031991195,test
4266,34.48020650065006,-90.4833261921031,test
4267,35.8542596457391,-90.42192326621299,test
4268,35.775778014432575,-91.48375468835451,test
4269,35.64927717579896,-91.94434392673708,test
4270,36.49389582925353,-90.07737890301111,test
4271,34.674793613294845,-90.63771724481398,test
4272,35.82423042236971,-90.23434777501114,test
4273,36.01867428444218,-89.67067073557826,test
4274,33.74060903508789,-92.61457623480044,test
4275,33.147232547185716,-91.05683472841497,test
4276,34.41661940766003,-91.20030295829906,test
4277,35.99857839552872,-93.75451071473599,test
4278,34.011861484180784,-91.45635345952559,test
4279,35.450035539235984,-92.49239629888186,test
4280,33.02571848672492,-92.38034111713486,train
4281,34.24377551312083,-93.72471419042535,test
4282,35.15430843165353,-90.91864544970424,test
4283,33.45415016525318,-91.15123328129907,test
4284,36.13812419251602,-91.97451800915925,test
4285,33.54695891990978,-93.84110561960767,train
4286,36.18427740751398,-91.85238201677508,test
4287,33.757362580390414,-94.12233689192931,train
4288,36.479975358705445,-92.93332103007299,test
4289,35.116620496534566,-92.76938152132023,test
4290,33.29520713053409,-90.229375799073,test
4291,33.22847032067531,-92.5546564850414,test
4292,33.26222593690814,-91.6456047529298,val
4293,35.06462461551833,-90.2723484301172,test
4294,35.833527208145846,-92.50397558938452,test
4295,34.41036959619677,-90.22799350524846,test
4296,34.55692515748652,-93.9417872767426,test
4297,35.0625069628262,-92.806729508915,test
4298,34.86564211675225,-94.14920557213968,test
4299,35.40821606585445,-91.83217974247202,test
4300,34.65125002057059,-89.86230815977322,test
4301,35.498512397724234,-91.35494937845331,test
4302,36.49058759891322,-91.50840418177673,test
4303,34.226042447870675,-93.2375515977516,test
4304,33.042754120203725,-89.99239940964308,train
4305,33.43968765943079,-92.2764721196648,test
4306,34.93729964745434,-93.29299979636228,test
4307,34.20490225500628,-89.71113109724796,test
4308,36.289939077967475,-92.51707404904015,test
4309,35.19606131537584,-92.77365005742458,test
4310,34.82124315087914,-94.4462425015248,test
4311,35.79313825445207,-93.73387398347093,test
4312,33.90506454867183,-90.59831896529077,test
4313,35.86908489098826,-92.22100533012731,test
4314,33.01071386702433,-89.8742726071818,test
4315,35.16887076747501,-94.2030875579788,test
4316,36.271650028660225,-91.5587610912798,test
4317,35.757509832118544,-91.04167878670972,test
4318,35.98771967251576,-91.53271986147092,test
4319,34.38934143310025,-91.9865085261745,test
4320,35.88483631135044,-91.74585734791661,test
4321,34.927910827605935,-91.1929385308592,test
4322,35.1648908277612,-90.32958018812148,test
4323,33.20620368767531,-92.94836711790512,test
4324,33.705430940110375,-92.33551922020492,test
4325,34.92837545429743,-91.45952935451267,test
4326,33.20580370238224,-93.05834671693756,train
4327,35.595063823057,-93.73144915624493,test
4328,35.94019952982666,-89.81814127881269,test
4329,36.221268264531815,-93.6521974226827,test
4330,33.35618960712932,-93.46331651585082,train
4331,36.2890208680798,-91.54513008060152,test
4332,33.236670026702534,-94.23547949969013,train
4333,34.65919675574735,-94.45078316053842,test
4334,35.94087857219734,-94.30185238908743,test
4335,33.24608898497559,-94.00737968044474,train
4336,33.063808755461444,-92.4868915951931,test
4337,33.087317015473275,-90.49857460198149,test
4338,34.78944583802612,-92.92039969131524,test
4339,35.84058860608832,-92.49516886920233,test
4340,33.4459933487541,-91.63675206860574,test
4341,33.43613588927839,-93.1183422046499,train
4342,34.98991399267427,-92.47028674252314,test
4343,33.82003460284173,-92.70003091628413,test
4344,35.55574807300706,-92.92083879799941,test
4345,36.32372385861862,-92.68968594767428,test
4346,35.68111692310145,-94.56474497925205,test
4347,36.07011378232621,-90.21528447943572,test
4348,34.818551201500846,-89.76258641668001,test
4349,35.913117564761365,-90.33339392866179,test
4350,33.640161143953385,-94.59146089795043,train
4351,33.23921761638469,-90.88809883292774,test
4352,35.295835885436404,-91.77169214224404,test
4353,33.18183376315319,-94.15195069229148,train
4354,36.12368496698888,-89.9836900996484,test
4355,35.420439514875966,-90.7622008677635,test
4356,36.332702538931194,-93.89787745635297,test
4357,34.098603297096325,-89.82871409442333,test
4358,34.701554082205675,-93.99279219853112,train
4359,35.59591627765791,-92.36024100380887,test
4360,33.84972644911287,-93.82989060868391,val
4361,34.896470870390836,-93.87355174856222,test
4362,35.308135462519175,-89.81000548027819,test
4363,36.42583029056465,-91.77654977648008,test
4364,35.606461529848346,-93.33190065906578,test
4365,33.41345797597676,-90.76129512679333,test
4366,34.66366707984159,-90.27003533546655,test
4367,35.0606977404635,-90.05950843416474,test
4368,33.513181000025234,-89.98306469429465,test
4369,34.51188119943377,-90.1192583061162,test
4370,33.99402035717538,-91.44450599224496,test
4371,33.41589639791709,-92.91794075045892,test
4372,34.79214676712209,-90.01992864312876,test
4373,33.57971578354321,-94.01119225583808,train
4374,35.06688093005003,-93.78106491919745,test
4375,33.593939262846526,-92.46387712373641,val
4376,35.532582232609876,-93.21018523720049,test
4377,33.68334568060385,-91.55980791330737,test
4378,36.136997852716526,-90.12064944286583,test
4379,33.09173274792083,-92.17957430792895,test
4380,34.826990854660075,-91.8672631507099,val
4381,34.12036668060291,-92.51702536696398,test
4382,33.78776784021107,-91.10338127491958,test
4383,34.65060972707802,-94.11957676416432,test
4384,35.94706837713491,-94.37850826694499,test
4385,36.203470219343274,-91.43254778206719,test
4386,34.06137016351746,-91.96165363058387,test
4387,33.539852677332746,-92.59543059577369,test
4388,35.52049156648208,-92.96005656986053,test
4389,35.03699553909596,-94.36251700310567,test
4390,33.70355652037146,-91.23763587280244,test
4391,35.66103525830603,-92.52530634697104,test
4392,34.81625652334749,-92.40701784358751,test
4393,35.28688319827592,-90.17957908848291,test
4394,34.25768661887186,-90.95438702385832,test
4395,34.536841464558314,-93.52936755099435,test
4396,33.6311973443123,-91.35388251228675,test
4397,35.647805536758696,-93.96269106703683,test
4398,33.54953963453127,-93.65550257677485,train
4399,35.72405908162872,-91.0706782735598,test
4400,35.79302749209605,-93.99432462129802,test
4401,35.613103374192924,-93.22743606168625,test
4402,33.06797975820559,-90.15664046812182,test
4403,33.95596624412336,-90.95057207294073,test
4404,34.63918209977135,-90.00058619732414,test
4405,35.08440532550878,-90.23728829045282,test
4406,36.21727734779168,-93.0664802727827,test
4407,34.31462090245046,-91.47708415062925,test
4408,36.06258161570884,-92.7378824797348,test
4409,33.57200250847893,-91.15539147181823,test
4410,34.2994817062802,-92.88816860239497,test
4411,33.18298703787463,-94.61345266175611,train
4412,35.598712518694676,-94.15312707059623,test
4413,33.527284651015194,-90.78806873867282,test
4414,33.899570054769605,-94.20249393348186,val
4415,35.713316382676254,-91.640869264296,test
4416,34.87150851097948,-90.35684079357482,test
4417,33.048904517964615,-90.93672685289471,test
4418,33.00782321661589,-92.5652091897469,test
4419,34.78731221108964,-93.58323704999303,test
4420,34.06734429812218,-90.03498868592312,test
4421,33.63109006098312,-91.80499358152825,test
4422,35.14757878200639,-92.60506230544274,test
4423,33.799527651011,-89.93797323585432,test
4424,35.07272502389732,-93.55136181295661,test
4425,34.327430827051955,-92.42185909390551,test
4426,33.65361176184427,-94.08003082545738,train
4427,33.48336658254062,-93.9993451033293,train
4428,33.829012110945506,-92.63897660769574,test
4429,33.104412378045446,-91.14268803075406,test
4430,34.07844436712694,-92.93569709755371,test
4431,36.15684141563628,-91.19269807616308,test
4432,35.9097674405906,-90.61820336781561,test
4433,34.3020131485188,-90.25843776417292,test
4434,35.01541766503631,-94.39774406485293,test
4435,34.985761956549204,-90.77455367478375,test
4436,35.90058138717799,-93.88870365254664,test
4437,33.82701535530938,-91.14963640230232,test
4438,34.03735621077554,-92.772837545968,test
4439,34.05624901810964,-91.10226731045654,test
4440,33.14304496420086,-93.55729350479525,train
4441,34.10140752151217,-91.41439612706206,test
4442,36.07269821805802,-93.99619498730216,test
4443,36.191956766500184,-93.77636462814567,test
4444,33.383723710189926,-91.56612423193215,test
4445,34.60320489566451,-92.94624568649772,test
4446,34.334721155556736,-91.12222297662437,test
4447,34.712757188181854,-91.21475760604865,test
4448,34.94151833420537,-91.53047906843227,test
4449,33.07090566006211,-90.98921351006544,test
4450,35.947847867724064,-90.6741418539016,test
4451,36.407824256106686,-90.09022628611504,test
4452,35.28691684201275,-94.21983632747566,test
4453,35.31158283472679,-91.77940139655111,test
4454,34.84792950240748,-90.89857913690662,test
4455,34.169956941000336,-93.54180096035071,test
4456,33.52142238462832,-93.30980291940459,train
4457,35.04422169943618,-93.29318720865297,test
4458,33.157294912282225,-91.77550513177165,test
4459,35.88575898692156,-92.80013227472567,test
4460,34.473190948147156,-91.30950914159565,test
4461,34.451639784566915,-91.58710878061936,test
4462,34.14509800466567,-91.35415418947785,test
4463,36.39273861044505,-93.36598144445814,test
4464,33.61220933469752,-90.80616426215971,test
4465,33.52957737516324,-91.31974331267959,test
4466,33.57936025540761,-93.9706714252217,train
4467,35.304846189977674,-93.62514092352694,test
4468,36.47163361555359,-93.12420322285688,test
4469,33.82416309640614,-89.96787370604152,test
4470,36.16966088973621,-92.99804117788696,test
4471,33.9751579572286,-94.52120095915336,val
4472,35.26764972043855,-93.91612008383552,test
4473,33.14174633176679,-94.46010603645547,train
4474,34.734788911016665,-92.61788895660821,test
4475,35.29099488197644,-90.65814759718057,test
4476,34.8771192202792,-92.38133417047266,test
4477,33.83242384708627,-90.45019915007806,test
4478,35.899739318937705,-94.38377927283715,test
4479,36.39547778933384,-92.28547736520053,test
4480,34.607186334922226,-90.70823540051678,test
4481,35.22571742816239,-91.26663057825986,test
4482,35.7664464392095,-90.38145708041188,test
4483,33.84521171217628,-93.25904142216942,train
4484,36.025576336750746,-92.1307715424484,test
4485,33.980703168584995,-91.25591346563913,test
4486,35.71540781230333,-93.78260491789084,test
4487,33.39234731349248,-90.56544062805513,test
4488,34.009353461949594,-93.07199384756888,val
4489,34.86766976878954,-94.156262699539,test
4490,34.8372273349651,-90.81446458531066,test
4491,35.97650914570228,-91.11606064073206,test
4492,36.486445401735125,-90.22811162617634,test
4493,33.37523796051049,-90.1863885151775,train
4494,33.949858464887626,-93.23572685062956,val
4495,34.251593735780766,-91.43242700716743,test
4496,34.67621442733502,-89.6543587090252,test
4497,34.7286841010404,-93.40828145414848,test
4498,35.99668272101946,-92.26980295726368,test
4499,35.69695755974785,-90.09647316773668,test
4500,33.065980526632835,-94.10769418161281,train
4501,34.592576162041155,-90.00659800914572,test
4502,35.16325843385431,-92.19386669502798,test
4503,34.611384554825584,-90.18158728079716,test
4504,33.457258396089955,-91.5317840881904,test
4505,34.391159292917266,-91.2829653312953,test
4506,34.44079493295408,-90.77826081540287,test
4507,33.657005728574156,-94.28633362283868,train
4508,35.647074900648335,-91.49999135497299,test
4509,34.12490238049867,-90.02803189348387,test
4510,35.06145551699016,-89.86806509191902,test
4511,34.805055633355686,-89.80744242330334,test
4512,36.07099477725736,-91.41021059003836,test
4513,33.42705226151993,-91.47256436481942,val
4514,33.39992052888711,-91.87424861811685,train
4515,34.05111884193055,-91.60045980501611,test
4516,34.50925238844042,-91.5777738859957,test
4517,34.04489787063249,-94.40923090544722,test
4518,35.671154788383355,-94.1783097089109,test
4519,33.85843045088255,-91.54149963833169,test
4520,33.29671159970286,-93.05834434270874,train
4521,34.448299334594516,-93.1219153395008,test
4522,35.70682750848469,-93.6586000226046,test
4523,35.9769668025536,-90.63868225191258,test
4524,35.56670696927173,-89.82728733650848,test
4525,34.9526033747491,-91.50004272411273,test
4526,35.53467095612212,-89.9212631188361,test
4527,35.38486337356351,-90.22709574214338,test
4528,33.820283213732715,-93.53690291718785,val
4529,34.92765612271118,-93.85697627115096,test
4530,35.69713266423451,-93.5684136759228,test
4531,34.10992231656299,-94.1418393621881,train
4532,35.28890601350926,-91.72309054007482,test
4533,34.68518149631579,-93.21522928709732,test
4534,34.76105597830757,-90.0828040270854,test
4535,33.31519263223756,-91.57136336706064,test
4536,35.33176007856883,-92.83273553782941,test
4537,36.02990462374082,-89.72633605913703,test
4538,33.49500950809052,-89.88262335541741,test
4539,34.28136981775757,-90.75028228051328,test
4540,33.17033609194292,-90.68533213306502,test
4541,33.10371160091737,-89.76296744632329,test
4542,36.4638047383511,-91.6357325734794,test
4543,34.72715027907235,-90.2463013488207,test
4544,34.244316565223365,-94.29780622016905,test
4545,33.96206976818757,-91.86630927831203,test
4546,36.43004425730736,-92.12249379284243,test
4547,33.88287774932589,-94.43251240476239,train
4548,35.5399793850821,-94.18784863293907,test
4549,33.99315333532077,-94.51146054763615,train
4550,33.24671326874922,-93.15874542770237,train
4551,35.39146815081279,-94.3540491893041,test
4552,33.00570796670453,-92.51689636673882,test
4553,35.365119790461996,-90.5806503354766,test
4554,33.87631809646438,-91.56926585207069,test
4555,35.61136481225025,-91.27126413588573,test
4556,35.69412558572727,-94.46341176506512,test
4557,35.534375335861384,-90.44755398952834,test
4558,33.08569204513664,-93.89343381446655,train
4559,35.46307816875319,-93.11582514611854,test
4560,36.46550964919517,-92.05153434218107,test
4561,33.84918878983968,-89.9979326478646,test
4562,33.95983500278869,-89.65919863318389,test
4563,35.84734292353189,-90.7301764024016,test
4564,33.56138881769628,-90.99530830807448,train
4565,35.31204286426593,-91.9974188163612,test
4566,35.642592321252025,-91.31183213014417,test
4567,33.13006231636775,-93.90221184812108,train
4568,34.93816732992829,-93.28209528074301,test
4569,35.01557040487559,-89.72632496841949,test
4570,34.06205014087128,-89.75131333496668,test
4571,36.06720634289131,-93.01482719852582,test
4572,33.5696240175495,-93.42198859431936,train
4573,34.27468148327051,-93.47929516815744,test
4574,35.970340405015655,-92.21022401398413,test
4575,33.66724964812097,-93.5078800984382,train
4576,35.87480947714686,-91.39697173622305,test
4577,33.276742120787844,-94.24814553757095,train
4578,34.712301735164964,-94.10472420457644,test
4579,33.263657318559964,-93.24363665356907,train
4580,35.3726625477153,-90.75610713010921,test
4581,35.7671052116946,-93.01325099096121,test
4582,35.97450491886381,-92.28004059204926,test
4583,36.43441787760396,-91.35658843133437,test
4584,35.352055028048554,-90.70095658779432,test
4585,35.69171669844007,-93.09366816451347,test
4586,34.77015397412465,-90.98708202651382,test
4587,36.19457915413394,-93.19824500037389,test
4588,35.25315433769812,-91.41700294441797,test
4589,36.0924299218797,-92.37912570025038,test
4590,33.82408205954858,-90.01465973782751,test
4591,34.738582232513224,-89.738995870481,test
4592,35.554366223723314,-90.77260815477925,test
4593,33.709526140969395,-90.07014225185215,test
4594,33.739689276416925,-93.94157391713978,train
4595,36.42314959141973,-91.36731413098687,test
4596,34.52113626258022,-93.63411133038514,test
4597,33.6363540852332,-93.24346653028694,train
4598,34.16012358693527,-92.02156849115833,test
4599,34.39081651893074,-90.93232327285133,test
4600,35.18079840114577,-91.03417445124848,test
4601,36.23055130666713,-90.2987870704735,test
4602,36.45306526572732,-91.84040398493087,test
4603,35.28094565618889,-90.01607701265382,test
4604,35.449728262792036,-90.20719367943565,test
4605,34.12640209393806,-90.40018427728197,test
4606,36.000055084070624,-93.47928506421239,test
4607,33.7622941732711,-91.97870347385964,test
4608,33.37233227258839,-90.96090411269343,train
4609,36.40639596534178,-89.7687705360124,test
4610,36.024485368871865,-94.56211304952657,test
4611,34.06275797088347,-92.99424076629286,train
4612,35.36309750733367,-92.91851924464834,test
4613,34.6345642509462,-93.18598318818418,test
4614,34.13094872150915,-90.55740123017817,test
4615,34.00370973766103,-94.39599495988229,val
4616,33.47609605827317,-92.83360929245794,test
4617,34.92261328796544,-91.08292749686811,test
4618,34.56308841541128,-92.5985035960383,test
4619,34.792652471049806,-93.90400398904953,test
4620,33.75375008617792,-91.58406321038734,test
4621,36.28513734770637,-92.02262712512372,test
4622,35.235069187156896,-89.74026098450413,test
4623,36.14860230084168,-90.89982469096759,test
4624,33.38244908111464,-89.71870534040696,test
4625,35.179978380496614,-93.69382737365348,test
4626,35.97311636525456,-90.83487280388883,test
4627,34.15822272935063,-91.87835804809141,test
4628,33.68300109197595,-91.07882778896996,test
4629,33.92757457031967,-92.2962692313358,test
4630,33.955268043624294,-93.56441762602681,val
4631,34.565196377232375,-94.39268878257833,test
4632,34.14087260972766,-90.45370736108633,test
4633,33.94945925447797,-90.5704025075243,train
4634,35.26979304441798,-93.81217752308191,test
4635,33.18561330085159,-91.41345092926711,test
4636,34.191273223489056,-90.95346350835516,test
4637,35.414131880791665,-91.84860377295549,test
4638,33.61547412248352,-93.04337235161236,train
4639,33.77324751774519,-90.24169886613662,test
4640,33.70233318894521,-91.42707003141909,train
4641,33.003241373559916,-91.04051896529117,test
4642,34.65818713141051,-91.37899078837341,test
4643,33.136355762956434,-91.03519530222212,test
4644,33.95528934121215,-93.89901628967581,val
4645,36.481811986071904,-90.03470584039277,test
4646,36.21438673986605,-93.19952033414626,test
4647,33.75276532854717,-90.46234042154111,test
4648,34.08500851169877,-90.17988050563834,test
4649,34.62296603793993,-91.3834186748996,test
4650,35.955447413307354,-91.64644521241894,test
4651,35.80926079487582,-94.07803039047725,test
4652,33.44184502798199,-92.45198050638425,val
4653,33.435570969219235,-91.58012740829874,val
4654,34.45856288862915,-94.21310971576062,test
4655,36.0453338636482,-94.06603380295661,test
4656,36.08729749683426,-89.68239816211718,test
4657,33.37578047390286,-92.96879626971591,train
4658,35.01004050787943,-92.88182953816292,test
4659,33.54486318993789,-93.36990012151854,train
4660,35.40145258500974,-91.40928174561346,test
4661,36.207516367751175,-92.26881284257023,test
4662,34.59169252366458,-90.69155814185369,test
4663,33.29078971142218,-92.07290068567674,test
4664,35.02738968563091,-94.54338257798993,train
4665,34.42980834547549,-92.22104367007583,test
4666,35.838145633168864,-94.34571916574397,test
4667,34.191205623742356,-90.51087168900732,test
4668,36.06214020165406,-94.05511931762604,test
4669,33.95795142672175,-93.5417385456199,val
4670,33.551311725610404,-92.3339727433097,test
4671,34.07268132061503,-93.64993524465994,train
4672,33.12220527137961,-91.94007679782075,train
4673,33.984360884059846,-92.33032883049988,test
4674,35.310411718587105,-89.88596262374108,test
4675,33.49799042494807,-94.18078339027667,train
4676,33.389777404753055,-91.7536417201053,train
4677,33.46334851939022,-91.0396139400694,test
4678,33.271430859915135,-93.9856937649924,train
4679,36.06122394145029,-91.45678322504573,test
4680,36.30440290423785,-90.32473190077597,test
4681,33.162964031050755,-90.70584845216207,test
4682,35.66025123540239,-89.97220166856759,test
4683,35.580031113510195,-91.03868908719751,test
4684,36.48918298613514,-92.66188545652858,test
4685,34.21754731602374,-90.04535661858368,test
4686,33.99928147091646,-93.49997686495445,val
4687,34.58578742283439,-91.71899967573069,test
4688,35.998013120022165,-90.81468001287949,test
4689,35.55007774888264,-90.28476260003248,test
4690,34.65068334888626,-90.06478560846327,test
4691,33.855969951500555,-94.19767102207265,train
4692,35.544555094439296,-91.01148592781266,test
4693,35.990844038147685,-93.60560166159816,test
4694,34.399829308736216,-90.74777637581036,test
4695,35.340049060373445,-91.13757203228997,test
4696,34.40074207411809,-93.71867877775647,test
4697,34.674727033495195,-90.48083404307495,test
4698,34.8371863298422,-92.32490964402776,test
4699,35.715040349077974,-91.91703492505182,test
4700,36.42127094445126,-89.79212334488898,test
4701,34.55528156923381,-91.35657083002909,test
4702,34.19810252186662,-91.69484116922686,test
4703,34.30756852265337,-94.53668902135207,test
4704,33.46861174281314,-93.62990226958313,train
4705,34.03928558236203,-94.48796985738181,val
4706,33.30256594644082,-92.96343724419074,train
4707,34.49762992112736,-92.9077934854542,test
4708,33.58575044258867,-91.98425955015254,test
4709,34.21242361091043,-91.1918508184472,test
4710,35.77752212287062,-93.72865449567533,test
4711,33.860746777061976,-91.62977752857559,test
4712,35.14163117469724,-90.06262791559134,test
4713,36.15413496737015,-93.70051095488874,test
4714,34.98425215460341,-91.34433248958115,test
4715,33.678274144703444,-94.39342196797803,train
4716,34.20668167888084,-91.98019625757311,test
4717,35.06629222514423,-90.93454989218428,test
4718,34.773138989159484,-94.450812347485,test
4719,33.52016942696916,-92.96168300602162,train
4720,34.56378720641699,-90.25655378260181,test
4721,34.900733432185866,-93.49936541487381,test
4722,33.935664500601504,-91.02731346465339,test
4723,35.14355930368948,-91.57717577858035,test
4724,33.24556034819823,-93.80647230018131,train
4725,34.178124617479305,-90.9337136555103,test
4726,35.81496891472151,-91.97555746462999,test
4727,33.907496803178546,-94.06323177039037,val
4728,35.11811897501077,-89.90162412577162,test
4729,34.43510399798609,-92.17494871515665,test
4730,34.10761049845336,-90.91694825102908,test
4731,36.20646090768509,-93.5380296803371,test
4732,34.201416013281346,-93.93819944926038,test
4733,33.828365655204564,-90.9357053226343,test
4734,36.18255460474094,-91.27109383256484,test
4735,35.61080524577535,-93.25768479211166,test
4736,35.38629899794369,-90.9109713254869,test
4737,33.17337229723407,-92.11018846273805,val
4738,33.459217362505214,-92.8874716344624,val
4739,35.23418987333382,-90.70914766712609,test
4740,33.73301492784191,-91.55458974471523,test
4741,33.789732949706256,-92.09887622111918,test
4742,35.726984803702635,-90.77765772914772,test
4743,34.0007373209293,-91.91220305176414,test
4744,33.250555557531705,-89.95548386832007,test
4745,33.12751181558451,-90.55426320684624,test
4746,34.55112295535851,-92.83980776348123,test
4747,35.159950021896265,-92.3093513247851,test
4748,36.04109831687131,-89.86205464858392,test
4749,33.387815382614235,-90.17083415787424,test
4750,33.68835489200904,-93.66980787795748,train
4751,34.85430213817615,-93.25670995086796,test
4752,34.27437926784691,-92.808830018771,test
4753,34.688881079359234,-90.2471502903648,test
4754,36.23443627144476,-90.01073595988055,test
4755,34.907120788526406,-90.63236900321108,test
4756,34.45292213714227,-93.2497290230805,test
4757,36.46303967344911,-90.21128791102291,test
4758,33.228254844648376,-94.45658080407473,train
4759,36.2623970692991,-92.51866669997413,test
4760,34.75581644722919,-92.74318569731128,test
4761,34.76314718218498,-91.95985915865427,test
4762,36.226875169711235,-91.8336164305429,test
4763,34.77563392857574,-93.49973970038802,test
4764,34.53442481685552,-93.6033581571548,train
4765,33.953710072410196,-90.626274038793,test
4766,35.305858683860976,-94.24130191473598,test
4767,34.99375781842917,-92.16836836200564,test
4768,33.75020902931724,-93.66751735920954,train
4769,35.48294520271464,-93.03175089114875,test
4770,35.25430400067824,-93.24184673671512,test
4771,34.3906685947229,-91.0986445370424,test
4772,33.01540322666243,-92.3535776016261,test
4773,34.56303402561666,-93.13177408280286,test
4774,33.02120340995588,-90.48818057003838,test
4775,33.26249471254664,-94.19359814778471,train
4776,34.50713465868292,-90.81118759199602,test
4777,33.286719594648645,-93.38588559323553,train
4778,33.96482901825508,-90.0574444635449,test
4779,35.29421978995639,-94.59237134571335,test
4780,34.080153699132964,-91.8533832133241,test
4781,36.49177007942529,-91.52734302938286,test
4782,36.20705711870244,-91.75081734674491,test
4783,35.04858466604934,-90.56937399777091,test
4784,36.384314985222254,-94.06254487982346,test
4785,36.038060530513825,-92.55468665866586,test
4786,34.1161448159417,-90.32722823809074,test
4787,35.623586860948585,-90.20298561601092,test
4788,33.478911244013815,-92.14322831590334,test
4789,35.395929985325594,-91.8469045374657,test
4790,34.71878639273103,-90.8233750507652,test
4791,33.05889078738489,-90.74533634033575,test
4792,33.9598043783663,-90.20623594145587,test
4793,36.34383776091487,-90.42602872606028,test
4794,34.10541019780968,-92.56031613506447,test
4795,33.63509059355504,-91.39072596743587,test
4796,33.65636006300273,-92.21832076842719,test
4797,34.677246426246825,-94.03373151189194,test
4798,35.94927234234687,-90.53624582757485,test
4799,35.65300617796672,-91.62923525738849,test
4800,34.52898202638221,-94.33171413708462,test
4801,33.73054409202936,-91.2559646533254,test
4802,33.16122715035767,-93.21298785159141,train
4803,34.61920611818956,-94.2757519126781,test
4804,35.851713719813674,-91.60525309402229,test
4805,35.5538869775801,-90.98092298897767,test
4806,34.43010268669538,-92.04909705722218,test
4807,35.0814593517116,-94.59192808035664,test
4808,34.52686282331176,-91.75289279739526,test
4809,35.026556384265625,-94.58715289566975,test
4810,34.81126835537742,-90.01575074255334,test
4811,35.38338310043805,-93.2914933661065,test
4812,34.77698095236593,-90.2910971806198,test
4813,36.29213849358646,-94.55981683557415,test
4814,34.498098635535904,-94.13683394285391,test
4815,33.05570706063899,-92.3765007261248,test
4816,33.82730737393145,-90.84972132610824,test
4817,34.7521240033733,-89.93546834851185,test
4818,34.892001481610315,-92.0301587686129,test
4819,34.93334676259219,-92.85336025307703,test
4820,35.50093234394529,-94.39856393661161,test
4821,33.96126849916135,-91.71896392545861,test
4822,35.32716287664517,-92.7311824904423,test
4823,35.464112955917244,-90.10160658116506,test
4824,34.43948263417289,-92.2341056624852,test
4825,34.40759184701213,-90.81572849384501,test
4826,33.62623674979758,-90.40439367477197,test
4827,34.44895581689381,-94.13156026996157,test
4828,35.75385702097454,-92.42899385045146,test
4829,36.181405519424594,-90.17822436786881,test
4830,35.077646169612876,-92.51045716735113,test
4831,34.04779620174005,-91.8111832434721,test
4832,35.38801401530906,-90.28067338192473,test
4833,35.59051173043601,-93.46400987415174,test
4834,34.16274472573232,-90.1739291357674,test
4835,35.89291751521341,-92.64676874668761,test
4836,33.25793541248419,-91.67262435656446,test
4837,33.03763801160009,-92.98964377413272,train
4838,33.43039770421218,-92.00021830281484,val
4839,33.54602921739628,-94.37504955897816,train
4840,36.07625161531703,-94.29565792306335,test
4841,34.48743595777448,-92.5588278731702,test
4842,33.96226092189634,-92.95528894053513,test
4843,34.50176290595387,-91.55951470293272,test
4844,34.381943124452214,-94.4315864697923,test
4845,34.05511583795806,-93.78668671140765,val
4846,33.48264853844188,-93.57832828619482,train
4847,35.29570411690858,-92.4307559104069,test
4848,33.478115409728794,-93.39323123097661,train
4849,35.71398558435436,-93.93581645153559,test
4850,33.70590804648159,-91.65005884130129,test
4851,35.55979957496659,-90.922956270318,test
4852,35.81955136993413,-91.21421770801781,test
4853,33.438641034210576,-93.24738492671922,train
4854,33.30361018900801,-90.3734091632562,test
4855,36.32350469728781,-91.57924376824582,test
4856,34.62066382363403,-91.5651064959931,test
4857,35.20582423240546,-93.56214319496921,test
4858,33.08141154042619,-93.41620194993932,train
4859,33.97548563194719,-92.26049141933262,test
4860,34.76889179095785,-93.4380294757283,test
4861,36.101764096862915,-91.20025364966769,test
4862,33.95003796147532,-93.08648407408889,val
4863,35.71316961950552,-93.8649767148121,test
4864,35.31774524890545,-93.86647914674585,test
4865,33.40344768732011,-93.98767793980554,train
4866,34.02681310477199,-92.43444210753712,test
4867,33.832524127535166,-94.60489101935232,train
4868,34.5488465565065,-91.92440972713642,test
4869,35.223669850666546,-93.13743447308984,test
4870,34.51696914427977,-91.87418021012773,test
4871,33.855878015131324,-89.97093569519534,test
4872,35.43557568879896,-90.30083337738809,test
4873,35.04564883149021,-91.75514369550588,test
4874,34.81759867595492,-92.54219054618554,test
4875,34.94046859106093,-91.14913752471995,test
4876,33.776652262028385,-90.03199751685614,test
4877,35.3815087138236,-92.18695107234045,test
4878,34.35625187438569,-94.12644061129598,test
4879,34.272137369055066,-90.81254164389277,test
4880,33.524069728933696,-94.56791860514491,train
4881,35.088930670926565,-90.81974675618585,test
4882,35.10932543691277,-94.19796447868376,test
4883,34.19105225283285,-94.09011562539956,test
4884,36.00947519902937,-90.73491685604272,test
4885,35.959102645504,-91.19307712666983,test
4886,33.38169007268851,-91.82734144719691,test
4887,35.43263435733471,-90.54169159223034,test
4888,34.37842164664758,-90.3886985016035,test
4889,36.49900197872012,-92.34616408938825,test
4890,33.787582703896284,-89.66839552533895,test
4891,33.981834718950715,-92.84282769999365,test
4892,34.54737203094505,-93.76760639989463,train
4893,33.94050302038232,-90.41549707769414,test
4894,35.4219767823528,-92.55461571059013,test
4895,34.683178392635185,-90.27373673339379,test
4896,33.773075921973394,-94.31600326788269,train
4897,34.77230924320297,-94.068071005812,test
4898,36.11075718227764,-94.41984487371691,test
4899,35.77338476397519,-91.62800552729703,test
4900,34.745901235493875,-90.485635019851,test
4901,34.009724110996814,-92.6187759054649,test
4902,33.62960262645885,-94.16924361513502,train
4903,36.074340070154136,-92.76385992766816,test
4904,35.48558429174544,-92.89021072227155,test
4905,35.002571561016104,-91.42194453392236,test
4906,36.078021260837836,-91.37880640488223,test
4907,33.42591600580931,-94.10797212526079,train
4908,35.38871250100724,-92.53172141569813,test
4909,33.75849309344631,-91.42670280171075,test
4910,33.42202104355596,-93.33345979032553,train
4911,34.629629785024264,-92.59681097595347,test
4912,34.35587525417524,-91.56993618972426,test
4913,36.29410763263815,-92.61773261481284,test
4914,34.13392841363136,-94.46662097131913,train
4915,35.85215790668201,-93.51359850271535,test
4916,35.62089450163921,-90.76287785510635,test
4917,35.33773354520488,-93.38493472861235,test
4918,36.22140165536021,-90.55597411305888,test
4919,34.4277360803347,-92.29946810626194,test
4920,34.36384915094003,-92.26958194812953,test
4921,33.563315982535286,-90.79053440980306,test
4922,33.96516726423274,-92.715031240311,test
4923,36.07921759621305,-93.43475145700272,test
4924,34.66033746518979,-94.09798908771437,test
4925,34.19473662766749,-91.28060791544122,test
4926,33.7563921927876,-92.28438557722937,test
4927,34.69736087585265,-90.59724780292038,test
4928,35.508328796625854,-92.3453566983857,test
4929,34.003422089099764,-92.55839094467925,test
4930,35.65200782284429,-93.13470514214856,test
4931,35.20425721153721,-93.62884347148642,test
4932,35.75646896888897,-90.49272838509714,test
4933,33.87818370106219,-94.14679948639457,train
4934,35.20859850656566,-90.13642521494232,test
4935,33.53807347821095,-94.48626151835037,train
4936,34.27328943757623,-92.02440589389593,test
4937,35.53526033194981,-94.33010704610912,test
4938,35.21083934952978,-90.74535260709114,test
4939,33.657512538681324,-93.56886227542621,train
4940,36.00419935232385,-91.80736479610442,test
4941,33.186728438208135,-90.06526287012301,test
4942,35.083254909808275,-91.39318309000625,test
4943,36.44337175081062,-93.73374977407964,test
4944,34.86026656144962,-90.66051148928815,test
4945,35.80235136985797,-92.4258463541625,test
4946,35.083133406161856,-94.5545116104365,test
4947,35.74080910223047,-92.20077809856406,test
4948,35.294579473743504,-90.5819511540012,test
4949,35.41896205088135,-92.48311057475695,test
4950,33.79733902880234,-90.85061258911445,test
4951,35.596373197505216,-91.113536353864,test
4952,33.832684603325156,-92.34914578282873,test
4953,36.43224096299906,-93.01328555242353,test
4954,33.79725516836422,-91.00909619223609,test
4955,33.828394012591794,-92.78647546384033,test
4956,36.00535592169352,-93.77466707955861,test
4957,33.85045051686987,-93.02531058420595,val
4958,34.26315977721949,-90.2621092111476,test
4959,35.5012405641266,-93.2115561126772,test
4960,33.55562003068167,-93.45224614182166,train
4961,33.55675114189626,-93.9569022484691,train
4962,34.702254481433165,-94.34576611249841,test
4963,33.852938639814546,-89.76583899962783,test
4964,33.824802844491614,-91.95221916851477,test
4965,33.032336224964794,-90.99366703071514,test
4966,34.296573569192816,-90.77832196906255,test
4967,34.11387694116441,-92.86898453623925,test
4968,33.10904533789335,-90.64943762649874,test
4969,35.17431612374782,-89.84142330523237,test
4970,35.193293137011736,-90.93344360430456,test
4971,33.24780165120781,-91.082686360486,test
4972,34.10964547018308,-92.47179808068736,test
4973,36.054819361983895,-90.4386389747303,test
4974,35.037584738856026,-94.17847824563695,test
4975,34.44191153404196,-90.89407195015752,test
4976,34.627856749624335,-92.82089209555001,test
4977,33.72897998052532,-91.80710963848499,test
4978,35.84158525247775,-90.18197006361179,test
4979,36.19901646907839,-91.61305278702626,test
4980,36.18732414787515,-94.49285979409855,test
4981,33.78377037092305,-91.02865391775022,test
4982,34.0875909372176,-90.00274820416791,test
4983,33.56217971183338,-91.42920063180652,test
4984,34.075203967713094,-90.33874221502592,test
4985,34.1648188024291,-90.51828009595059,test
4986,35.21587007972622,-90.33937735356972,test
4987,33.66376233541843,-92.9098209986194,test
4988,36.2178892352871,-92.26340727026987,test
4989,33.36084814529858,-90.40527348000224,test
4990,33.024073038620166,-90.09531908259068,test
4991,35.992307950206865,-93.89019774867907,test
4992,35.46319432718117,-93.71778407343032,test
4993,34.243759546246,-92.89625688772698,test
4994,35.084248970685415,-90.7916197939486,test
4995,33.78240435293732,-90.27134364842827,train
4996,33.589363770258814,-91.73620649722538,test
4997,34.64902197298553,-94.05705716829564,test
4998,34.236157404023366,-93.1103712970632,test
4999,35.15330517687352,-90.36059565780617,test
5000,33.76352214596361,-92.89265175799802,test
5001,35.32024695196216,-94.10904800184571,test
5002,35.684015321059846,-93.11871972341801,test
5003,33.58322650059966,-90.61066942906996,test
5004,33.15350399196271,-92.16740672089487,test
5005,34.53855581355469,-93.7672833055168,test
5006,35.70908430097353,-93.06621710827771,test
5007,35.2777294245095,-89.88070104002219,test
5008,35.456586021451066,-92.47317128414983,test
5009,34.409937689976786,-92.42525170361372,test
5010,33.82230940838574,-93.85924407784026,train
5011,34.86122595149613,-93.106365106067,test
5012,33.715279928122186,-90.57100991928797,test
5013,35.54180043944773,-90.71259109721579,test
5014,33.68938259585817,-92.45557096925306,test
5015,34.01942143350019,-90.1785482570791,train
5016,34.77290672413052,-92.73011318219778,test
5017,34.70348476950223,-90.324281988285,test
5018,35.1029728174246,-94.46311921359403,test
5019,34.53105610174971,-92.89426545755835,test
5020,36.21815657978532,-90.37030966424142,test
5021,35.93976932969016,-90.1404914794726,test
5022,36.07689707932823,-90.8605725151347,test
5023,35.203307999912035,-91.29076689002838,test
5024,35.222527705512825,-90.56694059997238,test
5025,35.13219539300582,-91.10343580453602,test
5026,34.522094540475095,-93.35652185630806,test
5027,34.12737100373542,-92.30280260354652,test
5028,35.07201010607105,-91.3362961605058,test
5029,33.08936142998458,-91.69862029712203,train
5030,33.02609750998331,-90.22106489259839,train
5031,35.98074639203862,-92.2649921372725,test
5032,33.162484156721675,-93.73540273122467,train
5033,34.83678302616696,-93.55352727405798,test
5034,35.15245717032376,-90.41509890246932,test
5035,33.693599303678525,-94.57665685751114,train
5036,36.13505793392802,-90.30042210087574,test
5037,33.66533520111931,-94.3437272145482,train
5038,36.095802455783364,-92.67345741359566,test
5039,35.67046594266562,-90.64312414959522,test
5040,33.84260033733468,-92.59415157719268,test
5041,33.52760458196633,-90.53292951034136,test
5042,34.106814485651824,-94.12151479240686,val
5043,34.39282698194596,-92.07763513461713,test
5044,33.860246367746235,-91.72510413054493,test
5045,36.49612042064048,-90.19238307173092,test
5046,33.803783176838536,-94.15470161049421,train
5047,35.90722189444,-92.93715459414351,test
5048,33.556912114816654,-91.34303996836272,test
5049,36.43085618846582,-89.74974749315543,test
5050,33.789332103990795,-90.40407660992946,test
5051,34.47590994174257,-90.41291954337143,test
5052,34.95497423368767,-92.04960282875881,val
5053,33.42100000304632,-91.81543336323011,val
5054,35.858870236176855,-90.35285693241917,test
5055,33.961399364382906,-90.29796083630391,train
5056,34.92244465560582,-90.63269540960361,test
5057,34.923718337426365,-90.55170076233267,test
5058,35.10924228314025,-90.24823960076563,test
5059,33.194200952835104,-94.0545038024731,train
5060,33.590165666410485,-93.1655822967823,train
5061,33.56417285023178,-89.76871573625057,test
5062,34.05717940795548,-91.91246248497895,test
5063,33.50719954900419,-93.7429746155928,train
5064,36.226724622710016,-92.11981350299835,test
5065,34.795340576789556,-91.41045264874116,test
5066,35.1825130169594,-90.50373673982985,test
5067,34.251208613893425,-90.58348167166336,test
5068,33.96686149361869,-94.37526977813789,val
5069,34.76112009581274,-92.36598081474713,test
5070,34.03013041192192,-94.51777179075057,val
5071,34.202760740054174,-90.20586406537873,test
5072,34.584628059948,-93.75568680467244,test
5073,34.77006790514525,-91.51437276501684,test
5074,36.44509904123643,-91.78402669473641,test
5075,33.78162905856679,-91.51111870982496,test
5076,34.707916577089264,-91.8198193845279,test
5077,33.52329108821269,-91.06352427348797,test
5078,34.2249973144779,-91.50823346886487,test
5079,35.510587515472416,-94.17120777354906,test
5080,33.61061750316201,-92.79716328349302,val
5081,35.03472957642515,-91.90343062340479,test
5082,34.458453582488026,-93.00376879328607,test
5083,33.18052840541566,-90.84115550250979,test
5084,36.265763345174555,-93.0400483561767,test
5085,34.4476109910251,-90.5014396537139,test
5086,35.74374287512908,-93.89073340672203,test
5087,34.4570972105613,-90.79611895202021,test
5088,36.28076112552574,-93.70817675929761,test
5089,34.01664617050114,-91.99576405635156,test
5090,34.442807273906936,-93.02699386636931,test
5091,35.656024840907506,-91.45244785319412,test
5092,34.202835603483,-93.56268016308726,test
5093,34.27524974967313,-90.6668136252411,test
5094,36.481881106949785,-91.7692881841588,test
5095,34.944650839916235,-89.86235242415941,test
5096,35.41283158784552,-91.0825014652885,test
5097,35.25211781953763,-91.60124416866884,test
5098,35.897734515048,-90.49908130848169,test
5099,36.0163878480461,-93.52817763822398,test
5100,34.97139646364609,-91.47526996950366,test
5101,34.0309462623824,-92.6796928675136,test
5102,33.07980086651239,-90.92335883364221,test
5103,35.150411378725124,-94.49838703482841,test
5104,35.88914091642967,-92.49427088026124,test
5105,34.57688931929081,-91.38104154789039,test
5106,33.576471491718024,-92.33062249788247,val
5107,34.008287255274745,-93.43728116930266,train
5108,34.78496125329153,-92.31218421915321,test
5109,35.92838426642183,-90.39676970831707,test
5110,33.601136011239475,-93.59201008402829,train
5111,35.1425245649833,-92.79515434676068,test
5112,35.63679014882691,-89.69803245814437,test
5113,36.27616632117188,-90.08329867061447,test
5114,33.408462920876005,-94.45117733963053,train
5115,36.24237071957595,-91.984250121018,test
5116,35.10513637311068,-94.29489725656602,test
5117,35.683455556013,-90.02819252942118,test
5118,33.188211483489944,-92.4255217839554,train
5119,34.77151854474208,-92.54036809047784,test
5120,35.17920385928278,-93.26345822175863,test
5121,34.07391843955494,-91.792969667451,test
5122,34.51077572835438,-93.89935634672284,test
5123,34.940043473478596,-90.64919364733834,test
5124,34.93391778920543,-92.17868458611248,test
5125,33.14651533892393,-91.80467943016863,train
5126,34.53818618302612,-90.44120040415704,test
5127,33.74836354177281,-93.69981059379181,train
5128,36.208432773298725,-93.7493401254897,test
5129,36.41802996543167,-92.52861568583687,test
5130,34.04876413723224,-90.71294264126284,test
5131,33.6131488903787,-94.32902859900487,train
5132,33.7682645283192,-90.66800408662324,test
5133,34.67213289373534,-92.13123972984872,test
5134,36.06076959689612,-91.82803565375733,test
5135,34.75012675228174,-91.81500188675251,test
5136,33.19387221600354,-94.34084807688014,train
5137,33.139599609496,-93.37863913534082,train
5138,33.79586830967997,-90.86617166597196,test
5139,35.949699471633004,-92.57102744613826,test
5140,35.175181951373006,-91.8342305982083,test
5141,34.97035248825202,-89.92400294852807,test
5142,34.11639357403925,-94.39002931146273,train
5143,36.25298891766165,-92.38508858260113,test
5144,34.15912385736746,-92.82446755974595,test
5145,35.922305444285314,-94.09094635181214,test
5146,36.13566231291559,-89.89455208666381,test
5147,34.69167254625648,-89.84154583894974,test
5148,36.1300124431826,-93.07190387367865,test
5149,33.968811505868665,-89.91481844487528,test
5150,35.304516991641464,-94.44518717458031,test
5151,33.30787311983535,-89.74494692802908,test
5152,34.658769749323376,-90.46541787844895,test
5153,33.760661307554216,-93.55477880256826,train
5154,33.21967147275711,-91.6402506449451,train
5155,33.01303927827167,-90.65245216902457,test
5156,34.13663240754283,-93.03308414888134,train
5157,35.06335708087867,-92.86185359329865,test
5158,34.59330621677905,-91.49400530530316,test
5159,34.05619254481824,-93.88894256686082,train
5160,36.46920010771688,-94.03249326967963,test
5161,36.28833763992887,-93.37846776774647,test
5162,33.43978657393124,-90.93593906562526,test
5163,34.45287599333973,-92.79800184473457,test
5164,35.270964268977636,-92.09842963839058,test
5165,35.56721779135478,-93.64861073266657,test
5166,34.28230254218322,-93.65529483327263,test
5167,35.611986344573715,-91.387257241603,test
5168,33.43452504518737,-94.08137499821379,train
5169,34.16134418840197,-91.30083158573447,test
5170,35.50751611514567,-92.62851179382594,test
5171,35.18988976591131,-91.28378355932041,test
5172,35.93023575201579,-92.72280449923302,test
5173,33.16399957933504,-90.415120647262,test
5174,33.61037101238067,-94.3438858389982,train
5175,33.169731037951884,-90.18031236029348,test
5176,33.67239978487224,-93.28475394912667,train
5177,33.014989837215275,-94.40856521647156,train
5178,34.76473605587603,-91.82485002324556,test
5179,34.84910038448889,-93.50495947500596,test
5180,35.302621234920984,-92.33776047777494,test
5181,34.34719356520365,-90.63249839587135,test
5182,33.01122691739815,-90.68601259908169,test
5183,35.35861904042673,-91.63608348707143,test
5184,33.190018807117696,-89.7599766139715,test
5185,36.031596507862105,-92.3151570566274,test
5186,33.079288956977784,-94.42423969993658,train
5187,34.85666293139821,-90.54745700544196,test
5188,36.132212588349326,-93.5201694658174,test
5189,35.00371351526073,-93.7440931192848,test
5190,35.129458612903754,-94.27205068782654,test
5191,35.38563796918092,-92.99033728011597,test
5192,33.428430967056634,-92.99898993374069,train
5193,35.36224485283696,-93.11522548612673,test
5194,36.081242087044856,-91.67183108934968,test
5195,36.40977291492361,-90.88483541843932,test
5196,34.55068199775422,-89.95929940832274,test
5197,34.20576698087142,-94.15257110895968,test
5198,35.63658365458711,-93.87260229253391,test
5199,34.900060008333604,-91.68848272269291,test
5200,33.90056629059261,-94.13226609843002,train
5201,33.60255259739396,-92.77730150544227,test
5202,33.5958060520746,-91.5159754141862,test
5203,34.60711962812153,-90.74069119076687,test
5204,33.59543541965478,-93.53853154133358,train
5205,33.0690163040402,-91.30011174643786,test
5206,33.182310712393914,-91.41002776073935,val
5207,36.25459590383538,-90.34770785249619,test
5208,33.255364694060475,-93.06067494605297,train
5209,33.256132417033356,-90.89204343150577,test
5210,34.57915955936736,-90.88256067372578,test
5211,33.857850988172615,-93.43120312630346,val
5212,36.369428482603745,-91.53284554634062,test
5213,36.18845043824231,-91.26444442428775,test
5214,34.41660137034943,-93.2560907892673,test
5215,34.570560317956904,-92.37455402303775,val
5216,34.3128977857645,-92.45418469553523,test
5217,33.13253140825095,-90.77565744519596,test
5218,34.02496393739148,-94.6165644581087,train
5219,33.429357143641944,-92.12989774106023,val
5220,33.358296155052926,-93.70382615658787,train
5221,34.963015505277355,-91.40519541876449,test
5222,33.345677001997466,-91.23856675103438,test
5223,33.36025963328342,-92.1294012517929,val
5224,34.68179800186772,-91.92611317733149,test
5225,34.547988277929235,-93.05416080039582,test
5226,33.48172174796329,-93.06278628387716,train
5227,33.01557158683102,-90.91676821254372,test
5228,33.67541054618745,-93.9652951038912,train
5229,33.825622889637145,-90.78562852597435,test
5230,35.800869552631035,-91.36458448743844,test
5231,36.20403422684525,-90.22416081726217,test
5232,34.42080539120789,-93.32708087976701,test
5233,34.41759354275342,-92.10429011247348,test
5234,35.493684493159535,-94.42622212769972,test
5235,35.19422705496641,-90.08484232197772,test
5236,33.644490653426935,-91.26330444042459,test
5237,33.37691192803551,-91.52431001211494,test
5238,34.53164161729268,-90.97853467109658,test
5239,34.97689927106967,-93.20688558190596,test
5240,33.48547661105583,-91.6188144643014,test
5241,34.02645722692956,-90.63941810528594,test
5242,34.070800487507015,-94.17123660982081,val
5243,33.91454370358458,-89.85468006022722,test
5244,34.61266443202127,-90.18732259156846,test
5245,35.285722545119086,-89.83379639548612,test
5246,34.782864592655976,-90.60250791011293,test
5247,33.705097967865704,-93.15727387057659,train
5248,33.3602866646659,-91.72966932585577,test
5249,35.876546620145454,-94.02279276147516,test
5250,34.67756638951225,-90.8717913436197,test
5251,33.21748714446857,-93.85641086001571,train
5252,33.90342524877345,-90.31188504342657,test
5253,35.81411822434454,-93.42443194601134,test
5254,35.63104213670742,-93.82275282080386,test
5255,36.06535821514082,-94.26760531245587,test
5256,35.107307391005925,-91.08451531358747,test
5257,34.480170770253196,-93.69456722878203,test
5258,34.49322249144058,-93.63759097405325,test
5259,33.679000155725305,-93.776607878802,train
5260,35.27779636531259,-93.10019824133158,test
5261,35.04774064632499,-89.94217917238188,test
5262,33.54202544000093,-92.20149026071613,test
5263,36.09982022015881,-93.32343664165035,test
5264,34.28963871158709,-93.77315792426884,test
5265,33.17408567932374,-94.52605994406397,train
5266,34.147583222729246,-92.80598654407032,test
5267,36.044498501490516,-94.07299447309637,test
5268,36.20934805051625,-94.48575038152427,test
5269,34.716394460408715,-94.10819086149891,test
5270,36.34718979025696,-93.03694806352975,test
5271,36.06334633224191,-90.88820740385171,test
5272,35.88830750984729,-94.28707833169243,test
5273,36.00898522638772,-91.2469905989298,test
5274,34.336563942590885,-91.5359036318578,test
5275,35.6476412926444,-90.23650867883006,test
5276,35.020686510766524,-93.70558456789387,test
5277,35.518894006091074,-90.6724895027755,test
5278,33.62225137653271,-90.32161987127107,test
5279,35.5598786912123,-89.76687386569087,test
5280,36.351573519679604,-90.60150969064479,test
5281,34.059321628335006,-94.00487204192866,test
5282,36.4515646338447,-89.91276881948775,test
5283,34.3243160518188,-90.5694894975652,test
5284,33.69903223957361,-93.56474383326027,train
5285,33.39300180430084,-93.79896891928492,train
5286,35.74736669650862,-89.96602167251011,test
5287,34.94188890131799,-93.84617782825379,test
5288,34.0749595278171,-90.75779617451684,test
5289,35.12957629427815,-92.60586150631211,test
5290,34.16235415744352,-91.022687830501,train
5291,34.5692521506496,-94.16349864057176,test
5292,36.01932444013582,-91.01646030993982,test
5293,35.338582669007074,-92.07580045472417,test
5294,35.66840643896651,-90.14511942486592,test
5295,35.04222743014352,-93.68365986629755,test
5296,36.46989317109967,-94.07650029246425,test
5297,33.84493523201812,-93.64478511653022,train
5298,33.91801906251585,-94.22948042477059,val
5299,33.32395628558417,-89.74865181191714,test
5300,34.939068257247484,-94.00940256922095,test
5301,35.146757327429285,-93.62177080039437,test
5302,35.54086550514587,-90.59586183603635,test
5303,34.17406074082241,-93.39363065336212,test
5304,33.042898806527596,-93.51520209925303,train
5305,35.21280337980912,-91.27862039137382,test
5306,36.49543422382134,-92.63813680471405,test
5307,34.03092273826498,-90.46766860561246,test
5308,33.64377058364157,-91.4478013520569,test
5309,33.986184352392236,-93.18757285609016,val
5310,34.48895416171967,-91.64832132017011,test
5311,33.87819525133398,-90.31368574090698,test
5312,34.21436008878636,-92.80851968605427,test
5313,35.23372358502777,-90.95974051402456,test
5314,34.207597953949154,-92.55331008752555,test
5315,34.38620630674279,-91.92092521304086,test
5316,33.140109419797426,-90.97351086184277,train
5317,36.21279875568004,-94.31917896459008,test
5318,34.42410085970199,-92.3589008739618,test
5319,34.14850230612178,-94.14678882551668,train
5320,33.30269468685884,-91.0167224439737,test
5321,35.21964125388314,-91.59920286202987,test
5322,36.02338732592314,-92.99515958786529,test
5323,33.1440362001834,-94.24088087843761,train
5324,33.50845363578112,-90.01876176371131,test
5325,33.51236440110173,-93.05443150887812,train
5326,35.107961993717275,-93.2513774163382,test
5327,36.22430675951429,-94.11800529453961,test
5328,34.532189284729284,-91.75055455079,test
5329,34.20332256867848,-93.29970232671363,test
5330,35.68044239958842,-90.43102018140748,test
5331,35.59899171614478,-91.22664908537473,test
5332,33.863646487470234,-94.60054291812726,val
5333,33.562892268077604,-91.80859718001985,test
5334,34.252335113453746,-93.46778165620596,test
5335,35.714611872793206,-94.54362541346184,test
5336,35.43272186470242,-91.5417451999524,test
5337,35.330487972246715,-93.60157562977903,test
5338,35.902999960571215,-90.14881002453245,test
5339,33.96995609319488,-91.77029771746191,test
5340,34.18889303914329,-93.58035000469143,test
5341,33.14818807713212,-89.75373662475441,test
5342,36.04061021531237,-91.90418541394276,test
5343,35.038504072227624,-93.79760330453192,test
5344,34.04342802159292,-92.0493064142597,test
5345,33.24295786007278,-89.8520351806312,test
5346,35.53193326106861,-92.51167515271418,test
5347,35.62058131842171,-92.50603280588315,test
5348,35.33162528240258,-92.32820019054276,test
5349,33.713233398313555,-93.2278853507622,train
5350,36.19625620478012,-93.81593544317306,test
5351,35.63605306657307,-91.74272931425892,test
5352,35.302147132543894,-90.17582502231377,test
5353,35.27830373197626,-90.96342318274995,test
5354,36.165251950320744,-94.14194858404137,test
5355,36.24907496583993,-92.62778058900453,test
5356,35.08473096303584,-94.59367947686965,test
5357,34.45834293836892,-93.08953628214124,test
5358,34.27306892845796,-91.293198334708,test
5359,35.86677594378253,-93.17753561104968,test
5360,35.25611868942017,-90.44242515409702,test
5361,33.27043110588779,-92.24740045870267,val
5362,33.497651045552594,-91.29423423068549,test
5363,36.15065063286696,-90.22718984029103,test
5364,36.09574351836575,-91.22643276601238,test
5365,36.33141357044114,-90.1602887647012,test
5366,34.49747838564913,-90.60391518105125,test
5367,35.74421317674248,-91.80169070038988,test
5368,35.898787595600126,-93.14275149291316,test
5369,34.104939170433674,-93.13823224888276,train
5370,33.508681989295,-90.26960448340398,test
5371,36.4895922657371,-94.35219537819965,test
5372,33.105767213129724,-89.94105886495879,test
5373,35.09067571549005,-92.99451279304488,test
5374,35.275742959635984,-90.94781083272738,test
5375,35.386262696893766,-92.97975212939188,test
5376,33.894697103891815,-89.8820920955112,test
5377,35.52552735504598,-94.43872407012108,test
5378,33.75739847148443,-92.86400518309763,test
5379,35.901633895130885,-90.3087185962746,test
5380,33.766908359296224,-93.25793900048924,train
5381,35.43847110176627,-93.25017120133143,test
5382,35.74194720041891,-90.15320347413898,test
5383,33.661310126617664,-90.49200620173225,test
5384,33.83295270671411,-94.09431715937696,val
5385,35.72686308557029,-91.73650584794935,test
5386,33.30099640072233,-93.50972591395058,train
5387,33.66766333363332,-93.55076278932866,train
5388,34.5943581716647,-91.5614421850893,test
5389,36.2556367506067,-94.00438516409989,test
5390,34.96657242212554,-92.28519836501522,test
5391,34.35687246872879,-93.34856598071349,test
5392,36.42429577777867,-90.37600531129054,test
5393,34.62298957177451,-91.86416366513039,test
5394,34.51807240790619,-93.55090910862978,test
5395,34.44075510910703,-90.01546570597263,test
5396,34.09263025412379,-90.53020424387844,test
5397,34.139931834081544,-93.30149761508142,test
5398,35.407429709753245,-89.84357698821357,test
5399,33.14292459069659,-93.28933758180403,train
5400,35.386358539762114,-93.16556368342653,test
5401,33.70421574344056,-92.70176212910526,test
5402,34.34472801121572,-93.8009180543408,test
5403,33.51288640396116,-91.20552979059755,test
5404,34.93462865425364,-91.85003349063587,test
5405,35.55272655733249,-90.17452146668694,test
5406,34.24129451619728,-93.42285012853674,test
5407,33.57195802139092,-93.77395249360198,train
5408,33.79276953675912,-92.83764173838274,test
5409,35.86339521483951,-93.89383984296481,test
5410,33.936770572709484,-89.91762939001195,test
5411,35.711459075539295,-91.05428991655904,test
5412,34.159197923821736,-90.66292747639366,test
5413,33.66056394020037,-90.90222319184073,test
5414,35.54557995869601,-93.41318870137975,test
5415,34.63990760316322,-93.92093650903944,test
5416,33.109470379461825,-92.48571509244304,test
5417,36.359798467705396,-90.49977496478084,test
5418,33.51713705775238,-92.97733881685419,train
5419,34.23692441758582,-94.57247217712528,test
5420,34.34678122248498,-91.33949831045629,test
5421,34.713004647404446,-93.62568653785978,test
5422,35.7490540781696,-91.92210924291355,test
5423,33.021315978862944,-94.54604615137268,train
5424,36.263652179676264,-92.09101621756076,test
5425,35.26096311071054,-92.66376582573697,test
5426,36.32727107702127,-90.24435242469599,test
5427,35.8608633809577,-91.03258541676317,test
5428,36.24743376329126,-94.44094007013261,test
5429,35.10350192827487,-90.69607368870504,test
5430,34.250581440070114,-90.68759955175297,test
5431,34.55019922089761,-91.32285454478442,test
5432,35.303113086344396,-90.00139522255881,test
5433,34.49426150918218,-90.62782996749931,test
5434,35.56085474213726,-93.53207363692829,test
5435,33.321468056280104,-92.72371695142913,train
5436,35.90495327144711,-92.88088158449123,test
5437,33.714660238747015,-92.11060815229617,test
5438,36.30381663333653,-89.88004330761775,test
5439,33.54441029978044,-91.56047610881438,test
5440,33.452074686358394,-93.06469287468197,train
5441,35.84156638705588,-89.94065684022438,test
5442,35.86545639696055,-91.1396507800364,test
5443,35.58565796958437,-93.29757979829445,test
5444,36.36185662366647,-90.11463153905292,test
5445,33.94688870039896,-92.90926189792026,test
5446,35.89327058646601,-92.05442996034512,test
5447,34.23214185515197,-92.23826245692194,test
5448,34.88089518949269,-90.02955455970304,test
5449,34.55960010395465,-93.29965310377712,test
5450,33.020475079357624,-92.96346546807443,test
5451,35.01061767738705,-91.33900388881358,test
5452,35.61627060717384,-90.21351995651898,test
5453,33.61093334251345,-94.0490260693758,train
5454,36.260795516625635,-93.5768789110399,test
5455,34.85639838796477,-89.90826862205338,test
5456,33.62386101102883,-90.75683339110998,test
5457,35.260816498209095,-92.90003325558523,test
5458,33.6717294798037,-92.84255500384425,test
5459,33.22236671903368,-92.28641666278831,test
5460,35.39860334846735,-91.27121648622912,test
5461,33.38743209156923,-91.83162570988272,test
5462,33.37176106931752,-90.76268383608269,test
5463,35.589802471136345,-94.3507910448527,test
5464,33.19320781622825,-90.54936750969961,test
5465,35.834192126667844,-94.33148478179025,test
5466,35.786520655267395,-90.2415595926418,test
5467,33.49487699827218,-94.40502545632293,train
5468,34.81433226546939,-93.98467281604735,test
5469,33.3381892183913,-93.72448367206928,train
5470,35.213999269250955,-93.51143761276595,test
5471,33.22025504539691,-92.62324249922645,train
5472,36.305682997129615,-91.36225442581993,test
5473,33.72705757379354,-90.18376119191835,test
5474,35.39013129582026,-92.01322103362172,test
5475,33.449019985319886,-91.97352598798938,val
5476,33.733587569143715,-93.03305366319007,train
5477,34.578323771091796,-90.64061829119994,test
5478,35.00583649469531,-94.07088344625257,test
5479,36.49602134137089,-93.12351719212882,test
5480,33.090741798318305,-94.13800237371646,train
5481,33.0011004687543,-93.55552133043372,train
5482,34.22628483150232,-91.70460837956776,test
5483,34.28154728730847,-93.99397687173487,test
5484,36.093430326345214,-94.1199295575403,test
5485,36.194038916940556,-90.51522326714522,test
5486,36.08183741725762,-94.03205333337215,test
5487,33.50112562670117,-91.59797485093661,test
5488,34.442366923133754,-92.87050442101598,test
5489,35.61059806803258,-90.16505540477206,test
5490,34.09413873724485,-91.10347631706315,test
5491,35.321333099786926,-94.32463174938009,test
5492,33.83000002116882,-90.16952349076871,test
5493,34.13196740286283,-92.56292249415591,test
5494,36.01150377271969,-93.13780957854904,test
5495,33.876781626311484,-91.27627335283256,test
5496,36.37513430409702,-91.05166961147334,test
5497,34.071908463278966,-93.11284363895183,train
5498,33.08234838438147,-92.87226696639469,train
5499,33.892153163309,-93.84303736775175,train
5500,33.59921729785199,-91.6705854828984,test
5501,34.77389438176142,-89.86416200494185,test
5502,33.39450623214751,-92.54937642215334,test
5503,35.19117107035893,-89.66885527747567,test
5504,36.06214674694773,-93.74321941565569,test
5505,34.26881608631307,-90.66338568856233,test
5506,33.58972451756892,-90.00730197953715,test
5507,34.40008748524544,-91.20036986726365,test
5508,35.75088387507719,-94.076648342125,test
5509,35.070206859278585,-92.99708947142288,test
5510,33.35400124664661,-94.19424090850886,train
5511,34.880155040144615,-91.62931183904847,test
5512,34.638298835094574,-89.65920041848011,test
5513,34.14489289607407,-92.75746957222077,test
5514,33.38556208618663,-93.81016313864448,train
5515,36.43389177467096,-93.28485823250489,test
5516,33.61615161962639,-91.78311421302537,test
5517,33.67460011776761,-91.79225991943369,test
5518,33.509539422357825,-93.47779046030657,train
5519,34.99567563544628,-90.88899743952702,test
5520,34.55284351068945,-94.182578911278,test
5521,33.873450137092945,-91.52348979466281,test
5522,34.50298184057535,-92.5042762237166,test
5523,35.35732647871601,-93.98794015137906,test
5524,33.98595186024521,-91.46710778208461,test
5525,36.20336021610633,-91.27494439157121,test
5526,34.07221183012197,-92.43309913071299,test
5527,33.693626607879985,-90.65397568725689,test
5528,36.34098746405485,-92.08869657547989,test
5529,35.83696213541363,-93.19980037307025,test
5530,34.20098168695213,-89.88060164864737,test
5531,35.94501147900357,-89.92810113238315,test
5532,34.8158498720383,-94.14476166824983,test
5533,34.21363374391372,-89.91797602573455,test
5534,35.93864056338725,-90.76585256773058,test
5535,35.63257773402554,-94.08997851209055,test
5536,34.04256194925087,-92.0389533988945,test
5537,35.12337480340291,-94.44629198891434,test
5538,34.29286578231929,-91.69338035931244,test
5539,33.00368190396136,-89.98205741991512,train
5540,36.366355094900975,-92.78999760469728,test
5541,34.92370176625493,-92.09213288496575,test
5542,35.09451410583024,-93.48902518026371,test
5543,35.09961998987053,-91.9314971875534,val
5544,34.92724511286791,-90.63120389634548,test
5545,34.01516745670758,-93.55016637853197,train
5546,36.4005164371782,-91.86917079303636,test
5547,35.1758394438035,-92.85742291272398,test
5548,35.348224761938866,-90.90307577197343,test
5549,34.59177465060967,-91.1308678500727,test
5550,34.00751490171774,-91.14701540911301,test
5551,33.225221437612255,-92.74231842538977,val
5552,34.2258056879876,-91.64158186423673,test
5553,33.61634100243937,-91.38410663707823,test
5554,35.317308938899544,-91.23635455732246,test
5555,36.07651359680952,-91.76097592043327,test
5556,34.059642003859786,-90.31198040828858,test
5557,34.16508918894916,-93.38347106102809,test
5558,35.34627576340154,-94.34264025687396,test
5559,33.52245001984433,-89.83635783424722,test
5560,36.253030993371944,-94.31815337867938,test
5561,34.27346373358919,-90.132310390714,test
5562,33.35419806074371,-91.57694386333752,val
5563,33.611394017222246,-90.05386028498644,test
5564,36.2646112660261,-91.81217896510368,test
5565,33.86491750929157,-90.53958663430075,test
5566,35.3179408134095,-91.03518739172438,test
5567,33.546578282383926,-92.01019269570648,test
5568,33.67935592322072,-92.81428175793052,test
5569,36.07733376614992,-94.60579066717894,test
5570,33.518116270358966,-93.3730007853902,train
5571,33.065627053576975,-89.88971896188451,test
5572,34.75431616334197,-93.250954616111,test
5573,36.01954384642027,-90.88329335996887,test
5574,34.140968658954684,-92.09276685577926,test
5575,33.44856794725999,-93.08668350826565,train
5576,36.43780790347973,-89.69426555865698,test
5577,35.368585203212945,-94.38653734370178,test
5578,35.97741721181855,-91.7270767808241,test
5579,35.63248395315124,-92.32625446643173,test
5580,35.443847958962166,-94.23966374378075,test
5581,34.34597423495822,-93.5559418570977,test
5582,34.135189976212736,-91.16961739082089,test
5583,35.50935508563066,-94.08160670992665,test
5584,35.50849552862031,-90.63890520056793,test
5585,36.32705934417183,-91.513446860058,test
5586,34.99030936246913,-94.11873775342848,test
5587,34.03117387025686,-93.19453129504666,val
5588,34.71335079765667,-93.93822602413609,test
5589,35.14799835854072,-90.6559215610779,test
5590,34.49355429851919,-91.97119066312544,test
5591,35.768965931758416,-94.60593521451857,test
5592,35.046146242755434,-91.9217688732761,val
5593,33.03302504669678,-92.2204656892032,train
5594,34.99443960881203,-91.42391027712725,test
5595,35.21761325079651,-94.44682504422964,test
5596,36.20341438040425,-94.44393381409276,test
5597,34.44802585782466,-92.88364051767608,test
5598,35.01063680744976,-91.19796566207741,test
5599,34.662491077500306,-91.30720627983419,test
5600,34.8607974996411,-93.23703001132503,test
5601,33.235564247341486,-93.54614430352241,train
5602,36.14049283636586,-91.22486578101612,test
5603,36.18644318941069,-94.485249701415,test
5604,34.918208634449215,-91.85278684147856,test
5605,34.94794430502331,-92.5122297490407,test
5606,33.20144612580384,-93.431738514862,train
5607,35.09282679591915,-92.03411849601765,test
5608,34.50203126457707,-93.54067674658468,test
5609,35.48165270582053,-91.81532162042028,test
5610,33.1649372080845,-93.87960003395507,train
5611,35.488106889553215,-92.60370622690597,test
5612,34.0041283834131,-92.08318111353512,test
5613,35.28096865658588,-94.46244589062218,test
5614,35.19494091359243,-91.58473531486602,test
5615,33.79394519621282,-90.89093299131741,test
5616,34.54158320825693,-89.86831439282913,test
5617,35.924716406686635,-93.61046202825189,test
5618,35.11957075258171,-93.5827840247696,test
5619,33.24058405692444,-93.10499080358268,train
5620,34.5501809096229,-90.19290273383919,test
5621,34.091200105722706,-92.59791989644643,test
5622,35.24575987619072,-93.1200847490125,test
5623,35.150973794533414,-90.9363315140595,test
5624,33.03639335528549,-94.43118881743912,train
5625,35.12693428296462,-91.89239187879772,test
5626,35.571973788947275,-92.382555744351,test
5627,35.690555113405516,-91.51445469260901,test
5628,33.206415196364865,-90.98643462275265,train
5629,34.06280445988454,-93.00480772384,train
5630,34.474457461930335,-91.45700658546448,test
5631,33.62920097728219,-92.01408634628386,test
5632,34.472568549077536,-93.95417998236033,test
5633,33.248953375389576,-90.23782074619199,test
5634,33.39626049052468,-90.86968686588065,test
5635,35.34043166995197,-90.03937895288173,test
5636,33.91900361406054,-91.03958918042393,test
5637,35.4899204661785,-93.40331139445875,test
5638,33.168379848058336,-92.48028466107414,test
5639,34.96946068565226,-92.697263925539,test
5640,34.37007032255394,-94.44196499481819,test
5641,35.78939987170413,-92.57957567969494,test
5642,35.743830530719464,-92.90251981363102,test
5643,34.314458748601275,-94.60049878258164,test
5644,35.179499049307,-90.40979740231629,test
5645,33.79642104086821,-93.90494410771097,train
5646,35.03142392663147,-92.13026772809525,test
5647,33.28442642881633,-90.7201512190238,test
5648,34.521114994415136,-91.61572759557396,test
5649,33.63954688538338,-93.77832440984822,train
5650,36.09183413732033,-91.5474907054444,test
5651,34.55715286288391,-90.85474343458979,test
5652,35.06770812023137,-90.37182035476343,test
5653,34.26133651115504,-93.03629081410448,test
5654,34.01059362333931,-94.45141063933599,train
5655,33.71021924071537,-91.59849741397876,train
5656,36.19155053933457,-93.49793050458479,test
5657,35.79813023849434,-90.73895148249538,test
5658,33.46641400550861,-91.24098790445036,test
5659,35.61353706702129,-90.77726133226065,test
5660,34.464857719628284,-89.81136993440263,test
5661,33.053888292362,-91.71479944611175,train
5662,34.849285621316774,-90.12556165446176,test
5663,33.45516254029703,-91.429789889104,train
5664,33.73477009582758,-93.71673059939255,train
5665,35.436143364984325,-90.64743834784048,test
5666,33.89999712999418,-91.17231783765784,test
5667,36.12160870644636,-89.75963930495567,test
5668,35.3000941544846,-93.4101430149645,train
5669,35.91299219718783,-92.96436618406887,test
5670,35.15316338415565,-90.53718959778621,test
5671,36.04097356857706,-94.30743869777311,test
5672,34.26589636257753,-91.47299716986375,test
5673,34.92199201909953,-91.95868401791762,test
5674,34.80561640155517,-93.78095529483025,test
5675,36.1632674782729,-93.7993451049766,test
5676,33.577203930130146,-90.59331782236772,test
5677,35.02321267115342,-94.54323757747476,test
5678,35.64050917979443,-90.90819804165959,test
5679,34.29517416186781,-90.9786438817877,test
5680,36.036535336155914,-91.3910905174478,test
5681,34.30555168477207,-92.58469721448611,test
5682,33.6065806596357,-94.4792462028847,train
5683,35.04416924391761,-90.63516995858372,test
5684,34.47198803513059,-93.995235197082,test
5685,33.05316536638701,-93.22448620372627,train
5686,33.24443507372726,-89.91448885384773,test
5687,33.683470130723066,-93.11975069821463,train
5688,35.69265485831353,-93.35195842253725,test
5689,36.12213830611812,-89.78234833976934,test
5690,34.90974305904978,-94.19291695558454,test
5691,33.36947911879943,-93.82136877205079,train
5692,34.87046633284646,-92.44156195103753,test
5693,35.99461911208931,-90.7052645546275,test
5694,35.62317170192907,-90.22473607345192,test
5695,34.01884357294081,-90.86449045826666,test
5696,33.433617132509255,-89.76841009293382,test
5697,36.15238594916785,-94.53627467124342,test
5698,35.98931061321274,-91.54105242169256,test
5699,33.18800377800829,-94.04175937663189,train
5700,35.88286071438598,-90.0954971791938,test
5701,33.34024423224729,-89.97152317942383,test
5702,33.22149271690713,-93.11394975801213,train
5703,35.65510314001191,-90.5062885801405,test
5704,34.877087176737355,-91.48753039032513,test
5705,34.450918084316115,-94.12057074110926,test
5706,36.16351768591608,-91.62424224813763,test
5707,35.937562502237135,-89.7689965143924,test
5708,33.2016821504147,-93.08877257644156,train
5709,35.156305346794106,-94.61433034255437,test
5710,35.702935911226106,-89.7653453643002,test
5711,34.926717029212334,-92.562502415271,test
5712,36.440519246766655,-92.4782641438184,test
5713,35.40116626626642,-91.07831777804412,test
5714,33.364500544439586,-91.61620462589222,test
5715,33.694043041999834,-93.11912653680942,train
5716,35.891859674198116,-94.12310994307985,test
5717,36.48864835600505,-90.50800827586244,test
5718,33.34418743405337,-92.21761543355838,test
5719,33.35115261245767,-91.2778027605758,test
5720,35.671854689501494,-90.34329164040786,test
5721,33.225239986007885,-94.53191977495246,train
5722,33.23996040622696,-90.34885517359483,train
5723,36.11085769053382,-90.88357755900887,test
5724,35.80157434311458,-89.91429590256728,test
5725,36.08547119952534,-93.45905369781416,test
5726,35.276796907464636,-93.01756098412636,test
5727,34.128877476786,-91.33245064921579,test
5728,36.17209616616477,-90.01880884635368,test
5729,34.04553233741051,-89.68643327359653,test
5730,33.96428793809197,-92.54881387658916,test
5731,36.1024014671747,-91.9400285116679,test
5732,35.38287907372623,-93.77236149215976,test
5733,36.13485229648235,-91.17094242482418,test
5734,33.5456545123889,-90.45826899822222,test
5735,36.33303879217971,-90.65071291715124,test
5736,35.144597548451145,-92.90116006756217,test
5737,35.338122654326995,-89.83257784190172,test
5738,36.19921203114258,-94.02187746242099,test
5739,34.3326354114312,-92.1649690249721,test
5740,35.518512481435515,-91.86365226294028,test
5741,35.241192173935694,-91.95352613044334,test
5742,35.75713451603086,-90.85328282499566,test
5743,36.139299771416574,-91.59025205458806,test
5744,35.38021299400533,-94.23666671652796,test
5745,33.236738440760725,-93.72613728241937,train
5746,33.64099121047423,-91.97477206734413,test
5747,36.3389236379348,-91.16809842271482,test
5748,36.39027665682029,-92.06455257491344,test
5749,36.38594659794427,-92.8531263163009,test
5750,33.12879790140041,-94.36586122812305,train
5751,34.33856858782296,-90.7141719303045,test
5752,35.65885446395799,-92.1489446277065,test
5753,35.63510031280241,-91.94221802118095,test
5754,33.30068116732485,-92.28927804286846,test
5755,35.13321110481331,-93.30123328374364,test
5756,33.500043664893,-93.24642388022208,train
5757,34.72623266503728,-94.30440108736755,test
5758,33.838899952943926,-91.1032328894764,test
5759,33.186064101071544,-93.2687918205264,train
5760,33.28006798934313,-93.13615009957384,train
5761,36.18812532405468,-89.68230439861588,test
5762,35.60626087470537,-92.70251159755374,test
5763,36.26138393620533,-92.08183487746258,test
5764,34.64496476316744,-92.69922868921694,test
5765,34.44652374633481,-93.17775016717546,test
5766,34.254425523757334,-94.59092183091359,test
5767,35.15707483618232,-90.37121485155699,test
5768,34.23045785439967,-92.2684262330629,test
5769,35.61195631893702,-91.0421451905642,test
5770,35.80461064175552,-89.85547624260104,test
5771,36.065456077002835,-94.60592824042993,test
5772,33.84980325585847,-91.26505315398404,test
5773,34.844577172523316,-94.03035570095133,test
5774,33.78205615855443,-92.34391366331788,test
5775,33.1314453819712,-90.41149305796951,test
5776,35.477388564594435,-94.2646656305472,test
5777,34.921434458772936,-89.7016209801532,test
5778,35.53374547843579,-91.73324593425174,test
5779,33.30668018992288,-92.65688250918174,test
5780,36.4843416267168,-94.52303398128305,test
5781,36.480219984314616,-91.70348930153793,test
5782,34.6274993892623,-92.1603943938827,test
5783,36.031205503143426,-93.54987449920273,test
5784,33.85248994531945,-92.18247575807013,test
5785,35.58148156428154,-94.55643735780576,test
5786,36.07729049884748,-89.6525962582769,test
5787,35.85133193128272,-92.96939122740683,test
5788,35.84120927384405,-92.23329592413589,test
5789,34.62059321231103,-90.71965250478948,test
5790,35.86996481722571,-91.07749163234072,test
5791,35.41746684557455,-90.20386156771056,test
5792,33.463579893504715,-89.94161108777325,test
5793,33.39964541422582,-93.67978618009717,train
5794,35.70172747577124,-92.6797127642579,test
5795,35.18912431070523,-91.20651954994692,test
5796,34.81781641016982,-94.39622935111085,test
5797,36.175416267970895,-91.0567838162889,test
5798,35.308566249049264,-94.5957293031938,test
5799,34.38651360780905,-90.07698027295037,test
5800,34.44876132861664,-91.05069783478424,test
5801,35.11835526286155,-91.80946911284904,test
5802,35.66096349640222,-92.48836216766291,test
5803,34.97523657432193,-89.70951690032435,test
5804,34.78066308776713,-90.95953668520343,test
5805,35.544152459289634,-90.60775400115597,test
5806,35.46842592467463,-90.51783659853307,test
5807,35.90621394214746,-94.51128158155963,test
5808,33.21893125197053,-94.34821860624058,train
5809,35.64233246228692,-93.63412602097102,test
5810,34.79816157833091,-91.36356854744729,val
5811,33.26142592011603,-91.51897249488891,train
5812,35.37653509859332,-93.00393713262623,test
5813,35.5078906790068,-89.78419614702294,test
5814,34.83269509340639,-94.15725998862322,test
5815,35.77829642177417,-90.75970098982528,test
5816,34.05086838020256,-92.23004071516435,test
5817,33.706675264860024,-92.53839402613654,test
5818,34.22756883110147,-94.49294198382135,test
5819,34.43517679653592,-91.00283578114751,test
5820,35.43576760840759,-90.78526971148814,test
5821,35.9593197825738,-93.03478124096027,test
5822,35.52321366527537,-92.05069453313865,test
5823,33.608956456743606,-91.60598264752274,test
5824,34.2817597968009,-92.79280314296781,test
5825,33.55444799706722,-91.56055742938798,test
5826,35.40353469845318,-92.46238851469877,test
5827,33.86860157375913,-90.25599281818786,test
5828,34.838854264981464,-91.04898926334765,test
5829,35.7714044511814,-94.07081508377647,test
5830,35.348287462225656,-90.64597217721604,test
5831,34.044308967327964,-92.94259701196681,test
5832,34.16503362715719,-89.97022494250092,test
5833,35.28677500311061,-91.62124473950308,test
5834,34.9231371226898,-94.48293753561525,test
5835,33.337377206145156,-90.97021735564773,test
5836,36.05897056245741,-93.9702501862139,test
5837,34.7941463681877,-90.25998060970232,test
5838,34.65676354619113,-89.90679837143972,test
5839,33.69453767821292,-91.16457841044418,test
5840,34.31947836639688,-91.97162229972176,test
5841,34.164887018102846,-91.6277468510701,test
5842,33.947574889902995,-92.48858979915622,test
5843,34.98592301126371,-94.2045935733875,test
5844,34.617963760980984,-90.00364781079345,test
5845,36.11219189860134,-92.98394292227043,test
5846,36.29470391966506,-93.065146564709,test
5847,33.76815700229832,-93.66911586411088,train
5848,33.350369000685234,-89.68773100329273,train
5849,35.74868143020712,-89.93545474671696,test
5850,36.48201491273513,-92.88332112182682,test
5851,36.02260024448954,-93.32777325670381,test
5852,33.08294090741557,-90.61731343747867,test
5853,33.87942242747263,-92.51962805052518,test
5854,33.151697969644424,-89.81009339106194,test
5855,35.87272781964408,-90.14095285384161,test
5856,35.034924417023106,-90.84552682896685,test
5857,34.79801489408469,-94.1730762781316,test
5858,34.94057458698785,-91.13042514931917,test
5859,33.88357940543807,-89.71334569730145,train
5860,35.10573429198602,-92.76473611107069,test
5861,33.107334424624106,-90.23860205484492,test
5862,35.26104103389794,-92.59153505844942,test
5863,35.570518405625904,-89.79251971647437,test
5864,35.355591922991394,-91.37165088320985,test
5865,34.16241131409277,-94.14039259991846,test
5866,35.8919202029464,-92.23914267819073,test
5867,35.50440398991119,-94.37284809561335,test
5868,33.449040630234975,-92.65647365328005,test
5869,33.6830047718841,-90.07055536571883,test
5870,35.22987944612383,-93.46595509342764,test
5871,34.01295646744609,-89.89567814293383,test
5872,33.41801529506183,-94.12338246816336,train
5873,33.54239147602462,-91.31588661104138,test
5874,33.5796601318914,-89.82054278593202,test
5875,34.67226817386434,-91.36885673854574,test
5876,35.12584908700324,-90.15195034983626,test
5877,33.61740796199045,-89.69457854101039,test
5878,35.493738136271276,-91.43003812286896,test
5879,33.98354412625535,-90.73214867896569,test
5880,34.09045348437886,-94.46103358691471,train
5881,33.78224517375938,-92.49626741876035,test
5882,35.74822147580117,-93.18732119308059,test
5883,36.35934841527907,-90.52379889003414,test
5884,34.72374947037333,-91.25243727747092,test
5885,33.14710724501197,-91.56636131477046,test
5886,33.91199260748917,-89.99015332153999,test
5887,33.55317601891596,-94.17832700874524,train
5888,35.949667996982065,-89.87940887709358,test
5889,33.29698895601622,-94.11919940536897,train
5890,36.38266684240934,-92.89532279199389,test
5891,35.05979821818619,-91.48753988595801,test
5892,34.81208925475957,-92.92286326677865,test
5893,35.965727178467155,-91.22779469687701,test
5894,33.0964166745201,-90.76616946259804,test
5895,35.72003462292454,-90.50232602519155,test
5896,33.408114159489806,-93.72866180650712,train
5897,35.942723346291515,-93.71507881994144,test
5898,34.85211676733252,-94.35999928119332,test
5899,33.213952908260325,-92.18046636063308,train
5900,35.91635763580464,-93.93645791433546,test
5901,33.09559940974938,-93.03657295280607,train
5902,33.484297425127615,-90.44304143316202,test
5903,35.792385833393205,-89.90516505469311,test
5904,34.62704893350262,-90.53428254168536,test
5905,36.08486046524192,-94.6167775356826,test
5906,35.224002454768794,-91.79691952054631,test
5907,35.18235064029643,-93.79169915605232,test
5908,34.022822871462054,-92.75253785130242,test
5909,33.46788183243107,-92.49324284759848,val
5910,36.36410336813839,-89.93358443367418,test
5911,33.36679191200189,-91.4703185025036,test
5912,34.85153710025749,-93.28975439165853,test
5913,33.95399006792173,-91.42530964205181,train
5914,33.924492322535095,-89.889228576557,test
5915,35.08105176755985,-94.32597915326234,test
5916,35.79276941012604,-90.56454129082216,test
5917,35.720128189909474,-93.54201914810074,test
5918,36.04080591217744,-93.85905347824213,test
5919,34.025159582693284,-90.15263141419295,test
5920,34.63012983600276,-94.61080819872045,test
5921,33.032671006270085,-90.93680387034674,train
5922,35.61400168097728,-94.18647480284974,test
5923,34.05820089249799,-91.54856338364814,train
5924,34.96522736644565,-91.53414240008888,test
5925,33.59255098706808,-90.33200303402744,test
5926,35.86789827497015,-90.53164570876915,test
5927,35.86045276747397,-91.21473321486239,test
5928,36.07108520163534,-92.72867847560798,test
5929,33.160779489873526,-93.79296343717358,train
5930,36.47360548421255,-91.46065585728655,test
5931,33.86722795053893,-92.15006010042168,test
5932,34.083017901165725,-94.23262695646152,train
5933,33.872675052166564,-89.87085740436981,test
5934,33.936364444282866,-93.0573349860383,val
5935,34.934314746362766,-94.60936039798824,test
5936,33.83933690506323,-90.13859918992792,test
5937,34.37819958990141,-91.75205712704279,test
5938,35.29462303855125,-90.97668845245492,test
5939,35.926091712522044,-93.86124878573195,test
5940,35.424595250934075,-92.60910980009058,test
5941,35.080129956755634,-91.41404568782569,test
5942,33.517049968893744,-93.37270540042901,train
5943,35.85640460539449,-91.13355024243474,test
5944,33.13046210797564,-93.45893383431084,train
5945,33.92467082132356,-93.58063469911484,train
5946,33.19970620926186,-94.5622254882059,train
5947,35.33600141454562,-93.21892347559407,test
5948,34.2892987890773,-93.3937181436118,test
5949,35.282169691217035,-90.82114791329867,test
5950,34.21460835756257,-91.78854176634545,test
5951,34.59509255779823,-93.73621231585169,test
5952,34.60286353558163,-91.79640646938428,test
5953,33.159532287836406,-93.49954535484339,train
5954,34.505792842211015,-92.50525366813065,test
5955,35.24372527090321,-90.20560593325386,test
5956,34.91118286126402,-91.04529658900303,test
5957,33.263493181974006,-91.38403291699493,test
5958,35.33819594990362,-93.22102725686898,test
5959,34.081019642203415,-94.00082912546401,test
5960,33.050521809726575,-90.87784354802933,test
5961,33.54458444979486,-91.7975847887975,test
5962,34.74145880060796,-91.52488195597354,test
5963,34.08640580660524,-89.77368680268563,test
5964,35.43034054813743,-92.888845026769,test
5965,33.842287164480176,-90.64028477985536,test
5966,35.70478658966309,-91.84198450086502,test
5967,34.00267013487893,-93.4507580687431,val
5968,35.173022976545454,-94.35714499002664,test
5969,35.797257330879134,-91.55842586681487,test
5970,34.34944645025312,-93.14084780220347,test
5971,33.163817296354146,-91.16347261799005,test
5972,34.874059323706085,-91.13738600616014,test
5973,36.48393171540575,-92.35636147493794,test
5974,36.3914715323192,-91.95410632930721,test
5975,33.773577678804585,-91.5060621173905,test
5976,35.64493778298488,-92.29103342931363,test
5977,34.207331411370234,-90.25946808843312,test
5978,33.56095368064082,-94.2426051610087,train
5979,35.33070145210873,-89.7503037476291,test
5980,34.753040553343695,-94.45374897030085,test
5981,34.88730695179487,-93.58576111119497,test
5982,35.89587431782428,-91.09970996236784,test
5983,34.17790286560598,-94.1977475110722,train
5984,35.33483165844482,-93.31700141684314,test
5985,34.281670134369186,-93.85473590512709,test
5986,33.1495336380315,-91.02384932783343,test
5987,34.32305287567722,-91.74270104518858,test
5988,36.325120621214474,-94.29954129939345,test
5989,34.69141868730946,-92.33313285005401,val
5990,33.37880652892904,-93.58374044776026,train
5991,35.40739390281679,-89.81053796802748,test
5992,36.37182772401482,-94.08364780187402,test
5993,36.1778083629049,-91.64766577844075,test
5994,35.001862932328486,-92.22521923784132,val
5995,34.316982605219856,-91.74692004991805,test
5996,35.03237183978234,-89.86623053199045,test
5997,35.85575871769737,-92.92382906725207,test
5998,36.01433069706459,-90.89863112514095,test
5999,35.86595359729854,-92.3960916084377,test
6000,34.594167324546085,-91.33601477481409,test
6001,33.41600296349581,-92.80268199486625,test
6002,34.992106993585715,-93.491202639896,test
6003,33.54750089811678,-94.20442669389374,train
6004,33.213354168642496,-94.11429628093524,train
6005,34.74533741700101,-89.85163131574532,test
6006,35.2938070751632,-90.70137060021628,test
6007,35.98951557242238,-93.4025525276441,test
6008,35.73992443884006,-91.99013823291781,test
6009,36.000341794647916,-91.07026335998017,test
6010,35.660240697873114,-92.86788662704761,test
6011,35.46133788917149,-92.43325935094587,test
6012,33.03548149199245,-91.04964185972365,test
6013,35.19135809133223,-93.48955205567692,test
6014,33.42168631448691,-92.00406853842071,test
6015,33.20533496316389,-93.57586178671943,train
6016,33.54744253236979,-94.60470432295284,train
6017,35.881522565046126,-91.18938923424193,test
6018,35.60347287585007,-91.10489364768243,test
6019,36.320703418218244,-89.67125818797331,test
6020,36.42641690527644,-93.72035324135786,test
6021,36.126493952308934,-90.94428578442327,test
6022,33.4652411784195,-89.9086019009177,test
6023,36.07433959323743,-91.4164357260488,test
6024,35.93522997176026,-89.83319141446368,test
6025,36.04880050950894,-89.67762830316941,test
6026,33.53089965990772,-90.63592672319545,test
6027,33.408771397206614,-89.65354903373179,test
6028,36.23333107854429,-91.50965243724043,test
6029,33.60839327197077,-92.14963320771002,test
6030,34.2901760586491,-90.05934781578001,test
6031,34.59594697322921,-90.4901494680731,test
6032,33.435548847403474,-94.07274299548163,train
6033,33.072220008113916,-93.11546844541014,train
6034,36.479316644184905,-93.32459375146297,test
6035,36.068300356922364,-90.3693495528928,test
6036,36.19318275272723,-93.46077058909519,test
6037,33.995970742452414,-93.10889748080375,val
6038,33.770355504609036,-92.04162038815018,test
6039,34.49053295361399,-94.24168615103261,test
6040,34.58661779142302,-89.84268867608955,test
6041,33.019598036024846,-92.17941800061655,test
6042,35.727385893959415,-93.67354439157468,test
6043,36.48833463349706,-93.274020933016,test
6044,34.850418045357316,-90.65352377697681,test
6045,34.35890543254358,-91.46898779351325,test
6046,34.37463162627421,-92.31080865960973,test
6047,33.33626996260235,-92.97194120408157,train
6048,33.93156636427404,-90.14359871584597,test
6049,34.75746476022121,-90.78035423474788,test
6050,34.511468003971444,-91.0509831743712,test
6051,34.90762161010088,-92.40337749205236,val
6052,35.97172977023092,-89.74363405072374,test
6053,33.788348059448644,-91.09095062497207,test
6054,33.09682463317209,-92.5145851168163,train
6055,33.13378905848959,-89.84605634265466,test
6056,33.469590818574005,-90.16824676724084,test
6057,34.99669044681541,-90.94237298808467,test
6058,35.82864683513274,-90.8080292755482,test
6059,36.10382078748221,-92.51457132652129,test
6060,35.2228962069124,-92.09846799695805,test
6061,34.411001383578125,-93.6680097249869,test
6062,33.54080147854651,-91.66088065969677,test
6063,34.404964188052176,-92.78151475465542,test
6064,34.16345296867724,-92.89323152191535,test
6065,36.04509058299998,-89.90730584034382,test
6066,34.70351782093712,-93.80102633707554,test
6067,33.79168564984085,-90.49503128705508,test
6068,34.01080373385523,-93.22110120208978,train
6069,33.47764557589941,-94.47758152377048,train
6070,36.21504907174196,-94.41889849325074,test
6071,33.17621046182764,-92.48698786184822,test
6072,33.04496186994563,-92.3613292964421,test
6073,33.640461267344044,-93.02835189163159,train
6074,35.83805906268719,-91.2961653603451,test
6075,34.83213375320879,-92.20784639089104,test
6076,35.19045150581945,-94.25165806033415,test
6077,34.25206086395507,-92.89008616128102,test
6078,33.240372949422095,-94.11324521276599,train
6079,35.99655356872259,-94.3073090013655,test
6080,33.67162995243893,-93.58471607376272,train
6081,33.1157072019079,-91.13813995802701,test
6082,35.00446447576618,-91.16087182074314,test
6083,33.2915122713461,-90.3388960382953,test
6084,33.33516648150942,-90.86059611632268,test
6085,35.80131961018884,-91.95858643431211,test
6086,34.72063356261298,-93.06631792259398,test
6087,33.845279582865004,-94.59111686901629,train
6088,34.22019248175832,-91.40372671799966,val
6089,35.5523434259511,-93.18012545755421,test
6090,33.232239506648106,-93.37700249441225,train
6091,33.40768215576623,-89.7751170623522,test
6092,35.15691712246699,-93.75402624374094,test
6093,35.124401070634875,-94.4587993429485,test
6094,36.4036176458738,-89.90152973589518,test
6095,34.31092318439407,-93.09914659137952,test
6096,33.227771695121305,-92.66470234841537,test
6097,34.881381021973695,-94.2177535274012,test
6098,35.234213841166266,-92.611795884167,test
6099,33.488609750251875,-89.78806018488031,test
6100,34.93501690737319,-91.17072200234476,test
6101,33.69218492580393,-92.265090521179,test
6102,35.956555202583736,-93.09186591931861,test
6103,35.923065235243406,-92.80076152237322,test
6104,34.50370183599455,-91.58219609469782,val
6105,36.38360116679481,-93.35538318885162,test
6106,36.4292085605741,-93.86482079828886,test
6107,33.45237881131667,-91.15974349050008,test
6108,34.28699831691364,-90.29873520771932,test
6109,35.10112514516326,-90.13935162514856,test
6110,33.296932333535054,-90.4381498965663,test
6111,34.33929426334948,-91.9829195819514,test
6112,33.91410229405807,-90.6995100840497,test
6113,36.33217577338346,-90.0160120131161,test
6114,34.44055037991015,-94.50388792965255,test
6115,35.669348004916294,-92.57187185799029,test
6116,34.35346877229261,-93.60549636653613,test
6117,33.461342246465925,-89.66605913644013,test
6118,36.021030355562964,-90.00005693212313,test
6119,33.00145920916086,-90.63313582315236,test
6120,33.195793058910574,-93.14947736852297,train
6121,34.27534542063965,-89.8880517452107,test
6122,35.40414389431558,-94.47462531289115,test
6123,34.195965033517716,-93.68544265860766,test
6124,33.23209486167341,-91.5541374414723,val
6125,34.11244011806952,-90.67875664107021,test
6126,33.85743300646557,-90.22835466001563,test
6127,33.01896929936369,-93.12647220481475,train
6128,34.87180669613141,-92.67770113268425,test
6129,33.408260701604654,-92.35950781228989,test
6130,34.00623701078833,-94.48594012188644,val
6131,35.24416440577845,-90.32607281233106,test
6132,35.53790491088042,-92.94039637553068,test
6133,33.92209469399608,-93.62958608483584,train
6134,34.15217784872832,-92.58629059639324,test
6135,33.86418233344613,-91.08850002675186,test
6136,36.349110101106675,-90.29154957041277,test
6137,33.66681904445591,-93.54957896290836,train
6138,33.64113211271787,-93.76211355383408,train
6139,34.557623535410364,-89.92939864993289,test
6140,33.662572257201994,-91.88206169475707,test
6141,33.54847959699963,-92.80211306561014,test
6142,33.3355783819538,-93.62938230833132,train
6143,35.240599368378874,-89.67361832367376,test
6144,35.14228789215664,-91.045654093155,test
6145,35.27557012157288,-93.5371100183595,test
6146,35.706550028032886,-94.16644055920905,test
6147,34.142253044774016,-93.62956675047782,train
6148,36.21448306764172,-93.38871925857934,test
6149,35.56621613874064,-94.06790432316984,test
6150,35.81648006003415,-93.47863268755273,test
6151,35.523367573393486,-94.03960486648334,test
6152,34.25459475901397,-92.74267344659378,test
6153,33.99061370821922,-92.20360956192589,test
6154,34.47880974352655,-92.35723368627285,test
6155,33.339606261866756,-90.49882596030515,test
6156,34.57948175548081,-93.3576429299165,train
6157,33.15099344083334,-90.21114369527493,test
6158,33.013810860095184,-90.10662959191185,test
6159,36.260246288161426,-89.84979543134189,test
6160,35.41267901205762,-93.72051332759213,test
6161,34.96646431473089,-93.3986168032102,test
6162,34.1938571379807,-91.51955358153369,val
6163,34.99688305139776,-93.91976858297072,test
6164,36.12051521718416,-94.19446198822797,test
6165,35.28333046880353,-94.2537248562037,test
6166,35.108686992837264,-91.60743631570875,test
6167,34.61071576040087,-90.62074963421037,test
6168,34.209939607278,-93.33333825658384,test
6169,35.44491489872599,-89.98033658098484,test
6170,36.43343329355535,-90.68408052574172,test
6171,34.486651927322065,-94.2350217853356,test
6172,34.372718214049705,-92.59570345123167,test
6173,34.49839715327765,-94.28196611580974,test
6174,34.489403888174024,-90.07148503576633,test
6175,36.46718670678973,-90.92827334197096,test
6176,35.47372390128269,-91.20787070213706,test
6177,34.25714557223707,-91.22697182232744,test
6178,34.30025830839353,-93.20264296557816,test
6179,34.5077892366042,-89.98031039865248,test
6180,33.12849265653158,-90.03380000864465,test
6181,34.84735740707438,-90.94474061741008,test
6182,35.839833330329675,-92.28941687085319,test
6183,35.31198727622629,-94.38583481797015,test
6184,33.6944729636654,-94.47929258981894,train
6185,35.54811984482429,-93.93347236536839,test
6186,35.518105122162105,-91.65904947234552,test
6187,33.91888725477149,-90.65344608535268,test
6188,35.18006129899927,-89.90612517144012,test
6189,35.13832161592678,-93.74845046599755,test
6190,35.93925668349664,-93.2506264324431,test
6191,33.47625309141704,-94.35112157333957,train
6192,33.68193476579033,-89.70443558060204,test
6193,34.70089326318732,-90.73885205632098,test
6194,33.15450802112307,-92.23085077792557,test
6195,34.45457969160597,-91.75944018414685,test
6196,35.75876664699903,-91.82599317567454,test
6197,33.52050037894399,-93.35582705687855,train
6198,34.60982057927784,-93.69860824936171,test
6199,36.464192316838556,-93.14403068838801,test
6200,34.77072004698702,-93.39164685751314,train
6201,34.744133384427315,-91.84908539337412,test
6202,34.955777543034586,-93.08823205497592,test
6203,33.651015296164594,-90.9971443856701,test
6204,33.51507358940081,-91.79733952770054,val
6205,35.37074120190288,-91.9746490858922,test
6206,34.385183834670194,-89.89206997756645,test
6207,34.01467319875417,-93.01762460915981,train
6208,33.10987066971964,-91.46270877969756,test
6209,35.961176740124685,-94.61974838367368,test
6210,33.11315103045691,-90.95748947303198,test
6211,35.624940934291615,-92.12235667278671,test
6212,34.336959956495036,-93.58432676229624,test
6213,35.09540733676628,-94.61249253454977,test
6214,33.866873002415566,-91.10648849890134,test
6215,33.54389883181226,-91.32637750335365,test
6216,34.866858002922314,-91.31292663109656,test
6217,35.4346619323395,-92.44584952909132,test
6218,33.68422653230801,-91.44269229092336,test
6219,34.527256316013975,-91.78046609317289,test
6220,34.556292396019884,-93.432691628282,test
6221,33.75592702177812,-92.04172283390191,test
6222,34.977673061882456,-92.0624738107441,test
6223,33.51077490373595,-90.52659424548014,test
6224,34.78412210661503,-92.46555955732644,test
6225,33.397010289781,-92.45265538424161,test
6226,34.69939843099298,-89.72750977776417,test
6227,34.09059669206445,-90.17451455189111,test
6228,34.582862022285376,-93.41583862948261,test
6229,34.518122758051106,-90.09584331949674,test
6230,36.177765929865075,-93.93430571796023,test
6231,34.71477459984762,-90.3786464380622,test
6232,35.86474616356906,-93.70888281765181,test
6233,33.789783375191,-92.50475135597513,test
6234,34.232289781219905,-89.72990949259636,test
6235,33.26281283221617,-94.13766678533543,train
6236,34.47261728187523,-90.44625453475902,test
6237,35.340449604762256,-92.16117227084754,test
6238,35.933584619382884,-94.0683729120977,test
6239,34.98070219129704,-89.88611784584815,test
6240,35.24025434357578,-91.89032010034805,test
6241,33.62043477165932,-90.24321412103606,test
6242,33.13022113381704,-90.30053849832585,test
6243,35.770908508120606,-94.54726612278473,test
6244,33.5846337260445,-93.3037417032778,train
6245,33.319093374364634,-92.94549974932264,test
6246,36.281468123173084,-91.96172569365872,test
6247,36.372324774207115,-94.26282593108984,test
6248,35.15690052060873,-92.68683451530144,test
6249,34.32523045440553,-90.57124852559322,test
6250,35.91633839337418,-93.75924015841389,test
6251,33.716519857673944,-91.13465592135539,test
6252,34.502873146003886,-92.33216283534526,test
6253,34.2495605465021,-94.26859555908447,test
6254,36.19444996759589,-93.7384508938241,test
6255,36.21922095376796,-93.91907726328274,test
6256,35.278100742132835,-91.5400023037958,test
6257,33.38759049095442,-94.18599773755238,train
6258,34.68767476380406,-90.52945749953587,test
6259,33.858649281784196,-90.61090411924363,test
6260,36.09720482114569,-94.22209187430971,test
6261,33.484409796556704,-90.20565992728099,test
6262,33.19008596551247,-89.85297069638929,test
6263,35.465501617425275,-94.40396355203922,test
6264,34.58650126238854,-89.89686204635996,test
6265,35.93427710661079,-93.23107301813327,test
6266,33.26120370909259,-91.31613315420815,test
6267,35.80376646412745,-93.75116574120229,test
6268,33.13067163495455,-90.55724442746512,test
6269,33.09824504169885,-90.4356906924447,test
6270,34.6146051310586,-89.75764321617342,test
6271,33.77451951388228,-89.68710869301097,test
6272,35.07801547452286,-94.24298719235314,test
6273,33.090359479740144,-91.34992090164798,train
6274,33.12386339827042,-93.26296049955312,train
6275,35.545019736601795,-93.99587840541321,test
6276,33.73557806872309,-93.88048676898596,train
6277,35.297459932812565,-89.96590692252583,test
6278,35.624727565252655,-91.22226328542364,test
6279,33.20765908003739,-94.36920907368388,train
6280,35.69413884062484,-89.72837651161393,test
6281,33.9394742628645,-90.60517318528726,test
6282,34.36341085369912,-93.0833788509159,test
6283,33.30323717303361,-92.27979253277968,test
6284,35.93520494177699,-91.00891738336585,test
6285,34.962550752140174,-91.26012053337796,test
6286,34.766328472465105,-92.31848793289325,test
6287,36.38994183815964,-92.07342219352564,test
6288,34.17077015979235,-94.40525782833033,test
6289,36.11772750266844,-92.13185277489987,test
6290,35.51890758372612,-92.92897294813154,test
6291,36.249848475482835,-93.20329553363948,test
6292,36.17730718466861,-93.27997654890213,test
6293,36.46860431759124,-91.39473392013846,test
6294,33.46086863213005,-92.48658962501506,test
6295,35.786057372320585,-92.50376203011322,test
6296,35.81573024231626,-93.82884065298316,test
6297,35.255307348624704,-89.83953806582923,test
6298,33.97601335383371,-93.50708677382076,val
6299,36.3780189506991,-92.6016372431941,test
6300,33.71547748261573,-93.6746823220267,train
6301,34.74851382425454,-91.12538002362594,test
6302,34.82520489486715,-92.45244013008956,test
6303,33.566402706926134,-92.56415980308005,val
6304,35.528850878166345,-90.27077841961633,test
6305,33.31103507463084,-90.84538514652654,train
6306,35.425842225963486,-92.03622098714078,test
6307,35.970154237017226,-92.29110569191556,test
6308,34.2228874877884,-89.84929005294863,test
6309,35.482972830097204,-89.86638304148455,test
6310,33.54870902851747,-91.11728878648786,test
6311,35.96082150508508,-90.84206480536244,test
6312,36.33211094493629,-90.15150824647554,test
6313,33.53442792724922,-89.82738548332244,test
6314,35.421508158903166,-94.21109441163401,test
6315,34.77040883794784,-89.66322600262122,test
6316,34.860247661413325,-91.12597959160209,test
6317,35.47271401510241,-91.67405807466761,test
6318,34.71059174767753,-92.56655938712532,test
6319,35.10114237206201,-92.9481422283804,test
6320,33.80815356793982,-90.62307526363584,test
6321,34.324773087710206,-91.36745776896335,test
6322,36.02834122525026,-93.62249531095718,test
6323,33.38465879076935,-91.588742145444,test
6324,35.09151341326774,-93.91840447444432,test
6325,33.64500471782212,-92.15053211226454,val
6326,35.9628885927318,-91.7202155399618,test
6327,35.02665383848743,-91.46065016840217,test
6328,34.410670739345946,-93.89804691707454,test
6329,33.87438635778136,-94.14487531260568,val
6330,34.52895644716372,-93.33422041510248,test
6331,36.3516431407261,-91.60306173419157,test
6332,34.782232514102674,-89.98953641456453,test
6333,34.64321336094951,-90.74775605142524,test
6334,35.61195834725108,-90.91381868989303,test
6335,34.32666474791167,-92.97874524754816,test
6336,34.49598382458278,-94.06481432251746,test
6337,34.179317060500665,-90.18706115158236,test
6338,33.52821914365287,-92.13075808006737,test
6339,35.49833224970928,-94.12046109436487,test
6340,36.05560819859268,-91.96120541131762,test
6341,36.16957427234968,-91.26321109395369,test
6342,36.082810283132225,-93.03009685287638,test
6343,34.581243308532976,-94.57403280953234,test
6344,33.99423167271119,-91.53061339812562,train
6345,35.232733123602884,-94.42072527340547,test
6346,36.341467191671114,-92.4690173443702,test
6347,35.54467726859012,-90.52086711620957,test
6348,34.73196996556555,-89.65572726725787,test
6349,35.41083001079707,-92.7795945174987,test
6350,35.70388269359039,-94.51996917529402,test
6351,36.21744241464825,-92.17027158336431,test
6352,35.67125513890254,-93.24691127476301,test
6353,34.51616694472567,-90.18290818246172,test
6354,33.9576228146292,-91.08382934287137,test
6355,34.74958582655357,-92.61051335403442,test
6356,34.14862280611915,-90.83271969233671,train
6357,36.29967607440735,-92.92420683145303,test
6358,34.77788045207487,-92.02683498198446,test
6359,34.65219717587403,-90.03375715939814,test
6360,34.21868676354202,-93.62521838680196,test
6361,35.2379244660206,-93.06410173052367,test
6362,34.82017947517332,-90.21860073974102,test
6363,33.4516712301439,-92.32446454925726,val
6364,36.04222733790673,-93.04009252149231,test
6365,34.256544912503294,-94.43462560918582,test
6366,34.51402450485354,-92.53780340319311,test
6367,33.71983469832253,-92.13201247649702,test
6368,34.93689372666261,-92.6005256494142,test
6369,35.45719271850004,-93.24102760816032,test
6370,36.08407862219079,-92.78542303743728,test
6371,33.18062682740292,-91.42704935118802,test
6372,36.406661683947824,-90.19033979178388,test
6373,35.46336209707125,-91.39111116178982,test
6374,33.995045395440314,-91.40857269321039,test
6375,33.71566164254888,-90.56013193595504,test
6376,34.036307715291095,-93.79924039466567,train
6377,36.06504013083255,-93.12354478159305,test
6378,34.019865606185824,-94.36856281461489,train
6379,34.61987397095032,-92.88230014954,test
6380,35.47008318984781,-89.65584580213547,test
6381,36.0519645230336,-92.9833173950331,test
6382,35.304999068211366,-90.34692820975124,test
6383,35.63588218787048,-94.19368476176575,test
6384,33.60664378703584,-92.33522955422009,val
6385,36.07092739691899,-92.87322955905327,test
6386,33.965017142663385,-93.61813316973986,train
6387,33.449323574197805,-92.76864390242739,test
6388,36.41685501619234,-91.38314778627269,test
6389,33.705739739089566,-92.18316886780121,test
6390,33.478281895272914,-90.42365986489395,test
6391,35.19107315035625,-90.12241536396377,test
6392,34.116021023236335,-92.22499262908786,test
6393,33.46672221813173,-89.74082021866894,test
6394,35.10392391025557,-94.26205680522318,test
6395,35.656448295277826,-93.24659406995885,test
6396,35.77619430972505,-92.54894498606939,test
6397,33.54429410354295,-91.72397349351913,test
6398,34.949034737789795,-91.90672918567334,test
6399,35.84787429738511,-91.7971554840031,test
6400,33.563804539984645,-90.16563390863512,train
6401,33.726887881197364,-93.24050099599208,train
6402,33.00843989101087,-90.56023688442453,test
6403,34.83621954738351,-91.84673724598554,test
6404,33.68138593901683,-92.18226229987422,test
6405,35.534849015044145,-93.13191527464143,test
6406,36.36774849466162,-93.1087780502828,test
6407,33.730644211496745,-92.68925503891892,test
6408,35.27183954117236,-90.82535287414454,test
6409,33.741420615104786,-92.25063754866642,test
6410,33.06302400642896,-93.85544658427644,train
6411,35.654939679751045,-90.84348000860629,test
6412,34.51901636827812,-91.32300146005814,test
6413,36.313754015301285,-89.90228332104621,test
6414,34.87000058750192,-91.98881191495087,test
6415,33.55119004141489,-91.36752195198471,test
6416,34.57421054629047,-92.23772854437678,test
6417,33.71012128182106,-91.23652236485852,test
6418,36.07310245440301,-92.45249819589509,test
6419,35.41816113310634,-93.93485330068296,test
6420,34.19433581629146,-89.71618431559332,test
6421,34.84737112982499,-91.0397923971046,test
6422,35.3431806587456,-91.59512964860764,test
6423,35.74000200825899,-92.22733887157797,test
6424,33.2805152345469,-91.08419785912234,test
6425,33.07881594698336,-93.98992863698815,train
6426,33.40058444009461,-92.99921641123578,train
6427,34.38248708560397,-94.00024422670846,test
6428,34.633473135287325,-93.99365527239193,test
6429,33.47761570574847,-94.51390270196032,train
6430,34.43903598264862,-90.8632097267465,test
6431,34.54567975226641,-93.49027613561286,test
6432,33.3818148728712,-90.48492163622366,test
6433,36.20830986068507,-90.12496046460626,test
6434,35.097010746556975,-93.7822266835301,test
6435,34.35987435659699,-91.09694570959037,test
6436,34.77417514215272,-92.3322805294044,test
6437,34.09969120264083,-90.05276304769194,test
6438,35.990158610756076,-92.2124465468058,test
6439,35.01255264548976,-92.7369967843794,test
6440,34.732135350377405,-93.15601135842012,test
6441,36.18809891083459,-90.12900144206607,test
6442,35.932928943819235,-93.49588886205962,test
6443,35.84480661999047,-90.50625748570086,test
6444,33.789632214811455,-93.65488838553766,train
6445,33.53593089013925,-91.42231763436016,test
6446,35.415337818994615,-92.37820377057075,test
6447,34.64024789719488,-94.10009488516711,test
6448,35.39299449534895,-93.99411296854426,test
6449,35.66219531238891,-93.22089952491913,test
6450,34.033597275706626,-90.80974112577827,test
6451,33.99627651592983,-90.99716818873972,test
6452,34.717910481903644,-93.6005523505054,test
6453,33.95742259734274,-92.25327509300251,test
6454,35.335533466056695,-94.13797479549534,test
6455,35.61355656058251,-91.06174695766948,test
6456,34.652136311186354,-90.67728888596352,test
6457,35.533299179595254,-90.17924535981598,test
6458,34.786531491747716,-90.21784254704085,test
6459,35.49505102688453,-92.94067523348436,test
6460,33.78738886728504,-93.3549668478031,train
6461,35.58595066076565,-90.16395080751056,test
6462,35.502934082099564,-93.89434533514704,test
6463,33.933119974672124,-94.32505996368765,val
6464,34.945898468640614,-93.05821239921687,test
6465,35.993590837560404,-90.84130878174413,test
6466,33.87332926440354,-91.16982703298736,test
6467,35.575929244051366,-89.71433526323653,test
6468,36.33888351001411,-92.83311815159357,test
6469,36.031846719151474,-93.24903884516131,test
6470,34.40532028938097,-92.74030818205271,test
6471,35.12522706545848,-90.73218638069065,test
6472,36.471195469884464,-93.55492924292795,test
6473,34.98953093981501,-89.90969251829513,test
6474,33.402596608506286,-92.07262981732742,test
6475,33.159007641725665,-90.72776937100089,test
6476,35.7661007841041,-90.50850873231494,test
6477,34.48269913890646,-92.24028886683139,test
6478,33.86384511720218,-90.93538423939916,test
6479,34.216852107313315,-92.80746921004076,test
6480,35.65080503291259,-90.58968776906218,test
6481,34.6283656747184,-90.52520204717138,test
6482,36.03974822384057,-91.80595707739107,test
6483,35.57223956072195,-93.53580535511101,test
6484,36.40904952655899,-89.7979908193536,test
6485,36.10976318376445,-89.91351004522903,test
6486,33.89091524125103,-91.5394918934407,test
6487,35.30670731480894,-89.73011142611833,test
6488,33.0719006208485,-92.12110240693558,train
6489,36.46887353550359,-92.75384265661762,test
6490,33.91352138080909,-92.33130001162478,test
6491,35.32678282768254,-94.39184211961802,test
6492,35.972037674198475,-91.89086441448893,test
6493,33.5616263195479,-91.30882477040092,test
6494,35.967577699836674,-94.07568573055867,test
6495,33.04285983026788,-93.34968006867004,train
6496,34.54691998329893,-91.03571497404145,test
6497,34.652131678858986,-90.67585681355645,test
6498,34.309317496405576,-89.72024076475812,test
6499,35.05234661205175,-93.36147828112297,test
6500,36.201948220459215,-90.43804582582703,test
6501,34.14446190005101,-93.7646482633826,test
6502,35.02740960508248,-93.96953437486876,test
6503,36.07111884010163,-90.99585820155717,test
6504,35.70548388285482,-92.40401431393747,test
6505,33.142566426819236,-90.67420021321541,test
6506,36.29976767444682,-93.21565296718806,test
6507,33.163264164905144,-93.5604264308145,train
6508,35.060654660310156,-91.89247024319944,test
6509,35.01373767110308,-94.04690694088548,test
6510,35.752365807458105,-93.23461640646227,test
6511,33.51955068147142,-93.7938020530523,train
6512,33.627796372219464,-93.02936494995097,train
6513,35.632374264584264,-90.81547143191781,test
6514,33.523266633440684,-94.01991058407701,train
6515,34.64305794472974,-91.57901147171829,test
6516,35.56076831573826,-91.71371262969836,test
6517,35.279346750739386,-91.9454907730386,test
6518,33.737114651395835,-92.21328941073641,test
6519,34.0638609054013,-91.32061279718432,test
6520,36.391412161343645,-90.3865010423849,test
6521,34.57034717054209,-93.81467790740626,test
6522,33.15560116752733,-90.57376732781319,test
6523,33.768547148132164,-94.31446604761007,train
6524,34.19852281381643,-92.22384148428176,test
6525,36.49821291503105,-92.07801636117243,test
6526,34.05942041616922,-93.63799841687762,val
6527,33.092385470738904,-94.17432466637801,train
6528,34.795225521443676,-94.247692451954,test
6529,33.29261884740892,-94.43494709433486,train
6530,33.95923659543503,-91.76924267012866,test
6531,36.47334111632879,-93.84729118554361,test
6532,35.46623481625554,-90.6007373953332,test
6533,33.17733320249005,-90.15220497646405,test
6534,34.570403515071284,-93.16673144380543,test
6535,33.60073129420097,-93.80260184300582,train
6536,33.43030629740743,-92.5842289781682,test
6537,35.05472894672081,-90.23859609961575,test
6538,34.769795613740754,-92.63289865879408,test
6539,35.600033045104276,-94.0815686088123,test
6540,36.12307179881151,-89.72619957897035,test
6541,33.863386501010815,-92.13661290804022,train
6542,36.230471953293886,-92.91841378818117,test
6543,34.812971203939334,-90.1787046744743,test
6544,33.90592221364791,-90.01080463545273,test
6545,35.960250433359136,-92.15088180145199,test
6546,33.12435471310158,-93.09561952284676,train
6547,34.958282821155365,-92.2213099167761,test
6548,35.52567537260488,-93.53016870268418,test
6549,33.9799219050465,-92.24315665324352,test
6550,36.02222171147126,-93.47972740478977,test
6551,33.840995971752946,-91.52765227743981,test
6552,35.93955998956109,-90.8433507700837,test
6553,33.2749073734136,-89.8019438922705,test
6554,33.559746571539506,-90.43242476755722,test
6555,34.33344604365668,-94.19190982131143,test
6556,35.98919429479363,-93.56873128668997,test
6557,33.50604877794374,-91.97749146634284,test
6558,36.064033839279844,-93.33977275888068,test
6559,33.804060343144776,-94.548604920796,train
6560,34.58377939508085,-90.86868897894223,test
6561,34.23457041491118,-92.84187312228978,test
6562,33.41344179315083,-94.29148283887329,train
6563,36.30508408831699,-92.0910830098825,test
6564,34.53362401763275,-89.7632726956525,test
6565,35.41615941474668,-91.24766302667888,test
6566,35.013436868324106,-93.83093241718389,test
6567,34.75600570898273,-92.0639509379294,test
6568,35.15802168244897,-90.13843939917938,test
6569,36.1441980717085,-94.35040897524813,test
6570,35.447593314929385,-91.44967079219828,test
6571,34.86368027809328,-91.03527324078894,test
6572,35.258150862330915,-91.12106185440689,test
6573,35.12237998178158,-93.87365301982099,test
6574,34.515924226202095,-90.11082569737516,test
6575,35.186674035456576,-93.01831147641603,test
6576,34.55249430057457,-94.3628421437467,test
6577,35.651650322551696,-94.20639195562174,test
6578,36.391193692328,-92.3458404124555,test
6579,36.359528751240305,-94.42128944966714,test
6580,35.87257525248743,-90.74562398669174,test
6581,35.1061561397082,-90.31685717532753,test
6582,35.62266195824759,-94.55353532014412,test
6583,33.62316903340144,-90.59423288846361,test
6584,34.67656460059873,-89.743403848576,test
6585,33.900566677469776,-94.46907023930443,train
6586,33.012232433882716,-91.01691279424051,test
6587,36.38358151135227,-89.65450242837575,test
6588,36.02346996648144,-90.65832062611905,test
6589,34.797945164644744,-92.10837569491537,test
6590,33.88953300841652,-90.22242982879658,test
6591,35.42541323569733,-91.1015758482344,test
6592,34.52180379592475,-93.16651529721183,train
6593,35.81172336697945,-93.50513068307598,test
6594,36.498313385633324,-92.07265436825804,test
6595,34.221789126214546,-92.7662370956126,test
6596,33.85541065217317,-92.98254408568424,train
6597,33.93583871078165,-93.73571366086739,val
6598,33.32671185988235,-90.41892856423667,test
6599,34.379161687750546,-91.11607793179496,test
6600,33.060987684509186,-92.97333229579606,train
6601,33.40038445090446,-93.43879460452163,train
6602,33.95093511545435,-93.98315457234709,train
6603,33.55951971568318,-94.06081061527841,train
6604,35.56255684825254,-91.51137341947107,test
6605,33.36961676803765,-94.07917862500739,train
6606,36.030979367585836,-89.84774325883448,test
6607,33.77390076298833,-93.23269854498804,train
6608,33.38006715940049,-94.4917498429083,train
6609,33.035373255509406,-90.36901127249938,test
6610,35.50321751512751,-92.79309064262401,test
6611,33.8981586107849,-92.91545956161445,train
6612,34.78324511798221,-94.03045555927258,test
6613,33.390656163352546,-91.33770237065202,test
6614,36.44853573132687,-92.83679694320053,test
6615,33.438846586744845,-90.5297171880534,test
6616,34.44174074324658,-91.48582703095826,test
6617,35.98077325817063,-90.24683560760799,test
6618,33.857104319681426,-91.52587104479926,train
6619,33.93440124871161,-90.74698719829286,test
6620,35.829748305617564,-91.15819975402353,test
6621,33.956688800172046,-92.32091564953589,test
6622,33.01004958883185,-91.19729025995606,test
6623,34.497698021714825,-91.32182342273504,test
6624,33.04387323387466,-94.58668300896717,train
6625,36.184272993402786,-91.14776944452258,test
6626,35.24634628462727,-93.31706727594046,test
6627,35.04054993177435,-91.92714057465986,test
6628,33.70556328801827,-94.06667802959805,train
6629,35.449811649000225,-94.50557816718548,test
6630,35.370391252874214,-94.54485504738543,test
6631,33.21162250873878,-93.83377327350651,train
6632,36.082962857837,-94.52113424214755,test
6633,35.02794677025432,-93.96198481837044,test
6634,35.77363408363514,-91.8409071813659,test
6635,33.920199252450956,-92.63064402708221,test
6636,33.42716729913709,-89.74568183072446,test
6637,35.45857350615375,-90.60078902972052,test
6638,35.778589401893065,-93.89052450019152,test
6639,34.35111736766752,-92.54855671449856,test
6640,33.08292296360709,-92.4780751410803,train
6641,35.86388908628852,-92.82027960861211,test
6642,33.721328672156545,-92.1569187900426,test
6643,34.18661179664121,-91.29072350913604,test
6644,35.19880852721995,-91.43477811317153,test
6645,33.34984151723956,-92.84521715425625,val
6646,33.25198518148462,-91.11592325295184,test
6647,33.08996320051346,-93.18125756864275,train
6648,36.20823951083809,-90.4677248141949,test
6649,34.089839604940295,-89.8270709449778,test
6650,35.31230585290996,-93.155158827389,train
6651,36.4623233715621,-90.72009789273096,test
6652,35.3430777774668,-90.5772737548271,test
6653,34.83783178549663,-92.18090602856165,test
6654,34.823219767310334,-94.18389586108438,test
6655,34.31921001959443,-90.71267600620656,test
6656,35.0992287958428,-92.59483315598438,test
6657,36.35576986340997,-93.5858857607563,test
6658,35.75815411794409,-91.50554834417294,test
6659,34.48479315961633,-92.44841761476661,test
6660,34.163556901613866,-94.1847649300595,train
6661,36.092360353680924,-89.73113709353848,test
6662,33.47525038969308,-93.4040305048866,train
6663,35.973548399375055,-92.08050367426617,test
6664,33.89276866469816,-91.30357733919682,test
6665,35.50470232521571,-94.04800585893851,test
6666,35.821772032711905,-90.94513183351204,test
6667,34.669487810422154,-91.39800451569955,test
6668,33.67299391649796,-92.1660481003852,test
6669,35.956687102118316,-91.99419994140666,test
6670,34.286279207686604,-89.87466871362157,test
6671,34.122380911688815,-90.09283774877325,test
6672,34.78505663823704,-94.0634428803597,test
6673,34.52280184386371,-92.78730229625751,test
6674,35.39068275963554,-92.051645984105,test
6675,33.48019232930433,-90.04772004586815,test
6676,34.524913789167556,-90.5616802526134,test
6677,36.12095633928821,-92.69918096611777,test
6678,33.12621948303904,-90.21553428461209,test
6679,34.60068416603664,-92.74055575570836,test
6680,35.31186188234824,-93.2721711090526,test
6681,36.106988804646946,-91.58883364600874,test
6682,35.078251794266116,-92.85116827857043,test
6683,35.88569494933765,-91.52663442718476,test
6684,33.7794185663575,-92.58387014702524,test
6685,34.23483302679751,-90.6650273760544,test
6686,36.29746295874815,-89.87707446233166,test
6687,36.1009128958244,-93.276563381009,test
6688,34.952835439410464,-92.08524988130593,test
6689,34.66420918228196,-91.01957079654613,test
6690,34.578735870090604,-93.83216009682047,test
6691,33.20576381548456,-90.66434644405548,train
6692,36.12331986384798,-91.72262935062223,test
6693,35.86352327945367,-93.87578959615696,test
6694,34.59687900654753,-90.30489895358369,test
6695,33.978039904518155,-92.49929474015673,test
6696,34.20022212249286,-93.7422018507545,test
6697,33.43106205055511,-93.64888006923691,train
6698,35.52626409457003,-90.71603319316137,test
6699,34.948344497942,-89.96949068189267,test
6700,33.819361979887134,-92.74009788639688,test
6701,35.18051950227191,-94.22822446572306,test
6702,36.42730574989241,-94.11890929511434,test
6703,33.428382974166624,-91.36724180930656,test
6704,34.60469753718865,-92.77736399836931,test
6705,34.72955587322744,-92.50212645819141,test
6706,33.58379024838331,-92.94487453060226,test
6707,34.8605307384906,-92.3062733270318,test
6708,35.120920404918316,-91.42155921918608,test
6709,33.55070588586474,-91.93053835539322,test
6710,33.541533646531065,-93.80372012196716,train
6711,35.99722050471814,-92.1782953998393,test
6712,34.08985602834516,-92.3307530962415,test
6713,35.206166854775205,-91.9076858771734,test
6714,35.19370576486325,-94.0699699457293,test
6715,35.93709806453922,-93.85697019847761,test
6716,35.58963120931033,-91.9846864348035,test
6717,35.942017517033975,-93.25108783852832,test
6718,35.18825176377733,-91.4937125071046,test
6719,34.57310006179898,-92.76742562808458,test
6720,34.37748282459576,-93.52294830410278,test
6721,34.32660418331503,-91.35771790201318,test
6722,34.46437584268205,-92.6622788818767,test
6723,33.452582382538196,-93.83666602156667,train
6724,34.48385429851108,-90.60021937302666,test
6725,34.36305717520917,-92.47415920165516,test
6726,33.12100082161381,-90.07210041157846,test
6727,33.96295764364219,-93.65879738527846,val
6728,35.63167441159076,-90.26453933400583,test
6729,35.022809499933686,-90.56492744562563,test
6730,35.821586238646105,-94.1035383542815,test
6731,34.89940815533268,-91.97754386121792,test
6732,35.98929317916344,-91.37119618507217,test
6733,35.78623484860601,-92.15745349220555,test
6734,33.34399599549786,-92.68039247159591,test
6735,36.41952228805597,-89.9291046270024,test
6736,33.05161606415465,-91.13692032708117,test
6737,35.08893313275367,-89.81962670850449,test
6738,35.773790282608665,-90.41423535505965,test
6739,34.16162948947816,-90.55885695086572,test
6740,35.09499427304005,-91.01360751720895,test
6741,34.26742885796607,-91.40898616653803,test
6742,33.21215241252626,-90.21229540717157,test
6743,33.02961531681266,-91.57135342986459,test
6744,33.332017105389156,-94.2458166474018,train
6745,33.34443357942016,-91.7246593106033,val
6746,35.13811422087812,-94.10890929661373,train
6747,34.840528308368796,-89.90197368149154,test
6748,34.594121550606,-91.4060551887766,test
6749,35.42172516460846,-91.85843797143562,test
6750,33.05889147954357,-93.63682897031656,train
6751,33.948442184955056,-92.05663776212235,test
6752,35.7208745595067,-92.91762091096817,test
6753,36.184919872809914,-91.26333074499706,test
6754,34.53417808683154,-91.616083306627,test
6755,33.28519393048463,-92.13844376266492,test
6756,35.79555058729971,-93.36387722282159,test
6757,36.09809651645457,-92.00705664190643,test
6758,34.44781094742802,-92.32536647784625,test
6759,33.85174338872097,-90.38920858901224,test
6760,33.15390083878031,-90.17514341342697,train
6761,35.068789876631996,-90.84653170408122,test
6762,36.18454321696875,-93.03138941563682,test
6763,35.37260808932114,-94.43069513322177,test
6764,34.11037009263157,-90.02108028255793,test
6765,35.25010913501488,-89.68969910925642,test
6766,35.91223942606809,-93.98870681125715,test
6767,34.665405207723104,-91.21248836179748,test
6768,35.869119714992436,-92.5070217186161,test
6769,34.37168386833224,-93.88185358794978,test
6770,34.2197698750852,-89.65943648450114,test
6771,35.04046019057494,-89.98185259332499,test
6772,34.62640246193068,-89.73643388487491,test
6773,36.419891721613794,-93.90483561578039,test
6774,34.807362982348614,-92.17513510914472,test
6775,34.348102101206074,-90.16800240829282,test
6776,34.38226740094988,-91.26446252447818,test
6777,34.91778982714591,-92.46002903764084,test
6778,34.24219213302868,-92.0520296228285,test
6779,35.53017310687728,-94.42815002463576,test
6780,34.332320246955746,-91.58075963123298,test
6781,34.344505352838354,-90.3472138819997,test
6782,35.159406372818815,-94.60611567608983,test
6783,33.212964054436036,-93.82497555209082,train
6784,35.293742213403014,-92.04558909363355,test
6785,34.767402760055404,-91.8320072996763,test
6786,34.585591400003246,-92.91353884452286,val
6787,35.51738546747783,-94.48116563442714,test
6788,35.65389523701701,-90.9243075251173,test
6789,35.96191302194361,-93.41266216232164,test
6790,34.31181092286106,-91.41645080955303,test
6791,34.14463192288683,-91.8410406968441,test
6792,35.50019735523082,-92.47873473017418,test
6793,35.03631700699156,-91.68626116870654,test
6794,35.21130541223136,-91.16565744246581,test
6795,34.94433017487042,-91.77594573980858,test
6796,35.70442558121349,-91.84909860244967,test
6797,33.665143109722536,-92.45269359812029,test
6798,34.94499246459489,-92.48272842331359,test
6799,33.5533562613027,-92.17989905440382,test
6800,34.425381787518475,-92.37317277658448,test
6801,35.32397838195626,-92.43804781599414,test
6802,34.72575062909959,-93.57446074608426,test
6803,34.32857037835264,-91.01755553235382,test
6804,36.09739500495462,-93.95922622951977,test
6805,35.70489000074117,-90.10370919933844,test
6806,34.84201774750131,-91.51451433246238,test
6807,36.32518604486421,-94.37696362475732,test
6808,34.48527851302248,-91.34477646225119,test
6809,35.75825524655837,-92.8232741203161,test
6810,33.587776839304965,-89.9990687234282,test
6811,34.000273669887086,-89.96770483214615,train
6812,34.18329953466884,-90.41573594219136,test
6813,33.37037263446583,-91.79779095718946,val
6814,34.75631685276624,-90.0516868742131,test
6815,33.67291046944273,-91.3904533003079,test
6816,35.2196506130738,-90.27060859430858,test
6817,33.665323258505566,-93.82453559962242,train
6818,33.43227190068746,-90.12622384224693,test
6819,36.391803546596236,-91.33189424800963,test
6820,35.30384107033887,-93.11272860200054,test
6821,36.27757820147971,-89.66086676991094,test
6822,34.71460727197631,-91.20618668224827,test
6823,33.11690862072181,-90.10517219163698,test
6824,35.01029909651005,-94.59223996074422,test
6825,34.95415110392498,-91.87487810454056,test
6826,33.05241462077808,-91.07871286084367,test
6827,36.01434715540641,-94.55172766108001,test
6828,35.16989738215749,-90.83008065113944,test
6829,35.60641909281651,-91.3823024799568,test
6830,34.7287238715513,-93.2544445216443,test
6831,35.16440853267892,-91.19594361665169,test
6832,33.90114462629983,-93.96942183618519,train
6833,36.40815218719027,-90.52453512211903,test
6834,34.40252002641683,-90.31486116722525,test
6835,33.5681431746817,-92.20717965651588,test
6836,33.19570396431119,-92.09801242529684,test
6837,35.2266017657988,-92.62178982649424,test
6838,36.441829479117594,-92.90369009353712,test
6839,36.13528073896199,-90.28169555409838,test
6840,35.45736598620245,-93.10478031633593,test
6841,36.467092751475015,-92.61783544108368,test
6842,35.52989891714737,-93.12941600667078,test
6843,34.18737893190489,-91.35613757886016,test
6844,35.10426346571061,-90.57333489437544,test
6845,33.27918324869947,-93.80325094008762,train
6846,33.77588871577889,-93.3539296960007,train
6847,34.461390825749724,-94.10258468861214,test
6848,33.70636472747066,-93.82388573357635,train
6849,36.3372535518986,-92.5977983264551,test
6850,36.484591343606276,-90.76389484014558,test
6851,34.29827572042583,-91.9281588632045,test
6852,35.482301451270196,-94.3552168989008,test
6853,34.42719755732134,-91.51331885407063,test
6854,33.488282215351724,-90.66733828062506,test
6855,34.17924396695738,-92.66446502616449,test
6856,33.81680094550482,-93.40228737118034,train
6857,34.14827377142597,-90.82322949086048,test
6858,33.75257590939201,-94.5011859923642,train
6859,33.393207916703865,-90.56651260865381,test
6860,33.76099950276844,-90.62282987972533,test
6861,36.17014961140445,-90.2067099244498,test
6862,33.29827586521785,-94.17528469510059,train
6863,34.13664825314332,-94.08444034493402,test
6864,34.84957463075922,-90.2824184650821,test
6865,34.24079429662425,-92.25794404720388,test
6866,34.8116248325661,-92.67007761816801,test
6867,33.15197021082024,-91.77073098130208,train
6868,35.269993716775325,-94.3288421413225,test
6869,34.97217580544621,-91.42073063561648,test
6870,35.38338193049142,-89.9229367266607,test
6871,34.98540235539533,-91.26167212598976,test
6872,34.532662538489824,-92.31126049182336,test
6873,34.22549539802929,-89.84442148660091,test
6874,33.792523165349216,-91.19807342290004,test
6875,34.75023704382314,-94.33690663452097,test
6876,33.091183583321275,-91.28986873688874,test
6877,34.14884289834764,-94.32331156211788,test
6878,35.37255302747585,-93.09306748253387,test
6879,33.38050963890226,-91.5600531023985,test
6880,33.22011934811835,-93.5483883995513,train
6881,35.282625118519775,-94.43019975256634,test
6882,34.39221152399823,-91.54877016676397,test
6883,35.80638762792283,-93.19928930407144,test
6884,36.28058956389963,-91.97116780503418,test
6885,36.34964158806402,-93.32210647284404,test
6886,34.48957498862963,-91.20844863076381,test
6887,33.92514528496261,-90.16836408593628,test
6888,35.13014808559868,-94.18977293010566,test
6889,35.19867524074883,-90.71199613328986,test
6890,35.17820727626564,-93.84420757605187,test
6891,34.12622514801608,-92.98283335771883,train
6892,33.22313107746056,-92.84389447974996,test
6893,33.7350169358896,-93.59463935457924,train
6894,33.540467998077816,-94.24608532591071,train
6895,33.433651210241585,-90.80062219309383,test
6896,36.24199162375051,-90.67567112981183,test
6897,33.04846676090889,-89.66573854682123,test
6898,35.10650208732713,-89.97501688249324,test
6899,36.31615828509048,-92.45982715577743,test
6900,34.26018594622945,-93.9570615677274,test
6901,34.84484331210362,-94.56682096014296,test
6902,35.43524282216306,-91.97835783366916,test
6903,34.11009393130384,-90.34298493816075,test
6904,34.67178195697537,-93.28851841428482,test
6905,35.85985997616463,-93.6312614010993,test
6906,35.60874482848092,-92.43840174229902,test
6907,35.82957294022494,-90.1791419792674,test
6908,36.455690572696795,-92.3751810561009,test
6909,34.29614616227663,-91.02811685719136,test
6910,35.614819420275204,-92.32124473543178,test
6911,35.10974598485694,-92.76639435922857,test
6912,35.333116685274184,-92.42866708915417,test
6913,35.58955866691527,-90.8010493526133,test
6914,35.6240596093121,-90.8706019022863,test
6915,36.10010802253187,-92.47416185228147,test
6916,34.22262586332619,-93.28994139561954,test
6917,35.28718474639169,-93.9285386157538,test
6918,33.981016510588994,-94.6131926189551,train
6919,35.080990467909416,-94.05710981212576,test
6920,35.62911299060175,-93.80166333199627,test
6921,35.76850380156574,-91.19100917882399,test
6922,34.47043576046193,-90.55495809166409,test
6923,34.78052078120476,-90.95738003883089,test
6924,34.16847447909561,-91.0255331470043,test
6925,33.59162721288871,-89.67822654482113,test
6926,33.91181091817386,-89.83588923557468,test
6927,36.19247951714939,-93.2838294402077,test
6928,34.0813933984326,-93.89884927474468,val
6929,36.411657667409635,-93.85810775745963,test
6930,33.84517329825383,-90.16883484656493,test
6931,35.53074880618366,-94.11133616565975,test
6932,35.008661527501424,-92.92948348065934,test
6933,35.439045173336794,-91.98417775374728,test
6934,35.253852813132134,-91.57115099669457,test
6935,35.47362004259156,-91.65920879006008,test
6936,36.16941466952411,-90.71155362096458,test
6937,34.972143236218685,-91.77868448019245,test
6938,33.237470740163985,-90.39029869952282,test
6939,33.94788902056415,-94.19938778636124,val
6940,35.47876643143067,-90.35094169580609,test
6941,34.72926119791486,-91.6876842909383,test
6942,34.919931939168904,-93.51202514772376,test
6943,35.08803159383102,-89.76061635217161,test
6944,34.33920245544599,-89.94952065956772,test
6945,35.708634337807496,-90.41674266628166,test
6946,35.53237209363792,-90.08936720600106,test
6947,35.5000479426759,-92.72075564640483,test
6948,35.503585609122304,-93.48780978392554,test
6949,36.116253005789865,-93.71096780755362,test
6950,35.08387472805146,-90.27741295650074,test
6951,36.38475269823935,-90.5116421959616,test
6952,33.41717439536723,-89.74473623482537,test
6953,35.211856418078526,-90.40418705577315,test
6954,35.509242910775285,-91.47714140778535,test
6955,34.67027143834026,-93.9128596981684,test
6956,34.008729352599275,-93.80070773437949,val
6957,34.92513108448885,-92.26571335182201,test
6958,34.27661688101746,-90.80405621021251,test
6959,36.181934248737356,-93.75882131081657,test
6960,34.24877344386639,-90.0698779855936,test
6961,33.614974474457455,-91.22156006948033,test
6962,35.01736199057908,-93.0678238204813,test
6963,34.38597406983129,-90.21777482696207,test
6964,33.335643506802946,-91.64480707014073,test
6965,34.97694822849268,-90.97620234433512,test
6966,34.88246243907996,-92.70435223490988,test
6967,33.60618980321618,-92.66405381961276,val
6968,35.09173359135945,-94.55729067470709,test
6969,34.98575640850121,-91.94662694690761,val
6970,35.707644180645566,-90.83883987500569,test
6971,34.26549475444922,-89.80494216747458,test
6972,33.870658332822735,-90.18563262156006,test
6973,36.329269604397716,-94.18765427597681,test
6974,34.964261329739756,-89.74681500182666,test
6975,33.09498985609463,-93.87708097566578,train
6976,35.8724908943911,-94.41566193699136,test
6977,33.68865321321629,-90.89781871772293,test
6978,35.751127111760454,-90.11774434186412,test
6979,35.46806849504588,-89.89957895705481,test
6980,36.39084803492105,-90.51986874440193,test
6981,36.37952755558084,-93.60161610791444,test
6982,33.96043718629516,-93.85460551496278,val
6983,35.682573534281964,-94.32692666646989,test
6984,34.108992800229736,-91.72761367292621,test
6985,35.20219278590358,-92.1985107544697,test
6986,35.09211129734108,-94.07686046607124,test
6987,33.190902304674076,-92.30980922020234,val
6988,33.018136124423755,-91.80040175504361,test
6989,33.20217405108183,-91.02691542175283,test
6990,33.44779716636109,-92.56143807693391,train
6991,33.90178371971721,-93.03778833802016,val
6992,36.17434328134897,-91.31157438517398,test
6993,34.8152143637134,-91.21940849406364,test
6994,35.78912108594276,-93.275970073351,test
6995,35.93409113237523,-94.52147928128149,test
6996,35.57230084506689,-89.91991786837968,test
6997,34.369847935472,-90.86622655989792,test
6998,36.02350787844344,-93.62051145771713,test
6999,35.597174136623224,-91.8086417145605,test
7000,35.60103005191768,-91.66311077253994,test
7001,36.15551014507949,-93.99383649898148,test
7002,35.09532215360189,-93.6674642759224,test
7003,34.85001050486762,-89.86516861317497,test
7004,36.115568951589765,-92.09518602569614,test
7005,34.59061604857469,-93.66853216961442,test
7006,35.84049743610095,-90.65605347215278,test
7007,33.18846226155683,-92.28125068640864,val
7008,33.004514805597125,-91.44709194613472,train
7009,34.849023713615246,-93.14141737781627,test
7010,33.257641628357334,-94.33221663166628,train
7011,36.41790054708572,-93.80022720888671,test
7012,33.0192541091393,-89.78400659136446,test
7013,35.513523727745266,-91.52076547393378,test
7014,33.85184643525177,-90.48950656308521,test
7015,36.3864320184522,-94.51304779711862,test
7016,34.33539577719764,-90.8156513692628,test
7017,33.09549199192353,-92.20978822928694,test
7018,33.09427517893074,-91.31341985195016,test
7019,34.93680680103641,-92.83972094950636,test
7020,36.45349192660949,-91.53428193071012,test
7021,36.42920737266002,-94.44296975409485,test
7022,34.18045540301243,-94.39342409869255,test
7023,34.689462772161136,-90.64978304277142,test
7024,33.351595320292354,-94.00140761903182,train
7025,34.82761899597106,-94.55049984510691,test
7026,35.09895559666896,-90.08509124650584,test
7027,33.878715829639624,-93.30030713916463,val
7028,35.14240052570311,-91.7255606484167,test
7029,36.14892463093689,-90.45058265642363,test
7030,33.00334366698218,-90.91284181525563,test
7031,33.80126821007781,-94.38825973056967,train
7032,33.734718471633784,-91.83208495673155,test
7033,33.4336017106184,-91.92726460053566,val
7034,33.581354244579856,-92.88010151429401,test
7035,35.190693908778854,-90.8747919825993,test
7036,33.35943036552725,-89.82889187986167,test
7037,35.584860631572525,-93.88848232993851,test
7038,36.104579066954344,-93.89823670139053,test
7039,36.24305703462429,-90.9683619832795,test
7040,35.31061535011895,-92.3615504414736,test
7041,33.690887437217654,-90.66776191501881,test
7042,33.29853801438968,-93.91884428005406,train
7043,33.812087338324496,-94.42190800561322,train
7044,36.36685015024765,-91.15126764798735,test
7045,36.36820820612749,-89.67628606681808,test
7046,34.336716093714195,-94.14885289483037,test
7047,34.140270393841426,-90.32424068943116,test
7048,34.785037037906726,-92.70510998835613,test
7049,34.0209083201359,-94.53655595989326,val
7050,36.42881858079447,-92.0851916889331,test
7051,33.77427486508602,-93.23409459058965,train
7052,34.29199938763969,-91.17378638664471,test
7053,34.502798064950625,-93.1894818064976,test
7054,33.437724080784065,-92.22595038653776,test
7055,34.33988689369546,-93.62319070081938,test
7056,35.998557520356904,-90.50433426252351,test
7057,33.49126350509866,-90.0206056345155,test
7058,35.04407682789166,-92.61542130154417,test
7059,34.42322998321006,-92.38906623813713,test
7060,33.596878541411094,-89.73606214413869,test
7061,33.04317657557222,-93.91368608067843,train
7062,33.956701562214654,-90.60116101248751,test
7063,33.21640136244301,-91.80062532892431,val
7064,34.31868964953857,-90.24274992810619,test
7065,35.83573449494771,-93.16663013221026,test
7066,35.518898413071646,-93.1480949078849,test
7067,36.315842990956185,-93.00067485816463,test
7068,34.494553960679745,-94.53734352085492,test
7069,35.477304895071484,-93.77563229158206,test
7070,35.32869602735707,-89.67690439363447,test
7071,33.75966206105391,-93.38272558829387,train
7072,34.062538768314305,-94.52101202412963,test
7073,34.854403366892164,-93.23565463922868,test
7074,35.78830061652073,-92.5903008651166,test
7075,34.616344570620264,-91.89749722196656,test
7076,33.797095376614344,-94.27922688126884,train
7077,36.477129915981294,-90.69156826906732,test
7078,33.40452582223784,-90.51725869706063,test
7079,36.34561117621965,-93.56059192300765,test
7080,35.83166200950671,-90.65186160447216,test
7081,35.93612731757748,-92.82370827001697,test
7082,35.78221154082025,-92.51714241592332,test
7083,33.728598294566176,-89.96615037605935,test
7084,35.21403832088335,-90.18723517692872,test
7085,35.64862434357826,-92.75569975544327,test
7086,35.60990027235578,-92.19409178055867,test
7087,33.95047879690427,-93.19597677347603,val
7088,33.63391785717288,-92.05829173600716,test
7089,34.148430443700924,-91.23091772291033,test
7090,34.679455681320874,-94.15944154454012,test
7091,35.00823261472287,-90.04838960290682,test
7092,35.92932626811706,-91.04719637832095,test
7093,35.69161979696616,-94.139139164687,test
7094,35.36652683983281,-90.30112470986516,test
7095,33.92221252529966,-90.92389615477313,test
7096,34.6760817462723,-93.06375972034124,test
7097,34.17402555944786,-92.02847755115955,test
7098,33.82224862842687,-90.34515062382737,test
7099,33.035858761342176,-89.80841565324133,test
7100,34.188116896997414,-93.22304534214027,test
7101,33.896406937001174,-91.3867258338332,test
7102,35.00165814438386,-90.34457278775598,test
7103,33.21805619599299,-89.70881076125058,train
7104,33.946818588485705,-94.26852911142784,val
7105,33.15669321495945,-92.11699882987048,val
7106,35.244962665797026,-90.27788116365778,test
7107,34.98866345499019,-94.60430412223135,test
7108,34.181180080760655,-92.44694095856096,test
7109,33.515671101524404,-91.71653234112543,test
7110,36.352719414690576,-92.00334316647363,test
7111,35.045373565860146,-90.97811974891879,test
7112,35.37689678300224,-94.29435522783872,test
7113,34.85972063644308,-90.71647888377836,test
7114,35.822866366761716,-93.2126424354166,test
7115,36.13733017341843,-90.52357994897595,test
7116,34.3394869025917,-92.53514500390709,test
7117,35.41508859280714,-94.40669459873911,test
7118,33.80460619591239,-89.82934361461324,test
7119,35.281492665067134,-90.74067002622968,test
7120,34.39704470491793,-92.89135431955673,test
7121,33.02373559790457,-93.27796397995473,train
7122,36.34434753947917,-91.69285026960324,test
7123,36.03954540938552,-89.71314582396516,test
7124,34.0179279262111,-93.17787088382666,val
7125,36.49215059981501,-89.90709254977162,test
7126,34.10994686094787,-92.97797601549561,train
7127,34.60595465260676,-91.12063410666875,test
7128,35.97940659161046,-92.72278024177356,test
7129,34.06608722964814,-94.19729044667702,train
7130,34.57689099535625,-89.96713885290195,test
7131,35.32955508493139,-93.80527786625852,test
7132,33.4566364417035,-89.92488340405194,test
7133,34.47822629042101,-94.1065650751336,test
7134,34.08293478076569,-93.2932711985662,train
7135,35.368710070526866,-90.04301021148807,test
7136,33.4758928652113,-91.34705191134937,val
7137,33.814560176853284,-93.67826732386678,train
7138,35.48981671313369,-91.67729624206726,test
7139,33.5467852940344,-93.7234556960633,train
7140,34.47706741783961,-90.2740229236784,test
7141,35.495082527324165,-94.37235182152754,test
7142,35.67913934550502,-91.98700484204583,test
7143,33.33208412535084,-94.30453906162758,train
7144,35.98198463296817,-91.1657369271939,test
7145,35.53390305395488,-89.96908774108748,test
7146,34.1875310604266,-90.48959974513188,test
7147,35.67330998315584,-92.77251270899141,test
7148,35.54904602869231,-93.4425826197656,test
7149,35.10311929277935,-94.01849336283719,test
7150,34.95468410692045,-90.27808878270882,test
7151,35.57146221114855,-94.21688762863437,test
7152,36.49740965596909,-91.4947189178585,test
7153,35.024932872605596,-92.79468067660137,test
7154,35.83051255116787,-89.67098175769631,test
7155,35.60495801060454,-92.09114813181382,test
7156,35.99532940711839,-91.89250897997405,test
7157,36.34083701484448,-90.05809273847619,test
7158,33.67579122611285,-89.80090459084342,test
7159,33.57910872738291,-91.71932678836015,test
7160,35.052231399452154,-90.66297508853053,test
7161,34.572532720102764,-91.46520925693103,test
7162,34.997529425217095,-92.49581969395172,test
7163,35.79314957069928,-94.33514267434477,test
7164,36.261000680172366,-91.05281294849735,test
7165,34.460955388194954,-91.13969402136757,test
7166,35.51276425940269,-94.03998953575704,test
7167,33.68879715744493,-93.47655769146687,train
7168,34.87093182274083,-90.98132291123272,test
7169,33.07631672223182,-93.87593147135514,train
7170,34.76312698496584,-91.1860528788693,test
7171,34.90867760693925,-91.05165335971176,test
7172,35.57405867522416,-92.86388103597857,test
7173,35.27319676572447,-93.33683620659625,test
7174,34.254388570070304,-92.76599412681504,test
7175,33.02005815249593,-92.83479279167732,train
7176,33.40420055768032,-91.60311156564823,train
7177,36.40571228731108,-90.92307395039725,test
7178,36.22816605410357,-90.3370894047937,test
7179,34.13782607078401,-94.47093834850949,train
7180,33.90598528973361,-91.00903875987424,test
7181,34.52745702791513,-93.05849548910288,test
7182,35.414790103642254,-90.45194920676896,test
7183,34.248896854302906,-94.24368671008718,test
7184,33.23552846705905,-91.88066268443987,train
7185,34.40978282355539,-91.89309225892256,test
7186,33.91206148068501,-92.99723803298912,train
7187,34.13725503923924,-89.79757621115378,test
7188,33.57035036025557,-94.08859193869162,train
7189,35.305940243059766,-93.94210574933145,test
7190,34.84320826635829,-91.41802979700428,test
7191,33.94802091053374,-92.06393285352105,test
7192,34.93851868457185,-93.30559837109634,test
7193,34.724477465085336,-93.10776917160652,test
7194,35.785911997981096,-93.83959415571718,test
7195,36.34594494269071,-90.307212229608,test
7196,33.457346781425294,-91.78949120049575,val
7197,36.09369717617794,-93.40317215651547,test
7198,35.46678928399716,-92.66469883418458,test
7199,35.42393740854267,-90.11377528010473,test
7200,34.31005313999865,-90.21239942658428,test
7201,34.203678684127226,-94.27653974516736,test
7202,33.01973819687881,-91.36912231274988,test
7203,36.43771706123058,-93.85973328028048,test
7204,35.12277041330567,-93.57190967322516,test
7205,34.40815018373374,-90.32488826653531,test
7206,34.903190876622624,-90.17090412214449,test
7207,33.14184461933692,-94.20902117800708,train
7208,33.60777834352084,-90.2766010524909,test
7209,35.181759737371905,-90.99938704236918,test
7210,34.79991605389267,-90.76471949456452,test
7211,35.75476188024672,-90.68467782160033,test
7212,35.30559941655868,-92.09905063946216,test
7213,35.10502486592785,-89.91386901434865,test
7214,35.8534299650686,-93.62421276821645,test
7215,33.23892086943165,-92.11032341563782,train
7216,35.4181037875095,-93.03679367795463,test
7217,35.504567496511555,-90.53251672327154,test
7218,33.963072423880035,-94.20897746071998,val
7219,33.68477372770588,-92.4646179199864,test
7220,33.748483664096,-90.77581604846071,test
7221,33.69349302201198,-93.06766566955804,train
7222,34.83323766816258,-93.42483286717588,test
7223,33.4746920897804,-93.31513070066937,train
7224,35.30750051496773,-91.07345716618947,test
7225,33.36777390632069,-93.19469010108102,train
7226,33.0941137410859,-92.61866277904899,test
7227,34.11751584856055,-91.90802960542729,test
7228,33.67150903306565,-89.94442240763495,test
7229,36.46031719393529,-90.67209262736196,test
7230,34.06048705216026,-93.69915012880664,val
7231,33.7772243010893,-90.23107136430386,train
7232,33.68869438224725,-90.42150585706955,train
7233,34.30848516681222,-90.91623413781231,test
7234,35.12047113366052,-92.05097730538344,test
7235,35.73680846266199,-94.27301967237116,test
7236,34.276016867100736,-91.08381895029585,test
7237,35.190898430149765,-92.04383941299855,test
7238,34.68720964397786,-93.08041861868476,test
7239,35.9627337118869,-94.57060813990918,test
7240,34.99164622005452,-93.47168656554155,test
7241,34.01462085157685,-91.60971981743043,test
7242,35.4625554001239,-94.06183626593018,test
7243,35.87022570808048,-91.3625690281398,test
7244,34.62904229867388,-90.5462297185546,test
7245,36.455190336088116,-93.03865364654084,test
7246,36.076839077169595,-94.21253186890883,test
7247,33.68934134382922,-93.9256970115817,train
7248,35.75364555254683,-92.84119260530153,test
7249,35.10332935522418,-90.57723176379062,test
7250,34.87183954232742,-91.46763476302762,test
7251,34.79878505302849,-90.30659838896196,test
7252,35.9869389997385,-89.67769725022332,test
7253,35.13805476116207,-93.61324597159118,test
7254,34.88197094768807,-91.16673746190314,test
7255,33.171009673653174,-92.30141200068721,test
7256,34.56906004415495,-92.1674140370943,test
7257,36.178145467159275,-93.0018604243028,test
7258,35.49107855270616,-92.91771429145294,test
7259,33.178338923196534,-91.2588787164631,test
7260,36.093972987528645,-91.5346095015358,test
7261,35.89333527481969,-93.03703725398167,test
7262,34.913394740493345,-94.03065283346915,test
7263,33.07841912813799,-91.74614080207824,train
7264,34.968503663118305,-90.94520016552453,test
7265,33.19106167474249,-91.8436497026339,train
7266,34.12132635873118,-94.6018561529205,test
7267,35.20118366615959,-93.2168919030052,test
7268,36.19519579358761,-90.750460682014,test
7269,34.25228473040818,-90.92953541977462,test
7270,36.01008324009209,-94.56826104486879,test
7271,36.21426353640181,-92.28262772318192,test
7272,33.0736535816006,-92.44652868192782,train
7273,33.83799743213386,-91.37816155983403,train
7274,35.48451804729625,-93.99884920087696,test
7275,35.64895065077842,-91.53156629257512,test
7276,34.37345897575969,-89.91381743979959,test
7277,35.298641144704995,-92.77240481296221,test
7278,35.142555160767124,-92.943338604231,test
7279,35.58921236560371,-94.47948063357177,test
7280,35.51530449710793,-94.3347465569915,test
7281,33.30054779296626,-89.99008493875931,test
7282,33.55387563329021,-89.77175582270272,test
7283,33.46454501540761,-94.59196074883018,train
7284,36.263680244449866,-90.14362195887448,test
7285,36.19739926923546,-93.75541864751632,test
7286,35.79094294358939,-91.83004716827755,test
7287,33.40851496236586,-91.24963961006212,test
7288,35.00995014471855,-92.83547820851393,test
7289,33.65530719131448,-91.99092918389954,train
7290,34.289343781455806,-91.50111532486814,test
7291,33.93481946823095,-93.65618629205758,val
7292,35.90125843520613,-89.67854459071917,test
7293,33.50557989831746,-93.60670727714015,train
7294,35.26162709013526,-94.5686178305075,test
7295,36.443631323216586,-89.92690557723941,test
7296,35.404691041387714,-92.48723532670522,test
7297,33.27731721152436,-92.63885999693541,test
7298,36.177473256868836,-93.24991354722238,test
7299,35.25077887191359,-94.4916153238479,test
7300,34.597088428618214,-93.30509607890065,test
7301,35.30892367489392,-92.66529729744707,test
7302,36.076655156654226,-92.0339636331324,test
7303,34.66994529770337,-92.34550822599375,test
7304,34.8596251898428,-90.251190047711,test
7305,34.58356589726284,-90.09069058620716,test
7306,33.25406999213283,-93.0437400385759,train
7307,35.754745444245756,-89.85101366843897,test
7308,33.442441102746436,-90.32127716456185,test
7309,34.38099503600908,-90.0096549618223,test
7310,34.35387995962705,-91.10953551453265,test
7311,33.98014277230358,-93.63458893867207,train
7312,34.408774940630465,-93.64971787049086,test
7313,35.1630318863385,-90.1040017314728,test
7314,34.08985559272699,-92.09998406412582,test
7315,33.60379178194397,-90.19437748344593,test
7316,36.04278628677543,-91.0388770404291,test
7317,36.397914274499975,-93.56381384745472,test
7318,34.60504338356712,-92.70774369428713,test
7319,34.14456899320605,-89.80990868133814,test
7320,33.1661872722238,-94.52267367562578,train
7321,33.12898039213518,-91.06851820042907,test
7322,34.37508698475891,-89.75546490553623,test
7323,36.25584706405338,-94.10238967875958,test
7324,35.557479901905474,-93.26819551091401,test
7325,34.222442966047716,-91.90134479021448,test
7326,36.38816248813721,-90.42648830909891,test
7327,34.50065266139506,-92.1026360069065,test
7328,33.96877460391126,-94.32380764643699,val
7329,34.49223635653525,-93.98789391304418,test
7330,33.740401294443416,-92.75156145690217,test
7331,36.09973569570278,-93.01697285141007,test
7332,34.264106586461914,-93.52819720303933,test
7333,35.30289137573013,-90.44456018115663,test
7334,34.36166519589507,-94.48639803176879,test
7335,36.15605996287387,-90.49815908854794,test
7336,35.24833263100471,-90.03924953698056,test
7337,34.708881615984545,-91.48834820798122,test
7338,33.462500392134686,-91.51200851901882,test
7339,36.15670831998271,-93.87938196646216,test
7340,34.9138590389512,-91.79546084109217,test
7341,33.99768540536496,-92.75538326212784,train
7342,36.07274412135846,-93.48162268524463,test
7343,33.190541495880424,-91.72085210739802,train
7344,34.0992692106535,-94.61408337870014,test
7345,34.878899404207516,-93.24622842603547,test
7346,34.18935017615153,-91.35947113928647,test
7347,34.668569893826,-92.35844816577851,test
7348,33.92510688315844,-93.89616651369289,train
7349,33.45529081826514,-94.61344898460271,train
7350,33.12898948515898,-93.27591660907227,train
7351,33.551762977192496,-91.89117524940302,test
7352,36.33531279908684,-91.96330854138529,test
7353,35.01391096667859,-93.96857266012157,test
7354,34.71136043847283,-91.56992519920708,test
7355,34.34513343756998,-89.65534584022139,test
7356,35.47947051094185,-91.71321147588232,test
7357,33.494408165671324,-91.997638266725,test
7358,33.96645453678432,-91.52551337574322,test
7359,35.29565741882313,-90.24803567540417,test
7360,34.676725276048295,-89.9183832568627,test
7361,35.69532388635681,-94.41606342670929,test
7362,36.13988445384829,-93.6011807995117,test
7363,35.8818040697973,-94.04465260189036,test
7364,33.644726999912564,-90.78140168505789,test
7365,33.32014582434442,-94.39355259100883,train
7366,33.59304210190767,-90.13390431345408,train
7367,35.742357420600804,-94.51783983643145,test
7368,36.19840881322449,-91.62534233964286,test
7369,36.2390710369635,-93.25038631591808,test
7370,34.04375526279656,-92.28129928104293,test
7371,35.941194823047454,-92.42382700739574,test
7372,34.87682437257734,-90.8980004445018,test
7373,35.879771469218724,-92.15168875773222,test
7374,34.91927694833,-92.52653247427105,test
7375,33.51062626922691,-90.99052280015576,test
7376,33.27726842875584,-90.01873961105487,test
7377,36.350267022232686,-90.67420566442787,test
7378,34.49030894751053,-90.95851635343232,test
7379,34.22682225714061,-92.19602125675581,test
7380,34.247060796689084,-90.1459274825418,test
7381,34.32627044016415,-92.20302211661422,test
7382,36.307488897630186,-89.99647964698178,test
7383,33.21946605591111,-90.62947635576461,test
7384,33.416714505838044,-93.87320662901766,train
7385,35.76378030418647,-94.38644890154507,test
7386,34.922933219690485,-90.93794723627566,test
7387,33.44987865286333,-91.21137936684633,test
7388,33.120610478724174,-91.62761826847759,test
7389,33.784820218977295,-89.76809077831379,test
7390,33.91283758198595,-91.90934685257336,test
7391,33.04974560351125,-92.89093766050622,test
7392,33.75631688418018,-91.81211972141179,test
7393,35.5841162793334,-94.47879359004789,test
7394,35.994017913729515,-91.74105675418562,test
7395,36.14382540419401,-90.13492188094612,test
7396,34.3646991142524,-94.59847955946485,test
7397,34.117948040662455,-90.41884005347477,test
7398,36.49951296872761,-90.63441339632742,test
7399,35.69269157822556,-94.09266744491346,test
7400,34.88073228317644,-90.41125244918507,test
7401,33.89170001441289,-90.82518002930496,test
7402,34.12456908509787,-92.17949910592758,test
7403,34.80377522090286,-93.40128672615313,test
7404,34.897290219267624,-93.18814093323618,test
7405,33.04787525495787,-91.57699362040421,test
7406,36.35790029845016,-93.3958691231038,test
7407,35.014621865730476,-93.00298229190038,test
7408,35.06205385543197,-89.99373299718297,test
7409,33.74014896813837,-90.99523677596393,test
7410,35.677455125804364,-90.96171197290661,test
7411,35.58042582032145,-89.86899598205525,test
7412,33.33305290691668,-94.59120372157847,train
7413,35.08248030290972,-93.40490535843793,test
7414,35.30367810865458,-91.34986940408685,test
7415,35.92448861100857,-92.44179047633241,test
7416,33.72131912621199,-94.05935940778213,train
7417,36.07172178882242,-90.73726858022385,test
7418,34.615183750976584,-94.38604950562276,test
7419,33.33783266756976,-91.91705997241824,test
7420,33.36967427528806,-91.82455227223369,test
7421,33.69231558785609,-91.45927224153506,test
7422,33.98962747094858,-93.05133727547259,val
7423,34.7374203156093,-94.50270332207789,test
7424,35.62062919210596,-90.20175306817902,test
7425,33.653540657068014,-90.00185216970257,test
7426,36.47428128074838,-92.2245160272868,test
7427,33.5653267611961,-94.5174174431968,train
7428,35.09782288702752,-91.73307033368947,test
7429,36.25129152554969,-93.0498286372353,test
7430,35.91377598006889,-93.71304668313653,test
7431,35.26761220582106,-93.78030529778542,train
7432,35.50422548876814,-93.72910046154416,test
7433,33.469719693468775,-92.97572022712083,train
7434,33.033820688160866,-93.22531752800741,train
7435,34.5195207452613,-90.46296858270766,test
7436,33.31331624218406,-92.15828590427158,train
7437,34.252133966694885,-92.49459196244871,test
7438,33.78309977749408,-93.89520722114109,train
7439,36.2072135283326,-90.26682275818783,test
7440,36.080195996528204,-94.34753363720488,test
7441,35.86629996985853,-93.42952914639383,test
7442,35.49880504444896,-91.53128278959548,test
7443,33.53925175186409,-91.12950723278847,test
7444,33.16928599169703,-90.63825182314885,test
7445,35.28860750249142,-92.58085223169357,test
7446,35.247903480112846,-92.89670176939215,test
7447,34.29298499664068,-93.18589845872425,test
7448,34.65440333252459,-91.7965694847437,test
7449,34.71202285883296,-92.88728099272755,test
7450,33.839748464612775,-92.98937162384061,train
7451,34.09958314167655,-94.53605245842608,test
7452,34.464363441322256,-89.90686954191821,test
7453,35.11112660469056,-94.31884660572692,test
7454,36.345367221060876,-93.27376855399464,test
7455,34.88469613331664,-90.04054445211675,test
7456,35.55907368340121,-90.96531946954615,test
7457,35.82450385838444,-91.74664517318843,test
7458,33.39727842457994,-91.335754851419,test
7459,35.285936336438795,-94.13761153752041,test
7460,34.68738752089048,-90.60102270203355,test
7461,35.003508297867626,-93.37696939394047,test
7462,33.13445927519166,-89.86761652994201,test
7463,36.17175507791585,-93.47006821914373,test
7464,36.334744523514075,-91.51193885132783,test
7465,33.01218673289614,-91.90973727469952,train
7466,33.744770572145285,-93.90877762297572,train
7467,33.63067960798133,-92.81625197595045,test
7468,35.73456581047948,-90.73697500894751,test
7469,35.09328020689137,-93.56343727222443,test
7470,33.62066782153856,-89.8345991452355,test
7471,35.848898343616014,-93.1514463159214,test
7472,34.23716205132012,-91.50519335238398,test
7473,34.61299906702586,-91.54423081323837,val
7474,34.35557311862226,-92.28023213643914,val
7475,34.824830722544306,-91.36285849309618,test
7476,34.68049864090054,-90.92442258918095,test
7477,33.96104400931855,-91.54355523243579,test
7478,34.48594613122844,-91.83682674191013,test
7479,36.17918002449005,-91.60506178187838,test
7480,34.76012947767736,-92.62227907560226,test
7481,36.20735243647832,-94.2677603593562,test
7482,34.925444667362875,-93.82629905546158,test
7483,35.69086052642456,-91.60468090609272,test
7484,34.027569583809,-90.01194575468531,test
7485,35.76644721515543,-94.49206947360123,test
7486,33.92512564544745,-91.91614507060089,test
7487,33.06842490075041,-93.36725467794433,train
7488,33.56255130112193,-91.82815266974197,test
7489,33.07578506261213,-90.89420293206351,test
7490,36.31471924662,-90.96479793311713,test
7491,36.49991957146193,-91.01731758484388,test
7492,35.66780592266832,-90.748750374281,test
7493,33.378448573130555,-94.25912488649985,train
7494,36.14630911116427,-92.08739816542779,test
7495,35.603216641431366,-93.31896092770043,test
7496,34.162855803907306,-90.04128531181802,test
7497,34.75797269133126,-90.72909026656323,test
7498,35.316157694416894,-94.0855021086288,test
7499,33.08417666485645,-93.41106673872001,train
7500,34.755393192349636,-92.35755533017422,test
7501,35.56338401639245,-89.83434414962207,test
7502,33.658788801637165,-94.07492427491837,train
7503,34.553267007177666,-91.79717732834563,test
7504,34.86385545214726,-92.92380105952245,test
7505,35.57447880185731,-91.40768850158919,test
7506,36.37558798777587,-91.39592756669717,test
7507,35.96896441801502,-93.42426031118043,test
7508,35.17531447080483,-90.71452728047886,test
7509,35.04274236192183,-94.16642551746601,test
7510,35.111153425754345,-90.55384981069597,test
7511,34.90812524930921,-93.56652471285992,test
7512,33.20777008090623,-91.6897908864965,val
7513,35.44403738105872,-92.89387065729323,test
7514,35.50717880045361,-91.5893942616892,test
7515,34.793681267934595,-93.29093329407635,train
7516,36.0463566189089,-91.79225055040597,test
7517,35.353528809648374,-94.57925464673859,test
7518,34.26932630249956,-92.7589613456425,val
7519,33.06893023759522,-90.51284478606092,test
7520,33.20706576274188,-92.31885726506763,train
7521,34.23129391574625,-92.13867233801987,test
7522,34.61736863819539,-91.53076311556745,test
7523,33.584048918279485,-92.46197829379511,val
7524,33.66264907247921,-90.31062866321265,test
7525,33.80573975572768,-92.61547639085451,test
7526,35.73179668851695,-89.93551440181105,test
7527,35.6995074433312,-90.26161802407844,test
7528,34.34028644894823,-92.52719372018485,test
7529,33.60327533554538,-92.80196965324478,val
7530,33.388179347722144,-91.25715874606617,test
7531,33.30495259216511,-90.86612545908991,test
7532,34.3694773781478,-93.6962679606968,test
7533,33.15939851662392,-93.42200534016318,train
7534,34.167722629942176,-93.893124992257,test
7535,36.36536634889398,-90.83936136540406,test
7536,34.77626615463514,-91.06942273105395,test
7537,35.87925629892316,-93.68040254283767,test
7538,33.4524308106339,-91.95173231281292,test
7539,33.938275738433966,-90.8217303847591,test
7540,36.312912555904035,-89.91326754616544,test
7541,34.34243163926908,-93.73274240896878,test
7542,35.26942144956913,-93.10748099394824,test
7543,36.416443727069066,-92.88875127531381,test
7544,34.92775714715757,-91.51386252510795,test
7545,34.068710822300574,-93.94199831446134,train
7546,34.861819595832216,-93.65865752582059,test
7547,33.19123019765801,-90.74122891816184,test
7548,33.39329455932442,-91.92599328069534,val
7549,33.02509886768294,-93.82288042930357,train
7550,36.094735145477514,-92.68948924239912,test
7551,35.34948150114859,-93.95156384920129,test
7552,34.04415417796462,-92.8174306938529,test
7553,33.77406496722556,-92.63100950279818,test
7554,35.39076810405223,-94.06281125422178,test
7555,36.21836222674849,-94.32262787185537,test
7556,34.046986818682385,-90.23843860542007,test
7557,34.12545688285373,-90.20838899448812,test
7558,35.98984253817821,-94.60718299019314,test
7559,36.12681535559313,-91.43321564077205,test
7560,36.199127983904226,-94.15441533253127,test
7561,34.026039728023434,-90.59359602170936,test
7562,33.42109398658722,-90.24857491099586,test
7563,34.5399915019949,-91.55542267780999,test
7564,34.03517702799413,-91.57261737770138,test
7565,36.09353333384143,-92.773736900003,test
7566,33.12822229631241,-93.38013922226658,train
7567,35.21858164372695,-92.13862397910837,test
7568,36.171634780118396,-93.95542539932153,test
7569,36.41834628382123,-91.27904227254126,test
7570,35.27545709754315,-92.2836681299628,test
7571,36.32473034957833,-93.73732051502628,test
7572,33.264808119187734,-91.69607816363727,test
7573,34.25747421098684,-90.66722065216894,test
7574,33.03050144064357,-91.69366667551436,train
7575,36.43414320266786,-91.98758278406699,test
7576,36.15954267568345,-90.40684413368987,test
7577,33.0981839468687,-94.56654573654588,train
7578,33.06346427660918,-91.5547642896619,test
7579,34.284393229372284,-92.583829849523,test
7580,33.90488288376816,-93.65797624117138,train
7581,35.964262970348756,-89.75149808507209,test
7582,33.56169541145152,-92.61304526913847,val
7583,35.767273119453,-92.95374382216215,test
7584,34.94060894996732,-93.780028054489,test
7585,34.320871199917455,-89.66110322230995,test
7586,33.510019166066826,-90.3654247605325,test
7587,36.49191957085885,-94.2722370791855,test
7588,35.16295142322538,-91.80820323564791,test
7589,34.53783781398798,-93.88741598194893,test
7590,34.29894644793456,-91.06256636738566,test
7591,36.17004880720799,-92.21410535657563,test
7592,35.874171328667664,-94.07136684792961,test
7593,35.839150259288786,-91.85151671041649,test
7594,35.156694655368376,-90.09394201401904,test
7595,36.107848039435304,-92.92426242880424,test
7596,34.04747430242725,-94.36749609463297,val
7597,35.46297147307151,-89.92232065701472,test
7598,34.415567098371625,-93.91525803559304,test
7599,35.09999582995892,-92.25899155562027,test
7600,36.493535502144425,-91.91295467459403,test
7601,36.44583673236362,-93.44167530798916,test
7602,34.79416655763607,-93.73823238077046,test
7603,35.00852208257689,-94.05769976334415,train
7604,36.14062619198055,-94.27232224670075,test
7605,36.44972499379849,-92.09461105802869,test
7606,35.72512730919128,-90.43515673913345,test
7607,33.22814560285521,-93.99000890630799,train
7608,34.129239070203525,-91.13792342862588,test
7609,36.13796818972108,-92.56927477099471,test
7610,35.68923377047668,-94.4449355323162,test
7611,35.5978157485855,-91.95621761927654,test
7612,35.337731306638496,-93.36751891731812,test
7613,34.45342347371334,-91.61188715758871,test
7614,34.41134462120645,-92.88386463613081,val
7615,35.8312637065678,-91.3077319782331,test
7616,34.028231021177746,-90.05503828623279,test
7617,35.39691155445341,-93.40461352645515,test
7618,35.54172983198385,-89.94899286913115,test
7619,35.95594596276535,-93.60458496455585,test
7620,34.11959956747455,-94.2686464353499,train
7621,35.59661243393371,-93.66227609268125,test
7622,33.372714641525405,-90.56986400340773,train
7623,33.48321605133167,-91.25254546103523,test
7624,34.46067614060691,-89.79495425829069,test
7625,33.193290217243366,-91.0921582671881,test
7626,36.316944125128686,-92.56922261276793,test
7627,36.15663533678276,-90.18461805855961,test
7628,33.17126793434045,-89.85810126450396,test
7629,35.93409102662297,-90.68547504282827,test
7630,34.781059609315086,-91.85350125839955,val
7631,35.456870109307424,-90.51594406691136,test
7632,36.10425909254366,-93.73014780454862,test
7633,35.01941070477194,-90.14526038604096,test
7634,33.407144850996204,-89.65219185704193,test
7635,33.00902513670305,-91.31425337271693,train
7636,34.73922536288006,-93.64643147328736,test
7637,36.322312462435264,-93.90214978888926,test
7638,35.004176550646186,-89.85171040416628,test
7639,34.305286983308804,-90.28937647779942,test
7640,33.1082270597832,-90.89906610772312,test
7641,36.2024279604737,-89.9028773095314,test
7642,34.145048313003144,-92.1180833482441,train
7643,35.46672090460284,-90.20790037707826,test
7644,35.429830207390125,-93.81078303947776,test
7645,33.88859106479062,-93.71143570100641,train
7646,33.22322127261254,-92.07365506306786,train
7647,34.34750132535145,-92.96742698560271,test
7648,34.1099585484302,-92.47037923796715,test
7649,35.45089739605314,-90.65296097808636,test
7650,35.869238734809436,-94.35456486941698,test
7651,33.77855896087086,-91.03740614362727,test
7652,34.84880874421755,-94.18150053578678,test
7653,33.14212921585857,-90.40791978010631,test
7654,33.74989538026712,-93.6165579615177,train
7655,35.66616561862729,-90.96735356587047,test
7656,35.776894121711756,-91.6783593870312,test
7657,35.71741562208131,-92.70345812784795,test
7658,33.498357737458946,-93.290344835418,train
7659,34.92862154613946,-94.33442719815595,test
7660,34.47947945055184,-92.86370037164237,test
7661,36.470202038782816,-93.62337207969216,test
7662,35.28924454170418,-93.94451485535865,test
7663,36.27320731988505,-90.949664330732,test
7664,33.50872606752953,-93.56380049466439,train
7665,34.5780564558508,-93.51090450285065,test
7666,35.70062660037054,-92.92780718478241,test
7667,34.28750204810641,-92.32061379667981,test
7668,35.21377973653777,-92.0668476608802,test
7669,34.79095760330781,-91.31720504386315,test
7670,36.47175293226297,-91.6950454222455,test
7671,33.60855389022922,-92.2260311177586,val
7672,36.27372043365545,-92.66211713325178,test
7673,34.40549833831154,-93.29904252671172,test
7674,34.63797538232053,-91.0915852099953,test
7675,34.850106592914926,-93.04201843764308,test
7676,33.92878292301753,-90.39758047417631,test
7677,36.37280104913778,-91.70677259423671,test
7678,36.190205218321765,-91.46929693571495,test
7679,36.40516785073977,-92.09131255253767,test
7680,36.48921850273333,-90.00507635867933,test
7681,35.344300333133404,-92.52467002396982,test
7682,34.5808992353201,-92.4979667865085,test
7683,35.977568655237064,-90.18171795601401,test
7684,33.083317072427185,-91.61361260282796,train
7685,35.92041415649726,-92.38773088285103,test
7686,34.740501084738526,-93.31710896085185,test
7687,35.35627009479196,-93.40212910809197,test
7688,34.309161214698776,-90.63687146063648,test
7689,34.29018103853386,-93.23105359421011,train
7690,33.11101003483811,-94.59148367919228,train
7691,34.483263006501545,-94.52328062268734,test
7692,34.42923968396766,-89.75733902036508,test
7693,33.78676885653825,-91.83760545498397,test
7694,33.865631457389185,-92.18954757965881,test
7695,35.044488531548794,-90.0581559365316,test
7696,34.11220004888826,-92.87211362701825,test
7697,35.905881681560516,-90.6688621285135,test
7698,33.389847873999734,-91.03260523048272,test
7699,35.02175731301265,-92.24883048286047,test
7700,33.56015654498686,-90.77007946963032,test
7701,34.84884219422231,-89.8200814136646,test
7702,34.933910604326115,-93.62298134233826,test
7703,35.24804190284005,-94.53297820992992,train
7704,34.495987315455125,-90.53737160086644,test
7705,34.78316139795239,-92.61417224796128,test
7706,33.633334156284526,-91.91431960723041,test
7707,34.620553724077155,-93.51436226595932,train
7708,34.305606361830016,-90.43630985359121,test
7709,35.33145886629043,-91.03560494210863,test
7710,34.5218760322377,-89.88176785787186,test
7711,35.72769577843077,-92.25799819814958,test
7712,34.490972345007926,-89.7664718865787,test
7713,33.825199105408856,-92.08104869691972,test
7714,33.95791051635505,-91.53153220841203,train
7715,33.15849828782073,-91.2695866240862,test
7716,34.88971583710318,-92.18583586507074,test
7717,35.90808309365113,-91.82298245088445,test
7718,35.6918909738615,-93.5101638884336,test
7719,34.53226313218465,-92.81905560107946,test
7720,33.686421243005796,-91.13109357189153,test
7721,36.02219555154109,-94.42622486871088,test
7722,33.19873361915774,-91.13894679376264,test
7723,34.39727953820873,-93.11023504662384,test
7724,35.998152998343826,-93.26897589322012,test
7725,34.37611840591469,-91.17336233216753,test
7726,33.41256414764936,-93.55172254127784,train
7727,33.930823251210285,-89.84043332363011,test
7728,35.10010304610032,-89.69632520244603,test
7729,33.532125676930995,-92.34324097297825,test
7730,35.29227364394824,-92.62495087086381,test
7731,34.53356675919736,-94.2271838416983,test
7732,34.17036325287182,-90.75225314154292,test
7733,33.84323918183107,-93.8112617371652,train
7734,35.881654950498486,-89.98275213343388,test
7735,34.38835881612191,-89.6967540873926,test
7736,35.5846774296218,-94.0116233929939,test
7737,34.54124317423084,-91.22546076599924,test
7738,33.32153515410373,-92.3040198019084,train
7739,34.541770913085415,-91.93050510457373,test
7740,34.77690722907517,-93.72751384211574,test
7741,34.60244767722682,-91.02410112975879,test
7742,35.85684599111895,-93.79193477680336,test
7743,36.187979721650606,-90.22005911061363,test
7744,35.753725363238615,-92.36374616671449,test
7745,35.03973665773836,-91.4647055461433,test
7746,34.89507486194212,-90.03869819796981,test
7747,35.25615610543281,-90.95244066113139,test
7748,34.00740603753781,-91.93198601925366,test
7749,35.8414639615204,-92.6186920902185,test
7750,35.99896862161281,-92.3231884436913,test
7751,33.935260071136405,-92.92188489373562,test
7752,36.15986372849027,-89.91746638849555,test
7753,35.97056453397084,-93.3632965145862,test
7754,34.485703686188785,-92.58554897549305,test
7755,36.18150070732461,-90.75222709448416,test
7756,33.42153647834028,-92.80922188704847,val
7757,33.09795295723115,-90.21354384470256,test
7758,34.21753388957919,-93.41192897846918,test
7759,34.97902494589571,-94.46421613670427,test
7760,34.23004915086503,-91.49510697210822,test
7761,36.29723706784976,-92.09398031505641,test
7762,33.89148580169301,-89.98270134294262,test
7763,33.98424687757438,-92.51703234029708,test
7764,35.221896643906994,-93.94611641794778,test
7765,33.01352358819598,-92.98116467988565,train
7766,35.5464496832411,-92.6657373044967,test
7767,34.32114319082605,-91.72183488528576,test
7768,36.422117536751536,-93.2557325592868,test
7769,35.41996157560412,-91.88494279873619,test
7770,33.1827523427882,-90.10701204813716,train
7771,33.32419733059691,-92.51406016150109,train
7772,33.30858837423455,-91.38169961512997,val
7773,36.3341779096218,-93.4823740219848,test
7774,35.394180394261554,-90.63740458612128,test
7775,34.496621025511274,-93.27973696711051,test
7776,33.70168941458011,-91.73838011627738,train
7777,36.05773911252531,-93.12777007542856,test
7778,33.70544574684969,-94.28501032019263,train
7779,35.47337725766536,-93.03127617941168,test
7780,35.67163526540871,-93.5662076162646,test
7781,34.03129631099393,-90.18341137103894,test
7782,34.76720158009725,-93.29717429024844,test
7783,33.78046248811438,-89.77711678660846,test
7784,34.326253801094246,-92.17304131572743,test
7785,36.37797039398003,-93.5213071161588,test
7786,35.42598312129051,-92.67501965816649,test
7787,35.9631497216668,-93.708347346037,test
7788,34.89209850013359,-90.4765942283881,test
7789,33.83663909752975,-94.02375273154682,train
7790,35.49507949833518,-90.2785670750678,test
7791,34.75198786276698,-94.39179226919313,test
7792,33.6189710383747,-93.13094858029922,train
7793,34.443504613663734,-93.9247630003934,test
7794,35.22194076655707,-91.21423023677394,test
7795,35.573661498387835,-92.0737609969646,test
7796,33.85127278561623,-89.95148232294609,test
7797,36.06599068772266,-92.80008161742919,test
7798,34.32842887476137,-94.41747700530256,test
7799,33.94897851262462,-90.8345544559202,test
7800,33.682920194088034,-91.73988177111168,test
7801,35.81459967041041,-90.50764653293527,test
7802,34.23957601238122,-92.50209129679418,test
7803,34.69189659760777,-90.95123962805845,test
7804,33.779869382473564,-93.76980344043714,train
7805,35.40131874909126,-89.65235302248576,test
7806,35.73361692643348,-93.75697453490054,test
7807,34.187988371336694,-90.49589088053544,test
7808,36.30777784879991,-93.56418230025525,test
7809,33.107137133460824,-90.73093531656698,test
7810,33.46530086145914,-90.33957548737347,test
7811,35.060754610461714,-90.26309469613746,test
7812,35.454924017169326,-92.25567931884152,test
7813,33.877390463281706,-92.48879952361037,test
7814,34.93924883911972,-90.47605808325025,test
7815,34.11435186464985,-91.73993856193447,test
7816,34.93931235967557,-91.53225414750202,test
7817,35.307646872174885,-93.44674640759315,test
7818,36.4048281874917,-92.40259963941305,test
7819,34.59493901007414,-92.78383902630807,test
7820,35.26875614094983,-91.31335185133247,test
7821,35.02313736771976,-93.6434780983046,test
7822,34.111442128606505,-92.60341292419022,train
7823,33.88572446094202,-90.40180166677916,test
7824,36.45754752610653,-91.90416498487,test
7825,33.723983265955304,-90.16666143269569,test
7826,35.765963434759826,-93.4643386035353,test
7827,33.513055868572664,-92.4336804171066,val
7828,35.81522944276438,-92.13293137072033,test
7829,33.65004955046342,-92.62917998568825,test
7830,36.385048254056585,-91.21806699513277,test
7831,35.40095679801081,-93.88086253638046,test
7832,33.315413852865404,-92.03858006084587,test
7833,35.42611991810654,-93.93030141813423,test
7834,35.11267266973543,-91.49288848072585,test
7835,34.181411863428856,-90.4936667776259,test
7836,33.912575992148504,-94.520614677933,val
7837,35.515662736118536,-92.34902697813145,test
7838,35.59476480532453,-92.17126314870283,test
7839,34.14522047133388,-91.0403365730539,test
7840,36.066794887938265,-94.24864193808408,test
7841,33.94089526610972,-92.60207671708763,test
7842,33.24452549091184,-90.71615828107241,test
7843,35.09953745689653,-91.97524152929095,test
7844,33.37474700491066,-90.8932644450771,test
7845,33.9683242249327,-92.81087139204986,test
7846,34.775152375669535,-90.0471642210273,test
7847,34.00225867825054,-94.23559406664901,val
7848,33.752487198470156,-94.1669129031601,train
7849,35.46114895216979,-91.99342505260205,test
7850,34.914497694908036,-92.2800054702928,test
7851,35.93916436887598,-91.44681638849944,test
7852,35.03433858129417,-93.4815910103461,test
7853,34.692065241208226,-93.49663939384493,test
7854,33.91439723063776,-90.89692544818458,test
7855,35.772230562819544,-93.16992695249778,test
7856,33.68904852997529,-91.00536007625479,test
7857,33.847799438406064,-91.4356862841545,test
7858,35.945560088635744,-94.20586404795401,test
7859,35.594173840052235,-91.08568569051172,test
7860,35.14505721142832,-90.24880858820856,test
7861,33.13622185775301,-90.56126810098232,test
7862,33.44540166399654,-94.57595652652782,train
7863,34.749851110656635,-91.93762188649104,val
7864,35.61218623219012,-90.0807140574861,test
7865,34.62435302467138,-91.64433339923015,test
7866,33.06052558545174,-93.17707942885409,train
7867,33.64494499533387,-93.65311312926102,train
7868,35.060683448670765,-91.21581077910585,test
7869,35.429759708907966,-90.78686794447702,test
7870,33.11699909449167,-90.08445371836052,test
7871,33.15166113711175,-90.11858857984048,test
7872,33.914585404097274,-92.9337775744049,test
7873,33.29225593385298,-91.61873165041627,val
7874,34.89681181267677,-94.11544964628081,test
7875,33.432956936848385,-94.15052112568593,train
7876,35.26876767215498,-94.26480122300129,test
7877,35.72028861757656,-90.01209309694308,test
7878,36.396808323132376,-93.86241084164936,test
7879,36.319424365732,-92.22283879351153,test
7880,33.956778025823475,-92.4676303469718,train
7881,33.10293360918111,-93.00588758515553,train
7882,34.15294275639119,-91.94747865781336,test
7883,35.479680415494286,-94.60612927434627,test
7884,33.20930423245389,-92.73065778855161,test
7885,34.25899430185,-92.23766001946582,test
7886,34.043120916414175,-90.62757720055966,test
7887,33.767709725366416,-91.13621175637083,test
7888,35.4714576415561,-90.39668383403075,test
7889,35.30683951758531,-92.74979777073236,test
7890,34.874229329120205,-93.91969952684698,test
7891,36.18771123888559,-92.62674937425273,test
7892,33.36098598455595,-89.83359361939272,test
7893,33.52391228567346,-93.55479185753538,train
7894,34.34207387726794,-93.75146584601892,test
7895,35.295587181520155,-89.9266437374894,test
7896,35.04427752285894,-89.89888226849325,test
7897,33.25914940613776,-93.87829283348333,train
7898,36.354486813112636,-90.79581927809055,test
7899,34.06772685761487,-92.48417975419673,test
7900,34.256404148240826,-92.17368789145554,test
7901,35.182704296651984,-92.14151991210302,val
7902,36.30807931110907,-89.80719334124184,test
7903,35.319408836861456,-93.70223426217706,test
7904,36.34170665341696,-90.77787323579349,test
7905,33.656568915871674,-94.59179968145276,train
7906,35.16583475140527,-91.49580776866324,test
7907,35.901076121566994,-91.37619045580568,test
7908,34.78158563889197,-90.87408013903008,test
7909,34.267607865402695,-90.01796705685356,test
7910,36.44665485511157,-90.87343952489148,test
7911,33.49345569138831,-90.98124439037764,test
7912,34.4382533463503,-93.35867604388476,test
7913,36.05680813396231,-89.68558664541776,test
7914,36.15168261277072,-92.29200820970809,test
7915,36.431337355459206,-92.54527299167226,test
7916,36.09696657292533,-92.12566846081285,test
7917,33.178349588855944,-92.6615394149042,test
7918,36.25418274869621,-91.66962127100702,test
7919,34.49858516992375,-92.88236578876842,test
7920,35.28066715609803,-93.42747410074536,test
7921,34.37996554208492,-90.00786533807518,test
7922,35.84783826814742,-90.00869245454507,test
7923,35.01571746712968,-92.15366029847998,test
7924,35.95940624893902,-89.83812770059681,test
7925,33.67820015032269,-92.55388571557354,test
7926,33.64744083164216,-92.69472702372092,val
7927,34.54131880554675,-90.06297650550056,test
7928,33.01663040736868,-91.47440249497483,train
7929,35.42498534213691,-90.8302886711155,test
7930,34.03618804732804,-92.56866315712682,train
7931,34.95054771175057,-92.59720172755421,test
7932,33.245012461612966,-94.20598058675584,train
7933,33.59725525783943,-89.81528289346956,test
7934,35.18000709507677,-93.48704393479474,train
7935,34.06981919488865,-92.16349269373937,test
7936,33.75152679904972,-94.05038694892504,train
7937,33.80096275282719,-91.40464054162881,test
7938,33.751867776539235,-92.6773490122686,test
7939,35.17997832300692,-90.80472048576064,test
7940,33.5869192506431,-91.99395808719481,test
7941,34.269472257129614,-93.97648780353086,test
7942,35.40760402957709,-94.56661967228312,test
7943,34.79784870071678,-93.56413004896748,test
7944,35.090483047714194,-91.01999792074234,test
7945,33.87817442812312,-90.50228478582372,test
7946,36.26450205607822,-92.92356487277172,test
7947,34.44857736910718,-91.95645239597272,test
7948,34.00437377814317,-93.42713394642098,val
7949,36.16514164420465,-90.2441970926278,test
7950,35.29351365342536,-89.82292048483137,test
7951,35.148810520984576,-90.87788808207712,test
7952,36.10357128258159,-94.1782329986586,test
7953,33.204891001949846,-92.44752065432398,test
7954,35.93187829202653,-89.69718676170262,test
7955,35.37252527506785,-93.47995739831308,test
7956,34.259974781730456,-91.28775579922788,test
7957,33.89722969883349,-89.95533949730455,test
7958,33.36682064958545,-90.77717916033097,test
7959,36.29375959586341,-91.59396502634854,test
7960,33.49669236165337,-92.10167536028906,train
7961,33.90803487505809,-90.00379261918495,test
7962,35.41887512849314,-92.65817516547476,test
7963,35.485533532600975,-90.14069307057378,test
7964,33.56269046610908,-92.47766694283237,train
7965,35.8494590626797,-90.85997123191864,test
7966,34.78600544211727,-90.06890192064064,test
7967,35.96959837340288,-91.88330474411775,test
7968,33.30549886446641,-93.07989715377875,train
7969,33.149904996827914,-94.3665960032964,train
7970,35.22946633523022,-90.59797798138128,test
7971,33.52508328988436,-91.52861069415373,val
7972,34.83732166006655,-93.31266313030729,test
7973,33.04938065749578,-90.2592640837869,test
7974,35.7297524119187,-90.04609526403428,test
7975,36.14835559562476,-90.21078458482101,test
7976,35.936089666875006,-91.63045604516978,test
7977,36.354234846026465,-89.76638941236862,test
7978,36.16083514130577,-90.27221601292722,test
7979,34.554063064016276,-94.10182578742008,test
7980,34.39421872955276,-89.74390329948207,test
7981,36.1366428379004,-91.89243232783085,test
7982,36.24428578375029,-90.04742155931689,test
7983,36.40492581911313,-90.84110306888158,test
7984,35.68911032194974,-91.40159362348358,test
7985,33.70696090479483,-92.99643826316787,train
7986,36.307339476387526,-94.48566078278586,test
7987,36.31499513385677,-93.24462082536284,test
7988,35.3314597736954,-91.21147299531823,test
7989,36.0004809322232,-90.33031891284826,test
7990,34.96411747407383,-94.60833741233607,test
7991,36.30444430894103,-93.5863703442795,test
7992,33.32877738807232,-91.27485345445163,test
7993,36.023872937696694,-93.21033353152758,test
7994,33.19426270162999,-93.91573681535354,train
7995,34.18687468276307,-94.2127775918291,test
7996,33.47363974915341,-91.44974138578196,test
7997,34.67697282362019,-91.66354670936913,val
7998,33.812861552973644,-90.35269054641616,test
7999,36.33225332766899,-93.05525679379105,test
8000,34.95762466778693,-93.9405084668723,test
8001,36.142057577063035,-90.64819920920979,test
8002,33.973204641679025,-89.7087159534839,test
8003,33.09092145981296,-92.82886398312746,test
8004,35.71479251289372,-90.31921241722755,test
8005,35.4583218099019,-90.83014901031852,test
8006,34.90922075985968,-90.08942108504903,test
8007,35.85369955405224,-92.51086879139278,test
8008,35.94029530426846,-94.11653152102559,test
8009,35.05766157806361,-94.03176965436631,test
8010,36.38074727148878,-90.82690385032353,test
8011,35.518991816660645,-90.32924075769311,test
8012,35.3690638165692,-92.34862679754286,test
8013,34.264976273955256,-94.3239326804914,test
8014,33.00790502510003,-94.28847097941185,train
8015,33.84329935862962,-91.64495626018976,test
8016,35.673721773851206,-90.0544369794316,test
8017,35.48454939053011,-92.6340699368816,test
8018,34.15857750690533,-91.3864195184602,test
8019,35.18954041088453,-91.92622138828484,test
8020,33.68350617815598,-90.19790351307326,test
8021,33.922697017441656,-90.48303357013809,test
8022,36.315928328658735,-93.62923765595806,test
8023,34.44613200527458,-91.25261080015821,test
8024,33.85745658004599,-90.4079091665266,test
8025,34.70487886393647,-89.99666057239169,test
8026,34.35455557925578,-91.68806211158966,test
8027,35.55335163072187,-93.74572116125223,test
8028,36.36740637271809,-91.8455865421003,test
8029,35.071080985601924,-91.31087951205801,test
8030,35.0690151542792,-93.26572936424527,test
8031,34.276918505532194,-89.78418263383533,test
8032,34.976208261913534,-93.48024853099888,test
8033,34.117651032354985,-90.09057796699675,test
8034,33.003822260093195,-92.50685163510254,train
8035,36.0313366050747,-94.61724580078047,test
8036,34.50305429932597,-91.91985330545062,test
8037,34.722309697688985,-91.49741924639079,test
8038,33.29225320399075,-90.29926413455476,test
8039,35.92988679691887,-91.93340070480279,test
8040,33.59617974632157,-94.15217697070094,train
8041,34.4371740557451,-90.0137366102478,test
8042,35.940929414723584,-91.8101866891004,test
8043,34.60224029074732,-93.27048997589827,test
8044,36.259033174132625,-90.15267267605219,test
8045,33.73260006197241,-94.01906004233584,train
8046,35.5033149048417,-94.1355102901036,test
8047,36.422994832466046,-91.96100480381111,test
8048,34.923647730271085,-91.51432538780314,test
8049,35.42264364525398,-92.08053293806438,test
8050,34.37629330860353,-90.00290952585122,test
8051,35.62968068903914,-93.3137804514113,test
8052,36.18105919783305,-89.69853167289598,test
8053,35.46069448467685,-94.52383380780344,test
8054,36.27575048983343,-94.03088604653905,test
8055,35.06028428197308,-93.69718875904377,test
8056,35.01998104157837,-94.22450863653901,test
8057,34.066195858382045,-92.44205720384781,train
8058,35.48369621907325,-90.31910028671076,test
8059,36.086833826146545,-90.54082614540576,test
8060,35.26210679145126,-90.91855842544335,test
8061,33.81563727209504,-94.58317527238079,train
8062,34.9043819015259,-90.31744104702155,test
8063,35.645780959329954,-92.64939951298258,test
8064,36.28777160205463,-90.98376036001633,test
8065,33.54808617332194,-91.00721413821528,test
8066,33.44623981838296,-93.73772049472387,train
8067,34.44530235581517,-92.05848760750591,val
8068,33.43963909311914,-90.01688063403802,test
8069,36.431501193767915,-93.31264830849307,test
8070,34.48506528548896,-91.06631159543238,test
8071,34.867636816737665,-89.85848633470947,test
8072,33.7948072345247,-92.82766305712192,test
8073,34.571941432379255,-92.6934606467225,val
8074,36.44642877201427,-92.3707643292334,test
8075,34.7104050297844,-90.59907496890287,test
8076,33.0308837403157,-92.43675493297128,train
8077,33.84884635587721,-92.20335759864335,test
8078,36.42459190667476,-93.51508207584173,test
8079,36.461736296937566,-89.70792502519961,test
8080,33.73672581420097,-90.18499985476961,test
8081,35.153424307453484,-91.63673606424857,test
8082,33.26917915676895,-89.84601644484421,test
8083,35.021045748556205,-91.20562109926553,test
8084,33.44072245520253,-89.85324500637977,test
8085,35.865315332749304,-93.81716674230404,test
8086,36.288512456607855,-93.4994766876917,test
8087,33.60545382817319,-90.22064315571718,test
8088,34.61949259008188,-92.5332242736157,test
8089,33.35715049466122,-92.77534621061024,test
8090,34.18699002475541,-90.87095327877147,test
8091,33.227842141661846,-91.48728146895829,test
8092,33.925912848060996,-92.9099641491568,test
8093,36.46578283481256,-92.64263287986296,test
8094,33.15611143562491,-92.59033272124825,test
8095,36.006389153665346,-93.99213329949686,test
8096,33.27108402213937,-93.47911697053321,train
8097,34.85148925891076,-91.94847450043557,test
8098,34.58241927349571,-90.73431905317587,test
8099,36.26044131007226,-92.53733002638678,test
8100,33.69667451799781,-92.71473658605778,test
8101,33.62888705382872,-91.38693471695333,test
8102,35.620499309987416,-93.83844829651535,test
8103,35.540018155851236,-92.72767088764701,test
8104,35.4471361967248,-93.58556290610095,test
8105,33.091444906603336,-91.38131821539027,train
8106,33.90985890353718,-94.0615508458671,val
8107,35.93963312249005,-92.39432058657586,test
8108,35.103003425098706,-91.65697517625074,test
8109,35.10768222256264,-90.47663304889515,test
8110,34.035708118916844,-91.01898015616226,test
8111,33.91060580994932,-89.93397028856111,train
8112,36.31294210806389,-91.24100431595286,test
8113,35.547143475986246,-92.88452751454611,test
8114,33.44403141230643,-93.46833230390332,train
8115,36.281974297503176,-94.33878545381558,test
8116,35.03829553136319,-93.24038954495147,test
8117,34.16676828434981,-93.9398620164319,test
8118,34.389988062398594,-92.78495285462385,test
8119,35.53891578623416,-91.12818664791456,test
8120,34.31695428090129,-91.18059089966067,test
8121,35.02560679691513,-93.03871284606122,test
8122,35.48674823826941,-92.09249471803805,test
8123,33.68381249057087,-93.54264529808506,train
8124,36.30484520184892,-92.12020570888593,test
8125,34.24660470002394,-92.08489307513634,test
8126,34.4678116497692,-93.12255471057554,test
8127,35.44480028753737,-93.33044505268427,test
8128,35.13074781285717,-89.75151491401104,test
8129,34.54041942928713,-91.9504961498392,test
8130,35.27409714105277,-91.82647914106074,test
8131,36.15989907650216,-94.58126337087074,test
8132,35.80099265825896,-93.71625131527182,test
8133,35.884906534841704,-92.84758884975449,test
8134,33.9044294299856,-89.81907570968173,test
8135,34.46791172254173,-93.74904858059332,test
8136,34.93836699578921,-93.11265013470548,test
8137,33.15466786706519,-89.69891974088866,test
8138,35.694272631320636,-92.2288900475906,test
8139,34.13212198545281,-93.03751335591298,test
8140,33.98908627314355,-91.46723616518051,test
8141,33.90752203274651,-92.15337764595328,test
8142,33.991827428970225,-89.86147801454196,test
8143,34.183051912552415,-94.20652061147953,test
8144,35.11688595326656,-90.69097683502723,test
8145,35.04247862665022,-93.23294069903896,test
8146,33.89499113760657,-90.61085342497856,test
8147,33.72248496800623,-90.40682990730316,test
8148,35.89225366524975,-90.39936239562371,test
8149,33.324531681867285,-90.31252237652456,test
8150,34.794879944203245,-91.05090629128804,test
8151,34.821963059662465,-93.91225139082715,test
8152,35.009478823840674,-94.36204411031109,test
8153,36.099775405674976,-92.92639673840914,test
8154,35.18369879033169,-92.15950280270295,test
8155,36.407718181868084,-93.11597412332443,test
8156,36.04973579172054,-90.9312315383898,test
8157,33.75159090820524,-91.02945591549341,test
8158,33.844141585788556,-89.78953522946469,test
8159,34.2067094757031,-92.62915174021794,test
8160,34.37030045278046,-90.71493352577548,test
8161,34.93548292107693,-90.93623614542068,test
8162,33.813794215137186,-89.70591489930581,test
8163,33.77820813389818,-90.77513220148946,train
8164,34.33486485078828,-93.21063458241076,test
8165,35.35208089624463,-94.54409617633517,test
8166,35.40843964583666,-89.80821421224049,test
8167,36.41640859014101,-91.06113685209161,test
8168,33.70845401872635,-90.58134505915883,test
8169,34.375007031499436,-90.6775765524891,test
8170,36.37637124278671,-90.96326738273396,test
8171,35.415030599329434,-90.88517189113665,test
8172,35.072974836877066,-90.00059282167388,test
8173,34.88876117990471,-90.07686692881549,test
8174,33.2642863304769,-92.73524307317528,train
8175,36.12680833085569,-94.46612122754475,test
8176,35.189268253952875,-94.42775248032456,test
8177,35.00083592774812,-92.40020732831836,test
8178,34.888251201626446,-90.47015173639498,test
8179,34.37169972562389,-90.40737220372087,test
8180,33.891326419763125,-92.61018378128728,test
8181,35.64362694867069,-93.12099022202061,test
8182,34.78348631216582,-92.10219082117523,test
8183,33.11878836301227,-90.48226026185641,test
8184,34.39683074920257,-91.45661428520448,test
8185,36.250112733779915,-93.92516510611212,test
8186,34.30863096539302,-92.81969730001697,test
8187,34.44631552773951,-91.85953320149807,test
8188,35.183863930692624,-91.94483571650277,test
8189,35.80586181335559,-90.49174892015913,test
8190,35.339613911966495,-89.98710633371194,test
8191,35.97519155893031,-94.12069842194899,test
8192,33.39889705464245,-93.50469427598094,train
8193,36.23607393661527,-92.67098015412208,test
8194,36.163726763439854,-93.14690153518839,test
8195,34.81702005304956,-92.59079624005655,test
8196,35.1865978322552,-94.41761549378231,test
8197,33.74484567570491,-94.29191404729082,train
8198,34.567816032934864,-90.45334345465275,test
8199,33.709461763219345,-94.11016853296393,train
8200,33.07691837629357,-90.52434669338611,test
8201,36.433160738444684,-93.09663535103893,test
8202,33.90701280498572,-93.0831598516524,val
8203,35.075879081142425,-94.11928727020977,test
8204,34.05087634238252,-94.55408099402702,test
8205,34.29717567073652,-92.85421561602644,test
8206,34.39216545503796,-90.46827617571891,test
8207,34.17266355963665,-90.04782134124584,test
8208,35.23089915768978,-94.31391978603227,test
8209,36.36327694671012,-94.46638692288613,test
8210,34.500221275021815,-93.83076091795225,test
8211,36.406643534189925,-90.8115396508321,test
8212,35.33729033070674,-93.60173265286333,test
8213,35.12497668257353,-93.4728724392595,test
8214,33.82986348129623,-90.2019547914803,test
8215,33.22022247064783,-90.27150327737009,test
8216,35.981771696021404,-91.28866257948177,test
8217,35.008933723804944,-93.80485151100706,test
8218,34.450448518487086,-92.72568852743169,test
8219,35.84188562730969,-93.44619829138925,test
8220,34.08703133902061,-91.28092745823966,test
8221,35.7426603958757,-90.74374266072229,test
8222,34.14787342392029,-93.91359540157275,test
8223,36.22308415241457,-90.15715951045212,test
8224,33.93788406059881,-92.31975524129633,test
8225,33.481439411511,-90.66882090316011,test
8226,35.443338479222945,-94.36336108554646,test
8227,33.5699653857267,-92.8279115005134,test
8228,36.32277067601145,-94.5465386899443,test
8229,35.29444289336103,-91.04913088476482,test
8230,33.80801231449584,-94.22512867795102,train
8231,33.730866269999,-92.93871961859858,test
8232,36.23356263692148,-90.73470905722513,test
8233,35.127502694974616,-90.89763660218843,test
8234,36.12807602335346,-91.43776058674698,test
8235,33.385788216960385,-91.1707174249583,test
8236,36.23887268452712,-91.38338031423525,test
8237,34.82017259197931,-91.43285848373606,test
8238,35.339476707159726,-92.88221643899425,test
8239,34.30506415039448,-94.48001645073803,test
8240,33.206991127020395,-92.42412552641558,test
8241,36.3529035446964,-94.39406553159598,test
8242,36.48109415187969,-92.28972904623551,test
8243,34.27591397066155,-92.31352748565311,test
8244,36.30353775413193,-93.73175395979882,test
8245,33.58704201836547,-90.72221969706516,test
8246,33.54139557380501,-91.12007957070516,test
8247,33.2558914400321,-91.8390884827163,val
8248,34.36944292654453,-90.01823435679522,test
8249,33.1830578756356,-93.19268004734526,train
8250,34.381300163645136,-93.31769985931899,test
8251,33.484366500273836,-93.70832399670464,train
8252,35.55684728450535,-91.91413425472496,test
8253,35.91676927267743,-93.59937480198806,test
8254,35.40735399728701,-90.30158897534396,test
8255,33.701729533526546,-93.1075804406955,train
8256,35.683968675177844,-92.18007287912678,test
8257,33.87325068961646,-91.9883314982971,train
8258,35.65821008938985,-93.09099665924558,test
8259,34.98589151213737,-90.95005448328365,test
8260,34.283493807019234,-91.18039750691824,test
8261,33.2922233230562,-90.83876918974042,test
8262,35.89628328432459,-91.60857526513877,test
8263,36.28878522279379,-92.33289400746841,test
8264,35.330712230002234,-92.3888820301837,test
8265,36.37589548342704,-91.05882322875622,test
8266,36.26938996665047,-92.7461348519541,test
8267,33.681129402813134,-92.44681888787244,test
8268,35.55924322009375,-93.8065545374665,test
8269,34.22256686803193,-91.24223663208275,test
8270,34.706310761979694,-94.23768399630308,test
8271,33.54937900902096,-89.69715456042401,test
8272,36.41172799820178,-93.90562424146701,test
8273,35.54148084076743,-92.71659737129143,test
8274,33.934179083708386,-93.43823025449555,val
8275,34.30015091558812,-93.17542911386032,test
8276,34.47869024390074,-93.0174073509588,test
8277,35.61636803450344,-91.04986690389974,test
8278,36.23994043369355,-93.74155611242239,test
8279,34.125040465446,-93.30863298536869,train
8280,34.65375030898147,-94.1170057313559,test
8281,35.07622650492145,-92.97264380639105,test
8282,34.376703973401106,-89.94202853549821,test
8283,34.7646346317799,-92.73085835606382,test
8284,33.36997670157036,-90.75662862888873,test
8285,33.58686035702058,-92.32533142813953,test
8286,34.403854400270504,-92.3854895689692,test
8287,36.20228654119693,-90.52486440830303,test
8288,34.222753160106215,-94.48670731573834,test
8289,33.87427483011755,-90.32151409892889,test
8290,35.600017772972464,-92.20851399554708,test
8291,36.321955581268135,-92.87489788963524,test
8292,34.60693265972242,-90.11303029373427,test
8293,33.03011734448514,-92.93089902168553,train
8294,35.408522660164664,-89.76084414522161,test
8295,34.45271280565651,-89.96630819856372,test
8296,35.35775937815675,-93.2884216352828,test
8297,33.972007805402214,-92.92720448247631,test
8298,33.00842850335937,-90.58352729629526,test
8299,34.205736765609615,-93.64781789114431,test
8300,35.466773199145294,-90.98220072656454,test
8301,34.37589649053216,-93.97811879936765,test
8302,33.76710948878629,-93.59814053207255,train
8303,34.62402402446936,-92.13248612634433,test
8304,35.63321983154435,-90.91296781772239,test
8305,33.41801580377307,-90.94503964155064,test
8306,35.421132117763264,-91.59365630693368,test
8307,35.335704083313814,-93.26760001073735,test
8308,34.297582578897746,-92.5555720152072,test
8309,36.39617666982823,-93.39631509507673,test
8310,36.13146854818123,-93.24322339754724,test
8311,34.106565182807245,-93.01357661712814,test
8312,33.10881882687845,-91.6437268761634,test
8313,34.07906682360777,-93.58825340390071,val
8314,33.71652679889365,-94.40842948965503,train
8315,34.91538169916657,-91.17850038055816,test
8316,36.21560547413754,-94.51162218898908,test
8317,36.046181285131325,-89.79519945524044,test
8318,34.07040204482689,-92.87908101407405,test
8319,34.50009136744473,-94.58729057957366,test
8320,33.12789769677848,-90.22361100226983,test
8321,34.90457227677202,-91.63897146931598,test
8322,33.22178793017755,-90.5575602946402,test
8323,36.285121581801846,-92.45792716328926,test
8324,36.03426842198295,-92.85971604142075,test
8325,33.74965669253126,-91.3637084680518,test
8326,35.44779037951716,-92.6021756517911,test
8327,34.98807133851667,-91.85564326783603,test
8328,35.80475199380664,-93.23922029576973,test
8329,34.66478237363032,-92.96675232854805,test
8330,33.67120189733022,-94.21151190678805,train
8331,35.23945190042991,-90.73658122600973,test
8332,33.28098114448581,-92.88621138993973,test
8333,35.046057969089475,-89.77425424720732,test
8334,33.7444668191256,-93.32899864412961,train
8335,35.39727752993246,-92.25898817906047,test
8336,35.89815106604838,-93.1015049633242,test
8337,33.38333655248725,-91.17119088666911,test
8338,34.400939932520075,-90.60242137948651,test
8339,35.56732555721599,-92.19955666932616,test
8340,33.57296071531601,-92.79637003969113,test
8341,34.982832845124996,-90.91858594425268,test
8342,35.35143643656503,-93.6684684310018,test
8343,34.24177762533784,-91.64065229908572,test
8344,35.91193795970911,-90.97388643244359,test
8345,34.7873036476635,-93.28173003144602,test
8346,35.194481939791785,-91.36117427963333,test
8347,33.49305478846672,-90.96592605891799,test
8348,33.08106061086434,-94.03643935146417,train
8349,33.177619997887454,-93.01017980283433,train
8350,36.16372051869376,-92.6006589417671,test
8351,36.08924834486888,-90.76349173661231,test
8352,35.826570037066446,-91.79949948942468,test
8353,33.69864231932201,-92.38567947850956,test
8354,34.83910528182326,-93.03570093010565,test
8355,35.78640985191931,-94.59981500489233,test
8356,35.36134213439521,-94.51950614791097,test
8357,33.40432417786578,-93.4249822580908,train
8358,36.13439419934348,-94.04004768899959,test
8359,33.562388374722865,-94.02565461277196,train
8360,33.601284926946676,-91.62438406838977,test
8361,36.15353020209748,-91.61088704359564,test
8362,34.696159286830806,-94.39748261609641,test
8363,34.30512139084763,-91.66814179855196,test
8364,34.937798598043194,-93.8952815876525,test
8365,36.43489066491239,-92.74518809800803,test
8366,33.41870659334365,-89.70127121745212,test
8367,35.64932097077223,-92.02563334479437,test
8368,34.17014051785445,-94.45008557358915,test
8369,33.409672447966685,-92.89213873765434,test
8370,34.47676674373528,-91.28563615058128,test
8371,34.92063507203845,-93.5037485133636,test
8372,33.720865732048516,-89.82668729231588,test
8373,34.41844310683811,-92.50629032148215,test
8374,35.22486608915302,-94.51519608548874,test
8375,35.017568069020776,-91.9333861618736,test
8376,35.531062079191976,-91.2593375669679,test
8377,35.927415865280906,-92.35372385005287,test
8378,34.431991161192805,-90.0069909263239,test
8379,34.480385464117795,-90.13739712769595,test
8380,34.73842247059304,-93.92936843643079,test
8381,34.982236824334564,-94.22265760829805,test
8382,33.37912935983262,-93.06782428276898,train
8383,34.09422373968171,-91.5975806685296,test
8384,33.60162128381958,-91.63007128785277,test
8385,34.35048466820446,-93.26993379436664,test
8386,36.406739254009125,-89.89303028251831,test
8387,35.03955834838343,-93.0925613679238,test
8388,34.50283531972191,-90.62312880257726,test
8389,34.98077913328298,-90.48505850249404,test
8390,35.34176794399513,-94.13077795593111,test
8391,34.5223371215164,-93.46421202646117,test
8392,34.566984314885104,-93.55049820548729,test
8393,35.45490395283598,-90.04933295562925,test
8394,33.21301904121995,-92.8750085280235,test
8395,34.8902819890092,-90.46273747304421,test
8396,34.91564734276196,-92.24425052917894,test
8397,35.648632913949335,-92.34762135035572,test
8398,36.4392566331783,-90.12999585276158,test
8399,35.78514175375383,-92.42872000624371,test
8400,34.763260144276636,-90.9180859713623,test
8401,33.593086128625124,-92.51084381610188,test
8402,35.058913400716094,-94.11370740921573,test
8403,35.9200461034944,-94.35611887134769,test
8404,36.263449222758666,-93.58504632041587,test
8405,35.88858632822935,-91.0303278599513,test
8406,33.66139012226897,-92.76296089110055,test
8407,35.49401552522266,-92.363085320504,test
8408,36.08054231620045,-94.11367429936779,test
8409,35.38355938319441,-91.52350312905335,test
8410,35.400132143248754,-90.62686239430231,test
8411,34.750568001878776,-91.51532427729833,test
8412,35.22941677743927,-89.72646801332823,test
8413,34.03033251728058,-94.53878328418303,val
8414,33.31083530375011,-94.54212095856491,train
8415,35.8970021666089,-92.13497215251826,test
8416,36.30100507587031,-93.29595194738103,test
8417,35.99887817381931,-91.20804328540552,test
8418,34.16869743823281,-90.67774553684093,test
8419,33.32735552957775,-94.1108935333485,train
8420,33.98048435670992,-90.06082913235122,test
8421,35.94992381533465,-94.47128299910368,test
8422,35.295350776716255,-91.19863247886136,test
8423,36.38342985436028,-92.70903119170127,test
8424,34.19938356452986,-91.3028271123349,test
8425,34.93015242102075,-94.13474748159385,test
8426,35.7651337757338,-89.96271081238922,test
8427,33.818971799561346,-89.96108055099512,test
8428,36.37431491130883,-92.03857795354473,test
8429,35.073391853721354,-92.08736486569623,test
8430,33.027641471618786,-91.46500330656589,test
8431,33.08803646469804,-91.73705731577874,test
8432,36.087756057405585,-91.91857356286728,test
8433,35.25848534716377,-91.69171999003692,test
8434,35.67075381672352,-90.35260804427202,test
8435,35.74405600334918,-91.58299810548351,test
8436,34.47160921687772,-93.64670325666019,test
8437,35.79513936149806,-90.07785715931534,test
8438,36.281363556843885,-93.54667572564325,test
8439,33.60259887719368,-93.79914637688861,train
8440,35.67447739839707,-89.66462258955262,test
8441,34.07727202665448,-93.55931902856845,test
8442,34.12522551068849,-94.12253600746276,train
8443,34.44464197862735,-91.82682416197959,test
8444,36.0230183196783,-90.50884709393529,test
8445,33.07719623558517,-94.3180689222794,train
8446,34.51874172383592,-92.18418224916519,test
8447,35.38016677349245,-94.27954336792877,test
8448,33.386454103988825,-92.48940514409027,test
8449,35.77288758956096,-92.91051816001149,test
8450,36.29665909264074,-93.93846679187871,test
8451,33.318271873769426,-89.99282551355184,test
8452,33.53531848240807,-91.46461171212175,val
8453,36.40934028731171,-90.43001018612631,test
8454,33.69249474275009,-90.1174556899679,test
8455,33.27628886496122,-89.99697890498722,test
8456,36.33267387738565,-90.9018703566442,test
8457,36.12417948433314,-93.09446687328604,test
8458,35.295039154565956,-90.5002048842889,test
8459,34.930008245506436,-92.03469092993411,test
8460,36.2173144370597,-93.26988000852096,test
8461,35.29432026288998,-92.70270416433023,test
8462,35.30438830760274,-93.12291905205765,test
8463,35.95289947470683,-92.30296592118496,test
8464,35.28635987052347,-90.73676436353907,test
8465,34.762869104631875,-92.21020931104262,val
8466,34.364025242644566,-93.28874286688783,test
8467,34.76096862476934,-94.18560671884522,train
8468,34.82867527180518,-90.3668922469659,test
8469,34.26291158391388,-92.54567802432157,test
8470,34.56841443143121,-92.42364494948815,test
8471,35.80655176502233,-90.82430379594412,test
8472,34.457796790365606,-90.39685931555191,test
8473,33.089459183224,-92.0796098073659,test
8474,33.990567626208474,-91.47713186597133,test
8475,33.811096524320945,-93.43139119832125,train
8476,35.77753704141189,-89.97271231053685,test
8477,34.57252570465133,-91.79743129773314,test
8478,33.98108690062297,-91.0435636942389,test
8479,35.83746709344569,-94.05236111986773,test
8480,33.06725881594814,-91.45450286678215,train
8481,33.60987794955926,-92.78631958145445,test
8482,35.8943418678853,-92.38318701336291,test
8483,34.92728104681141,-91.22965469925826,test
8484,35.70777421102818,-90.66225211025403,test
8485,35.93361605166727,-92.8836547654749,test
8486,36.29687221005989,-90.2800128443939,test
8487,33.22198609756168,-93.53161818816729,train
8488,35.79732160154465,-91.82239578068479,test
8489,35.48068151876942,-93.86821056273635,test
8490,33.724589602367956,-93.1824286311999,train
8491,36.26095793219043,-90.16980499709562,test
8492,34.41470658107237,-94.56256282290748,test
8493,36.10663684609182,-90.06941239243213,test
8494,35.11789796632724,-92.98784189144811,train
8495,34.84361781289335,-91.1618967632109,test
8496,33.558333768635926,-94.16416007666218,train
8497,36.20014668500559,-91.4328808321869,test
8498,34.94831667576786,-90.09997743956701,test
8499,33.02132341923886,-91.86064643076209,train
8500,33.06399589374599,-92.82025615353113,train
8501,35.72171411756317,-90.67591922812193,test
8502,33.566777236824365,-91.0777546408732,test
8503,35.09558452469851,-94.03506797221797,test
8504,35.38378686676893,-91.31146336172313,test
8505,33.97777957531974,-91.31666044495816,test
8506,34.99259832943994,-90.88295179822231,test
8507,33.84090561096176,-93.04795488025293,train
8508,36.31210399578783,-92.62564843124525,test
8509,36.01059554722208,-89.84861085901701,test
8510,34.00814977024114,-91.76991910373438,test
8511,34.850850718326186,-92.09273026382223,test
8512,34.75221500003867,-89.71535702975558,test
8513,36.36008140282526,-93.4790985694766,test
8514,34.379100730643486,-92.64225355700768,test
8515,34.96779644117549,-90.84337869886893,test
8516,36.250473082106026,-91.07589011100836,test
8517,33.56983867911795,-89.81549780391288,test
8518,34.926699611474184,-91.36812730620868,test
8519,33.369855221266405,-93.06391798295404,train
8520,35.16124626136475,-92.64366972373827,test
8521,34.27989121185452,-94.17412676763657,test
8522,36.386726256128604,-90.02911031613927,test
8523,34.453932134019844,-93.98051992695143,test
8524,33.47665673139598,-91.90785249134007,test
8525,35.91899986324941,-92.62506623065119,test
8526,35.8730334199802,-93.9529086432273,test
8527,35.432008668399746,-93.16382849948477,test
8528,35.6208413065948,-91.4711619909565,test
8529,33.92650326191293,-94.464680089179,val
8530,35.24718725147974,-89.81903201924408,test
8531,33.13306954921888,-90.10179477868886,test
8532,33.68911550361512,-94.19953081175728,train
8533,36.26297806643581,-90.30428286468117,test
8534,35.5873235397893,-92.98700104381521,test
8535,33.807353893462405,-94.2845028908269,train
8536,33.389840813317505,-93.09861921356928,train
8537,36.32121805703976,-90.5998291537401,test
8538,33.392656831210466,-91.31081768272543,val
8539,33.89974516816537,-93.43435878466818,val
8540,33.6392189754981,-91.0456929114459,test
8541,33.02612337144119,-91.10212906088263,test
8542,34.099471709343156,-90.9279790233705,test
8543,36.40962605059567,-91.93293636171121,test
8544,34.19666157033275,-90.54984010896011,test
8545,34.76506707813721,-91.43242977675415,test
8546,35.61077524372624,-93.99676592757038,test
8547,34.928780357277255,-90.59302774085599,test
8548,35.60257027594307,-93.010872517929,test
8549,35.315725538666804,-91.11597745055946,test
8550,35.129970580496554,-91.26459542072374,test
8551,35.27377117524111,-92.95051477044755,test
8552,35.797075267273875,-93.81643221731126,test
8553,35.485669881803865,-91.16605830293643,test
8554,35.77121222246817,-90.40035393519534,test
8555,33.50959173399236,-90.45399035483537,test
8556,35.371858064486894,-91.50627093592416,test
8557,35.579576693139366,-93.48978586941813,test
8558,34.04988251373892,-93.04843646250434,train
8559,36.061020647451485,-90.8695004257313,test
8560,34.06649061155945,-92.57805596935657,test
8561,33.853412417817744,-90.97948783021315,test
8562,36.034838854181785,-93.08203353681218,test
8563,33.864569433407496,-94.58859831471244,val
8564,34.454258618511304,-91.62065437865807,test
8565,34.28772990512886,-91.63344571512616,test
8566,36.14321637895395,-91.50105322658342,test
8567,34.59332508400787,-93.28711739023065,test
8568,35.43008126653675,-90.5889773769514,test
8569,35.7791361662534,-92.19728981101309,test
8570,35.19766253261512,-90.83093209234532,test
8571,36.3029307441372,-91.58286548204997,test
8572,35.80877635239603,-92.55212805043247,test
8573,34.40072319686202,-91.24225457219616,test
8574,36.327841451401895,-91.76236254062009,test
8575,34.83601191644967,-92.0817656670125,test
8576,33.079020630307134,-91.39665418618105,train
8577,33.91004647878514,-94.19288328745637,val
8578,35.176053554630435,-90.09600238590352,test
8579,33.54885215813553,-92.95464223097068,test
8580,35.044238157126216,-93.50327597097247,test
8581,34.26559307807636,-90.7841721023494,test
8582,34.87034918020396,-93.47082722115019,test
8583,33.00656196755639,-89.67102497269073,test
8584,35.96947474134044,-92.5301520684297,test
8585,34.26673920721435,-93.14577668894418,test
8586,33.49055451997283,-94.31153658904842,train
8587,34.53270549951778,-94.41223323850181,test
8588,34.70162052721092,-94.14715141113237,test
8589,35.230909486736664,-94.59498684080381,test
8590,34.83596854123298,-92.99436280235248,test
8591,33.15233253723472,-93.077041631499,train
8592,36.05029312727218,-92.48244402517021,test
8593,34.59778126125436,-93.46237307149175,test
8594,33.26945720386553,-94.30817644501774,train
8595,35.70489882785215,-94.26632223607385,test
8596,35.310540465740736,-93.71473251473324,test
8597,35.27303220469228,-93.0465500514605,test
8598,34.49419900607447,-93.8844795104289,test
8599,34.43673971917346,-92.8053644166363,test
8600,34.8771852273557,-90.03656583778988,test
8601,33.17708044514686,-93.31983304263781,train
8602,34.046352174762724,-93.78305539444715,train
8603,36.457629607468306,-91.31606202257892,test
8604,35.31767371194827,-92.18032124133534,test
8605,34.46626957896063,-94.385147541428,train
8606,33.778270860291585,-90.70459756410305,test
8607,35.608232766650815,-91.06474542988674,test
8608,33.91101608397167,-89.76282714215051,test
8609,33.568295363462035,-89.95661610077539,test
8610,33.54080215082001,-91.71628598068254,test
8611,35.552421477076564,-91.21047417090436,test
8612,35.24983589001051,-92.58475108478548,test
8613,33.24432134779931,-90.20431808295065,test
8614,33.402649853767706,-91.87254013875925,test
8615,35.21846403573752,-93.00200990811483,test
8616,34.99890635655256,-94.57282728520939,test
8617,35.400996711301346,-91.70534466806431,test
8618,33.62313617927142,-92.00859356414098,test
8619,35.54305767176008,-90.58497042602038,test
8620,36.27633763565692,-93.69058700725603,test
8621,35.10367610087405,-90.56745569879872,test
8622,33.686455068749744,-94.54404045702985,train
8623,35.378403493494375,-91.70105251283233,test
8624,34.200785892411226,-92.64764356581294,test
8625,33.172507112350026,-92.97234300892832,train
8626,34.05818543373375,-92.4665190431814,test
8627,36.16954785682546,-93.50875031359061,test
8628,34.43898762061591,-93.70837450409313,test
8629,36.02632868310882,-90.6186187865128,test
8630,34.78030770232977,-93.48804124785369,test
8631,34.8094229613586,-90.95724918735307,test
8632,33.01825712372713,-91.08453809412012,test
8633,35.229864256511405,-94.4539999339362,test
8634,33.37734845760647,-90.2410700716679,test
8635,34.67561945138719,-90.6969050034359,test
8636,33.91110899480335,-90.66354577036579,test
8637,34.3733403804026,-90.59832047047144,test
8638,34.879770744833806,-91.72471045149693,test
8639,33.0506244011069,-89.68289709156782,test
8640,33.99604254145068,-93.72961386182705,train
8641,36.463641770021525,-94.26049042321988,test
8642,33.20089694037196,-91.12028766227428,test
8643,34.11787720855079,-93.15913193014345,train
8644,34.124975162376266,-91.59708087706764,test
8645,34.32785072326467,-92.67324298369395,test
8646,35.396733214548206,-92.96238493225002,test
8647,33.86710329539038,-90.18055433576349,test
8648,34.61094270447619,-93.9140440106987,test
8649,35.25702248398357,-93.68074129766357,test
8650,34.12812720415006,-91.3008309612357,test
8651,36.320704031761395,-90.73047296655731,test
8652,36.428854222299385,-90.48389397483494,test
8653,33.41885748690629,-93.47118590977901,train
8654,34.20336959540283,-90.23589631110141,test
8655,33.727902244322664,-91.59053323756997,test
8656,33.653763584449905,-90.5286044579972,test
8657,34.71842943418398,-94.27944595719,test
8658,34.97339487847208,-92.84623515015247,test
8659,34.4897821420916,-92.01142599708137,test
8660,33.95394205584076,-91.75252354806605,test
8661,33.97517550988774,-94.12761437625369,train
8662,36.472448547192556,-91.9428685243272,test
8663,36.23287080896588,-91.31253242752767,test
8664,33.26564594346275,-92.82287242374959,test
8665,35.29792728198644,-92.13132595592528,test
8666,34.59907162619695,-93.16594488442902,test
8667,35.41084934019707,-90.29361364879624,test
8668,35.089362469391936,-91.64194316475057,test
8669,36.11238340028846,-91.88016873620461,test
8670,33.23445910001089,-89.92654359338779,test
8671,34.22359269220197,-91.31529032740926,test
8672,36.449229440214545,-93.22927749554904,test
8673,33.637998721467156,-91.43048718646608,test
8674,33.445667038273264,-89.8407314204335,test
8675,35.55140202100201,-94.50291546804134,test
8676,35.72102306006112,-91.50584269515537,test
8677,35.35295741686131,-93.84053024439436,test
8678,35.71668540065974,-90.56219623000005,test
8679,35.4280255023261,-91.43579788768295,test
8680,33.47519738801212,-89.96316221994127,test
8681,35.128776641174774,-91.29219802537578,test
8682,35.71906838895836,-94.53442210100651,test
8683,36.02930812213564,-92.08354139332786,test
8684,33.86182334939298,-90.12876972382772,test
8685,33.44600766328489,-93.4654540692685,train
8686,35.733816552539025,-94.20800487122598,test
8687,33.89791920762483,-91.04215728996745,test
8688,33.11175317412311,-92.12253242231257,train
8689,35.88824747277256,-94.38345155086834,test
8690,34.77096896833801,-93.22882129477607,test
8691,34.14321596349948,-92.99605922121383,test
8692,33.04000186831042,-91.30072845440212,test
8693,33.12364605647782,-92.2761469030675,test
8694,35.77418144696103,-92.1986640769914,test
8695,34.71397059737703,-90.61117961301495,test
8696,33.52402717253761,-93.23626702044773,train
8697,34.254769695371564,-91.27731347437071,test
8698,33.57856801638133,-92.79324019500125,train
8699,33.39508543613135,-92.54070086369339,test
8700,33.967077372359505,-91.85716500654132,test
8701,34.92327991611839,-91.16263538013261,test
8702,33.73502312734279,-89.92237955333012,test
8703,34.20284878449669,-93.2830145220854,test
8704,34.672758093847605,-94.1043862583789,test
8705,34.47010408714103,-92.48890414431716,test
8706,33.450197296924514,-91.90282148587617,val
8707,33.13602972437561,-93.48682208792506,train
8708,33.12410554432129,-90.19423600339519,train
8709,34.225626563097535,-90.6497303310786,test
8710,35.51580727488063,-92.1664903501923,test
8711,33.459393545552444,-92.38318225281313,test
8712,35.75443040727549,-94.41751595417809,test
8713,35.50486008259843,-91.95165802810192,test
8714,33.01380221809964,-91.65913693574329,test
8715,33.09361755543646,-90.18859004618133,test
8716,33.682616254383184,-92.12954261323999,test
8717,33.196423188677045,-93.8378342092897,train
8718,34.85970086844607,-93.72511720091995,test
8719,33.13869541510446,-93.82545892993855,train
8720,35.80926043298389,-89.95548167594387,test
8721,34.72536724131034,-90.67685539091877,test
8722,35.54784028335367,-90.52091235218934,test
8723,35.627458928275445,-90.44304541151205,test
8724,34.77367378884581,-94.14469582632807,test
8725,36.238770066887135,-91.1301810247774,test
8726,36.465842708493575,-91.11944653876554,test
8727,34.25725140105091,-93.50263611158421,test
8728,33.44052449087232,-92.18139112191099,val
8729,34.27133362526753,-91.32771850593113,test
8730,33.78173863954994,-90.16023790854423,test
8731,34.85851983471613,-94.07118521067798,test
8732,34.324356604383404,-90.18580002458702,test
8733,34.68157295000377,-90.03559761602862,test
8734,35.671156516266,-90.02965912092449,test
8735,33.95907341089648,-94.59597058623727,train
8736,34.88116153623904,-93.52163609940855,test
8737,34.17306437265041,-91.1845111769539,test
8738,35.74736302442231,-93.02095328848827,test
8739,35.238378213426934,-94.31641604116616,test
8740,33.02976655678714,-90.82817785967013,test
8741,35.310179693868264,-94.47789680344852,test
8742,33.595567028233035,-92.40327400017725,val
8743,35.53565826571064,-89.91054682894523,test
8744,34.985685333959104,-92.4320428529705,test
8745,34.40518937203111,-90.08792019154805,test
8746,35.4292325022254,-92.58724889773178,test
8747,35.99807650054073,-92.89697003776327,test
8748,35.72560299851725,-94.08630747108286,test
8749,34.908827468001675,-92.84028818213483,test
8750,35.52943012090835,-92.94517714459163,test
8751,34.448700940374636,-90.41264060569439,test
8752,35.761591425470954,-90.04802158414655,test
8753,35.90168162067987,-94.51100747380596,test
8754,33.4805284290674,-94.13166563958141,train
8755,33.833109758578814,-91.4231545185618,test
8756,33.944960580722054,-92.21082784619024,test
8757,33.58128601643732,-93.14451318381593,train
8758,34.37387252414097,-93.32826191320986,test
8759,33.675616240073644,-93.50336729009247,train
8760,35.08438758824313,-92.00850917978707,test
8761,33.35565405014166,-94.53312471565881,train
8762,33.94471703559365,-90.94774464894928,test
8763,35.32932226081225,-93.12707160078307,test
8764,34.394907930966724,-92.49864768735922,val
8765,34.47511959648693,-92.00055057672498,test
8766,35.79273838535436,-93.56954277444359,test
8767,36.44579043651845,-90.2279978423042,test
8768,34.97773724138975,-91.22999652176402,test
8769,33.27673510012263,-90.29462717991376,test
8770,33.36016040978273,-92.25701049183675,val
8771,36.38975252710296,-92.47067152379265,test
8772,35.37732219461965,-93.44140143450957,test
8773,35.633641914168365,-91.91214340479894,test
8774,35.3651731518994,-91.67197704061002,test
8775,33.62866160593304,-92.53298081610207,test
8776,34.569267562886665,-93.8974486752462,test
8777,35.79328153166778,-93.26267082239086,test
8778,36.032270370297255,-94.5491699976987,test
8779,33.830674301612305,-93.03388032394497,train
8780,35.08586626791837,-91.7336278861777,test
8781,33.549856659584584,-89.87011584375009,test
8782,36.35396905592613,-93.73585292194454,test
8783,33.88271501147371,-94.34434128327842,train
8784,35.54322295011364,-93.14733289927884,test
8785,33.80889530479399,-93.84071544010204,train
8786,35.156188800074894,-91.16327058543655,test
8787,35.3074250745793,-94.59142665230247,test
8788,34.149498362091634,-89.74509055140379,test
8789,35.86591852899118,-90.36733662394612,test
8790,36.09879814386608,-92.18136715738537,test
8791,35.992744755888985,-90.04291716755968,test
8792,34.15779376812651,-91.49854511669334,test
8793,35.60519090654429,-89.68098856285484,test
8794,34.958217642042285,-93.23681817899495,train
8795,35.07419913572204,-89.66537647119097,test
8796,34.67098779840462,-93.72417095815331,test
8797,35.10091401789105,-92.86351071283397,test
8798,33.47478955312513,-89.97143932070973,test
8799,34.430965315911095,-92.77840484228902,test
8800,33.62185116695781,-93.57711320596277,train
8801,33.98036935839999,-94.32434908579806,val
8802,33.447350875727466,-93.87967769768113,train
8803,33.74373461827707,-92.85453950160371,test
8804,35.73675239525701,-92.52647669923053,test
8805,34.924427617621845,-91.92401786193142,test
8806,33.082750914792825,-90.57646766719992,test
8807,35.7598356933074,-94.55332819640263,test
8808,36.183139385753215,-90.43965282778404,test
8809,36.08150246523923,-91.75107076517516,test
8810,35.88055909005663,-90.86030405032604,test
8811,36.472757549803276,-90.85781327308361,test
8812,35.052406844382766,-90.13108268384279,test
8813,36.369056699802165,-94.15590036209329,test
8814,36.320954813754994,-91.77956901686868,test
8815,34.096335556762035,-90.10212324387774,test
8816,36.02201814619555,-91.04554461923006,test
8817,35.773654329455724,-94.13997298986222,test
8818,35.7152957209038,-91.56859737492762,test
8819,36.136982699521724,-90.64459188127131,test
8820,34.344665034721075,-93.25393692206069,test
8821,34.40019238060584,-91.47650862196694,test
8822,35.240183082212724,-90.44315125967111,test
8823,35.582315882350194,-92.01638122913647,test
8824,36.07907985930165,-93.65488961179824,test
8825,36.06545862230749,-91.88807985307979,test
8826,35.52468868535191,-91.69762045221991,test
8827,36.34912472237533,-92.61782172199673,test
8828,33.62520016631185,-91.24230537609785,test
8829,36.3261894651303,-92.46633551339869,test
8830,33.224670187117674,-90.25929671435728,test
8831,34.94467658417172,-90.68562142646446,test
8832,33.31568934952843,-90.62028382672973,test
8833,34.988003413193475,-92.00539877479177,test
8834,34.36538399359502,-93.64415133166437,test
8835,33.28563301025835,-91.0196235590316,test
8836,35.26840881758466,-94.27746088265023,test
8837,35.55919299867995,-92.04765256731966,test
8838,33.60964894766993,-94.35669396503687,train
8839,35.43052851758069,-91.99375912383566,test
8840,33.62666642201707,-91.21096681942934,test
8841,33.480887572603464,-92.53658471529609,val
8842,33.51577143283661,-92.54799126222503,val
8843,35.096774641340176,-94.00971456413743,test
8844,35.72576782844311,-93.11980746166716,test
8845,35.08912795515835,-92.41195960869253,test
8846,35.83273008556386,-90.32809617100779,test
8847,35.07017069374629,-90.1570398853748,test
8848,35.7906243657197,-89.8807068930223,test
8849,36.41782875396655,-94.12168942528041,test
8850,34.36835932788878,-93.14783226799364,test
8851,33.52479761924413,-92.31932279379586,test
8852,33.473888840967355,-91.43053319278144,test
8853,35.091171588298096,-91.12709150669052,test
8854,34.9148607304937,-90.71349904556399,test
8855,33.64482382489711,-92.15550716400104,test
8856,36.08736736933686,-91.85377619486434,test
8857,36.34861928958966,-89.84596367541383,test
8858,33.88625475086155,-93.42705944944521,train
8859,33.72409025815374,-90.62531407786565,test
8860,33.74872648307642,-91.08226436924346,test
8861,34.35597535391976,-93.92375351146131,test
8862,35.98629511354631,-90.01533628719102,test
8863,35.08586213479391,-90.36887990405155,test
8864,33.236437011064346,-90.74586187510327,test
8865,34.65542679810223,-93.98993528874482,test
8866,33.316160890598326,-93.92583746046854,train
8867,34.42174939902954,-91.2245036627531,test
8868,34.41232049806161,-94.08686802455989,test
8869,35.26923432998376,-94.05682143866295,test
8870,34.923088884370856,-92.63061104923808,test
8871,36.0616417381868,-94.59327189278517,test
8872,33.056963139329156,-91.03422748800452,test
8873,35.70899587733127,-91.93517124392112,test
8874,33.07930419334544,-94.23147447840319,train
8875,34.065014399667284,-91.91839374014216,test
8876,36.078820983628475,-94.35118327180167,test
8877,35.416449600869925,-94.26864035318879,test
8878,33.601988374281504,-92.20723303494728,val
8879,34.7177459043918,-92.13587844493725,test
8880,35.52666463342295,-92.93519597872078,test
8881,36.280701624688355,-91.5297958521902,test
8882,35.220124197263715,-92.6948287388057,test
8883,33.08636394001525,-91.70280592230546,test
8884,34.74895650893699,-92.88156886112382,test
8885,33.5353657370979,-91.0666141856449,test
8886,33.16722842666223,-91.74094799622596,test
8887,35.094787221385545,-93.82458357219413,test
8888,35.71922665878648,-91.20924378976673,test
8889,33.12621194423742,-90.72383846500871,test
8890,35.74256244837932,-94.29260588225827,test
8891,35.47235757934028,-91.58849584135598,test
8892,35.63195410858926,-90.69156460961503,test
8893,33.85654930450495,-94.05017509804034,val
8894,34.377584094227004,-90.1387874739169,test
8895,33.419127895225266,-92.5584500323238,test
8896,33.836118325820635,-90.95293608913937,train
8897,34.059763850171,-90.15172226125854,test
8898,34.11802823837875,-89.7015033601747,test
8899,33.61263960833884,-91.7178924317645,test
8900,33.660491293249,-91.11975857533933,test
8901,36.15514639927256,-93.36905261963643,test
8902,35.743627651854624,-93.17846953023863,test
8903,34.20567196222003,-90.39167594829411,test
8904,36.31675238818336,-92.64072779884788,test
8905,33.836229494773136,-90.53250324649265,test
8906,34.423871587075176,-94.36853383174389,test
8907,35.847338590020996,-93.53528049368923,test
8908,34.55010229571269,-93.77463237781835,test
8909,33.82118863017851,-92.00047467557879,test
8910,34.28987413667521,-94.21976317864356,test
8911,34.75252375331139,-92.91096392601611,test
8912,35.172255342811184,-89.71836180404254,test
8913,34.41962274853533,-90.67274083059915,test
8914,34.50956515891991,-90.8398606777878,test
8915,33.92380264480499,-93.94847994378051,train
8916,34.87371554446094,-92.8081412402874,test
8917,33.76809681819341,-91.23747778270236,test
8918,36.03634176337827,-94.51252257090033,test
8919,35.615784745932054,-92.46313683984866,test
8920,34.43597645944964,-90.00490874756282,test
8921,35.61529746461497,-94.21077115970895,test
8922,33.024485796332804,-90.11589108663118,test
8923,34.20571227924839,-93.65322752613045,test
8924,34.54105401851376,-93.68013709997967,test
8925,34.64429477640994,-93.6486832849452,test
8926,35.620560171986185,-89.99165727095304,test
8927,36.369825996466,-91.6193873778635,test
8928,34.32998995654981,-90.88857894187454,test
8929,34.227099473347565,-92.79895419775919,test
8930,35.136803293031384,-90.27994284821364,test
8931,33.98438764967052,-91.72777243450277,train
8932,33.49472616835316,-91.6388203819635,test
8933,36.365393046722694,-90.88096437117166,test
8934,35.833354848831576,-90.77499616200437,test
8935,36.35474843558445,-91.23113804921614,test
8936,33.76241507539371,-94.0290176300285,train
8937,33.062332252393844,-90.31236883411587,test
8938,34.53041551508337,-93.32333139305625,test
8939,36.26763137047053,-89.66891503303569,test
8940,33.48413868605115,-92.7040255791101,val
8941,33.4101493299211,-94.02361343093334,train
8942,33.241334744860445,-93.0490500821317,train
8943,35.67756299626191,-91.76953480930455,test
8944,35.75074286841738,-92.67451219613397,test
8945,35.43381619482212,-90.50145200582298,test
8946,33.18652145792818,-91.22943471176023,test
8947,35.531509175353214,-93.55915068894771,test
8948,34.57020082961591,-91.94189907433243,test
8949,33.55263047677812,-90.70596595901478,test
8950,34.03294103669611,-90.19056825478376,test
8951,34.754013939765365,-92.65712665550704,test
8952,34.15378015294388,-90.02541034084736,test
8953,36.39412229359557,-94.44123178569123,test
8954,34.6615960959752,-91.25684472516656,test
8955,34.302526785882506,-90.73353581813431,test
8956,35.356079001388125,-92.50704733820899,test
8957,35.2769076989957,-94.56545685468343,test
8958,33.008537481418436,-91.2054352534607,test
8959,35.1646579440526,-92.9174557145862,test
8960,33.85319141169162,-93.8654896151782,train
8961,34.313317745557725,-93.83916938071643,test
8962,35.472221117571955,-90.79725464251834,test
8963,34.95085177353744,-93.68867456166417,test
8964,34.29029300454284,-92.21403145823344,val
8965,33.58593623142993,-89.7971648825069,test
8966,34.76918765536713,-90.84867107159435,test
8967,34.11778108227521,-91.90044756588777,test
8968,36.19524732942826,-91.99447149745774,test
8969,34.870213241011676,-93.78838261551331,test
8970,36.03087397959644,-92.4012748321741,test
8971,34.36563359969229,-93.89984872008552,test
8972,35.89603007325786,-94.20459688730172,test
8973,33.19787915760227,-94.07758793728262,train
8974,34.043416589488054,-91.60514255144066,train
8975,33.273615765656444,-93.65804167567357,train
8976,33.11077563250206,-93.87775279049431,train
8977,36.21601785863091,-90.31035911837797,test
8978,35.50904060539888,-94.01359557272477,test
8979,35.18788522563965,-91.11299348387327,test
8980,34.863724832941415,-92.54750869712744,test
8981,34.99343912675894,-91.74197370330816,test
8982,35.23541633485259,-94.50392358994988,test
8983,35.89302928159036,-94.6199043796026,test
8984,35.08910994528435,-90.55827473622595,test
8985,35.62003267088809,-92.25705744220647,test
8986,33.98342318140407,-94.26560452584752,val
8987,36.41866608235765,-92.91302316714298,test
8988,33.1116402295296,-92.1034184518336,test
8989,34.3530180834706,-93.94659742007042,test
8990,36.087173430262965,-91.90470038960564,test
8991,33.63183036940167,-91.9921089224088,val
8992,33.4946833252678,-91.62390922326921,test
8993,34.2790076841497,-90.59299882788048,test
8994,34.4986814518089,-92.5684892974673,test
8995,36.26687921231605,-90.20385665855345,test
8996,35.92641837148087,-92.26087144803762,test
8997,34.6243137319168,-92.34796964785487,test
8998,36.40541285308561,-91.36124207893222,test
8999,35.24797441455672,-91.55091955983583,test
9000,36.05780556193662,-94.56316835436814,test
9001,33.86119943170389,-89.73731996658576,test
9002,34.711374260049936,-89.934812876862,test
9003,33.104010246747514,-93.22200886579212,train
9004,33.03108067643257,-91.84384079937622,train
9005,35.46908627328813,-90.79068868725945,test
9006,33.4140276786296,-90.04527491423315,test
9007,34.917328829887865,-91.70804399858125,test
9008,35.43602618773507,-94.52586753929724,test
9009,33.112821051803735,-91.2370306007399,test
9010,34.57059489700989,-94.15740199757178,test
9011,35.39453177945044,-91.28424646551814,test
9012,36.11405845749198,-91.70048481790775,test
9013,34.047305352105795,-91.4358719492634,test
9014,36.40975785389516,-93.67938923604257,test
9015,35.95589524880894,-92.16675898182459,test
9016,35.27722275228649,-91.54875473150037,test
9017,34.371739275361456,-93.12754423027161,test
9018,35.48888631669824,-93.71733239072522,test
9019,35.85667644174624,-93.5132767277351,test
9020,34.061549562102954,-90.35565715452441,test
9021,36.4749052271746,-92.31121870413385,test
9022,36.180167794141234,-91.33446531642653,test
9023,34.69925504120023,-92.0610023451795,test
9024,35.52990470521388,-90.47438755818581,test
9025,34.83403113116574,-92.09278051027799,test
9026,35.66325693268959,-94.1561731947795,test
9027,35.894437713572934,-93.63601607314024,test
9028,33.08127894304965,-94.55407088659506,train
9029,33.27696210395227,-90.48732431319316,test
9030,34.17763595556855,-91.32353401846082,test
9031,36.21164771421322,-90.84676646693532,test
9032,34.39395754100186,-91.06634943355964,test
9033,36.10629275320674,-90.52233594697861,test
9034,34.61851869421113,-89.71476156950726,test
9035,34.01098522109051,-91.37224749034446,test
9036,36.152258140718736,-93.36623995328662,test
9037,34.96234769121537,-94.11609149021707,test
9038,34.26169503260515,-91.68895279587858,test
9039,33.15542451269736,-90.78933740543437,test
9040,33.388265963568784,-91.82898858041965,test
9041,33.48758614674536,-93.11133280276691,train
9042,34.27692701643712,-91.0429178059085,test
9043,35.125665345105205,-92.39357669453378,test
9044,34.07656540047675,-93.19565216657715,val
9045,33.2293467181768,-90.43981009451868,test
9046,33.92683058061067,-91.75470165784252,test
9047,34.43038577814863,-93.21126345050514,test
9048,36.47294475035315,-92.98683645843498,test
9049,34.37545416662829,-91.77882437653774,test
9050,33.31218396561606,-92.51806973786,test
9051,35.033901850658765,-93.82221998287203,test
9052,36.218740254192014,-91.58596443601137,test
9053,35.75343494601613,-91.19512297172035,test
9054,35.92676408215533,-94.61945928247134,test
9055,36.248811286358155,-91.95175949901589,test
9056,35.22790226184938,-91.75150744498364,test
9057,36.48222955728725,-92.96964165048203,test
9058,33.116485494578775,-92.93650564258049,test
9059,35.921938866502465,-93.04123535482329,test
9060,35.999537343327916,-92.40671950040992,test
9061,36.208451367666875,-90.58465880206928,test
9062,34.67359310172547,-92.28894044654815,test
9063,35.7571457326721,-89.68156592779513,test
9064,33.68278139692413,-92.75049138640884,test
9065,35.11095578812375,-91.1446665868485,test
9066,34.25525803327211,-91.89164061318792,test
9067,35.086607777316914,-90.8314255530209,test
9068,35.36446177505405,-90.20482809202149,test
9069,34.21474033361162,-92.07693403319203,test
9070,33.756834047560055,-92.16243833038213,test
9071,34.125907681007675,-89.9346864214292,test
9072,35.32385035787605,-89.97971192402883,test
9073,35.36905981785484,-89.66492625392166,test
9074,35.59460927608435,-93.84231470101966,test
9075,33.44287813000447,-94.60226344353268,train
9076,35.86481086589062,-92.44656779869668,test
9077,35.408517305393346,-90.97529938810057,test
9078,33.106767768417235,-94.25790562965987,train
9079,34.17459247302268,-92.76319988809827,test
9080,34.63348939567267,-91.73014640036563,test
9081,34.26216121635385,-93.56363929749571,test
9082,33.41095910872944,-90.98622427104218,test
9083,33.725711995767526,-93.47919785477052,train
9084,33.085964882185465,-90.44186008438733,test
9085,33.32577006473397,-92.88908151174056,train
9086,33.932050412035906,-91.64471721643636,test
9087,35.869895929725054,-91.91555458471298,test
9088,34.8432312847802,-93.14665981910632,test
9089,34.48574261741887,-92.4378140296675,test
9090,35.31757030385492,-90.41551373329581,test
9091,34.895286961137515,-91.89472890043929,val
9092,33.46029874364469,-94.34373280468813,train
9093,33.779181773384664,-91.07622951412102,test
9094,33.778828263467126,-93.71321108595292,train
9095,35.099833794143194,-92.20426806537097,test
9096,34.615685281662714,-92.29136176288566,test
9097,34.356547718962986,-92.20215996510512,test
9098,34.94823710508626,-94.46586038855982,test
9099,36.39540525023895,-93.26622905956893,test
9100,34.09967709619557,-94.3678447005871,train
9101,34.82068401771731,-92.55766518797418,test
9102,34.68129505475441,-91.53195646538751,val
9103,35.508250611110455,-91.36925159522487,test
9104,35.55601593794021,-94.29919642181217,test
9105,35.55174752494564,-94.02912114832426,test
9106,33.70531852978561,-91.33231131004554,test
9107,34.571825977264155,-91.97999738171961,test
9108,35.83911141860198,-90.47794231910399,test
9109,34.335355596892256,-93.60044342894473,test
9110,36.44489291051475,-94.02189883074539,test
9111,34.2767535962727,-92.82073999369739,test
9112,34.741833895696885,-91.45377633908345,test
9113,34.660839581808915,-92.2047428104639,test
9114,34.51782330864235,-94.12999146749344,test
9115,35.959709789118676,-94.26567831803568,test
9116,33.543463331418046,-91.25186267302048,test
9117,34.98682647244894,-93.14406798925889,test
9118,35.165105520743985,-91.29267211904454,test
9119,35.979274578242794,-93.15427303110903,test
9120,35.13220055974138,-93.0554727671376,test
9121,36.36007121725723,-93.57722078487566,test
9122,36.05258699291325,-89.73092670123037,test
9123,34.22058981923456,-94.54013065823501,test
9124,36.00967255851792,-93.98755540370767,test
9125,36.354672349327096,-90.46363780071958,test
9126,33.90019013323605,-93.93333618171921,val
9127,35.13573082332543,-93.22493644705287,test
9128,33.986313693197474,-93.31395870766003,train
9129,35.27348547678776,-91.15598165617834,test
9130,33.32774981591458,-92.57633014514208,test
9131,35.5696580765417,-90.44227852152399,test
9132,34.4693694000837,-90.9052868371768,test
9133,35.055575125367525,-91.98042638389715,test
9134,33.090518408832246,-93.3821629751732,train
9135,35.43404509323615,-90.68167851660593,test
9136,34.735969739473354,-90.3160269461503,test
9137,35.18837852690745,-90.46367591979023,test
9138,34.10483790331661,-94.36298257497084,train
9139,33.51037060697495,-91.15114534620847,test
9140,34.5240012969865,-91.12142497767809,test
9141,36.30392692450227,-89.93291456671604,test
9142,33.79727909328832,-93.31051251735671,train
9143,35.36543654212338,-90.71185625733568,test
9144,33.17445240412089,-91.1951903941933,test
9145,35.51334924843425,-90.25272695319134,test
9146,33.834530153805225,-91.17425908933882,test
9147,34.580309710802666,-90.38330095243478,test
9148,34.28713585208171,-92.83291052522614,test
9149,33.39494120161074,-93.83660662896146,train
9150,34.20953683379121,-92.81414038780976,val
9151,34.22543735402615,-90.56919310643914,test
9152,34.82736973660413,-93.96569961093725,test
9153,36.40323036528996,-91.44941245890347,test
9154,34.64506132878721,-89.71184640573239,test
9155,36.20049154471422,-90.17177606729615,test
9156,34.61545180496894,-91.28421885820512,test
9157,33.37640155306229,-90.68062727566404,test
9158,33.80553513346579,-94.04111202329386,train
9159,34.4263118662016,-92.14079620030756,test
9160,34.13879070539565,-91.97639525633323,test
9161,36.03040250636372,-90.73000207465917,test
9162,35.37525960768793,-93.21551107181352,test
9163,35.024079581715355,-94.09076812638462,test
9164,34.71930342932842,-91.15037420234178,test
9165,34.39044716401173,-92.1718071760305,test
9166,35.14267353941204,-90.43379852319798,test
9167,33.43612507905533,-92.22699622311274,test
9168,33.56886615875917,-90.41403422743402,test
9169,34.06090723688845,-92.09606004096246,test
9170,33.59914615761376,-90.72998840618013,test
9171,35.36984551658686,-91.03789646076876,test
9172,33.08668912492186,-93.29756977431076,train
9173,33.560621220833625,-93.08229032431741,train
9174,36.159128383245815,-90.15099825307944,test
9175,36.4914010187773,-93.47189457567889,test
9176,34.706566672398324,-91.15342223538313,test
9177,34.733795255576155,-93.8987529439734,test
9178,35.706895667831034,-90.86686289489127,test
9179,33.126663521672015,-93.51024944759075,train
9180,34.49457518665342,-91.66749509742597,test
9181,33.34939758635236,-91.81570986594693,val
9182,34.4032423392977,-93.60853416242342,test
9183,36.44337644395106,-92.17772549400533,test
9184,35.63771648281176,-90.25013731354869,test
9185,36.447660564898264,-91.23776913968443,test
9186,35.61117018984711,-89.68650763647715,test
9187,35.12838525132306,-90.7207653228489,test
9188,35.63977291524535,-91.42202649151407,test
9189,35.30682085539845,-91.82088574114758,test
9190,34.62423110465668,-89.96097962923723,test
9191,34.02391216901823,-92.00074321635793,test
9192,34.820623207670245,-92.61871632993999,test
9193,33.90472715865501,-90.47256691053556,test
9194,34.703367212547505,-89.94698523796586,test
9195,33.5114739207238,-92.23978304725615,val
9196,34.978882846395145,-93.93792453764537,test
9197,33.85849291784237,-91.59638709348553,test
9198,34.02762836379549,-90.93781515821256,test
9199,34.74659849623836,-92.76302866657831,test
9200,33.56884188557553,-90.90304207790378,test
9201,36.368329592725715,-91.98067482706782,test
9202,34.564305103875064,-93.12226003186332,test
9203,34.23297730369363,-91.49127949463916,test
9204,33.102188117824035,-92.68693059938357,test
9205,35.951390270892816,-90.70947724534241,test
9206,35.19041870357235,-94.60469226125322,test
9207,34.45741804194454,-90.55365476371205,test
9208,33.85936479768466,-93.09632087067213,train
9209,35.60798096536385,-89.8506559795045,test
9210,36.30916101509584,-90.84695060790692,test
9211,34.33283396978207,-93.42202978471403,train
9212,33.47206623932731,-89.75536818110454,test
9213,33.382181615454584,-92.1370844577763,test
9214,33.0222669031686,-92.02106872759495,train
9215,35.60384404270103,-90.09969487355349,test
9216,36.434883850655844,-90.05553675461553,test
9217,36.47486213463749,-91.15649395404334,test
9218,35.74469039020024,-89.75710529137561,test
9219,33.56764322403615,-92.98551456135054,train
9220,36.42198309569593,-93.4652871755224,test
9221,34.14734705050683,-94.4745940944074,test
9222,34.167668633223904,-92.8986656557654,test
9223,35.40567933512354,-91.62491228373895,test
9224,33.17167215476058,-93.10226612191435,train
9225,35.890194054676456,-91.7392873220535,test
9226,36.490540467707106,-94.37952281174559,test
9227,35.71274422331471,-92.86016740870824,test
9228,35.735867719225666,-90.90241561479095,test
9229,34.36609784698293,-94.1014955048509,test
9230,33.2307248615548,-91.06725784539209,test
9231,35.77433601982048,-90.82634376834285,test
9232,35.0900533041668,-91.79325529968914,test
9233,36.182685411927295,-90.21614486123728,test
9234,33.405870150583915,-89.87581934423852,test
9235,34.06793072082938,-94.44765290972006,train
9236,34.262296538031855,-91.24495737036942,test
9237,35.391478979906424,-93.44124272270656,test
9238,35.757108070861044,-92.59132895424601,test
9239,36.36357143004547,-91.5229232159268,test
9240,34.03392505413454,-91.08000681648238,test
9241,34.72772742997486,-90.44425107918586,test
9242,33.10136325528455,-91.11422701613054,test
9243,33.88545757338111,-90.75632700049935,test
9244,34.30901227841874,-91.64261613918373,test
9245,35.07832172283907,-94.03821635390354,test
9246,34.647959227597106,-94.51349133502009,test
9247,34.27566270921949,-91.98697824686,test
9248,35.184272882852696,-91.06376099167956,test
9249,35.9001548699095,-94.07893802544646,test
9250,33.84588396544676,-92.4863991390582,test
9251,34.20006557741144,-93.34679833812444,test
9252,35.46723277390457,-91.80154754081957,test
9253,35.72279209565485,-92.67920132045359,test
9254,35.88888905107127,-93.6187065228423,test
9255,33.7326592661396,-94.59816821271497,train
9256,34.88743436435546,-93.02202027595678,test
9257,36.1500388448385,-92.05467413096903,test
9258,34.37182659282022,-90.00183085747281,test
9259,34.504590815775444,-93.48944420601495,test
9260,36.4468803036524,-92.07409232216075,test
9261,33.39568426111377,-91.80451222366248,val
9262,35.46960696311572,-91.39333854541084,test
9263,35.97564444464312,-92.98702523615398,test
9264,33.52777730821906,-94.12557535713482,train
9265,35.50058632602533,-90.04085948629427,test
9266,34.64408377703655,-89.88480551859764,test
9267,35.98511809636125,-92.4419912429128,test
9268,36.176083108925674,-91.73454243926828,test
9269,36.05369716104101,-94.4757388254018,test
9270,33.22534798152655,-94.38533826365759,train
9271,35.64899346885241,-94.23896294334189,test
9272,36.2253465124504,-90.94843081520087,test
9273,35.17471954234826,-93.49064457928594,test
9274,35.103066211674715,-93.70329730181734,test
9275,33.157518855893386,-94.57857339619879,train
9276,35.996115577720786,-94.50619920496027,test
9277,33.16241246290207,-92.60524275089509,test
9278,34.09728362234636,-91.92786068453437,test
9279,36.24052072850525,-91.74207586661345,test
9280,36.32410799955329,-92.34418142953086,test
9281,36.47165189166573,-92.3359804774501,test
9282,34.6674079996451,-90.87688333922661,test
9283,33.621003412333536,-93.18083643103742,train
9284,34.70780570390179,-93.43854244449558,test
9285,33.35809523779067,-90.3740087854818,test
9286,36.05387638139489,-91.19435887565106,test
9287,34.96188031643277,-92.24997374805814,test
9288,34.41577064708364,-93.25123801709599,test
9289,33.27835745868281,-93.94118835669427,train
9290,34.418342368858205,-94.43401665215262,test
9291,36.03167062936538,-90.38374417078353,test
9292,35.46192076367024,-91.67087405805596,test
9293,33.288594311288385,-94.39222742022797,train
9294,33.559675199041614,-93.83182063246308,train
9295,34.373079717476266,-93.23056558727848,test
9296,33.35481278940072,-93.31253420906235,train
9297,36.26914417197645,-91.8944967835703,test
9298,35.28302215620806,-92.63476519276128,test
9299,33.331880504563806,-90.23538347681803,test
9300,35.75820111833161,-91.04452881797913,test
9301,34.2894207500018,-90.0936591305289,test
9302,33.85704725593627,-90.33179143295753,test
9303,34.99494729678892,-90.04079540653753,test
9304,33.04680246592189,-89.74934309206485,test
9305,34.62889181036489,-93.07086870284448,test
9306,35.953317475833096,-93.57788739884731,test
9307,36.24820158594949,-93.79919275978776,test
9308,34.19894146545754,-91.49840032887155,val
9309,35.248528058577655,-91.23559551006329,test
9310,33.79388203429092,-94.18344765377309,train
9311,34.960745748446485,-90.53927416423882,test
9312,33.88909704153616,-90.7281593387278,test
9313,34.99974778019609,-91.49648455196723,test
9314,33.60102741052631,-92.45500597703592,val
9315,36.294313948662605,-93.8563232767713,test
9316,36.10421116742552,-92.10720641346853,test
9317,34.17921387307094,-93.82892860115882,test
9318,35.7183201112373,-91.61325543810801,test
9319,33.33426445756268,-93.07947529029435,train
9320,35.591263180468985,-93.39088787635013,test
9321,33.988606953644464,-92.4279746416238,test
9322,33.474746190365515,-91.73385738271445,val
9323,35.373669262662645,-92.79370359411026,test
9324,34.64432386236786,-89.83089109634271,test
9325,34.855488606056554,-94.59068874945261,test
9326,34.82185424448272,-90.08308073831505,test
9327,33.20806793737107,-94.6166002740713,train
9328,33.17983087182437,-93.54294166484279,train
9329,35.10408626381834,-89.66813441247282,test
9330,35.18352624824396,-91.00136598270296,test
9331,33.1651109478029,-91.41684309258139,train
9332,34.324537661607366,-91.01131838214869,test
9333,35.144979478461494,-92.59076795051371,test
9334,35.29838229513577,-90.72247763530834,test
9335,35.89896515746793,-93.85030587639615,test
9336,34.47256299258908,-90.67435483464388,test
9337,34.91890223401439,-89.95055240084187,test
9338,35.02496131463086,-90.35729635298242,test
9339,34.09215849155112,-90.94388506208215,test
9340,33.18838890854564,-91.38265475358646,test
9341,33.01479074171787,-92.03017193835151,test
9342,35.926438956414835,-92.65574030070515,test
9343,33.700811378828355,-90.31770165342661,test
9344,35.20589132455697,-91.40213088399906,test
9345,35.01966617525372,-92.45854543984396,test
9346,34.39871576859181,-90.71958516097165,test
9347,35.917226580452216,-94.35110434242941,test
9348,35.44440558492683,-90.57879732286317,test
9349,33.079595122037105,-90.59081020146004,test
9350,35.718429256748394,-93.48420881578808,test
9351,34.774495863006166,-94.43277219813788,test
9352,34.214567511789966,-91.07287146101692,test
9353,35.54409629779087,-93.62663800670431,test
9354,35.40122970376194,-89.66977170011631,test
9355,34.087058832541324,-94.57436324714396,test
9356,36.44063605024259,-93.47793385319252,test
9357,35.270479703491134,-94.4109498855557,test
9358,35.120228993588626,-90.73020099481242,test
9359,33.2445812721862,-91.74388340389575,test
9360,33.97761573120658,-90.4032803633068,test
9361,34.56440900814255,-89.83581154775555,test
9362,35.20718996508387,-91.58772914393424,test
9363,34.79467270755632,-93.46818508701848,test
9364,35.67061526714987,-94.15953227923588,test
9365,33.91898699363766,-90.3146826064519,test
9366,35.4575494834887,-93.40178712255758,test
9367,35.85808966411907,-90.17921442325056,test
9368,35.67767491454033,-90.25491062991706,test
9369,35.69796304605812,-91.4997882150168,test
9370,36.10977470041758,-91.61814077174147,test
9371,33.29462489868171,-89.89439245142137,train
9372,35.44017049980936,-90.8626049441288,test
9373,36.39037370390761,-91.22408959723255,test
9374,35.00777727456089,-92.45436846246817,test
9375,33.760607091945374,-92.2145277246877,test
9376,36.49563832020974,-92.68706214129162,test
9377,33.61137052487518,-89.91678452881115,test
9378,34.174451940812006,-91.44854751042945,test
9379,33.60221765946009,-90.74159296901283,test
9380,34.62579504062524,-94.43511731663973,test
9381,34.466066033638356,-90.38344127835505,test
9382,34.71934313778701,-92.54433766170044,test
9383,36.247941900194,-90.95631293716367,test
9384,34.67413535041979,-94.42107418534074,test
9385,34.801192141747755,-90.17745027906876,test
9386,36.103387370714636,-91.34056741969201,test
9387,35.86215297905191,-92.3462210693695,test
9388,33.839027109289056,-93.11131624791973,val
9389,33.045240843300974,-93.07421001202988,train
9390,35.20324857270718,-93.1121113213523,test
9391,35.95697438343132,-93.9688015118566,test
9392,34.9349753941364,-92.3148665959955,test
9393,33.739119220044955,-92.36617281995369,test
9394,35.594742817363574,-92.57267480332837,test
9395,35.343387489139445,-91.12562163970145,test
9396,34.97761388092994,-92.53352013248826,test
9397,36.021676609073445,-94.1776515273369,test
9398,35.74484823528662,-90.38526367710098,test
9399,35.33783231997973,-92.5072487002181,test
9400,35.326655341581265,-91.36323029819893,test
9401,35.31770922004396,-89.99841511718928,test
9402,34.838076607207974,-90.80594693875696,test
9403,34.623725756253464,-91.94216961024433,test
9404,35.48360160824552,-91.91123938183632,test
9405,35.13673068514581,-90.39783074565571,test
9406,34.7149319680519,-90.52654750333869,test
9407,33.44331473868865,-93.7320959213267,train
9408,35.45675076028608,-91.50628962485338,test
9409,35.26099499702288,-90.3173931775775,test
9410,34.197869490907266,-90.62756208776496,test
9411,34.24713108175277,-94.00016139892792,test
9412,33.86352834447338,-92.45460667298673,test
9413,36.36670339727757,-92.04438147009127,test
9414,36.010704770040526,-93.3386865138724,test
9415,34.96367160294276,-91.24288805381444,test
9416,34.4057860129548,-92.2531543319702,test
9417,35.57888842293748,-93.14138171799476,test
9418,34.84704861644099,-92.94578330759846,test
9419,36.4154786187029,-90.36235827561697,test
9420,33.19292914872754,-90.31498696674326,test
9421,33.120000069187164,-90.58249298265821,test
9422,34.99013856290681,-90.07807195872081,test
9423,33.71147727941117,-89.88703665185315,test
9424,35.11506457242567,-92.17561528342385,test
9425,35.73498059991512,-94.13938299692217,test
9426,33.483384164147054,-90.64364709367035,test
9427,34.54212878466335,-91.47184331581906,test
9428,35.410334792072746,-92.72882956455888,test
9429,35.9185224973554,-89.77160023145929,test
9430,34.73720431512725,-92.93673454256293,val
9431,33.72153755417108,-90.10905912602948,test
9432,35.050297394549716,-91.67485529314855,val
9433,34.5908097405375,-94.43788933914286,test
9434,35.7017389945157,-90.34413451284166,test
9435,34.94451622471032,-90.83180648298116,test
9436,33.97797995739651,-91.42683689474293,test
9437,35.64037521902416,-91.56550191381746,test
9438,34.81211454536686,-93.53238760150016,test
9439,33.621412932974145,-93.55400393787926,train
9440,34.97075313099698,-94.47501303086794,test
9441,36.31912020946056,-93.85393680862316,test
9442,35.469306913282075,-92.94768811644639,test
9443,34.045811765102926,-91.93259726518112,test
9444,35.488056113525005,-93.96988146923633,test
9445,33.98912208850763,-91.84886626404136,test
9446,34.899410931394414,-93.31129899757738,test
9447,34.84308517325643,-93.35781320903646,test
9448,33.86586807619131,-89.9087172891903,test
9449,34.21758419957936,-89.68804761712282,test
9450,36.29763509175116,-90.5871501748934,test
9451,33.87709487745402,-94.34967185575499,val
9452,35.80359465270845,-90.99870039859768,test
9453,35.33579703004249,-93.73322411296236,test
9454,34.86420196384017,-91.79097007080718,test
9455,33.481302043128075,-90.17824326283083,test
9456,33.71599763447232,-92.7304277102316,test
9457,33.626421682566416,-90.00365682521586,test
9458,35.05377990640813,-91.09939007982362,test
9459,36.406841188514676,-93.12397128761239,test
9460,36.07033741971248,-94.14826152156918,test
9461,33.08838159025352,-90.56770411470127,test
9462,33.958043185618216,-92.34344473978982,test
9463,33.55040110627958,-94.25871336384496,train
9464,36.414872446642654,-94.1074818850388,test
9465,33.82463582109235,-89.81420193197947,test
9466,33.704596147635776,-93.41228028615704,train
9467,35.173063527537906,-89.81604184604883,test
9468,34.946653042511755,-91.23463688890142,test
9469,33.79048019323432,-93.12655922391151,train
9470,35.34627702588035,-92.71287246500991,test
9471,33.33952523953141,-90.75811893278323,test
9472,33.06779173110812,-92.45598755474079,test
9473,33.28845176747221,-94.2484886350085,train
9474,34.277038790915206,-93.47782377603866,test
9475,36.41255714756186,-90.3440854842038,test
9476,34.915364495832776,-91.16001453921858,test
9477,35.641541360554136,-92.12994992746141,test
9478,34.12523513281046,-93.3998865269804,train
9479,35.51768672919165,-92.26128464300272,test
9480,36.381634193428255,-90.69942018284576,test
9481,34.25216311598719,-94.21473031020341,test
9482,36.49670802157259,-89.67600394088595,test
9483,35.23443482861083,-90.3469801570211,test
9484,35.62006994362653,-93.0397100592443,test
9485,33.88258533596853,-90.29323373200539,train
9486,35.25081769212034,-91.23187878638062,test
9487,34.78852188011835,-91.30821849731635,test
9488,36.34740925917102,-93.92564244834718,test
9489,36.16636266726331,-90.11770363569546,test
9490,34.38835409623777,-92.38180126930077,test
9491,36.31404413038382,-90.62795804105112,test
9492,36.096843934625035,-93.13136676191374,test
9493,35.06634347629199,-93.08922178195559,test
9494,33.28741268076339,-89.8254947754899,train
9495,33.56276584230838,-92.15160017442274,test
9496,33.269059856358304,-94.32234315448649,train
9497,33.37797590127171,-90.46653796425072,test
9498,36.41933331037577,-93.4906667889218,test
9499,33.74258554725653,-90.25259384853915,test
9500,35.41799103819232,-90.0652938064701,test
9501,35.22784890188969,-94.25835291420712,test
9502,35.20900702698551,-91.72532673895532,test
9503,33.723463998586105,-89.74182519528308,test
9504,35.02771308034613,-89.99332951521005,test
9505,35.18938422354733,-92.0095408682939,test
9506,34.99641860825789,-91.2379488195119,test
9507,33.651568635464876,-91.6168176852594,val
9508,35.53071208976148,-93.60983086918868,test
9509,33.256351066707786,-91.3746020546278,test
9510,35.069200041368674,-92.96428831800097,test
9511,34.5269076634046,-92.94027951189676,test
9512,33.876003075965755,-92.5326588401256,test
9513,35.82586146159149,-90.38468088981153,test
9514,33.61562398335264,-93.43542124596333,train
9515,36.26543615964283,-93.3735654162752,test
9516,36.095977599124154,-94.58352062937544,test
9517,34.26205641506729,-93.8496158614729,test
9518,34.068035258005075,-89.75596394159747,test
9519,33.481203391966154,-92.46366637083283,test
9520,36.207147355768846,-93.65003147919853,test
9521,35.196361505881455,-89.820561400538,test
9522,33.11124253750191,-94.4852241958564,train
9523,34.788497950965635,-92.21369305839889,test
9524,33.300296317402854,-90.62112738593125,test
9525,35.008127397334945,-90.77905873307023,test
9526,34.781366014122845,-93.67959019048578,test
9527,33.289961159259526,-91.10228532331251,test
9528,35.855512075908706,-91.52722561503013,test
9529,33.91811012008197,-91.26387720573815,test
9530,34.89519527458344,-93.29745906633015,test
9531,35.23663606820687,-90.59065009148203,test
9532,36.36806586751308,-91.84058957873559,test
9533,34.72834092507946,-91.01636210389849,test
9534,36.21060520300773,-89.95031965586477,test
9535,34.24200069471694,-90.36817855373408,test
9536,36.00103020577498,-90.73178277148111,test
9537,33.82539179432996,-93.18044571532663,train
9538,35.47617916852396,-94.35120693008916,test
9539,33.31014197814249,-91.76401701894261,train
9540,36.451176248392805,-94.44847012549963,test
9541,36.338777399518285,-91.070476822133,test
9542,34.54774773481082,-90.95799629365754,test
9543,34.833773262965884,-91.82233103164386,test
9544,35.092212018113074,-93.78428499466953,test
9545,33.96263145891385,-90.26766447019517,test
9546,35.36065002321807,-91.65827147693629,test
9547,35.444966813115805,-92.06098700813168,test
9548,34.83776772313846,-91.799068955076,test
9549,33.51709242369826,-94.20805117853627,train
9550,36.2171508036206,-90.94002783794754,test
9551,33.40265778820965,-94.31794534807146,train
9552,35.20210259048679,-91.74541085217594,test
9553,33.360810088134144,-93.77879227725985,train
9554,33.51135248196523,-93.58772136333732,train
9555,33.0718840991009,-93.46072637398204,train
9556,34.27177429349866,-94.54890097671236,test
9557,35.238538975477134,-90.18756100936503,test
9558,34.82540476906505,-90.62295070069541,test
9559,35.3608870293697,-94.46450635509784,test
9560,35.36256601304834,-94.33677914264265,test
9561,33.49060810397984,-90.72910206804083,test
9562,33.20068091197601,-94.58618766077859,train
9563,35.18875349152135,-92.28907539887051,test
9564,35.286285067413345,-94.08673264615729,test
9565,34.94846307299596,-91.67958783171777,test
9566,33.86016863213425,-89.6582481231145,test
9567,35.83767825943789,-93.76505306775884,test
9568,33.2649010542369,-89.86528127862381,test
9569,35.21309126262476,-90.31857163663835,test
9570,33.4214403755778,-89.72030080832542,test
9571,35.2905670075163,-90.8120424909955,test
9572,34.462040257382235,-90.36073857027797,test
9573,35.51336069403185,-91.66484973131064,test
9574,33.18267270866927,-90.30959811656268,test
9575,34.94279045968129,-94.06578408827933,test
9576,33.50707264608028,-90.93397810728894,test
9577,35.38833571063666,-91.49524377260425,test
9578,33.41984470959089,-94.32256298079281,train
9579,33.257541630331744,-93.17079585439721,train
9580,35.495929793642645,-93.54594920214858,test
9581,33.22236177098899,-92.60627800952972,val
9582,33.78585786276031,-93.63418389262706,train
9583,35.88657318993985,-93.25409666856464,test
9584,35.83390907732879,-93.14873022784306,test
9585,35.98944015223272,-91.63893985123109,test
9586,34.1413496135605,-93.94967741245142,test
9587,34.848168100625735,-93.42172686343113,test
9588,35.70671573412153,-93.04377413692892,test
9589,33.47944930253878,-92.38813234676792,test
9590,35.535368077255015,-94.43069949483498,test
9591,33.34120222288129,-89.65391908319839,test
9592,36.19637713019404,-93.12705174731644,test
9593,35.23058563879069,-93.19189604214401,test
9594,34.72656859441415,-91.8622931846418,test
9595,34.696552391335075,-90.37546006876909,test
9596,33.634767167457184,-92.34965744073784,test
9597,34.21071080359129,-93.38326917182647,test
9598,35.54493282861002,-91.8075987491191,test
9599,34.89330267299036,-92.21977552637213,test
9600,34.85257171435092,-92.51731810969919,test
9601,33.683360630909526,-89.73010173460241,test
9602,35.41626809183789,-89.67012718559124,test
9603,34.37211865371473,-91.82713917256577,test
9604,33.63963668453487,-94.2820204824531,train
9605,36.303246630587154,-91.80241962500003,test
9606,34.773795614029616,-89.88621342253707,test
9607,34.84812826629328,-90.01930812244741,test
9608,36.43480168575182,-93.54896077832633,test
9609,34.28242148009673,-93.67510617430949,test
9610,36.30057239596857,-93.86328840059251,test
9611,35.43223876397418,-90.54567178342064,test
9612,35.2158347146068,-92.18442636676232,test
9613,33.820464056798684,-92.93990854382355,test
9614,33.18114485335727,-93.0057083708667,train
9615,34.532243433997984,-93.2511961825167,test
9616,33.035598366985035,-90.23337972265139,test
9617,33.248508787696345,-92.58389093304689,test
9618,35.083643644930305,-93.40723185385986,test
9619,35.535651415755595,-91.08928811385557,test
9620,33.58781916173497,-91.46179085224777,test
9621,35.56375144435821,-91.06463319366735,test
9622,36.32404039308163,-90.53487811078658,test
9623,35.60111628254169,-94.11686843859248,test
9624,35.74650326851261,-94.61011595499278,test
9625,35.4524940309393,-94.36868578145392,test
9626,33.78658104159163,-91.10723750203042,test
9627,34.26311479754543,-89.97555219495894,test
9628,36.32243436969436,-92.97440625137867,test
9629,35.31423702639542,-90.73746499301961,test
9630,35.76158656876925,-90.99595298098272,test
9631,36.39043116595637,-89.75903395094899,test
9632,33.81002922179433,-92.28015838499618,test
9633,34.12590333564294,-93.79461735258414,test
9634,35.25680578492075,-90.81679993907892,test
9635,33.08525115824403,-90.55047024581346,test
9636,34.99926677066797,-91.10471862374658,test
9637,35.830409328300746,-90.32998708379951,test
9638,35.13655180838444,-92.77522256090008,test
9639,34.033876493636384,-91.18913443397896,test
9640,35.53436429167621,-93.30867226335958,test
9641,33.51111068637981,-92.40119247467901,val
9642,36.13170714247481,-93.41481391929658,test
9643,33.353202608641595,-93.85196764693872,train
9644,36.022218968168524,-94.44131235743012,test
9645,34.742332997076815,-91.28302143678411,test
9646,34.50026451220731,-90.26989275126124,test
9647,34.75231616201401,-93.057335411473,test
9648,33.70072206082522,-92.4867001442648,test
9649,34.601899528455846,-94.60237166693621,test
9650,35.974019355645304,-92.5681117805187,test
9651,35.8033433477658,-93.22182908804204,test
9652,33.570669870719655,-91.76622585028073,test
9653,35.35697342345172,-90.10466960123023,test
9654,35.99893042737899,-92.10442173146609,test
9655,35.86918656016583,-91.26260268028278,test
9656,34.489713551540135,-91.11375028616608,test
9657,33.1683249412114,-93.86241339649152,train
9658,36.25909298040812,-92.89754407917523,test
9659,34.38559790546822,-94.05766661021298,test
9660,34.26341823039721,-92.42948937917072,test
9661,35.658302305675846,-90.21019016239958,test
9662,33.92390275422208,-92.22975627683506,test
9663,35.92161773108552,-92.35291967340194,test
9664,33.2661804628676,-93.5796619773976,train
9665,35.59248920250674,-93.07822011796733,test
9666,36.38026321654536,-89.9651001245015,test
9667,36.48519078905961,-93.11411323841766,test
9668,36.23331526022458,-90.98500866981642,test
9669,36.047668418922086,-94.41055592537506,test
9670,33.97608078560206,-93.98227961833035,val
9671,36.38326926920418,-93.07195475596465,test
9672,36.247638078350235,-90.13993831903969,test
9673,34.87030377458815,-93.53012047525111,test
9674,34.40727179037788,-91.00807928787752,test
9675,33.38243538745366,-93.78740339950855,train
9676,35.06721927238794,-91.57417503079284,test
9677,35.45191081982769,-91.70346369316614,test
9678,34.413988041135354,-91.52891893133584,test
9679,34.42110346220686,-93.19720568733723,test
9680,35.00658986750006,-93.81434810514567,test
9681,33.097244335675065,-90.21416582678887,test
9682,36.352530637353624,-91.78986363061763,test
9683,34.01466997483848,-93.56614544648694,val
9684,33.49311801619108,-92.5657546056187,test
9685,33.01920938647107,-94.28655528016172,train
9686,35.999120394849996,-92.25738070048621,test
9687,36.02122581529884,-92.51326284237065,test
9688,33.33357311581199,-93.96035060025424,train
9689,33.5328445601108,-92.41146949414276,val
9690,34.567657809402185,-91.44152427222426,test
9691,33.6499646057321,-90.00540248967488,test
9692,35.57537397892865,-91.12516958602117,test
9693,33.20313910997003,-92.1228966267423,train
9694,34.92398266335053,-90.79284594423012,test
9695,34.33977047789867,-93.2287216516863,train
9696,34.62731269292288,-91.29615545572891,test
9697,34.486649911934606,-94.59484103101158,test
9698,33.536057138871286,-94.25942088166586,train
9699,33.770985198579965,-91.51739978678495,test
9700,33.22682694618649,-93.66302861529185,train
9701,33.40349951354675,-91.19701395626437,test
9702,36.422631878466206,-91.45533627541602,test
9703,33.979253840870385,-94.30357625544262,val
9704,34.07458938768848,-92.6692915670245,test
9705,33.444872156512425,-91.57337907441443,test
9706,35.64307471573863,-91.07399629103071,test
9707,36.234499835655484,-90.56406172218207,test
9708,35.764126879733276,-92.97769877872483,test
9709,35.1441554030196,-90.46152126999372,test
9710,35.846315204637015,-92.85935550275195,test
9711,34.414805815265005,-94.585275399236,test
9712,36.008240742782405,-91.58827067781004,test
9713,35.794815973733634,-93.41890707212508,test
9714,33.00603625489712,-94.00182492909217,train
9715,34.70727947221131,-93.33596168427609,test
9716,33.92615801627729,-90.50526742954536,test
9717,33.301815207286936,-90.0774134979469,test
9718,35.961686149617215,-89.84036777936491,test
9719,33.02782389505393,-93.11493309588876,train
9720,35.55557225719376,-92.35403432030043,test
9721,36.45867242349015,-90.63144526904333,test
9722,34.68706918347183,-93.04002363811999,test
9723,34.299341854795024,-92.70583836402466,test
9724,35.120415340661495,-93.44074578852869,test
9725,35.81644239676685,-91.77533442282193,test
9726,33.840881978213474,-91.34344450683821,test
9727,33.87745500203738,-93.03735590821962,train
9728,35.125123049303966,-94.49957433293753,test
9729,36.28957937299007,-90.96253816755126,test
9730,34.044539915155674,-91.55551147194745,test
9731,34.31864132130155,-93.53157603556124,test
9732,36.47666655511102,-93.05620105442613,test
9733,33.6167775782228,-89.86314546132971,test
9734,33.269388589313564,-91.48788838130385,test
9735,35.06414333608212,-91.66047555073483,test
9736,33.08493445947572,-91.44073703480619,test
9737,33.63151630946188,-89.87641066207503,test
9738,35.17773213241664,-92.93090040473982,val
9739,35.308293402419665,-93.22384759875739,test
9740,34.786488373766666,-92.74758987306195,test
9741,34.34311816180284,-90.63928300243619,test
9742,35.01669154547647,-94.01883439428182,test
9743,35.25185013561634,-93.59208125117516,test
9744,35.81218716202078,-93.48561980298335,test
9745,35.774627898734465,-91.45720436580055,test
9746,35.32680267930232,-91.43133236759269,test
9747,36.12981404129963,-92.77172467454851,test
9748,35.933088387583965,-93.24732440542024,test
9749,33.46636102876279,-90.86937990134201,test
9750,36.34837804463219,-94.46231896225935,test
9751,36.12109805811272,-90.94847357758198,test
9752,34.12324512827786,-93.57493824797685,val
9753,33.070645465124635,-90.13319802696928,test
9754,35.113915813654,-92.56394456875903,test
9755,34.534461519032355,-91.42778439038806,test
9756,35.62348331905146,-94.01878253045383,test
9757,34.83609917578018,-93.35819449000125,test
9758,33.26771652337831,-91.13797528605286,test
9759,33.856405970891714,-91.88473341184894,test
9760,36.08883314644285,-90.79072741660616,test
9761,33.13191393500268,-91.81989037138906,test
9762,35.57834384289401,-91.79042403176076,test
9763,34.02180227783001,-90.35445286080471,test
9764,34.58423931064874,-92.50929111098998,test
9765,34.85851901169063,-90.17162774330221,test
9766,33.875284750575204,-92.77009021721636,train
9767,35.28186155049182,-92.98688679235286,test
9768,35.427047763342564,-90.7462762546033,test
9769,33.297708178847714,-94.56261439450326,train
9770,34.30874476547997,-93.76420516440115,test
9771,35.60532055422202,-94.26332427325472,test
9772,35.52573145944396,-92.07483768774449,test
9773,34.90611170366834,-91.49848712339688,test
9774,35.72186172953805,-94.56843154906335,test
9775,33.37675712563945,-93.81752616375452,train
9776,33.41373943745585,-93.11636944777935,train
9777,35.30121255103721,-93.15769511391386,test
9778,35.42666853763295,-94.13725039703422,test
9779,35.85084399362375,-93.76094814342883,test
9780,33.633629072206396,-90.41015274796732,test
9781,34.808700808008865,-91.13811172617841,test
9782,35.31290953997454,-93.14841091816317,test
9783,33.78294850840155,-93.31086490234907,train
9784,34.80924752957897,-94.22140996529785,test
9785,35.234557585367085,-92.88593749113203,test
9786,33.75057329017188,-92.64159451230053,test
9787,34.314471935875495,-90.1262171677544,test
9788,33.75718583547498,-90.92671490134441,test
9789,36.1603001655001,-92.23860574148544,test
9790,33.82879608675497,-93.94975937411331,train
9791,33.42292119095029,-91.35887660442862,test
9792,33.123043590345006,-89.96801880552789,test
9793,33.15733715343973,-94.23211708552346,train
9794,33.67055182238386,-90.4024193937287,test
9795,35.12872978957434,-93.7248306605608,test
9796,33.061774560788926,-91.13463375645912,test
9797,34.003603736650014,-93.70623549490023,train
9798,33.20358411963155,-91.63793263221011,val
9799,34.41280569604709,-93.43900581638077,test
9800,33.1700185824045,-91.92776063109824,train
9801,35.1263962181729,-91.63721539034599,test
9802,35.409484929316555,-91.5459539842175,test
9803,35.559681423753176,-91.22648957730048,test
9804,33.78520189526189,-94.27692301033684,train
9805,36.039750566866104,-91.12416460292546,test
9806,35.41600858565824,-93.85164931055,test
9807,33.19827576754937,-91.25514870790948,test
9808,34.542683480455,-94.00353305724009,test
9809,35.68714772680369,-92.23730888855778,test
9810,34.088128743520805,-92.69776092287043,test
9811,34.335455708675426,-89.81228860748297,test
9812,35.2036133955379,-91.48487844625005,test
9813,33.194183080405644,-94.18161661114097,train
9814,36.38427264177771,-91.13659428665333,test
9815,33.61068353713405,-93.65513215558346,train
9816,33.09335199876191,-93.19783269731462,train
9817,33.01863043714147,-92.73913808899013,test
9818,34.39844031249788,-90.76215956166726,test
9819,36.09488677916382,-89.92791773423164,test
9820,35.869167277262754,-90.02605417106552,test
9821,36.19216029387393,-93.77170234998376,test
9822,34.868238117651146,-94.31974501734895,test
9823,34.57061181856307,-90.50219089418083,test
9824,34.35051341637378,-93.18755523372741,test
9825,33.16246326526957,-91.7233542640001,test
9826,36.183324397068034,-89.75622149777554,test
9827,34.73661632299655,-93.69348263330082,test
9828,34.59273600868028,-92.75696621747143,test
9829,34.80308620454941,-90.3080332376538,test
9830,35.7795408133997,-91.38959668102214,test
9831,33.78564880093897,-89.96036155643813,test
9832,35.48465237648223,-91.4803550046546,test
9833,35.487694092989116,-93.11125725883714,test
9834,35.97343473790364,-90.61861023055324,test
9835,33.03039259462354,-90.84645913804225,test
9836,33.596384401322965,-89.97991386283806,test
9837,34.64866398215664,-92.25345034690123,test
9838,35.976891356115175,-92.12088874294248,test
9839,36.377909015697945,-93.01059919120247,test
9840,35.0820401513779,-93.28427107750254,test
9841,33.742468913980574,-89.66725673886775,test
9842,33.64604643538626,-89.76304008426786,test
9843,35.238053838951934,-91.98765707888415,test
9844,33.735242014707914,-89.87322465565174,test
9845,34.9358059837231,-92.84990742539598,test
9846,35.92184175200366,-90.39552820934881,test
9847,34.364368769617315,-91.46470525550869,val
9848,34.32465266409675,-91.05618141272588,test
9849,33.12649117911876,-91.05053142595092,test
9850,33.889296024485944,-91.45993160946888,test
9851,35.44367010866746,-90.38392978373905,test
9852,34.261369357962685,-92.67169414423351,test
9853,33.55404621051473,-90.39953091371345,test
9854,33.370187068161144,-93.70842663531488,train
9855,33.33268682352748,-93.62620168160572,train
9856,35.30696701591263,-91.05480419465175,test
9857,35.14417517577742,-90.8918544450719,test
9858,34.814823519607295,-90.1355636579082,test
9859,34.751142568556986,-93.25482596312051,test
9860,33.53597898440755,-94.34133482163938,train
9861,34.75211478666031,-92.09786552472774,test
9862,33.20978221810133,-90.26955788707735,test
9863,36.24050460510941,-89.79181470737514,test
9864,33.20309643900912,-90.35660331283249,test
9865,34.48235568212871,-92.18491644512716,test
9866,33.0019986974111,-90.32899028672698,test
9867,35.751526535741355,-93.5565645083709,test
9868,33.58159565987471,-90.04178683336276,test
9869,36.237206062375876,-91.8027755737403,test
9870,33.153922117511975,-92.68486297856356,train
9871,35.872755670975494,-91.72924332464332,test
9872,35.29823234485456,-90.72347919696004,test
9873,33.87407501610062,-93.42659608155911,train
9874,33.70846863230708,-94.11365738023939,train
9875,34.25187276681958,-90.97639308479896,test
9876,35.899410091113744,-89.88622923732538,test
9877,36.0168479191741,-91.45421888288803,test
9878,33.61349882833514,-93.91136023317159,train
9879,34.237068138895154,-91.42237471379843,test
9880,33.83121984365789,-94.04033848198101,train
9881,33.42924996673264,-93.11148197749104,train
9882,35.26257285635125,-94.46295942504113,test
9883,34.210548581324375,-92.19711692828314,val
9884,33.78884415671717,-93.02286969802573,train
9885,36.030992207256915,-94.13531620746838,test
9886,35.61911275816248,-93.08413430765522,test
9887,35.708164020437195,-91.40157650650167,test
9888,33.13718561914148,-93.18326466916267,train
9889,36.20295657230873,-93.90893157655714,test
9890,35.011584322909826,-91.91235659882189,test
9891,34.76330981639582,-90.87646046518519,test
9892,33.037048711097235,-90.4941974596539,test
9893,36.141817736519364,-92.27367734782769,test
9894,34.903616646701,-91.08597006800912,test
9895,35.888037118191875,-90.47836109023282,test
9896,35.29428836258403,-91.27574052405853,test
9897,35.78842764728808,-91.99946111673597,test
9898,35.42526111995231,-94.32210134530972,test
9899,36.22337365817539,-93.17852915825874,test
9900,33.78919465218842,-93.03051866749475,train
9901,33.70735036656517,-92.65679408285763,test
9902,35.49389546680793,-89.89406326457757,test
9903,34.75488180204214,-93.58188954850638,test
9904,35.09706409617205,-91.92847209229376,test
9905,35.479898642169296,-89.69364600972973,test
9906,34.91599868950001,-91.54459103292014,test
9907,35.756927066831686,-93.58171370331944,test
9908,34.116035745775484,-89.84785106906281,test
9909,36.00646655259892,-92.94862543480254,test
9910,33.3768672352396,-94.38208257329481,train
9911,35.21901391936415,-92.4761320157254,test
9912,36.115463776343795,-93.42394119001001,test
9913,33.88442944765597,-90.55024704771614,train
9914,34.1439213622337,-93.52681950379115,test
9915,34.06904622472459,-90.54532550947808,test
9916,34.974922991212615,-94.440230047822,test
9917,34.44505135447802,-90.00208812994362,test
9918,33.37785749748216,-94.41029817187848,train
9919,36.119505276147606,-89.95545697538466,test
9920,33.71636820205536,-94.25375435911747,train
9921,34.869280038459856,-90.28325949528464,test
9922,35.08181713578041,-90.4882797728809,test
9923,33.142631452766395,-91.66571352709117,test
9924,33.33499314679018,-94.44114916219357,train
9925,36.40091398650343,-91.53292025035502,test
9926,35.32579319052284,-91.5493032884905,test
9927,33.11747811966249,-91.85072854936347,train
9928,35.779697272285496,-91.4813179099098,test
9929,34.7798998324712,-89.8085062058709,test
9930,33.26319850227466,-89.67232897914488,test
9931,35.382632343167266,-92.03313584097017,test
9932,34.74773132053964,-94.1637508972825,test
9933,33.71721930388823,-93.95417385308347,train
9934,36.07195795231087,-91.03985612968013,test
9935,34.01982950405089,-89.73964097150137,test
9936,33.995948224086575,-92.45280553805222,test
9937,33.95470753627298,-94.13274743281912,val
9938,35.686095219811676,-92.86536857405041,test
9939,35.47141534633186,-92.706498922711,test
9940,36.16100989914625,-89.66692119059024,test
9941,33.80268726854498,-91.2076807341269,test
9942,35.75227608439983,-94.0342055522284,test
9943,35.005659517848336,-92.94472871679619,test
9944,34.080378633784335,-94.37866319888035,val
9945,33.124089463427126,-91.3742892746861,test
9946,35.86631642447888,-91.27648583368098,test
9947,33.84374980029675,-94.33424117698266,train
9948,35.21110062675222,-92.95246589174515,test
9949,34.921037776209346,-90.13289331632305,test
9950,33.01557338526374,-90.51072433052823,test
9951,36.48020270478917,-91.76616352803826,test
9952,35.85015274530045,-92.21142189844123,test
9953,34.70264944722839,-89.68552599702706,test
9954,35.381194795848344,-91.03068806918995,test
9955,34.668079828067704,-89.88540300035682,test
9956,35.60605194947556,-94.26422148466469,test
9957,33.47014991036613,-93.565608752898,train
9958,34.5622284833191,-94.46537815234795,test
9959,34.17438011975501,-90.3064494549948,test
9960,34.60879335222912,-91.16966973740831,test
9961,34.57665428501127,-93.73707128537458,test
9962,33.50082882422718,-89.77827268101264,test
9963,36.4177099974816,-89.86968780360493,test
9964,33.054222499758446,-93.5037489095242,train
9965,33.0352553068609,-91.40436152737773,test
9966,34.307044614867806,-91.29952850382415,test
9967,35.17131722271386,-94.6000367275434,test
9968,33.62878629385225,-91.19676443242557,test
9969,34.86617901366456,-93.51993923198289,test
9970,35.52970188787218,-90.14044580950886,test
9971,33.32921213164053,-90.45261955117921,test
9972,36.445478428055765,-90.12069088418535,test
9973,34.17845226708753,-90.8549568071486,test
9974,35.248453948255374,-93.80041997041852,test
9975,33.38751950365302,-92.82804506444708,test
9976,35.48320236052464,-91.0966105762755,test
9977,35.9415972147187,-93.0130745350067,test
9978,33.36849799815718,-91.0911363199248,test
9979,33.44052104029523,-92.94929113688616,val
9980,33.983665950355295,-93.7366846118745,train
9981,33.041775353813655,-92.04472582260401,train
9982,36.451179530180305,-91.2094480352672,test
9983,35.094344262334275,-92.0495374342047,test
9984,35.12656307487241,-91.42991952745254,test
9985,36.356367593780725,-92.44288644002148,test
9986,35.912102390117994,-90.75169329495279,test
9987,35.849850258389225,-91.3896668794558,test
9988,34.18825829465569,-91.76420502859598,test
9989,34.17202187712626,-92.45620257408648,test
9990,34.02108285934426,-91.95743404599436,test
9991,34.21343516621712,-94.36648168319344,test
9992,34.29328066475948,-91.30640320688283,test
9993,33.490012911432075,-93.60407370555086,train
9994,34.245817519457326,-90.34505966685255,test
9995,34.56361462335655,-90.58265147209585,test
9996,34.0827156856133,-91.99606530895294,test
9997,33.57871438855142,-90.4097585904873,test
9998,34.30693639362474,-91.28610787823477,test
9999,34.683177206257525,-93.91793757689018,test
