sample_id,clim_precip,clim_temp,soil_texture,topo_elevation,topo_slope
0,0.0238032078685238,290.1591577280868,6,577,13.600333
1,0.0364464607409134,291.5476501217223,7,67,1.1493564
2,0.0252230556556396,291.3687497837644,7,72,1.1426823
3,0.0177975828263933,291.6665117494559,7,96,0.92740995
4,0.0290818281362455,291.35663315324024,4,375,12.332904
5,0.0421286991174043,289.8648764078399,7,100,3.0080183
6,0.0429266907667716,289.333171596735,7,102,1.1497196
7,0.0375143977626937,289.48654977749806,7,121,2.2930334
8,0.0305846598699837,291.18339173651555,5,130,1.1478633
9,0.0187972510814844,291.3307244754733,7,125,2.9347587
10,0.0397698130334918,289.19029768719975,7,115,0.0
11,0.0188732928969048,291.3744277858584,7,88,1.467194
12,0.0214919918144045,290.555823182806,7,159,1.4656637
13,0.0275773733147118,290.6935124833255,4,230,1.472517
14,0.0312278509906236,289.3692945073155,4,330,7.7174096
15,0.0464017349112645,289.49408622168704,7,106,1.1517973
16,0.0186072827489812,291.5236783309339,4,75,0.92740995
17,0.045418998625553,291.1232214464044,7,92,1.4796771
18,0.0268946861944386,289.030757737185,6,500,4.6306505
19,0.0249891697663746,289.58469531585894,7,527,3.875011
20,0.0292108172562226,290.8020124230633,7,85,0.0
21,0.0318356168100635,290.31298513046784,7,103,0.92740995
22,0.0560917742076555,289.52667217782977,1,3,1.5061313
23,0.0271426535536938,290.45501637581594,6,433,14.973304
24,0.0193079146735438,291.3023039629492,7,115,2.2775052
25,0.0399839285160462,289.93027747299067,7,88,1.4762992
26,0.0293435755427729,290.49466360447366,7,112,1.4723802
27,0.0626939987006783,288.8959772370371,1,7,0.92740995
28,0.0383154316642826,291.5567363279639,7,75,2.29911
29,0.0396368456529312,290.8753732223219,7,85,5.730431
30,0.0317792731838881,291.320104633852,4,85,2.475878
31,0.0631093184103972,289.52617531171256,4,8,5.0970163
32,0.0418580979295429,291.55837763538113,7,86,0.92740995
33,0.0401487795372568,291.67676133050617,7,72,2.1832707
34,0.0433363684146546,289.42347326198166,7,102,3.008068
35,0.0200173212402377,291.07068433680445,7,334,7.2902727
36,0.0242144103455095,290.75478570366664,7,213,1.4704006
37,0.0749046093965077,288.52048233655245,4,32,1.2028505
38,0.0412315188772461,290.05339929303875,7,97,3.4452796
39,0.0225569973567718,291.3410916137158,5,98,1.1412306
40,0.0760353543360691,289.3715020707629,4,19,1.8543341
41,0.0465100761144753,289.45436888171355,7,109,1.478608
42,0.0402694712000378,291.5795386787054,7,81,2.1827161
43,0.0387173842435377,290.63309710929343,7,84,1.4764163
44,0.0358176881147472,291.5219025102825,8,63,1.8543341
45,0.0356197008836886,291.5271954681912,7,62,0.92740995
46,0.0290115261973884,291.47119144933777,7,689,17.500017
47,0.0368016088806068,291.6822625486844,7,63,0.92740995
48,0.046647458135191,289.2696116160916,7,110,0.92740995
49,0.0693121447759149,289.5995781857098,7,19,1.1924994
50,0.0401476706665671,291.7019583888583,7,73,0.92740995
51,0.0229181223590061,290.75248615851854,5,328,5.6621647
52,0.0300404868344175,291.2315786407332,6,173,1.4762231
53,0.020269289505412,290.9592997630346,7,93,2.9301505
54,0.0297679344789387,291.3402985322235,5,330,1.1494584
55,0.0287948547880269,290.1371471140397,6,203,5.697174
56,0.0401859481224802,291.53854113577046,7,81,1.4779111
57,0.0176186560966678,291.7371111574356,7,84,1.4684125
58,0.0270796615871196,291.2137072096184,7,63,2.4673772
59,0.0209580345275816,290.795280958239,7,247,10.645557
60,0.068082689995979,288.5892834409272,3,28,2.2090316
61,0.0318096823888408,289.127009604098,7,581,7.1660614
62,0.0409387220803415,291.52925459044513,7,80,0.92740995
63,0.0460366885924805,289.23350134589543,7,113,0.0
64,0.0350062136900155,291.4989932714368,7,63,1.4768287
65,0.0286827460265501,291.2865636042006,7,344,10.625347
66,0.0334159333155569,291.50386314269474,7,80,3.0080976
67,0.0224929193497473,290.3473877415328,4,463,19.657335
68,0.0718249002512935,288.80594103907333,1,28,9.015523
69,0.067548460575027,289.6201852149285,7,13,1.1918738
70,0.0467478959143411,289.1424834493209,7,112,0.92740995
71,0.0289423046425979,290.8195098522694,4,316,5.8772883
72,0.029234584311815,291.10957223769714,5,76,1.4737992
73,0.0224586571762906,290.3207880840302,5,403,21.597454
74,0.032123340652132,291.4841824861471,4,98,1.8543341
75,0.0483144020521539,289.98275196375164,7,100,0.0
76,0.0272580838099419,289.677192430051,9,846,14.809234
77,0.0208603627067785,290.749422028685,7,113,1.1356906
78,0.0452976203562223,290.5077393102151,7,91,1.8543341
79,0.0409301837322338,291.575094845049,7,81,1.4790986
80,0.0403867416473516,291.5554229816787,7,82,2.182523
81,0.0388901202376193,291.5986970593965,7,70,1.1519165
82,0.0439880992613202,288.86529101061456,7,106,2.1814244
83,0.0279197747167257,290.235250029283,5,439,2.1784198
84,0.0803384601206278,289.25740391580223,5,35,2.3945007
85,0.0210244853430869,290.75757057035247,4,87,0.0
86,0.0282959181140863,290.82827524451795,6,204,3.8978214
87,0.0462229219968802,290.81659432344225,7,94,1.4797382
88,0.0395109353603355,291.05755154674546,7,84,0.92740995
89,0.0248621427669002,290.26101891972223,9,600,5.9928527
90,0.0373574358135224,291.8488922516594,7,62,2.9581418
91,0.0731442219885158,289.47894975661706,7,17,1.5122962
92,0.0327722525500987,291.74234088259925,4,78,1.4786209
93,0.0402984880795659,289.17481707038155,7,111,1.1481069
94,0.0223743957705493,290.35240892008454,6,201,4.5230136
95,0.0722321010922178,289.09445123942584,6,26,0.0
96,0.0207089920284491,290.7757273312691,7,135,3.0028346
97,0.0276071694963832,290.4055304950933,4,648,26.632114
98,0.0301968372950988,291.1840022893531,4,57,3.558229
99,0.0310841415394975,289.4131581491112,4,394,13.468738
100,0.029946305687549,290.943194131224,7,72,1.1446667
101,0.0653178704612338,288.55856955628184,4,21,2.2080424
102,0.035955296105628,290.32867567665994,7,88,1.1471459
103,0.0299120711027846,290.56542875993694,7,103,2.178508
104,0.0178136374698658,291.6616395364039,7,96,1.1388443
105,0.0633533020996982,288.50138656908496,4,23,0.92740995
106,0.0617399223526712,289.77652492925984,1,6,0.0
107,0.0345082187142603,288.58979063952734,7,848,7.9307556
108,0.020470997682094,290.88319511347777,7,105,0.92740995
109,0.0308073621296433,291.3973609254142,4,129,1.8543341
110,0.0397212199258829,291.6379046722476,7,73,0.0
111,0.039900121935703,291.70859754029965,7,72,1.8543341
112,0.0703027751643272,288.7832030561776,3,18,2.3975217
113,0.0207723228630799,290.70622238333885,9,783,7.963931
114,0.0345550077368121,290.06351707442826,7,102,0.92740995
115,0.0224826909037087,290.32835796873485,7,209,0.92740995
116,0.0357369842329639,291.53472770626047,7,72,0.0
117,0.0277871255886969,288.79780865038555,9,530,9.421752
118,0.0436248732974291,291.4936418922994,7,86,0.0
119,0.0285949220812764,291.459497515935,7,656,21.544167
120,0.0217178513777,291.33764273307804,7,108,1.1407747
121,0.0402809197998658,291.55099743190794,7,82,1.1516699
122,0.0210611776208274,290.6945362605677,7,117,1.1353755
123,0.063493177302904,288.72299516210006,1,11,0.0
124,0.0193715941708658,291.8149347838506,7,86,1.4695681
125,0.0677241570189857,288.59145478457833,4,24,1.5172195
126,0.019147924057188,291.2732384679763,7,277,0.92740995
127,0.0210582261217683,290.6642402864861,7,215,0.92740995
128,0.0400257937964859,291.566041635546,7,81,1.1518589
129,0.0364996327020798,289.7497455142372,7,108,1.4746711
130,0.0225333524233618,290.26145357949326,7,1269,3.868556
131,0.0613534656793776,289.4278798551758,3,6,0.0
132,0.0208722731767507,290.7535589251286,7,100,1.4659616
133,0.0274624888450552,290.4421980472196,7,160,1.1427141
134,0.0265443396105653,290.4024043028204,6,754,15.424914
135,0.045507685626175,289.8885625506487,7,102,2.4819977
136,0.031219441446428,290.616947677919,7,85,2.2889898
137,0.0220201718525227,291.77728514134697,7,71,1.1415085
138,0.0212459267713189,290.6344337769696,7,142,1.465781
139,0.0255362875412736,291.1302305930994,7,85,2.4649155
140,0.0431493188405936,289.3718119594407,7,101,1.4771147
141,0.0285773289858752,290.9968499930755,4,328,7.3886766
142,0.0751311834175207,288.7999421339653,5,28,1.5178723
143,0.0409730878386791,291.4167701529223,7,82,1.4780772
144,0.0401493516523323,291.5989492596186,7,81,1.4790761
145,0.0214486541520601,290.56715594344155,7,155,0.92740995
146,0.0460528606283081,289.16884570831263,7,115,0.0
147,0.0300830843534403,291.93690974247033,6,140,1.4790986
148,0.020410895278367,290.9117302688508,7,100,4.3417616
149,0.0404628627210031,290.6058041027143,7,90,3.5680223
150,0.0347481033414313,291.9728683040479,4,57,0.92740995
151,0.0348711851816699,291.4915441647751,7,67,1.1479445
152,0.030396256644363,292.0627400935222,6,117,0.92740995
153,0.0321511997176757,291.5205147040044,4,100,0.92740995
154,0.0422184352873055,290.875550527082,7,93,3.5716634
155,0.022306947575676,290.32247010175934,7,1308,12.029097
156,0.0207732579137345,290.7743869525201,7,110,1.4661815
157,0.0559568292860969,289.5780147747612,3,-1,5.0838647
158,0.0264368226148693,290.242716393598,6,359,3.422572
159,0.032672606553303,290.71409356270306,7,77,1.8543341
160,0.0183229799785093,291.49160660585187,7,104,1.4684156
161,0.0656420012290341,288.6145137291522,2,19,4.784254
162,0.0211319649303628,291.38593570789413,7,110,1.4698411
163,0.0619199377019738,288.6018753442695,4,14,2.390258
164,0.0266235151913594,291.5701517794397,4,63,3.0056841
165,0.0264288777292562,289.11637651952265,7,406,12.671744
166,0.0427254296885202,289.0485707167782,7,105,1.8543341
167,0.021472287250824,291.62591126149243,7,79,1.4702313
168,0.0687968146573635,288.6237111522683,3,23,2.2088962
169,0.0273466972283354,290.2431528890858,6,530,25.167387
170,0.0253744425888794,291.4433941493595,7,66,0.92740995
171,0.0279848931620315,288.89877519541017,7,360,3.5382295
172,0.0196868431031631,291.08697546084187,7,117,4.5398436
173,0.0191312303527907,291.6771816736257,7,86,1.469326
174,0.0311681768340214,291.2542656162219,4,93,1.1480988
175,0.0222144675779069,290.40030741451795,7,173,1.4641092
176,0.0457706859128762,289.4669335388628,7,110,1.4783072
177,0.0190853247679848,291.2710085906312,7,107,1.137733
178,0.0279070208666016,290.9042092769547,7,87,0.92740995
179,0.0254782607161543,291.66858471718143,7,63,1.4719331
180,0.0419681765200157,290.48312860393514,7,94,1.150562
181,0.0275253506072021,289.3378214872028,7,432,12.644549
182,0.0780867006046141,288.9728252377298,1,29,2.2087245
183,0.0273531230571564,291.2230880441616,7,61,0.92740995
184,0.0489964656368368,288.2395942911667,7,126,2.4818988
185,0.0794746702283225,289.3980664849727,6,31,1.8543341
186,0.0620425346636735,289.73050498833294,4,6,2.7802885
187,0.0205613799575726,290.7962495072714,7,236,3.4071243
188,0.0383587825955217,291.56398455828696,7,70,1.1511769
189,0.0184369142607951,291.4819645988339,7,91,2.4565902
190,0.0644725289515785,288.45790013815747,4,35,0.0
191,0.0416856877368258,290.2890280631437,7,93,2.4790428
192,0.0287754197115198,291.5620918040355,7,65,1.4731556
193,0.0406594516427909,289.4870837815654,7,99,0.0
194,0.0194016945804832,291.6928154000164,7,88,1.1400231
195,0.0382044184937474,291.54884211126944,7,75,2.181689
196,0.0216183922639307,291.7020896109484,7,73,1.1411909
197,0.0731873033748517,288.8005241662722,2,23,4.779309
198,0.0420877835598295,291.15607710106974,7,86,1.478304
199,0.0701521515431345,288.87898495575723,4,20,1.5148356
200,0.0346022459463518,289.8159879664622,7,115,2.470931
201,0.0618427886895154,288.40744256517,4,31,3.027381
202,0.0201474841553306,291.0281860505209,9,180,5.3102813
203,0.0760675551046606,288.9003298579484,2,24,2.5730634
204,0.0320997699947156,290.2796356476904,6,103,1.4733273
205,0.0198205100747006,291.557114047661,7,104,1.4694792
206,0.028795098007357,291.44469770378583,7,688,15.671397
207,0.0263773627359678,290.3769883216092,4,264,3.875885
208,0.0395054423539792,291.6062489745936,7,76,2.4828515
209,0.0409756109298792,289.38657620657744,7,100,1.8543341
210,0.0672591798590183,288.7664914917047,4,15,5.1237926
211,0.0299475155149743,290.42352335399465,5,117,1.1440331
212,0.0185116667756373,291.4859978597888,7,76,1.468373
213,0.0203461218080927,290.8770186877549,7,129,3.406762
214,0.0184852738167938,291.44658503031553,7,104,2.1755
215,0.0225381923199573,290.3096807516878,7,228,0.0
216,0.0300679836506123,290.15481496500786,7,148,1.1437649
217,0.0762580562841624,289.35960909228925,7,21,3.7047918
218,0.0251418750706316,290.1314940875008,7,603,2.461329
219,0.0776813805525292,288.8974496276772,1,24,3.6718025
220,0.0699562609899828,288.3848284043833,4,30,1.5186602
221,0.0667156806606635,288.5662574610917,7,25,0.0
222,0.0602898140616615,288.9739080655978,4,1,3.0240164
223,0.035426659059226,289.8592321934085,7,106,0.0
224,0.0303681570760138,290.9022967184377,7,75,1.473193
225,0.0226099325733523,291.6908215933829,6,69,2.2825081
226,0.0279231044130316,289.88108010507506,7,659,11.383977
227,0.0303891051061865,291.2465542737723,7,149,2.2964702
228,0.0265069172218632,290.3521201493967,6,250,9.164181
229,0.0230992948977278,291.09925119755616,7,121,0.92740995
230,0.0215147769134803,290.59045757284053,4,92,0.92740995
231,0.0690534235227962,289.1639881163114,7,22,0.92740995
232,0.0205983133620906,290.786433174072,7,237,2.9320369
233,0.0216336679322753,290.60797339485686,7,192,4.523274
234,0.0668011222343277,289.4410808151294,4,5,3.8909132
235,0.0456642174894332,289.53273193361025,7,107,0.0
236,0.0456535825793609,288.92210322944135,7,114,0.92740995
237,0.0638424899011335,288.45694478778483,4,33,2.5732238
238,0.0195700552577495,291.53547750459904,7,104,3.0042114
239,0.0713218717485382,289.15313359543336,4,17,2.2061493
240,0.0388035860310761,289.81195834161554,7,97,0.0
241,0.0469316591585236,288.1559193021156,6,289,13.069739
242,0.0193855305415739,291.3542407652264,7,147,2.4593189
243,0.0409330848620883,288.89406902376896,7,118,1.475736
244,0.0300616873144195,291.1353177020534,6,103,2.472328
245,0.0670817212438643,289.1446189399176,3,7,1.5117433
246,0.0202527073127183,291.56511598035854,7,97,0.92740995
247,0.0336276917553483,289.67157442261043,7,145,1.4733897
248,0.0434453638824427,291.11632436978203,7,86,0.92740995
249,0.0382737929593789,291.3998416324781,7,79,0.92740995
250,0.0400587481898309,291.54544645712025,7,80,3.7047918
251,0.0658109311921799,289.6593472303581,5,13,1.1907424
252,0.0219642119280979,290.49138059586977,7,146,1.1330491
253,0.0212083562425604,290.6540249022016,7,120,1.1351502
254,0.0560660061278561,289.46401398281887,2,8,5.8272066
255,0.0182149393187834,291.5490300332595,7,88,0.92740995
256,0.0463466041530465,289.80031087488175,7,102,3.9169893
257,0.0203976921914635,290.9586684513761,7,342,3.8719492
258,0.0774290210337036,288.7268471147533,4,31,1.5183097
259,0.0300625647481274,292.19747343267375,7,121,0.0
260,0.0193132311877924,291.14830569309265,7,240,5.3224325
261,0.0227983671164926,290.2327728341213,4,592,3.0025804
262,0.0216367526982129,290.5841260040636,7,120,0.92740995
263,0.0622756473360857,288.50220798298625,2,20,2.2070286
264,0.0441269568663049,291.5064418063285,7,92,0.92740995
265,0.034386827713888,290.6089761287413,7,81,2.4724777
266,0.0655390559021263,289.4625827293315,7,8,1.8543341
267,0.0223214855326801,290.3745310328071,7,192,1.4639243
268,0.0410583596608832,289.9951365934814,7,94,1.8543341
269,0.0230962516462576,291.7414523218517,4,68,0.92740995
270,0.036885156541127,291.5535647809865,7,69,1.4777324
271,0.0684403353893888,288.6423362147533,4,23,3.6702802
272,0.066004217016781,288.51687303105405,4,31,1.5175723
273,0.0282620441152797,291.11317797687343,4,79,1.1447389
274,0.0599249115949752,288.3767231574642,7,35,0.92740995
275,0.0412878926163234,289.29772844948627,5,101,1.14879
276,0.0262426200406706,290.82719730515095,6,101,2.4649081
277,0.0336499686790478,289.766926792112,7,134,0.92740995
278,0.0399109091254305,291.5471723084355,7,80,4.767249
279,0.0424901912862419,291.0084826397995,7,88,2.3019912
280,0.0439321696302765,289.31839748104653,7,106,1.4773947
281,0.0463636877006434,290.7686028381004,7,94,4.7677093
282,0.0386779103349693,291.76779580673394,7,70,3.578324
283,0.022237683203779,290.39600715700914,7,177,1.8543341
284,0.0624801780821491,288.5486933413578,4,21,8.118265
285,0.0433158510327687,289.3659363976229,7,105,0.92740995
286,0.023135567150832,290.76982796901234,4,296,8.588768
287,0.0734542861428633,288.6960074556657,3,29,1.2020135
288,0.0433791333180363,290.7694813526724,7,89,0.92740995
289,0.0261228707721332,291.17451603710737,7,76,1.4716976
290,0.0600081393318322,288.41350639862844,4,24,0.0
291,0.0284006392805909,291.5841593253983,7,63,1.1446224
292,0.064645255921922,289.4424679606538,4,8,0.0
293,0.0222912670080826,290.4021857687676,6,894,10.223311
294,0.0210459919422519,290.6801995792608,7,162,2.930421
295,0.0280505012061846,290.8766792071584,7,89,2.178187
296,0.0339126184364597,291.5523420696171,4,78,1.1505785
297,0.0455434430743329,289.2008865556659,7,113,2.4805295
298,0.031763747325237,290.7280066608827,7,79,1.145378
299,0.0359436902910251,289.7286529412278,7,109,1.4744167
300,0.0313681235313519,290.2636465359203,7,114,1.4730059
301,0.0180039282996929,291.6305242800501,7,76,1.8543341
302,0.0383999445523935,291.66944044709214,7,71,1.4791723
303,0.0683525500638538,289.2044936376652,3,13,1.1943032
304,0.0397312712521944,291.60209660382986,7,77,2.4829202
305,0.022871029118176,290.2150514429467,4,621,1.8543341
306,0.0212044297291144,290.66351076589353,7,102,0.92740995
307,0.0234185160571974,290.0445938125551,7,622,1.4652461
308,0.0234883318101626,291.4021879146535,7,83,2.1772592
309,0.0270250988390357,290.13202188761886,7,501,5.155968
310,0.0235932292196002,289.9968412798255,6,629,4.534691
311,0.0365464039975403,291.5381341656738,7,67,2.2996247
312,0.0663850666483768,289.57704188024445,4,10,0.92740995
313,0.0741241849107383,289.28763709626463,6,25,1.512014
314,0.0419289534723582,290.4505012708097,7,96,2.3000743
315,0.0383978135850445,289.6621750046053,7,106,0.92740995
316,0.0413183979907757,289.6062265428065,7,93,2.4771748
317,0.0193938055874953,291.2152169324815,7,93,1.4668337
318,0.0760458586043169,289.36225053252,4,21,2.2064283
319,0.0279604757849956,288.99935419415465,6,408,2.9368443
320,0.0370257172489906,291.557326436688,8,70,2.9536417
321,0.0239794577222131,289.8794036298538,7,661,2.4520676
322,0.0226268790396556,291.4907611412267,7,81,0.92740995
323,0.0478120395753733,289.4738898255744,7,103,1.1525384
324,0.0218149544878162,290.5242529358411,7,88,3.5845082
325,0.0305655945769356,292.0498560146253,4,113,1.4795805
326,0.0344285341324614,289.8965469223602,7,113,3.433756
327,0.0657418109654782,289.2571749526668,2,9,0.92740995
328,0.0290305986997807,292.1018177710114,7,237,5.547545
329,0.0265653844408298,290.0175881754968,7,602,2.1771863
330,0.073511209011365,289.48228501546254,4,19,3.5804958
331,0.0407341993579441,291.63434644566973,7,79,1.4795902
332,0.0469630292778611,289.27969983339267,7,109,1.4786401
333,0.0185545943614201,291.5940918794824,7,102,1.8543341
334,0.0242575895050312,291.58871535253644,6,65,2.1776135
335,0.0433562835933324,289.46458784719255,7,104,0.0
336,0.0626795629572384,288.4859515969529,4,20,2.2074742
337,0.0225710223301789,290.2956609109344,7,361,7.7112465
338,0.0433982550308164,289.6465544783546,7,108,1.1503451
339,0.0452624365846729,290.2590019771389,7,96,0.0
340,0.0667339311908045,289.5338305082004,6,15,0.0
341,0.0439447731482786,289.37964258225844,7,112,2.9529545
342,0.0207596902984271,291.6222580254827,7,86,2.4613876
343,0.0737068815842581,289.4386240307977,7,20,2.5613587
344,0.0663056498741333,288.76996550709595,3,17,1.5139662
345,0.0433853667169926,289.42450362930606,7,105,1.8543341
346,0.0241585924958034,291.60367705986664,7,65,2.4647238
347,0.039960418922433,291.5420487009034,7,79,1.4777771
348,0.0217728119215205,290.5661374679138,7,732,3.0016918
349,0.0782224864783862,289.39582434377354,5,20,11.940156
350,0.074358014899864,288.79230759182417,4,26,3.7172587
351,0.0201529109771569,291.5062525430222,7,103,2.1764002
352,0.0374318050426492,291.5742550054701,7,68,0.92740995
353,0.0211967973111543,290.658056248795,7,116,2.9294355
354,0.0423240746757684,290.8134962197026,7,89,1.1511401
355,0.0397523788680793,289.237622663801,7,115,0.92740995
356,0.0215736377221289,290.6216429603444,7,834,6.844239
357,0.0658431719913142,288.5863394670922,3,18,2.3977787
358,0.02145299742792,290.633456322416,7,770,15.538022
359,0.0364429229969663,291.5690378093448,7,69,3.0083928
360,0.0223659630863876,290.36171100336367,7,199,3.0015469
361,0.0377306535639863,291.78465361084955,7,64,1.4797511
362,0.0199303021461149,291.5756637672539,7,96,2.460458
363,0.0319590473925833,291.370161391623,4,99,1.1490833
364,0.0373856933775452,291.556224934721,7,71,2.181978
365,0.0404565978187158,289.347360964175,7,106,3.0074391
366,0.0637964691324323,288.4523695343453,5,35,0.0
367,0.0499461357204445,288.10180837501,7,131,1.4788195
368,0.0287733574727138,290.92936888708505,7,76,1.4725574
369,0.0221695137466187,291.165247274287,7,126,3.541731
370,0.0189996359531814,291.3188679918211,5,95,2.1749303
371,0.0601413269647102,288.9750093469439,4,2,2.2035112
372,0.0189048102660817,291.479578484451,7,120,1.4690078
373,0.0470849170756289,290.5478234043053,7,94,2.3058848
374,0.0201128154794281,291.3402518017694,7,138,1.4693627
375,0.0189564448395209,291.50131371855787,7,116,3.0040665
376,0.0500094749304311,288.9104648682975,7,110,1.8543341
377,0.0398696046502984,289.1386192385992,7,116,1.1478308
378,0.0738616392152003,288.64565887437425,1,31,2.4034498
379,0.0426410610510997,289.9158387060535,7,105,3.8783
380,0.0306149253953488,290.33711634046483,6,119,1.1442856
381,0.0224777613828221,290.6680751454066,7,261,1.4693199
382,0.0471838433904093,289.1409469793971,7,111,2.1825123
383,0.0469246723096451,290.0219749952253,4,-1,6.1546955
384,0.0303834614303136,291.1435042782575,7,136,0.92740995
385,0.067260770302578,288.55302375447934,4,30,0.92740995
386,0.0384659792376235,291.6705118030045,7,70,1.1525631
387,0.0678096043516438,289.5695767827576,7,15,0.0
388,0.0298277509073312,290.1346975473341,6,154,0.0
389,0.0203557175260491,290.95468042585475,7,231,3.874649
390,0.0213929528358865,290.6282678310991,7,85,2.4497354
391,0.0466804037201243,289.32533436493395,7,110,1.151748
392,0.018776500915482,291.6061490281764,7,97,6.475316
393,0.0186736190334744,291.4410657847262,7,78,0.92740995
394,0.0599629904614011,288.407033571308,4,27,1.5141009
395,0.0214826152585308,291.34820762709734,7,84,0.92740995
396,0.0443035359577279,288.8545282605804,7,106,1.4771242
397,0.0305585603712876,291.1813328492273,5,135,2.1804457
398,0.022172536547324,291.614598244293,7,79,0.92740995
399,0.0244989668107704,289.775472348501,7,521,9.037694
400,0.0205076622085581,290.9157955748087,7,427,2.1741703
401,0.0231106716195939,291.1704644819461,7,110,1.4704437
402,0.0746342328243534,289.4088467123553,7,21,1.194952
403,0.0252189228450957,289.570565613884,7,449,3.0038967
404,0.0410604730504371,291.5227495615759,7,81,1.8543341
405,0.0207233045247398,291.1919618845537,7,166,1.4694577
406,0.0241998691564374,291.46780677350625,7,74,0.0
407,0.0384889750770149,289.3453565957276,7,121,1.4751273
408,0.0747958493431762,288.85053299750257,4,22,0.92740995
409,0.0186456965139728,291.4000560537059,7,101,1.4680715
410,0.0600205752585249,289.7420883095805,4,5,1.8543341
411,0.0433101520332498,290.44871988099703,7,95,0.92740995
412,0.0329379788484764,290.0276315579803,7,117,2.469746
413,0.0481868544332422,289.55196565168086,7,103,1.1528354
414,0.0400279883145754,291.54124134312656,7,79,2.4808638
415,0.0295287123736048,291.5904521519822,4,61,2.7802885
416,0.0689430636751993,289.4191041198385,7,20,1.5099378
417,0.0380790588342855,291.7987748589747,7,65,1.8543341
418,0.0285869794409594,290.7356856655137,5,527,29.081253
419,0.024113364918205,291.35923571962513,4,68,1.4710882
420,0.0220506255781612,290.4978809182084,7,887,7.3788605
421,0.0175893932094114,291.74478346050535,7,84,0.0
422,0.0224036262630103,290.3523625565062,7,207,1.46382
423,0.0323405729467676,291.67761215147647,4,87,1.4782753
424,0.0747560896464638,289.3426481184308,7,20,3.8920944
425,0.0200973880229187,291.35741224729713,7,90,0.92740995
426,0.0378947667065249,291.581041084896,7,71,2.4812212
427,0.0291508859035143,289.5100375711499,9,732,13.576088
428,0.0194396447780058,291.31207999517306,7,166,2.459253
429,0.0288183783954411,290.9729392097944,7,254,6.464861
430,0.0431702841365113,291.50116025101147,7,85,0.92740995
431,0.0361153804004482,291.56670824669305,7,65,0.0
432,0.0353397522385513,290.807356307599,7,75,1.1473849
433,0.0231844946002284,291.0731921148717,7,121,2.2815247
434,0.0186205993263638,291.433638220049,7,88,2.1751206
435,0.0441282792629038,291.5095100160443,7,88,6.0021086
436,0.020623208312139,290.82129499256433,7,107,1.4662719
437,0.0655547838925413,289.1782499243625,2,9,1.51097
438,0.0366674309941869,288.49722178410644,6,410,10.019902
439,0.0667792005098096,289.43006273813336,4,13,2.2041533
440,0.0469165541041232,289.02787368866825,7,120,2.7802885
441,0.0312647642413998,290.34728725989675,7,106,2.17875
442,0.0187217641768226,291.3973120458555,7,95,2.933441
443,0.0704337440304819,289.5206642162927,4,13,3.693987
444,0.0232546356542268,291.73587500718,7,68,3.5455234
445,0.0666075306142233,288.57054193798365,4,24,0.92740995
446,0.0373561741962047,291.84280043412133,7,63,3.6101236
447,0.027287873941629,290.69123434542206,7,115,0.92740995
448,0.041812717854944,289.92543025290854,7,97,2.478369
449,0.0196875558597041,291.16322308532057,6,294,8.942682
450,0.05126177055997,289.7048703667073,3,1,1.5034851
451,0.0653006479673249,289.167516975178,1,7,1.193009
452,0.0352437643003158,291.57392226498393,7,68,1.8543341
453,0.0423057206435332,290.8286983871299,7,89,0.92740995
454,0.0664184990224115,288.7774506206964,2,13,4.035214
455,0.0235101287238828,291.3931096639591,7,83,2.9397342
456,0.0364243360986308,291.8307002658637,7,60,2.4846323
457,0.0273412542707528,290.2568742028648,7,534,8.365392
458,0.0466871190462542,289.77219591837604,7,101,0.92740995
459,0.0671702978781454,289.1347617724654,2,7,1.8543341
460,0.0267808459128907,289.8111070953684,5,525,8.755942
461,0.0461934549979445,290.8199712277366,7,93,2.3055546
462,0.0619503087136998,288.485531549215,5,21,0.92740995
463,0.0216807225236706,290.51089119354174,7,204,20.915255
464,0.0261990684694624,289.2897959398096,7,422,5.855515
465,0.0214561140547901,290.6335538143586,5,502,14.6831
466,0.0696791159470227,288.62664342567325,4,26,1.5178305
467,0.0456863516772964,289.55630408841154,7,108,1.4783553
468,0.0292919443795665,289.7489207743539,6,318,11.537121
469,0.033753032854265,291.48601941608706,4,59,3.6031744
470,0.0602624037541867,289.1078102719433,3,7,1.5089868
471,0.0683998172137557,289.3362890468378,7,22,0.92740995
472,0.0414350564227381,288.6733488299282,7,127,1.4757423
473,0.0363464488743098,289.75323873518755,7,110,0.92740995
474,0.0656129822107872,288.4995648478403,5,31,3.8937464
475,0.0212424588082164,290.668845023293,7,89,1.1345915
476,0.0395163091696755,289.1538468649711,7,117,1.1476605
477,0.0711792400051026,289.55489729759483,7,21,3.8913057
478,0.0191845067511145,291.2960836237662,7,136,1.1373452
479,0.0345085683774228,291.9298254941024,4,59,1.4797736
480,0.0399543835389469,289.29765309401256,7,110,1.4757013
481,0.0247869449444858,290.8583589884136,7,138,0.92740995
482,0.0214612593552875,290.8206458125114,7,241,0.92740995
483,0.023669928042837,289.9704175792606,9,1052,17.619047
484,0.0458828464622969,288.1795276934255,4,327,12.483758
485,0.0207873955637063,291.3648439252322,7,87,2.1764085
486,0.0645237558948184,288.7400624902433,3,14,0.92740995
487,0.0368541604332108,291.5390839164838,7,69,1.8543341
488,0.0806823912997067,289.34344235600935,6,28,2.2074096
489,0.0257518615940895,289.4073001351168,7,520,6.8619823
490,0.0205193999859087,290.89467013708247,6,89,1.1351424
491,0.0208014004265539,290.80390661996535,7,94,2.9291775
492,0.0266046081084691,291.595593268617,7,62,2.1782455
493,0.0241007176670614,289.9173993883246,7,653,5.9693985
494,0.0288207237827871,290.03787527544523,7,221,5.156395
495,0.0780574965553294,289.39032095605245,4,23,3.026217
496,0.0632984562361309,289.2710188313333,1,6,0.0
497,0.0218890824984146,290.4876695862876,7,122,3.5847852
498,0.031757000470136,289.482493545182,7,210,2.9428928
499,0.0279063383203752,289.4627367372364,7,338,7.3152266
500,0.0657809410273379,289.0153750555662,6,11,1.8543341
501,0.0389159248572323,291.7425271129188,7,70,1.8543341
502,0.018045696312528,291.5781161946629,7,100,3.8749657
503,0.0426872404184276,289.63311682123765,7,106,1.8543341
504,0.065030668576558,289.68755335009405,7,12,3.015927
505,0.0311813030965553,290.8597032822722,7,75,0.92740995
506,0.0265530279943901,291.5987871364954,7,61,1.4722776
507,0.0188754095735676,291.30314101084787,7,147,0.0
508,0.026901247831492,290.6783768288054,7,123,2.1777346
509,0.024719717961465,290.55415348200523,6,304,2.9390452
510,0.0464837072220802,289.75409243394023,7,101,2.303363
511,0.0676067692128364,288.60051242847294,4,22,1.5169619
512,0.021430415205827,290.59334246956973,7,119,3.8714504
513,0.0217480911366496,291.6266665576491,7,79,1.4703422
514,0.0187308279908295,291.4219070909161,5,87,0.92740995
515,0.0404483417427566,291.6856369100197,7,76,2.9578009
516,0.0631697612133244,288.6295790828848,2,16,3.664969
517,0.0797924564750832,289.3613495371166,4,30,2.2071729
518,0.0232469816211161,291.72945235348186,4,68,2.464068
519,0.079797661452643,289.3492633071824,5,30,1.198025
520,0.0384647232868955,289.3301089933516,7,121,2.180141
521,0.0249930339478428,289.5837124293938,7,536,9.7239685
522,0.0459184686146564,288.9079644024305,7,117,1.1508406
523,0.0667048851866057,288.5367430364995,4,31,1.2015526
524,0.0363311532844219,291.6992432717044,6,63,1.1522046
525,0.0465059336430901,289.95067917136794,7,97,1.15239
526,0.0212126678030922,290.6989679153947,7,91,1.4649253
527,0.0408473680624006,291.6270878026163,7,77,1.4795676
528,0.0255877977209492,290.9796332657918,7,96,0.92740995
529,0.029712213900141,290.20963449575265,7,149,0.92740995
530,0.0661435291225194,288.6167623593,1,14,3.7101471
531,0.0417486618368747,287.6669867265512,7,348,3.903705
532,0.0599071513821311,288.3926235309093,4,30,1.514333
533,0.0438091772798139,289.4853010813122,7,108,0.92740995
534,0.0762107240773418,288.76364346844895,2,29,2.2094226
535,0.0188750182940108,291.3514808182355,7,97,1.4675578
536,0.0374660943646389,291.54717192516017,7,71,2.4796793
537,0.0711759620863543,288.7926857190716,4,20,0.0
538,0.0240320373643357,291.35128331745426,7,82,0.92740995
539,0.0373072317391745,289.6254088266261,7,110,0.0
540,0.0327388781850439,289.39409695385626,4,46,3.477393
541,0.025959215734441,290.23742258623383,7,312,4.9173284
542,0.0616640613624558,288.3957698768689,4,35,1.5164437
543,0.0742616205614881,288.8882973320101,2,21,1.516489
544,0.0418502601800801,289.93844629359006,7,97,1.8543341
545,0.0309130755030591,291.70587565700725,6,126,3.008582
546,0.0213465569041836,290.59537874082923,7,153,5.66112
547,0.0690399644573665,288.6191944207012,2,25,0.0
548,0.0633776293343483,288.5175569292254,4,19,5.547545
549,0.0411807125324916,290.63795402150265,7,92,2.18173
550,0.0455312316025486,291.40308385962265,7,94,4.6966224
551,0.031202794738152,290.3363134582219,7,108,0.92740995
552,0.0244654682954012,289.73385745520795,7,584,2.4520462
553,0.0248421550777964,290.8531622958644,7,138,2.1772676
554,0.0405510660938564,289.0407166155682,7,114,0.92740995
555,0.0691787294539186,288.16415852607344,7,39,2.2102447
556,0.0209586966410231,291.17771318831734,7,145,2.936832
557,0.0700924756912767,289.2448402503177,4,24,0.92740995
558,0.026006466093751,289.70776310194304,7,503,16.180992
559,0.0343477132449404,291.55363490843774,7,64,2.7802885
560,0.0189521926194978,291.77805760692087,7,92,1.1399046
561,0.0330354507431913,289.8377300533925,7,137,2.178923
562,0.0314008735846188,290.80782271255936,8,77,2.7802885
563,0.0671436216955944,288.71548275229964,4,16,1.514997
564,0.0374984008347451,291.7860377331859,7,63,4.603519
565,0.0755486619551233,289.33473193613065,4,20,2.565168
566,0.0526248814445411,289.6288325493157,4,4,4.0037813
567,0.0316738226715479,290.6707643395848,7,80,1.4735178
568,0.0329933596295551,290.81603482065793,7,76,1.4742002
569,0.018261863090679,291.54600849028094,7,93,3.0034897
570,0.0212122390843182,290.7200998783649,7,733,16.68566
571,0.0376146609664588,291.5500312629905,7,73,2.9534442
572,0.0650257983116983,289.1570519329466,1,9,0.0
573,0.0203920925750449,291.4661352615652,7,109,0.0
574,0.0333707497108214,291.4683073706216,4,79,0.92740995
575,0.0461475527050922,289.6279533961031,7,107,1.1518137
576,0.0203298176830875,290.84137889066096,7,392,3.5898068
577,0.0397986832023042,288.9903276433593,7,127,1.1476159
578,0.0317795157229965,290.13679351212403,7,125,0.92740995
579,0.0259488923997497,291.63991018873435,7,60,2.466585
580,0.0217347496517761,291.2653485646964,7,118,1.1406876
581,0.0336174591245299,289.7270652651884,7,138,1.8543341
582,0.064421454901624,288.77751010967035,4,12,1.1954983
583,0.0393233104895796,291.63377817183067,7,74,1.4791403
584,0.0627619580094955,288.4930320918275,4,21,0.92740995
585,0.0669060784281598,289.43047947238983,4,5,8.181396
586,0.0737719815348729,288.80039038309496,4,22,4.8818073
587,0.0182487902657196,291.50468342673537,7,113,4.6397057
588,0.0451629481934675,290.24714398326904,7,96,0.92740995
589,0.0394730093141085,289.2357418497829,7,116,2.4745092
590,0.0397425407214109,289.24535961729566,7,114,3.007246
591,0.0223713094384178,290.3912245228425,7,376,1.4633826
592,0.0378471487644679,291.5602454252635,7,73,0.92740995
593,0.0701451215650654,289.06375440985977,7,30,2.5554376
594,0.0470152473923995,289.87451164125594,7,-4,2.5334897
595,0.0200898429605867,291.0392087583368,7,347,7.955461
596,0.0447911967837718,289.3812322527243,7,109,0.0
597,0.0445690801804575,291.4868487189139,7,89,3.9199533
598,0.0348479617024334,288.7932611822,6,351,3.598685
599,0.0262076580160376,290.2091134203811,4,438,13.508817
600,0.0227318403954404,290.2598021757155,7,722,1.4671818
601,0.0184193417554833,291.503035396351,7,94,1.4676763
602,0.0649015608779259,289.5862402453308,7,10,0.92740995
603,0.0261141499052273,291.6420057672478,7,64,1.1434888
604,0.0214241998886029,291.2928198829559,7,119,2.1766052
605,0.0204249864288082,290.87022366108545,7,113,2.174402
606,0.0379904496869448,291.58409350445754,7,69,1.1514274
607,0.0241354326843299,290.40713204618083,6,456,15.578164
608,0.0744404325070546,288.48449344896017,4,30,2.2098854
609,0.0344156122544354,291.52476762203185,7,64,1.4759257
610,0.0359592784638817,291.5234170214616,7,67,6.361511
611,0.0603853133943494,289.0296942794535,2,4,2.3810236
612,0.0280702338155425,288.56633651276104,7,146,7.8883653
613,0.0454885814004203,291.3783099589329,7,95,0.92740995
614,0.0234614726180515,290.04398218280505,6,606,0.0
615,0.0622712583151197,289.64973353990734,4,2,2.2026293
616,0.0189441650325387,291.28044971980216,7,173,1.1385769
617,0.0189232222746601,291.2875648662897,7,165,3.5353663
618,0.0356096422807085,289.5961041209677,7,121,2.1794999
619,0.0440888992325563,289.3136789247505,7,110,1.4774584
620,0.0335424315847704,291.46084735435386,4,56,1.4758751
621,0.0232196409927202,290.10764320799103,7,685,2.173096
622,0.0789864511486985,288.8766173735092,1,28,3.8938715
623,0.0808205161037519,289.3314156317869,7,34,3.0278187
624,0.0718608046949199,288.8750279776665,4,17,5.52798
625,0.0314544924927527,291.51991086868503,4,110,2.7802885
626,0.0306981597258823,291.58238360043447,5,58,2.1794744
627,0.0406894467598167,291.538251475444,7,76,1.8543341
628,0.028112058568146,290.2475727001647,7,464,0.92740995
629,0.0774486686804776,288.74253238449614,3,30,1.5182679
630,0.0405072368440737,290.5687143002132,7,93,3.008001
631,0.0273237807280543,289.4508450776658,6,361,2.176748
632,0.0311766334686733,291.2819499483286,4,111,0.92740995
633,0.0239892634688642,290.05114582702043,7,601,2.9361053
634,0.0290250463183387,291.09530845198753,4,86,0.92740995
635,0.0723807258054134,288.9890363267872,7,28,0.0
636,0.036767179216595,291.48664920784506,7,77,1.1489488
637,0.0244104166507481,291.5647294743966,7,70,1.1424949
638,0.039847059469658,291.6040890201556,7,79,3.8789167
639,0.035643297619743,289.9021502259851,7,103,2.9469585
640,0.0218378690845524,290.4739151787636,6,340,17.906088
641,0.0392559127738258,291.63166805252285,7,76,3.008981
642,0.0775090611606889,288.48495610882566,5,40,1.2032697
643,0.0394873502328762,289.47606858310934,7,106,2.1805248
644,0.0766639195673967,288.5754126715639,1,33,0.92740995
645,0.0263358254637068,290.4579203272548,6,382,7.7168255
646,0.0204941894684515,291.7776517781611,7,76,1.1407114
647,0.0363696804776071,291.6137486543023,7,61,3.0085948
648,0.0732948948180354,288.57582248221104,4,30,0.92740995
649,0.0235697629055711,290.0406903141535,7,722,1.4686688
650,0.0191789695401392,291.259983427884,7,102,2.4551628
651,0.0443709922539054,289.3991609639695,7,109,1.8543341
652,0.0638172227318368,288.7292117227948,3,12,0.92740995
653,0.0285644525329058,291.128021770804,6,74,0.92740995
654,0.0225236062337941,290.3213272793509,7,234,2.4463747
655,0.0410797185728162,291.67655562737207,7,80,2.9580903
656,0.0246843235168923,289.7160301268966,7,455,1.4684156
657,0.0683821232676478,288.5490012800191,4,28,1.2019558
658,0.0768962502137082,288.73286192500274,2,31,2.2095296
659,0.0254564017797491,290.7990813512458,7,130,2.9401655
660,0.0400009467585244,291.6010025411793,7,80,1.4790472
661,0.0203178555135867,290.9320780596643,7,99,0.92740995
662,0.0314892788034191,292.0577932378901,4,90,3.6096082
663,0.029330182473307,290.7594141605815,7,91,1.1441172
664,0.0414215477296344,291.56485571258537,7,88,5.765283
665,0.0225517256532479,290.6941002390584,7,380,11.579158
666,0.027154700378007,290.49788173396604,6,376,6.8505936
667,0.0651842583367474,289.22928230507046,1,6,0.92740995
668,0.0326575130915442,289.8360297115238,7,145,1.47314
669,0.0634846126843119,288.4465810934643,4,33,1.5170566
670,0.0330709486322071,290.2870739601664,7,96,1.145547
671,0.0335541778909562,290.9526231331051,7,75,2.1797755
672,0.0765343565089162,288.51498848318977,4,35,1.8543341
673,0.0417058529793759,291.60933815538533,7,78,2.1832685
674,0.0679885299209559,288.7474736209897,1,15,6.0367694
675,0.0307925120474844,290.40516096530206,7,108,1.4728999
676,0.0434285258771635,291.543708589077,7,87,2.3057775
677,0.0612638450520185,288.4811028115183,4,20,1.8543341
678,0.0249215054158127,291.07816118189265,7,97,2.1774426
679,0.02830635667927,290.6037669705452,7,604,5.7872376
680,0.0219952114540873,290.4760021797667,7,109,2.172736
681,0.0675817391349578,288.6041311848452,4,22,3.5974605
682,0.0400098025982292,291.7059364589891,7,72,1.1534507
683,0.0632477691306361,288.4370499475237,4,35,2.4005845
684,0.0787894093125412,289.35592280346793,4,28,3.8925316
685,0.0394337079933854,289.14197287575405,7,121,1.1475997
686,0.0270635009186859,290.0699710548223,7,403,5.6936984
687,0.0292287262863984,290.9041473585602,4,254,3.6011755
688,0.0804837312110075,289.3679378161445,7,34,1.8543341
689,0.0390998211122,291.57119925338054,7,74,2.3022046
690,0.0463328141216809,289.7084502524916,7,101,2.1826205
691,0.0362653414841031,291.76217362153767,4,60,2.1829681
692,0.042099022062033,291.60114728100143,7,86,3.6096816
693,0.0426558966116818,289.78485205955576,7,100,1.4772865
694,0.0345879497939314,289.8546172046805,7,113,1.4739684
695,0.0302298026085161,291.2930034508145,5,201,2.4770012
696,0.0223579919525363,290.81041658386283,7,221,2.279255
697,0.0286663429626508,289.71822880293286,6,475,0.0
698,0.0280548092063855,290.88425367398673,7,88,1.4722186
699,0.0420261014875339,289.85142637411457,7,98,0.92740995
700,0.0221415696973758,291.07567793679794,7,154,0.92740995
701,0.0692688424640586,288.6447500490337,4,24,1.5172422
702,0.0513940258640547,286.82925726309884,6,401,13.676304
703,0.0199825905714492,291.46901618930855,6,74,2.9367955
704,0.0636148699629323,289.4091868179673,2,5,1.5093278
705,0.0218324257981421,291.19785069139255,7,126,1.4698226
706,0.0269925284036198,291.3629962057599,5,64,2.2868826
707,0.0207495349597872,291.63499227998074,7,87,1.4699425
708,0.0339981458661258,291.6146962413508,7,68,1.4753826
709,0.0389833891007092,291.54648691441867,7,75,0.0
710,0.0259134597495798,291.25790809495976,7,74,2.1778371
711,0.0709789743882588,289.1302027152658,5,15,0.0
712,0.0235051186687131,291.2567477396617,7,96,2.1771655
713,0.027927675047856,290.6455585856218,5,299,3.8965766
714,0.0420658777037051,290.29344440309654,7,97,2.1817667
715,0.0636126655213513,288.92264245403976,4,6,1.5114434
716,0.0308387427178285,291.2292802320806,4,113,1.4758024
717,0.034475404706962,290.0763198695103,7,100,1.4741281
718,0.0410076020973783,291.53477903631523,7,82,1.4785024
719,0.027109633982751,289.54166918378866,7,335,1.1408817
720,0.0419529689784399,290.409159121721,7,92,1.1504679
721,0.0209747355457344,291.66884641921723,7,76,1.8543341
722,0.0307425858576141,290.1928933190889,7,133,2.2874427
723,0.0260885314148893,291.1829804379106,7,78,1.4716914
724,0.0434030263596344,289.17910995856994,7,101,1.8543341
725,0.0215579293296362,290.6063827241944,7,116,1.8543341
726,0.0303235259015054,291.1564525367636,6,164,1.1478958
727,0.0204969852423594,290.78923799157195,8,594,15.20911
728,0.0266842639760738,290.5133831692548,4,315,10.013102
729,0.0223318057527729,290.3803807046658,7,196,4.8844705
730,0.0209683381783273,291.61457062654483,7,81,2.176684
731,0.0415809497079711,287.8487855685977,7,208,2.2934942
732,0.0456528601971314,289.8285312820997,7,103,1.8543341
733,0.0400099893513997,289.59958077824405,7,98,2.2959988
734,0.0224355454549897,290.3386612959345,7,207,1.4638587
735,0.0241209660014952,291.5909101439796,7,71,1.1423755
736,0.0606153309122886,288.96538997158694,2,4,4.5208716
737,0.0365677636401466,291.66391676528303,7,65,1.1519576
738,0.0258183932951086,289.9707532940575,9,933,13.478414
739,0.0291902045991633,291.48872084173126,5,633,13.6302395
740,0.0697562547087396,288.5281218546773,4,27,1.8543341
741,0.062714942711911,289.613347653179,1,7,1.8543341
742,0.0234982845327154,290.03085226993244,4,601,1.4668155
743,0.0662290304392024,288.5032527571206,4,34,2.4026725
744,0.0328472053237836,291.44201331249315,4,85,3.5670671
745,0.0191365546508049,291.3007235354542,4,89,1.1367314
746,0.0218755432865877,290.4777415347785,7,160,0.92740995
747,0.030902354305103,291.2195581113024,4,77,1.4752344
748,0.0226456946354918,290.2828146997597,7,239,2.172369
749,0.0405189633403984,289.0848686582933,7,114,1.4757392
750,0.0226888766577672,290.2656806951229,7,605,2.1740484
751,0.0245219228048277,290.6071782491288,6,222,0.0
752,0.0467165923346664,289.4809978392346,7,105,1.4787202
753,0.0655757912269179,289.18009858034605,2,6,0.92740995
754,0.0196162763154124,291.03378104076194,7,420,14.793558
755,0.0199712987954467,290.9594640665571,7,228,1.1377957
756,0.0395622717159919,289.17900942322643,7,120,2.4744716
757,0.0404831075727792,291.5508993197223,7,81,2.1824992
758,0.0434882757170298,291.5183695561949,7,87,2.1831532
759,0.0474485574405615,289.8892637794409,4,-3,1.4981793
760,0.0708549779706601,288.769778616132,4,19,1.5163039
761,0.0629280975810137,288.4333920865594,4,35,2.2085478
762,0.0634130371016867,289.5083737805781,6,7,2.3800116
763,0.0415236840084971,291.5312587415951,7,81,2.7802885
764,0.060133257216746,289.21215251459427,4,7,2.5530336
765,0.036082834912942,291.57096864803447,7,65,2.180978
766,0.0359716611083881,291.56386475262,7,63,1.1507833
767,0.0352356546032409,291.5757982719429,7,66,4.584599
768,0.0185096208417429,291.48131340519006,4,84,1.4675183
769,0.0490415442192621,288.2861008188045,7,127,1.8543341
770,0.01962007290538,291.407854277776,7,131,2.459713
771,0.0220717267723059,290.44128353540395,7,147,1.4642495
772,0.0740369992188818,289.2952024939072,4,25,0.0
773,0.0242986615584378,289.79425751407405,7,656,1.4667611
774,0.0200982437710887,291.7699595435402,7,83,1.4698104
775,0.0460932946686622,288.9989705865588,7,115,2.1821098
776,0.0590857655496909,288.4029097493347,4,33,3.0258658
777,0.0187297844916437,291.41776206847123,4,87,1.8543341
778,0.0386755578123475,289.2122594562885,7,127,1.4750832
779,0.0618917556399062,288.56002024650365,4,15,4.8629713
780,0.0346303513481187,291.4992619028517,4,62,2.4783993
781,0.0184847153173496,291.4183810021551,7,132,1.4686931
782,0.0391736753617803,291.54863057104683,7,75,0.92740995
783,0.027629968013086,290.6044131745836,7,252,0.92740995
784,0.0249647239138438,291.7046560708561,7,65,1.471741
785,0.0328710038854893,289.1020543197499,6,363,4.765487
786,0.0271425718888792,289.54753321037015,7,333,1.4701606
787,0.0183678906810048,291.49664962060365,7,96,2.1753972
788,0.0213235354029898,290.6707885206953,4,97,1.4647577
789,0.0183367850815625,291.7231432628054,7,90,0.0
790,0.0270834951958721,290.309483615124,7,730,22.641548
791,0.0344688718854768,288.59473029407644,7,855,6.510553
792,0.0635492310653418,289.39172896738773,1,6,1.8543341
793,0.0230749641914652,291.2735443071816,7,102,1.1414211
794,0.0729169732333006,288.7957228228611,2,21,0.92740995
795,0.0467850884696861,290.0439338080691,4,-5,1.1786786
796,0.0563287532035993,289.49716310244986,1,5,2.373245
797,0.0685608783951078,289.5790603155925,7,20,3.6593738
798,0.0411652130811147,290.23457082438523,7,95,1.8543341
799,0.0597820661415057,289.7176772949836,4,6,0.0
800,0.039478956612125,291.7019690524872,7,69,2.4846551
801,0.0203994678698105,290.91120209698187,7,99,1.466076
802,0.0295413181810318,291.07099752251986,6,181,8.237576
803,0.0185161286104191,291.48428273534654,7,76,1.4687328
804,0.0212320716121016,290.63872506638927,7,143,1.4657869
805,0.0464320380262111,289.9039491535509,4,-6,1.4998792
806,0.0258652746830259,289.3809961610389,8,529,10.763024
807,0.0211283332429003,290.7269499776655,7,87,4.621217
808,0.0313175024913941,291.29677007016784,4,107,3.4421475
809,0.0257288281662377,289.5053233547748,7,493,2.1759791
810,0.0248846259071486,291.1332080456632,7,90,1.1422042
811,0.0369724909043958,290.3818934982,7,85,1.1477537
812,0.0396955632915899,289.250159270442,7,115,1.8543341
813,0.0239515294548603,289.88379995547865,7,689,3.401382
814,0.0594235299221482,288.3748083541538,4,31,1.1971097
815,0.0753199567142983,288.8060137645616,6,25,0.92740995
816,0.0419901706565334,291.3743024139342,7,82,2.4817083
817,0.0448084301577091,291.3472303968155,7,91,2.9572804
818,0.0642927391423468,288.7210781919902,4,7,5.6734433
819,0.0378885791934736,291.5776017327174,7,68,2.9544637
820,0.0477959225921889,289.70526087829273,7,96,0.0
821,0.0177351807269501,291.7550547961044,7,91,2.458772
822,0.0670734249290155,288.8842516331375,6,15,2.2061877
823,0.0314800937701563,290.938234795046,7,71,2.2900424
824,0.0200060724166332,291.5714018920206,7,96,2.4605238
825,0.0565046529414512,289.4582611255255,4,7,2.3736124
826,0.0658616595358455,289.1148068495569,4,8,0.92740995
827,0.0403475468217292,289.9014978063321,7,91,2.476858
828,0.0457733044853551,291.18163176976844,7,92,0.92740995
829,0.0436504418450609,289.1729373097139,7,106,0.92740995
830,0.0405284319829974,291.56685681517496,7,79,2.482615
831,0.0617755354812669,289.4285796549767,1,8,3.5660393
832,0.0564822943902971,289.4498825666213,4,8,2.2014377
833,0.0432720058695968,289.573496461275,7,106,1.1501937
834,0.0362926832619731,291.6221757330745,7,65,0.92740995
835,0.0239216229249586,291.11396624631595,7,108,1.4707271
836,0.0371931750621803,290.9710657258084,7,75,0.92740995
837,0.0394619753127894,289.405151680612,7,112,2.1804736
838,0.0311398793322996,291.2693647160553,4,105,0.0
839,0.0402206152688601,291.59386303181105,7,79,2.1828094
840,0.019745370841987,291.73181724639284,7,86,2.4606335
841,0.06241003652633,288.52043839026857,3,17,7.530184
842,0.0343287985978778,290.5431018048914,7,85,2.4722755
843,0.0697122643820977,288.072048886616,7,39,0.0
844,0.0180031947988684,291.836780364433,7,78,2.936148
845,0.0237911605137621,289.93065606864013,7,937,13.420301
846,0.0184635842675925,291.49915625174026,4,83,1.8543341
847,0.0243636244048132,291.09261814349657,7,111,1.8543341
848,0.0654795682156445,289.6528496021298,7,14,2.7802885
849,0.01794515264606,291.70599150459174,7,93,2.1759317
850,0.0226966522023357,290.2680836519999,7,281,2.172337
851,0.0225637398538136,290.3042011539934,5,229,1.1325907
852,0.0180381838717436,291.58738680928354,7,98,1.8543341
853,0.0210694622039231,290.66104263693853,7,217,1.4663473
854,0.0182162052085533,291.57008843276026,5,78,1.4686078
855,0.0613595463487077,288.47333638688565,4,18,4.036282
856,0.0436255324453331,289.3582052913467,7,109,2.1816287
857,0.0752533651563076,289.36991849534434,4,21,4.7781844
858,0.0180154279315047,291.760892510345,7,91,2.1759791
859,0.0493137124494147,288.0902882025293,7,128,3.0087044
860,0.0358193157585483,291.5983154388685,6,61,0.92740995
861,0.0357427692913972,289.7308736480071,7,114,1.4743351
862,0.0239070910392116,289.89786724870214,6,703,4.62469
863,0.0407738469056001,289.2034838718664,7,107,0.92740995
864,0.020551479636401,290.8793242381173,7,91,1.4657358
865,0.0411620238109774,289.6541061371521,7,95,1.1491444
866,0.0194061700147352,291.1102608140519,6,371,16.696146
867,0.0681124646824288,289.0649710359415,4,17,5.1458583
868,0.0250321034475932,290.89307884138015,7,119,0.0
869,0.0791317523185256,288.8647507073417,1,31,1.5180624
870,0.044475858740478,288.7458123038248,7,110,0.0
871,0.0214505541993127,290.62717603748087,7,90,1.4647456
872,0.0427792754489011,291.53932485287373,7,86,2.484089
873,0.0676468312030172,288.6149476198441,1,23,0.0
874,0.0307868770517932,291.537401414167,4,157,1.1504719
875,0.0287831636349214,290.7845104693493,4,402,8.235984
876,0.0374184526948814,290.2068702121169,7,89,0.92740995
877,0.0698341825674633,288.73892060834453,2,16,2.3982742
878,0.0617523183103295,288.47517979155566,4,22,4.0373893
879,0.0393796438427892,289.33049418259174,7,115,1.8543341
880,0.0204526218716025,290.8604109692287,7,112,1.4666009
881,0.022251945089159,290.39974433093056,7,177,1.4639094
882,0.037263522492773,291.5457975249837,7,68,1.4771115
883,0.0314711065504379,289.2400201579301,7,478,11.042087
884,0.0757431317028264,288.5130477746393,1,32,0.92740995
885,0.0421932254231075,289.93935277141577,7,100,1.1500424
886,0.0199153168216996,291.0660982585883,7,92,1.8543341
887,0.0406909933108387,291.55114814887463,7,84,0.0
888,0.026038423435863,290.6953136487708,7,138,2.7802885
889,0.0601521809474471,289.8145950829036,4,5,1.5070562
890,0.0422778668393563,290.9872714386493,7,87,1.4782305
891,0.0738425732165023,288.77981112492694,3,26,1.5175761
892,0.0213597180958973,290.6616623820367,6,479,11.945892
893,0.0264534436209278,290.637543808305,7,140,1.1424192
894,0.0673151712697269,289.6563888741845,4,15,4.8450546
895,0.045043380397657,289.1279932193007,7,111,2.4798615
896,0.0237747672948577,289.9420221192968,6,753,11.030163
897,0.0406686598703886,291.669273909718,7,76,1.1533887
898,0.0613504960738525,289.44406613553633,4,6,1.5083684
899,0.0761059654781129,288.4698249190876,4,33,2.7802885
900,0.0263988232982995,290.84536533356766,7,186,7.7171993
901,0.038284710727354,291.56537015998094,7,73,1.1511852
902,0.0418191322199997,290.3558740605256,7,96,1.1503328
903,0.0642221718807063,289.2478648968193,1,6,0.92740995
904,0.0323256827916765,291.4661222222953,4,103,3.0080152
905,0.0191424360524359,291.35627437957544,7,149,2.9359953
906,0.0411089771379407,291.569395783724,7,83,3.9178133
907,0.0322735805187425,289.03518181183483,8,632,1.8543341
908,0.0699161212686758,288.4825122411476,2,28,2.2096002
909,0.0436957148998698,289.15559168755914,7,105,0.0
910,0.022570149375294,290.32019684326553,7,688,1.4639809
911,0.0623087165221114,288.5176580684746,3,17,2.5667195
912,0.0604444490299703,289.7625245520301,4,2,2.3758216
913,0.0209912379682243,290.7942399272108,7,363,5.6608114
914,0.0784948117000744,288.897535846948,2,29,4.545238
915,0.0226768150669811,290.2828569468532,7,269,2.172253
916,0.0420385274518557,289.0758120234318,7,105,0.92740995
917,0.018439353440172,291.506565834418,5,77,1.1387223
918,0.061676957107295,289.4315595388205,1,6,1.1899856
919,0.0446556461947999,289.2740284224865,4,-5,2.9952357
920,0.0210679496793165,290.70804623220124,7,94,4.3412085
921,0.063349186901237,288.56958363846513,4,16,1.1974461
922,0.0666485117505044,289.449195848004,4,3,2.5570862
923,0.0230485689124944,290.48871487784686,7,373,7.71535
924,0.0251089662020141,291.0934945614183,7,91,0.0
925,0.0203901824305363,290.8573482134152,7,153,0.92740995
926,0.0705833790273295,289.59113045228764,4,19,3.6609075
927,0.0357556132678246,291.1348522369047,7,73,3.0072846
928,0.0212986418721173,290.6521350373343,7,89,0.0
929,0.0370840572362999,291.3055674634692,7,75,0.92740995
930,0.0424321472369341,289.5154901496885,7,102,2.4780965
931,0.0751913698320077,288.73391874409856,4,27,0.0
932,0.0670322261239686,289.6367237676963,4,12,5.100835
933,0.0215469022994218,291.5809352833556,7,85,1.1410085
934,0.03495416158761,291.5367275184357,7,63,0.0
935,0.0214468911779768,290.61143503995686,5,87,0.0
936,0.0177619972343522,291.7177040768065,7,96,0.0
937,0.0452908651588049,287.6920129091469,4,302,22.265152
938,0.0264676061124256,290.6315473813785,7,144,0.0
939,0.0466584928590149,287.6858732105626,4,433,2.298653
940,0.0195453750159293,291.558367885572,7,105,1.4693658
941,0.0294291817749353,290.9853787386845,7,237,6.800119
942,0.0353692690906438,290.17506531920003,7,94,2.7802885
943,0.0252359024797999,289.5647457981422,7,452,4.6399207
944,0.0601942762772903,289.01530617681465,4,5,2.7802885
945,0.0724416626358985,289.5549534050295,7,20,1.8543341
946,0.0223021509568367,290.37057910485646,7,195,0.0
947,0.0356608135403343,290.5766865554117,7,82,1.1472836
948,0.0184850883997277,291.7832978312717,7,91,1.1396677
949,0.0306009636105384,292.048406814844,4,109,2.4843643
950,0.0659521460500399,288.76560199441224,4,13,1.5138167
951,0.0447885801866784,289.2950960246343,7,111,1.4777356
952,0.0272768786682065,289.4583397279111,7,355,1.1407984
953,0.0751587496216766,288.4945770035814,4,32,1.5187937
954,0.0206376655617813,290.8736887040904,1,86,1.4653422
955,0.0206242191556375,290.8791043232516,4,87,0.0
956,0.0638569282079546,289.1336206959613,3,6,0.0
957,0.0455023580420971,289.9790356146405,7,100,1.4786657
958,0.0360769127121893,291.3068221695259,7,72,2.9499078
959,0.0322979293195901,291.6783436022918,4,90,0.0
960,0.0753025005587758,288.6573173243284,2,30,1.2023787
961,0.041550530159474,291.5782747724918,7,80,2.9567733
962,0.0633564370734587,289.54879125599746,4,5,1.5088183
963,0.0428568501290261,289.5957894091259,7,104,0.0
964,0.0192752657191678,291.1600934778006,7,285,10.223305
965,0.0661234578675782,288.51734202398114,4,31,1.2015574
966,0.0381947639988144,291.6383893968607,7,71,1.4788804
967,0.0432303212130022,287.84738916998685,7,325,20.727278
968,0.0206313823937363,290.7955832506458,7,142,1.8543341
969,0.0220535681863787,290.5997872542076,7,340,3.0040278
970,0.0551137391138325,286.9131261693418,9,597,6.0367723
971,0.0457573306329104,289.3011989548164,7,113,0.0
972,0.025781584828365,290.50165874106096,7,223,1.470974
973,0.0207364545761068,290.7944268119059,7,101,3.5269265
974,0.021981437396617,291.0679497804053,7,160,0.0
975,0.045775092190298,289.3166140068945,7,115,1.478173
976,0.0205345473836585,290.7752533558113,8,594,11.214653
977,0.0332675126198917,291.4951751948396,4,83,3.911548
978,0.0251207190462404,290.0913488263544,9,748,8.948622
979,0.0460053801878763,289.5075233565208,7,107,1.4784448
980,0.04413753933577,289.31822545257046,7,109,3.4473698
981,0.0273779154161234,290.5239489611157,7,147,1.142774
982,0.0377344379908205,291.5572443670716,7,73,0.0
983,0.0346148807177502,289.0711866642804,7,236,12.527848
984,0.018429411836204,291.5107037110271,7,79,1.4680866
985,0.0594201874865823,288.9986585929009,4,7,1.8543341
986,0.0746247364642723,288.48624356183984,4,32,0.0
987,0.0232082115628911,290.1300214028281,7,723,4.9039073
988,0.0416228754904715,289.7376994013539,7,96,0.0
989,0.0283838713852572,290.6758789882607,7,106,2.2860994
990,0.0619624256891562,288.47699912640866,5,22,0.0
991,0.0388167680100112,289.3712087037943,7,116,2.4741564
992,0.0629500041144597,289.7412500542772,4,9,0.92740995
993,0.0416464219844701,291.3453141230556,7,83,0.92740995
994,0.044217736795731,289.4525846902479,7,107,1.150562
995,0.0454229566448791,287.4414329705985,9,494,23.432673
996,0.0486121093068464,286.9620747452576,7,447,19.850933
997,0.0251859143610281,290.39682608957867,7,320,10.77572
998,0.0340402580682827,291.6169005278281,7,66,1.1476727
999,0.0348031279629484,291.9579943931534,4,57,2.183432
1000,0.0212331456108454,290.6757102524145,7,91,3.0021825
1001,0.0402997570440446,289.23685572423955,7,107,0.92740995
1002,0.0377914249939709,291.63506429432266,8,68,2.7802885
1003,0.0429238188381281,289.2310590951949,7,102,1.476889
1004,0.0790702499203114,288.86280460201,1,32,1.2020519
1005,0.0371789884625952,291.5603476639764,8,68,0.92740995
1006,0.0392816812427662,291.7502457444702,7,72,0.92740995
1007,0.0388940151203866,291.57705639957663,7,76,3.572932
1008,0.0266030841165439,290.6771619972794,7,128,2.177649
1009,0.0631523537797259,288.43124922573094,4,38,0.92740995
1010,0.0479626186018596,289.6079464351431,7,102,1.4793651
1011,0.044113964755199,289.4094955529593,7,109,4.4248366
1012,0.0686780451633582,288.6279981686615,4,22,0.0
1013,0.0204190274579946,291.2397007659267,7,146,1.4693812
1014,0.0211821677742643,290.7138469087437,4,703,10.157712
1015,0.0183420978461064,291.49286025081284,7,104,1.138518
1016,0.0199429871114507,290.93791950253234,6,284,22.807299
1017,0.0416770978195173,290.36362988269855,7,97,3.0081491
1018,0.0211963459788393,290.72480109547223,7,693,10.646763
1019,0.02039423861008,290.9034639620966,7,102,9.0591
1020,0.0212400167172437,290.7058987461221,7,669,15.424398
1021,0.0185391718217426,291.4794071864405,7,78,0.92740995
1022,0.0253699460599193,291.3965462164819,7,71,1.1427939
1023,0.0762107602061454,288.6330954692302,4,31,2.4040935
1024,0.0366184810908906,291.5360148005707,8,67,2.4789822
1025,0.0682153618317702,288.0970418888014,5,40,1.8543341
1026,0.0229089589845812,290.2077333541762,7,675,2.9323936
1027,0.0303453857194778,291.75101099815254,7,158,0.0
1028,0.0281519599379173,290.01040929952313,6,226,10.193172
1029,0.0391035532128253,291.5696123704022,7,74,1.8543341
1030,0.0417213695056228,289.9839091728142,7,97,2.7802885
1031,0.0400523048265473,291.60501936234374,7,78,2.4832332
1032,0.0372006871115472,291.55264819878016,7,71,0.0
1033,0.0647652673231747,289.3234497721438,2,4,1.8543341
1034,0.0663570424310912,289.1323930026588,1,8,3.8913543
1035,0.0266363518321397,289.9416588021842,5,611,13.44131
1036,0.0241910154677541,291.4865278475193,4,68,3.5461895
1037,0.0267438031360336,290.6569174671333,7,128,1.4714499
1038,0.022726438339383,290.2733333954103,7,878,11.04894
1039,0.0422502796745874,291.544865922079,7,83,3.5760584
1040,0.0311208672284391,291.32293809133057,5,126,3.6041656
1041,0.0309951630181899,291.4411179935944,4,125,3.5679986
1042,0.0692199105326589,288.62640845277605,4,25,0.92740995
1043,0.0447370893318598,288.5998554277594,7,109,1.4770702
1044,0.0242615785490032,290.7108254630904,4,223,0.92740995
1045,0.0213027811424703,290.5687465676087,7,458,14.778759
1046,0.0251253514340297,289.6026980528542,7,476,4.3454533
1047,0.0398378270575747,289.3009886787873,7,110,4.940838
1048,0.0215281941493494,290.61785603157443,7,119,0.0
1049,0.0322069784055211,290.16193184953045,7,114,0.92740995
1050,0.043265696586659,290.9099560541491,7,89,2.7802885
1051,0.0404501566769477,291.5387622204994,7,80,0.92740995
1052,0.0422408366216894,291.5527017267814,7,89,2.1830335
1053,0.06287748518512,288.5312012475516,1,18,1.8543341
1054,0.0364645612631926,291.53566143630746,9,68,1.4773597
1055,0.0250276536350063,291.34934731008497,7,71,3.5468335
1056,0.0588635112715428,288.3648866775596,4,31,3.7028403
1057,0.0458931206375454,290.3317517582411,7,90,2.7802885
1058,0.0234744093885117,290.04199869517794,6,855,10.739391
1059,0.0404766375135023,291.55509631761294,7,82,2.4821653
1060,0.033533374641646,289.7100833016889,7,142,1.1450925
1061,0.0330607592709946,291.09133718024054,7,69,1.4744827
1062,0.0627294160561441,288.4476601895798,4,21,0.92740995
1063,0.0221773961433638,290.95072467811246,7,233,5.662138
1064,0.0409546296454153,289.4259583814872,6,97,0.92740995
1065,0.0357326263158256,289.9697093241036,7,100,1.4745549
1066,0.0468019350835761,288.8786193261242,7,121,1.8543341
1067,0.056628494684873,285.85621191505845,8,303,2.7802885
1068,0.0469706485181856,289.9241472434961,4,-5,0.92740995
1069,0.0409768218152279,291.53160443949656,7,79,2.4815104
1070,0.0221961720399155,290.41551738771045,7,1021,15.430465
1071,0.0475266755090908,288.0969170443991,6,164,4.5937524
1072,0.0458903265104839,289.05851808259354,7,117,3.008432
1073,0.0489615693328316,289.7618191653484,7,101,4.7677636
1074,0.027536256727125,290.28885495785,7,567,12.515111
1075,0.0425741557699255,288.14774717477854,4,196,15.02724
1076,0.0261494427766475,290.80271943988174,7,110,2.1776032
1077,0.0452675457284682,289.0152196457244,7,112,1.8543341
1078,0.0320264786020814,291.5031345197377,4,102,2.4791183
1079,0.0274488478322947,289.4552171712468,7,347,1.1410006
1080,0.0420153776578336,289.6455326580409,7,98,1.476889
1081,0.0292587201271689,291.3201387899977,5,290,2.2979434
1082,0.0301441796394629,290.5463639213841,7,100,1.4727628
1083,0.0221496010328968,290.4247863422054,7,162,1.1330876
1084,0.0772705452930501,289.3053734929404,4,19,2.5667725
1085,0.0217214661197945,290.557419847781,9,667,15.63755
1086,0.0293597552189835,290.80689174858475,7,87,2.178508
1087,0.0214978369184983,290.5473031594794,7,265,7.0251293
1088,0.0336503735083442,291.490604842939,6,58,3.5628357
1089,0.0366409561815339,291.5642483090897,7,72,1.4764037
1090,0.0214021007096832,290.60303927951514,7,115,1.8543341
1091,0.0363647611180953,291.5368938894078,7,67,2.181704
1092,0.0757296501822394,288.7299215756154,5,28,2.4032578
1093,0.0348993358729472,289.2265701923059,6,172,1.1452413
1094,0.0399198553616835,291.5418360471689,7,78,0.92740995
1095,0.0422266703750748,289.7029086072836,7,104,1.4770321
1096,0.0454358711245904,290.063845925388,7,99,1.8543341
1097,0.0658408660004122,288.7358954283613,4,16,1.1969724
1098,0.0308034130903886,291.55575199251234,7,57,1.4741877
1099,0.0782428665821985,288.891973164957,4,30,0.0
1100,0.0202220098922509,290.9669376032873,7,99,2.9304333
1101,0.0231963678532046,290.12462110008244,7,867,9.172368
1102,0.0281747522387612,290.6227305711273,7,120,0.0
1103,0.0474507046684602,288.72511669703954,7,121,3.8786542
1104,0.0602894353084736,289.1006290055988,4,4,2.3802066
1105,0.0618674783067892,288.8396148345058,2,8,1.511055
1106,0.0766512672556303,288.7588805185202,1,31,1.2021576
1107,0.0310440742562625,291.72383814051534,6,121,2.7802885
1108,0.0306116613705935,290.30376783090486,7,121,1.4727286
1109,0.0766578565485458,288.8902064425741,1,25,1.5174015
1110,0.0386354087576187,289.69320159264345,7,100,0.92740995
1111,0.0373091758315103,289.5037324232059,7,115,1.146887
1112,0.0393190297580254,291.6299167879208,7,78,1.4791082
1113,0.0251578454775927,291.12172055848663,7,89,2.2837636
1114,0.0469168244254095,290.6357856672327,7,94,1.4798639
1115,0.0218171464375367,291.69121505376444,7,74,0.0
1116,0.027850800807328,290.61642602065166,7,123,0.92740995
1117,0.0251186781961455,290.93786264787906,6,104,0.92740995
1118,0.0378346431919333,291.60520427400525,7,70,5.894439
1119,0.0287101819082409,290.59717180508505,7,113,1.4722155
1120,0.0191949641207582,291.65853962630587,7,85,2.1762452
1121,0.01861674015901,291.43858550194705,7,89,1.4676064
1122,0.0229657736725868,290.2286197484964,7,830,1.8543341
1123,0.0439808531694131,291.5034657003944,7,90,2.9572804
1124,0.0185350923067529,291.4695549801021,7,91,1.8543341
1125,0.0279123029433648,289.4165725900965,6,388,15.241851
1126,0.0267204726009318,289.56510599336696,7,350,2.1765864
1127,0.0704555115018717,288.363066361506,4,29,2.4048436
1128,0.0359008878505208,291.525621778668,7,64,0.0
1129,0.026718354582547,290.6510740602837,6,184,2.9416907
1130,0.0251091164288768,290.06657997347423,9,776,4.6273675
1131,0.0278314392230119,289.3438391202656,7,341,17.090797
1132,0.0239031989949202,291.0740667385143,7,107,1.4706779
1133,0.0227919766339734,291.71788098019283,4,67,2.7802885
1134,0.0425424417189618,291.5228487553493,7,84,3.0089903
1135,0.0425525074304423,290.10431463959094,7,95,1.477538
1136,0.0400804062736234,291.6357410947711,7,78,0.92740995
1137,0.0452615699365189,291.2028014182857,7,90,1.1531863
1138,0.0332202837851073,291.568003525896,7,61,0.92740995
1139,0.0447593152195049,290.110978988778,7,99,1.8543341
1140,0.0399864030798527,291.610839325266,7,77,1.4791371
1141,0.0407794411316302,291.5090667261959,7,79,2.301327
1142,0.0463788840659349,289.1638457956446,7,112,0.0
1143,0.0631973863721696,288.5068016512481,4,22,2.2075179
1144,0.0244137708257985,291.64508554338454,7,67,3.5470405
1145,0.0220873736330559,290.4559465410872,7,935,5.990719
1146,0.0304098148059344,291.197414141123,5,148,3.563305
1147,0.0694880289831549,288.73011588830894,6,19,1.5161
1148,0.0303988688573748,292.050747346699,7,118,1.479558
1149,0.0403304883833239,290.6730099475943,7,87,1.1499034
1150,0.0203584599576444,290.93326442192784,7,96,1.8543341
1151,0.060265504673658,289.1168784575538,4,5,0.92740995
1152,0.0174750500898705,291.81939875570714,7,89,2.1758864
1153,0.0656435639685556,288.4810851549643,4,34,1.5179217
1154,0.0353170753540318,290.4675621577914,7,85,3.4372337
1155,0.041100922266779,291.55591369353795,7,78,4.4289193
1156,0.0404251111741982,288.85147426111865,7,124,0.0
1157,0.0206819508517385,290.74920283209167,6,367,6.8528123
1158,0.0284377220508147,291.14940760549007,4,77,0.0
1159,0.019694371884437,291.3630952269333,7,94,1.4690813
1160,0.040179357881252,291.61217832643734,7,75,1.4792142
1161,0.0276032947661525,291.0261763026649,7,98,0.92740995
1162,0.0417116276006269,289.31412433285067,7,101,0.92740995
1163,0.0744827221372686,288.75551295346725,4,28,0.92740995
1164,0.0410018279118658,291.3730181041674,7,83,0.0
1165,0.0191138319711145,291.2785375678711,7,104,3.8745174
1166,0.0332835819253494,290.87976269981255,7,76,3.0066671
1167,0.0217136743400066,290.5690810558934,7,144,2.265621
1168,0.020226804970747,290.8991825967908,7,169,3.0031896
1169,0.0403981449413445,291.6084123811954,7,79,2.1829464
1170,0.0381761492458103,291.00343754179346,7,79,1.4765304
1171,0.0184873776093796,291.44189591353967,7,106,1.4682907
1172,0.0315331452263639,290.24835112616364,7,113,2.7802885
1173,0.0774988444913315,289.3867472930309,4,25,0.0
1174,0.034946856323934,289.93078931924543,7,108,1.4741877
1175,0.0708378182264017,288.9864718693016,7,31,2.381991
1176,0.0241793371421048,289.8108316321749,7,766,9.402091
1177,0.0377443234815788,291.5616374235275,7,72,3.6066775
1178,0.0695711003156247,288.7306894524554,4,18,0.0
1179,0.0663079647896481,288.6182047060786,1,17,0.92740995
1180,0.0429275783565992,290.9601873452076,7,89,2.3023522
1181,0.0689115072760256,289.6138421087166,4,13,0.92740995
1182,0.0290254282232395,290.8460804025344,4,287,2.2914834
1183,0.0368813834585787,289.3316446718435,7,126,2.946927
1184,0.022870187065714,291.32509944137405,7,100,1.4705021
1185,0.0453145392804663,290.8676886061268,7,90,1.4794005
1186,0.0271599431570258,289.4752151899423,7,360,4.7647133
1187,0.0600876215938577,289.2093423645515,4,7,0.92740995
1188,0.0278008458298611,290.7820807070595,7,217,1.4727473
1189,0.028081311380752,291.0560354312497,7,776,22.44429
1190,0.018827627672322,291.35808933336045,7,101,0.0
1191,0.0653260786536999,289.16821094182114,1,8,1.510922
1192,0.0419540099453163,291.60682019964275,7,84,2.1833165
1193,0.0635917759723954,289.67034710522387,4,6,0.92740995
1194,0.0271363483441646,289.166371049234,6,409,4.7644525
1195,0.0188510508981992,291.34201066887243,7,103,2.9337747
1196,0.0204254501099372,290.90286478143764,7,100,1.1356555
1197,0.0247764704859926,291.0754719048628,7,98,1.4710419
1198,0.0224477948654122,291.35623037592137,7,99,2.1769369
1199,0.0195325165013762,291.1596627368054,7,101,2.4542735
1200,0.0423552735975615,291.52795794383604,7,80,2.1828485
1201,0.0634092365826943,289.22161721038987,1,4,1.1917386
1202,0.0183820412832462,291.48272414167013,7,101,1.4682237
1203,0.0759102470002164,288.56167188980896,3,30,0.0
1204,0.0419402915978338,289.9777904938579,7,98,2.478611
1205,0.0481450456956899,289.6391828214085,7,100,0.92740995
1206,0.0430961445156706,291.5026885259566,7,83,1.8543341
1207,0.0631222663887001,288.9294943110962,1,7,1.1933228
1208,0.0261558220777296,290.54030628732005,7,292,7.3179774
1209,0.0566276642324583,289.46049790318364,4,7,2.2014625
1210,0.0206014822052992,291.01846496177734,7,284,11.054712
1211,0.036668043029648,291.5364818838487,7,67,0.92740995
1212,0.0196270004716307,291.1661369845136,7,136,2.4558723
1213,0.0256018247912173,290.7709792073069,7,133,0.92740995
1214,0.0238506108618651,291.290527622596,7,90,2.7802885
1215,0.0381315772437154,291.8138302995711,7,66,0.92740995
1216,0.0346827062201396,290.6570859921687,7,81,0.92740995
1217,0.036847566628985,291.55350481899006,7,64,5.1632013
1218,0.0381658935298826,291.5809244500921,7,71,0.0
1219,0.0192664937910235,291.42319163132805,7,129,1.1395652
1220,0.0722812262812931,289.52065402830874,4,11,2.3873723
1221,0.0776671025118065,288.6749405670064,2,31,3.8940532
1222,0.0452149028229304,289.3011932485172,7,111,0.0
1223,0.0212376441818005,290.64795736104344,7,114,0.0
1224,0.0766475085756777,288.55229554870374,3,33,1.5187556
1225,0.0622868343415871,288.4918046459191,4,21,0.0
1226,0.0431267162581837,289.35874039857646,7,103,2.1814868
1227,0.0290030475441729,290.96093672241165,7,327,6.8534174
1228,0.071909265908569,289.002455168344,7,29,1.5103353
1229,0.0427092350559255,289.8913636484738,7,106,5.9998055
1230,0.0222370007790505,290.4008186837927,7,696,1.4660188
1231,0.0780615702268609,289.4024383418331,5,23,2.393052
1232,0.0675356970567151,288.5462755208138,4,27,0.92740995
1233,0.0216756259249759,290.5749121650145,7,127,2.9267378
1234,0.0382225304165607,291.7541192800703,7,66,0.0
1235,0.0439802778829858,291.1627818144079,7,85,2.4832408
1236,0.0389423503881682,291.26669438618075,7,80,2.7802885
1237,0.0423711768360165,290.08401132089983,4,9,1.8543341
1238,0.0436388358984812,289.4727185043924,7,112,1.4774138
1239,0.0204921581174506,290.90254367053217,5,90,2.9294715
1240,0.0635444537899159,288.4408789681429,4,38,3.5991352
1241,0.0218093268532391,290.4972393968972,7,136,1.4648205
1242,0.0215074880577516,290.5810735864777,7,107,2.2681003
1243,0.0660382099703068,288.60767738563345,1,18,1.1991476
1244,0.0412187105180474,291.5481237225824,7,83,1.4788644
1245,0.0379893885939829,290.666396720326,7,79,1.1486354
1246,0.0403122575446657,287.7990079016401,7,669,34.3714
1247,0.0279063510520504,290.1600295084408,5,388,0.0
1248,0.0310612584056689,291.5183108378471,6,120,2.952999
1249,0.0288831589915105,289.7769979637659,6,376,1.4714808
1250,0.0266068939806563,289.9916848555463,7,590,12.340086
1251,0.0616670325985464,288.57558583454266,5,17,0.92740995
1252,0.0203292784923214,290.9331478707988,7,98,2.4522834
1253,0.0348365019455426,291.51226934821693,4,67,3.0080602
1254,0.0218101800430514,290.49585722869097,7,141,1.8543341
1255,0.018125237979874,291.56803829235093,7,96,0.0
1256,0.0370067276394678,290.4360089379182,7,81,2.2947493
1257,0.0217910007603615,290.5415233803077,7,136,0.92740995
1258,0.018825367876509,291.7105980122895,7,87,0.92740995
1259,0.0602755987173238,289.80933362734373,4,2,0.92740995
1260,0.0410479642724895,290.7965776727836,7,89,2.1817904
1261,0.0393063945479255,289.2978703808127,7,115,1.4754268
1262,0.018896223531201,291.34553332060403,7,96,2.7802885
1263,0.0257042282653433,290.4065280643223,4,299,3.4215016
1264,0.0392431054813489,291.57399427400986,7,77,2.9550383
1265,0.0204349699026509,290.9185104741053,7,91,1.8543341
1266,0.0366544313541403,291.5356144807595,8,67,1.1500833
1267,0.0302632423851426,291.81219161394733,7,157,2.1825426
1268,0.0640265087948309,288.4489664369696,5,37,3.0331318
1269,0.0398503956264568,288.10819438709484,7,410,8.596682
1270,0.0290554681440375,290.3108128896613,7,151,4.408498
1271,0.0375105156696452,291.5832997962765,7,70,1.8543341
1272,0.0454277350095149,287.511432685483,7,494,32.50085
1273,0.0203626713889456,290.88438378814294,7,114,2.4537246
1274,0.0191567142691763,291.1974996330521,7,380,5.9691763
1275,0.0311633616735627,289.9587993423978,7,153,0.92740995
1276,0.0215623185966063,290.56392868655564,7,114,3.0021577
1277,0.0221936112726425,290.41522207126616,7,164,1.1329682
1278,0.0187200814913048,291.4157805260283,7,138,2.1759193
1279,0.0194079417493291,291.2294777171741,7,134,1.4686474
1280,0.0190779862655781,291.5184055233153,7,112,3.884069
1281,0.0671812578984605,288.60277575240355,2,22,3.0311356
1282,0.0278275259594372,290.75691566161987,7,103,0.0
1283,0.0247121864486222,289.6917858584937,6,511,15.135268
1284,0.0282139958139187,291.3458643156765,4,459,12.036273
1285,0.0176362499799301,291.7751524283512,7,96,0.92740995
1286,0.0439807170090806,291.49995954834696,7,91,0.0
1287,0.0444259892133189,290.7700416097389,7,88,1.1522253
1288,0.0208622832297329,290.7691270523852,7,101,0.0
1289,0.0517006733852099,289.6907358338227,4,1,2.199659
1290,0.0192043791041498,291.67772014573484,5,76,1.4693199
1291,0.0365245127033606,291.5335140015957,9,66,3.6054606
1292,0.0399824178492654,291.6025491395782,7,77,1.1523818
1293,0.0332969055495279,291.43669815926046,4,57,3.6033444
1294,0.0205773801284615,290.9634096796118,7,216,1.1392577
1295,0.0398249517494928,291.57787170795245,7,81,1.4787362
1296,0.0467425247849466,288.86220438761285,7,119,1.4781634
1297,0.0278584610712633,290.48985139812163,7,472,17.971552
1298,0.0204212342431644,290.89567531810366,7,107,2.4524922
1299,0.0384054184593256,291.54870163568995,7,75,2.952948
1300,0.0400694704105593,291.5933180981846,7,80,0.0
1301,0.0245700210938087,290.763327819816,4,196,1.4706131
1302,0.0455716573911913,289.00325371001816,7,116,2.181963
1303,0.0371013658518574,291.6411330395285,7,65,0.92740995
1304,0.0367452507760658,288.92586009885144,5,176,2.179394
1305,0.0453148264970651,290.06874025353136,7,98,0.92740995
1306,0.0354858940609583,290.0280531103529,7,99,1.4745046
1307,0.0233970606013628,291.3766645627919,7,86,0.92740995
1308,0.074985761875917,289.4089166458156,7,22,6.029454
1309,0.0313163706115862,291.4482256273569,5,116,2.9522877
1310,0.0708298108776262,289.57122049858134,7,16,3.0201142
1311,0.0215757628919141,290.5997922845259,7,112,2.448384
1312,0.0462620346779711,289.87654704634,7,100,1.1521717
1313,0.0424079096454927,289.3997073070197,7,100,0.92740995
1314,0.0379333969443196,290.421755880852,7,84,0.0
1315,0.0617397340111685,288.6762010463336,4,15,2.2053616
1316,0.0704114057611571,288.7830397988962,4,18,1.1993573
1317,0.0230312197194523,290.1645050716236,7,630,1.1340686
1318,0.0285217616913867,290.74412558853174,4,387,16.047037
1319,0.0212285454654761,290.6939703428431,7,91,1.4649163
1320,0.0399767932753104,291.54177921416425,7,80,0.92740995
1321,0.0212477572068052,291.6252075515868,7,83,1.1409055
1322,0.0687905104404711,289.60015595749667,7,16,1.5104828
1323,0.0195709341809307,291.7881648066206,7,84,1.1402445
1324,0.0205680182103158,290.9082842851066,9,371,5.022861
1325,0.0216139998518517,290.5659587574515,7,93,5.3068075
1326,0.045386220290544,289.2797529281454,7,111,1.1509924
1327,0.0352374348920634,291.56870839980627,4,66,2.3006551
1328,0.046332095220602,289.3235489590181,7,114,3.0086417
1329,0.0226524732696787,291.2522887798814,7,108,2.462348
1330,0.0750129997738497,288.8511898842621,4,21,3.0322611
1331,0.06026725861329,289.0177716922809,4,5,1.1910168
1332,0.067589200892806,289.4217519270396,7,18,6.584347
1333,0.024413729515693,289.7413114379795,7,804,9.262522
1334,0.0719786016551531,289.50460954067967,3,15,2.7802885
1335,0.0590046094324864,289.5028265683131,4,7,2.5500891
1336,0.0674150830205465,288.7449998194209,4,17,3.8926318
1337,0.0186665347955256,291.36619256340066,7,131,3.8819795
1338,0.0630774875712721,288.44334303474426,4,32,1.5166818
1339,0.0762892696284787,289.358856086288,4,21,0.0
1340,0.0421240759091691,289.13640066261394,7,103,1.4764639
1341,0.0372630938343646,291.5843129003566,7,69,0.92740995
1342,0.0212834828182488,291.2423868493057,7,133,2.1765285
1343,0.0423554041921937,289.6708927008098,7,99,1.4770542
1344,0.0754303874130017,289.194201830316,5,28,3.0254574
1345,0.0409550299235557,291.6837513797754,7,79,1.1536452
1346,0.0412624438408403,291.5585458971424,7,81,1.1523447
1347,0.0686422505032948,289.1006248944715,6,13,1.5126048
1348,0.0378327421072448,291.6335626036891,8,69,0.0
1349,0.0320256214820317,291.3511443276392,4,87,1.4762453
1350,0.0190620669355519,291.7808084124615,7,90,1.4694088
1351,0.0224364953414704,290.3452359834849,7,215,3.5182855
1352,0.0369697575139644,291.6436545338645,7,64,0.92740995
1353,0.0427134265457463,289.5341425467539,7,103,1.4770797
1354,0.0209403346747417,290.77714981247834,4,86,2.1734571
1355,0.0779543955366599,288.7292201689705,4,31,2.2096028
1356,0.0453297447213229,291.11321734538166,7,92,2.4844868
1357,0.0766868889508952,288.480327261215,4,38,4.548397
1358,0.0451890015206009,290.03310023642115,4,-7,0.92740995
1359,0.0329605313932544,291.4860473211784,4,89,1.1500056
1360,0.0300832264739968,291.82171836327655,7,159,0.92740995
1361,0.0329406464916902,290.7283900179032,7,77,2.9462447
1362,0.0401627794299099,291.549464204277,7,79,2.3022046
1363,0.0380271405863118,290.7027105827176,7,79,0.92740995
1364,0.0692544330057982,288.5147555659882,4,29,1.5181804
1365,0.0681444252335569,289.18873814932414,2,11,1.5119362
1366,0.0267280188553702,290.3197826165931,7,814,23.002836
1367,0.0752784745291288,289.3306293067636,7,27,7.3778095
1368,0.0293597773058288,290.2815464088243,7,147,1.8543341
1369,0.0183748730222629,291.6722677736352,7,97,0.92740995
1370,0.0425308124100492,289.0707708217718,6,104,1.4765749
1371,0.0270536851522657,290.5463424471726,4,247,4.4081182
1372,0.0676088943164549,289.47113335234184,7,19,1.5094526
1373,0.0654406208581515,289.2472383322529,1,8,1.5106193
1374,0.0185256347655034,291.46798489896554,7,91,3.8790522
1375,0.0324115672521456,290.0397787627245,7,122,1.1448915
1376,0.0415954872374655,290.2831933128214,7,94,1.4772992
1377,0.0444053124949413,291.49127962659475,7,92,1.4796996
1378,0.0258314997000563,290.689402086151,7,149,2.940264
1379,0.0198976875166646,290.94455152748867,9,697,20.873747
1380,0.0405176949483676,291.5683690385109,7,81,3.0088613
1381,0.0431253810182854,289.456326812525,7,107,2.181547
1382,0.0325070974678494,291.6863802428759,4,85,0.0
1383,0.0190068744471521,291.3014001198042,7,103,0.0
1384,0.0258056808585157,291.0773574694063,7,86,2.2843447
1385,0.028330419523362,291.0461290205938,7,73,0.0
1386,0.0222325867681577,290.38636309739894,7,216,2.4477704
1387,0.021415342067281,290.6649080710983,7,144,3.520487
1388,0.0464053575995236,288.79868980378853,7,117,2.4805143
1389,0.0295025619659806,291.6337170012463,4,60,2.1791148
1390,0.0254786559943363,289.4614592530576,6,602,19.602388
1391,0.0301824163386688,290.804035097158,7,80,2.4687572
1392,0.0386143032740828,289.0149452599688,7,134,1.8543341
1393,0.0312951076053426,291.2720691962783,4,91,0.0
1394,0.042623279196324,287.7185232703139,7,233,7.1765766
1395,0.0259611742125911,290.0504061053687,4,700,4.555553
1396,0.0416601344202803,291.5206620680227,7,77,2.3024344
1397,0.0329952920334814,291.0449178834903,7,74,1.4744136
1398,0.0308760481951361,290.34945399970184,7,109,5.994127
1399,0.0461663655765839,289.4233700006077,7,114,1.1515836
1400,0.0777877376787835,289.3653576716908,6,23,1.8543341
1401,0.0802436407894965,289.32640265499685,4,33,0.0
1402,0.0645607550196988,288.7344931200568,4,13,1.5133349
1403,0.0376720300376668,288.4081601705999,6,308,4.9325123
1404,0.0237998195576377,289.9319424647592,7,939,16.386099
1405,0.0209648498340966,290.7054293465079,7,151,1.1358502
1406,0.0767698180816206,288.6099883060462,4,34,1.2027253
1407,0.0362814040065502,291.5515230671448,7,65,2.181143
1408,0.0407447032983771,291.6743670390781,7,74,1.4799025
1409,0.0421142758511216,290.3892220691065,7,94,1.1505293
1410,0.0480857644070211,288.57441696766267,7,129,6.81809
1411,0.0254099533182658,289.51652422574494,7,424,0.92740995
1412,0.0204314129052213,290.90854834592034,7,93,2.4518592
1413,0.040240846357283,291.2304254891937,7,82,2.1818292
1414,0.0697537844027827,289.39446482881283,4,20,1.5102506
1415,0.0682518287381538,288.63026575586525,4,22,0.92740995
1416,0.0368426637246275,291.6264136954778,7,66,2.1824386
1417,0.0187948796747532,291.79050835759733,7,90,0.92740995
1418,0.0217871398965463,290.5423263878499,7,134,0.92740995
1419,0.0213777348716131,290.6256233550061,7,90,1.4651802
1420,0.039773994393268,288.97529159741754,7,129,0.92740995
1421,0.0429644856224868,291.5632938879158,7,84,0.92740995
1422,0.0253597550246282,290.83365624251144,7,124,3.005038
1423,0.0537674633559427,287.6597783471248,7,194,5.6647696
1424,0.0266859082838638,290.10917751674884,7,568,9.106828
1425,0.0174592161757635,291.77320716939323,7,85,4.3454247
1426,0.0611662744984534,288.89603377828206,4,7,2.3835933
1427,0.0265416150274676,291.03254710522395,7,83,2.285022
1428,0.0212302931524072,290.64727551683615,7,121,2.451191
1429,0.0316129873347336,290.9443183160327,7,72,2.7802885
1430,0.0377806022765534,289.5694770105355,7,113,1.4750391
1431,0.0299357733773197,290.37198475456233,7,120,2.4675326
1432,0.0383999029845903,289.248202361806,7,124,1.1471661
1433,0.0409316823156154,291.5917336393402,7,80,0.92740995
1434,0.0638503994303071,288.60818394499233,2,13,0.0
1435,0.0407303779495828,291.6728759756833,7,75,1.4798864
1436,0.0305481202443638,290.5984977971487,7,91,1.1445704
1437,0.0322163839162754,289.10242445858665,7,574,35.53288
1438,0.0278339873523867,290.1905501021312,7,413,2.1782832
1439,0.0219111017631203,290.536948263657,7,767,3.001457
1440,0.0405100941920932,291.5650343041295,7,83,1.4788163
1441,0.0197791960346211,291.55098559965097,7,102,0.0
1442,0.0384050780645673,291.562996157486,7,76,3.0084944
1443,0.0374532855585211,291.6112430076534,7,70,1.4784832
1444,0.0467124387781814,288.8995541156858,7,117,1.4781858
1445,0.0620831273740354,288.52495931537504,4,16,0.92740995
1446,0.0381627727771935,291.5648681816875,7,76,3.878561
1447,0.0215738760971126,291.3953068231075,7,102,2.4616294
1448,0.0383790126580028,290.8071331644027,7,79,1.4764322
1449,0.0226443592464585,290.2956740627417,7,282,2.7802885
1450,0.0397733042641232,291.71617947416945,7,70,2.1833775
1451,0.0213869980971001,290.5573540907251,6,538,4.6276736
1452,0.0732490722298944,288.7679338739703,4,24,0.92740995
1453,0.0591057557372687,288.4185046335772,4,30,3.0239437
1454,0.0459376046722513,288.8187201615377,7,118,5.163259
1455,0.0373723802399887,291.5453233821329,7,69,1.4771814
1456,0.0209613161798008,290.7445162785372,9,98,2.4510546
1457,0.0368645692625549,288.5517222021879,5,599,18.820295
1458,0.0209138554601644,291.34303307393105,7,120,1.469706
1459,0.0200510144404113,291.39192897727617,7,86,1.1398059
1460,0.0454033655242843,290.6290896611908,7,92,3.9182146
1461,0.0672022634409678,288.54738558181003,4,31,1.5178077
1462,0.0410701915764148,291.474097904286,7,82,0.92740995
1463,0.0294738654234936,290.9821479424514,7,287,6.494291
1464,0.0307357393884202,291.304520653913,7,62,4.66528
1465,0.0190279407298709,291.33496713595923,5,89,3.003045
1466,0.0416021931852231,291.16867008669857,7,87,1.4781123
1467,0.0305911306735426,289.5591246108567,4,297,3.8937783
1468,0.0272695184665189,288.8742442044566,6,306,10.467983
1469,0.0302445555209949,291.59540529958485,4,259,5.1632915
1470,0.0321185922951209,291.61998367455146,4,91,0.92740995
1471,0.0208128799048079,290.7748099479467,7,101,1.1355077
1472,0.0607098791939493,289.0384918488685,2,7,0.0
1473,0.0432632548768087,289.4602449927241,7,108,3.0080698
1474,0.0183937418925835,291.46120697403603,7,114,2.9350934
1475,0.0195918740666127,291.1723516697351,7,210,13.415767
1476,0.0217012602105312,290.5861806663913,7,194,1.4640048
1477,0.0279371522237568,288.7930008965225,7,433,7.0464616
1478,0.0422374283477686,289.7515532940475,7,99,1.4770797
1479,0.0378548232819758,291.6348418979914,7,68,2.4824398
1480,0.0310923854763604,290.49656694394633,7,96,1.1447389
1481,0.0342787341639636,290.3235340081415,7,88,2.4717374
1482,0.0309311397921277,291.22376672054816,4,73,0.92740995
1483,0.039932787931434,291.6150235591533,7,78,1.8543341
1484,0.0422817366664863,289.2008153792601,7,100,2.4772503
1485,0.0398316633550087,289.07044283121945,7,117,0.92740995
1486,0.0217795351783177,290.5475299770409,7,145,1.4641838
1487,0.0311950992392634,291.25313093312485,4,74,1.1476889
1488,0.04249552393595,289.68053197510136,7,100,2.1815083
1489,0.0197419607818982,291.50529285436323,7,108,0.92740995
1490,0.0451185662372936,289.4025683958892,7,110,1.477975
1491,0.041581776501862,291.6132222050926,7,80,1.4797125
1492,0.0219731883868167,290.71464406265545,7,260,0.0
1493,0.0616011486215814,288.48108045580494,3,15,1.5143592
1494,0.0187702710070803,291.6743124933147,7,87,2.2783241
1495,0.0254370246457984,291.3024711121715,7,76,1.8543341
1496,0.0357415754306004,291.52016160572714,7,65,2.1814976
1497,0.0364698861917223,291.6742828734084,7,61,2.1826293
1498,0.0211900443461256,290.6290765917081,7,188,1.8543341
1499,0.0296563050928746,291.4343084069082,4,471,2.1815426
1500,0.046387096773518,289.7748827791743,7,101,1.1521182
1501,0.0461054253156148,289.15143582514577,7,117,1.4781603
1502,0.077935124783536,289.32409310242514,4,23,2.5669844
1503,0.0208813361546596,290.8218701816449,6,221,1.4648086
1504,0.064736128418005,288.7696818596704,4,12,1.1958002
1505,0.0744468516646549,288.6320829221677,4,31,1.8543341
1506,0.0625709100219605,288.5064041747776,4,22,3.0266273
1507,0.0759170251766472,289.33682321084467,4,22,3.0255227
1508,0.0650497257919621,289.39335527109984,7,20,0.92740995
1509,0.0350085686223781,290.6952515604749,7,80,1.4749259
1510,0.0369198972372565,289.68511190062816,7,113,1.4747875
1511,0.0241069483648993,289.87564896342093,7,644,10.768664
1512,0.022025424610046,290.4679914383556,7,112,3.866977
1513,0.0414202478778749,291.645477842599,7,77,2.7802885
1514,0.0395405760012441,290.97659318309525,7,82,3.9109564
1515,0.0247896334483456,291.0096117225959,7,104,5.6624365
1516,0.06691165205244,288.7515903042819,4,11,14.109867
1517,0.0363799639536241,290.81907388745765,7,77,1.4756098
1518,0.0685669942729581,289.58261961915167,7,17,0.92740995
1519,0.0750400422264488,288.6257917710508,4,29,0.0
1520,0.0305254554642356,291.18054273224425,4,138,1.8543341
1521,0.0292185227675516,289.9340708160363,6,243,4.6273675
1522,0.0360622454521136,291.53714365650694,7,66,1.4766605
1523,0.025405705450393,290.1479160308674,7,641,3.8755455
1524,0.0776836131987447,288.87904044193056,4,28,3.02818
1525,0.020941823667756,291.26881803021786,7,136,0.92740995
1526,0.0678364967004488,288.6185464508484,1,21,1.200446
1527,0.0363900271559559,291.883327568303,7,58,0.92740995
1528,0.0404932366563041,291.3552818342928,7,83,2.4801726
1529,0.0470571833517785,289.18235562412434,7,118,4.7673516
1530,0.0286532183049172,291.11720647428945,4,73,1.4733678
1531,0.0215592964384356,290.6069953357576,7,116,1.4644616
1532,0.0655967279372559,288.6478076932724,6,16,0.0
1533,0.0305418357238221,291.2827966420757,7,65,0.92740995
1534,0.0181767575032191,291.5486534740633,7,97,3.412082
1535,0.0347297521132732,289.907784909087,7,110,2.7802885
1536,0.0399523999752631,290.03790955285194,7,90,1.4763846
1537,0.0639431478668782,289.1664474060003,4,7,1.1923078
1538,0.0412054417774956,291.6719208002843,7,76,0.92740995
1539,0.0246145966559248,290.67959769348124,7,212,2.2818894
1540,0.0648052026429786,288.4852676038603,4,30,1.8543341
1541,0.0252814041532906,289.549800424096,7,447,1.138923
1542,0.0740448038835713,289.41041913868395,7,25,3.891618
1543,0.0223150178573754,290.38260944631395,7,191,3.873178
1544,0.0705570621820292,288.3814717596058,4,27,2.4047184
1545,0.0688216540269045,288.5746628550608,4,27,0.92740995
1546,0.0387186851427444,291.5588035274513,7,69,2.9542596
1547,0.0380120603600712,291.55017378829865,7,74,1.1507013
1548,0.0222294678238773,290.39978558779273,7,178,1.133026
1549,0.0345919366728271,290.05677349102393,7,100,1.1460872
1550,0.0214444052955223,290.5853961088497,8,125,2.4506958
1551,0.0284578651175646,290.65558657719924,7,627,25.505463
1552,0.0187649028531265,291.40750860225467,4,87,0.0
1553,0.0738139790501232,288.29405020404295,4,35,3.0288773
1554,0.0801942826187998,289.13823163273304,5,32,1.8543341
1555,0.0681064576881931,288.6442307701281,4,21,1.2001209
1556,0.0305923221119047,290.47391054691724,7,103,1.144442
1557,0.0183632555463486,291.49754440475766,7,97,2.7802885
1558,0.0463462079454576,290.7596141037275,7,93,0.0
1559,0.0513107793072452,288.546433768987,7,118,2.3057692
1560,0.0182208156968863,291.5365452409542,7,97,1.1384865
1561,0.0615283920759899,289.71051955243524,1,4,3.889912
1562,0.0280953956459364,289.5169508874612,7,415,4.5597396
1563,0.0308641811459641,290.63870691257705,7,86,1.4731525
1564,0.0546487637036611,287.0640213645253,9,540,6.9490576
1565,0.0432046860291044,290.45993493315,7,94,0.92740995
1566,0.074486120137183,288.62716900189133,4,31,1.5183364
1567,0.0375607488258327,291.7855294405308,7,62,0.92740995
1568,0.0314681844804132,291.5953469340773,4,60,0.0
1569,0.036883436156816,291.5402783125379,7,70,1.8543341
1570,0.0381301853047418,290.3658138851175,7,83,3.0074222
1571,0.0688469444474746,289.550283432689,6,16,1.8543341
1572,0.0244510034644169,289.7309557522743,7,602,10.7188635
1573,0.0397750867462774,291.63150391435846,7,76,1.4792559
1574,0.0349764295493348,291.5390682533981,7,64,1.476106
1575,0.0705087480555071,288.95946249295656,7,33,0.92740995
1576,0.0766548634079753,288.70288284234186,1,31,2.4036708
1577,0.0702158102178659,289.4668234232616,5,25,5.140677
1578,0.0485151919218375,289.9886652162914,4,-3,1.5005817
1579,0.0460773063892997,289.12060975732663,7,115,2.1821811
1580,0.0504872557740526,287.5068495405428,7,187,15.300982
1581,0.0246005850220321,289.6796686827087,7,578,11.934847
1582,0.0468526592466548,288.82842725375303,7,117,1.4781793
1583,0.0285163437039505,290.9533084076108,4,407,7.097032
1584,0.0209904014693087,290.7642089000244,4,85,1.1344365
1585,0.028961760004894,290.8371225115335,4,338,8.65698
1586,0.0453054453459402,289.1958146438154,7,114,0.0
1587,0.0778664307775939,288.6835399257336,3,32,2.4040935
1588,0.0285663286465592,290.8950823022978,4,337,12.220232
1589,0.076209051813437,288.7213980141694,3,28,1.2022442
1590,0.0198373144924735,291.42615394948325,7,122,3.004207
1591,0.0473917870491217,288.89020013894014,7,120,1.478464
1592,0.0590554975088718,288.3684949037312,4,31,2.206518
1593,0.065100470423068,289.27081334079185,1,6,0.0
1594,0.0780861587254484,288.6737465553901,4,36,0.92740995
1595,0.0409023808441581,291.5909321398082,7,80,1.1526374
1596,0.0395285840007743,291.6332946059868,7,73,2.1829116
1597,0.0496743120098487,288.11930566041275,8,129,0.92740995
1598,0.0389791733509389,291.632015175814,7,73,1.1523447
1599,0.0347760260165471,288.6541782724016,7,551,18.472801
1600,0.0520568992758172,289.7556303597952,7,34,0.92740995
1601,0.0269926868078558,288.94801148225446,6,596,21.236425
1602,0.0265324561703834,290.70216229614687,7,203,3.8761585
1603,0.0217917047882039,290.544188621027,7,144,2.7802885
1604,0.0610743976470826,289.736760389051,1,4,3.5622053
1605,0.0207893534948491,290.8358111346811,7,97,1.8543341
1606,0.0240827686111853,290.0235219106529,7,663,13.89094
1607,0.0378417012058525,291.54627927746617,7,71,1.8543341
1608,0.0663058152433804,289.28770552901256,7,23,0.92740995
1609,0.020319050178316,290.92246411065435,7,106,1.1360215
1610,0.0377843113505852,290.8163602292872,7,78,0.0
1611,0.0416920770456351,288.43902507742524,7,154,1.4756318
1612,0.0211415371209316,291.1620603408596,7,147,1.4694425
1613,0.026977025444159,290.6186075336101,7,128,2.4651515
1614,0.0636210114258555,289.7317212617,4,6,7.500768
1615,0.0407599964924317,291.6685652326876,7,74,0.92740995
1616,0.0223239027252552,290.36370446337,7,207,0.92740995
1617,0.0298179168243816,291.43207727662684,6,362,3.0080261
1618,0.0415935005648178,291.5237704658083,7,84,2.3025823
1619,0.0275181872563858,290.56190803967525,7,136,2.4655573
1620,0.0401167928634229,291.5459237404481,7,80,3.0085962
1621,0.0224738003722563,290.3515170356799,7,340,25.298565
1622,0.0444845377376868,288.15795095525016,5,153,5.9989753
1623,0.062633822639748,289.24134629694424,2,6,1.1912448
1624,0.0206721615213762,290.8011667005321,7,109,0.92740995
1625,0.0282916104343524,290.8067993626205,7,92,3.0056233
1626,0.0354003893192037,289.75096825155845,7,111,2.4715805
1627,0.0653244062067427,288.4933045130286,5,31,1.517595
1628,0.0207634749002965,290.79817084391937,7,100,2.1739004
1629,0.0707465255540226,289.17228471919026,7,25,1.5101843
1630,0.0230447084928141,291.3424943818882,7,95,2.2820797
1631,0.0434465334998518,289.7453644857287,7,103,1.4775826
1632,0.0242150437258097,291.1035241178429,7,116,3.0049477
1633,0.0384122134275221,289.2296086685927,7,124,1.147154
1634,0.0661784330009054,289.34867000347293,4,8,6.98823
1635,0.046472675437259,289.76933830453595,7,102,1.1521593
1636,0.0374241264551703,291.7166002625029,7,63,3.918345
1637,0.0627631263612105,289.3422605301421,1,8,2.3806987
1638,0.0632010676182892,288.71740176328854,1,11,2.3894954
1639,0.0237950107138395,291.4292426842787,7,80,1.1420013
1640,0.0373746217996018,291.54625796065375,7,72,2.4785883
1641,0.061388675017643,288.47793164969767,4,18,3.0263505
1642,0.0445466693384279,290.7858714312819,7,87,2.303692
1643,0.0264587296154371,290.5240186561102,6,253,2.4650629
1644,0.043682259641276,289.1650796483256,7,105,1.4771497
1645,0.0186797279543283,291.437705671955,5,78,1.4684217
1646,0.0205522176161846,290.8123844185148,7,162,1.4668186
1647,0.0694272226965121,288.59986938054084,4,27,2.209313
1648,0.0463815097975763,289.4324511905704,7,107,1.4785345
1649,0.0431281060880104,290.3733519673248,7,95,1.478026
1650,0.0315432006586991,291.5302186023437,6,108,2.181784
1651,0.0643577465245224,288.6342826900073,2,16,3.0263748
1652,0.0375081078794244,291.6212336048639,7,68,2.48199
1653,0.0193710777656067,291.7871639365283,7,86,0.92740995
1654,0.0401545968141037,291.6070648753059,7,82,3.009006
1655,0.0339314932292709,291.4649686272054,7,63,0.0
1656,0.0205831116494107,290.8113288230045,7,136,2.174445
1657,0.074667986992197,288.99682806971543,4,20,7.3070145
1658,0.0263969849569452,290.4337858328689,6,223,3.8906877
1659,0.0197203766079064,291.69609035674955,7,85,0.92740995
1660,0.0268854674789759,291.0877912527984,7,77,2.1779983
1661,0.03193600104781,290.9604635864528,7,73,2.1793263
1662,0.0395434009181948,288.07286041466466,7,431,9.189511
1663,0.0221790318138454,291.4481071757017,7,91,0.92740995
1664,0.0276170846681457,289.4273999639098,7,344,2.1768997
1665,0.0260135279799587,290.526265863084,7,276,6.779195
1666,0.0229358776754776,290.20674754064623,6,787,3.589985
1667,0.0416823874568282,291.5917023735041,7,80,2.1831532
1668,0.0406206406584185,289.2927946429184,7,105,0.92740995
1669,0.0238252608499067,290.80592309792456,7,238,2.1769452
1670,0.0219693192988374,291.5365165116197,7,85,0.0
1671,0.0331444173291327,289.8533090451829,7,133,0.92740995
1672,0.0271917760511722,289.07646884859645,7,421,1.1393602
1673,0.0444048823285055,290.07649529092663,4,-10,0.92740995
1674,0.0760082420197732,289.3318236294227,4,19,1.5138727
1675,0.0373734118380837,291.54914387693134,7,69,0.92740995
1676,0.0192684903261981,291.26953060911444,7,127,1.4687238
1677,0.0436558480574203,289.22058440045896,7,109,0.92740995
1678,0.0184088613337612,291.7361784994586,7,93,1.4690934
1679,0.0202871446218245,291.4201965141989,7,80,1.4694302
1680,0.0227398565751042,290.256973147099,6,300,1.4634658
1681,0.02085050062911,291.7674994498672,7,79,1.4701207
1682,0.0188521344353607,291.3220309821861,7,115,6.763238
1683,0.0390559967775414,291.58187315270976,7,74,4.4278007
1684,0.0498302951025851,289.4178730446757,7,106,2.306207
1685,0.024467880045229,290.76816412002324,6,195,3.888923
1686,0.0577442582773472,289.51107833466585,2,2,0.92740995
1687,0.040399543427442,291.64224468969314,7,80,1.4795452
1688,0.0388919124176034,291.6229765589507,7,73,2.9558825
1689,0.0217035776792317,291.62395626049846,7,80,2.1769142
1690,0.02278382447573,290.23715533813777,7,585,1.4654742
1691,0.0724581770321955,289.35520060295465,7,19,1.8543341
1692,0.0291830375697859,290.90543750302174,7,267,7.3081098
1693,0.0708956196280089,288.8886857458121,4,16,0.92740995
1694,0.0223348438723385,290.37859040773395,7,199,0.92740995
1695,0.0426407519083145,287.71711878079697,7,226,7.9427047
1696,0.027865339124537,290.3071406467812,7,471,3.5978422
1697,0.0260568714645833,290.42835382809244,7,322,3.5954077
1698,0.0239874171473798,289.87112874575166,7,1001,10.136697
1699,0.0372771405570521,291.65278284837893,7,64,0.92740995
1700,0.0230573751791521,290.30476691002576,9,992,25.655745
1701,0.022689446913756,290.270604054609,7,261,1.4635313
1702,0.0294436074936375,291.03455772046976,7,276,7.3320127
1703,0.0185661853884299,291.4516953144215,7,88,0.92740995
1704,0.0658781820261067,289.6955763949074,7,12,0.92740995
1705,0.0432609820571784,290.7016720119082,7,90,1.478384
1706,0.0214875990309784,290.63585037514696,7,121,2.4481843
1707,0.047215055944303,290.0277810314018,7,99,1.1528684
1708,0.0626317605159071,288.78367427168814,2,9,3.0215845
1709,0.020752039436632,290.82654916508943,6,88,2.9290037
1710,0.0290683338044652,290.8558035271594,7,307,1.4744387
1711,0.0217905093819782,290.53043029657306,7,95,1.8543341
1712,0.0265468524142964,289.12265127357114,7,556,10.992985
1713,0.0740010932892039,288.8348598030462,4,17,5.982351
1714,0.074172734763454,288.39291150096653,4,33,2.40545
1715,0.0250299747402891,291.66766409819587,7,65,0.92740995
1716,0.0421580468835127,291.55079163011663,7,86,1.4793202
1717,0.0294267003093257,292.13139952770035,9,160,2.4846551
1718,0.0677933839903369,289.0532576405228,1,10,2.7802885
1719,0.028448594603833,290.774901374992,4,301,5.752087
1720,0.038069759992973,291.5064576612473,7,79,3.0079234
1721,0.0288489278971352,289.623291025312,9,670,5.6625204
1722,0.040277382569334,291.6720677144233,7,74,2.305571
1723,0.0440397801055866,291.1660267828574,7,85,0.0
1724,0.0381986197982531,289.11722877911484,7,132,1.4747906
1725,0.0357594519559835,291.41056582515773,7,70,2.1806786
1726,0.0441868764101502,287.0739823753541,9,649,23.50613
1727,0.0388610047440521,291.7183728231038,7,68,2.957306
1728,0.0461838103610926,289.54366901787097,7,106,1.4785537
1729,0.0448642360358756,290.7517833107895,7,89,3.5753798
1730,0.0181514451750429,291.75614316888453,7,93,1.469011
1731,0.0693392602886114,289.28650621328075,7,21,1.5097907
1732,0.0685543877275872,289.61384300359566,7,17,1.1921258
1733,0.021623417056697,290.5947909632704,7,422,12.337875
1734,0.0238598650360082,289.90950786453163,6,943,10.157474
1735,0.0238480119123328,291.0407077754677,7,112,1.4706223
1736,0.0659751698543807,289.1227079131701,4,9,0.0
1737,0.0402245589267321,291.6730732352139,7,73,0.92740995
1738,0.0410228029942525,291.5342161660845,7,82,4.427638
1739,0.0226815730064936,291.3580376345338,5,93,2.1770034
1740,0.0696117570725931,289.58409152795826,7,16,0.92740995
1741,0.035938753001075,290.3394128632983,7,87,0.92740995
1742,0.0280951225428433,288.9087456901865,7,347,1.1397467
1743,0.0264084082116171,290.21493061420085,4,324,3.5447772
1744,0.0306378418277337,292.0510872654386,4,108,3.009222
1745,0.0777110932406078,289.36801315357764,6,19,4.778417
1746,0.0781853134908037,288.8410972638037,1,31,0.92740995
1747,0.0455717263999726,291.038986050754,7,90,0.0
1748,0.060890580386649,289.7319408971212,4,3,1.507511
1749,0.0392858979818061,291.5697171782616,7,80,1.8543341
1750,0.0370466800881942,291.6923255667189,7,62,1.8543341
1751,0.0468625638073213,288.82387812528793,7,118,0.0
1752,0.022040861683431,290.4939924539942,7,828,3.3944342
1753,0.0241878300857561,289.8082547611822,7,719,3.5208435
1754,0.0218546818225568,290.5520124592924,7,747,0.92740995
1755,0.0239519577141738,289.882306344976,7,1088,18.582829
1756,0.0374225859509563,291.5468867726685,7,68,3.6060894
1757,0.0462220138021351,290.82384227572743,7,95,1.4797447
1758,0.0399566469883503,289.00742867425936,7,121,1.4754299
1759,0.0280427329763551,289.0785728377493,7,415,4.4014254
1760,0.0357259672391567,289.9629046359425,7,102,0.92740995
1761,0.0357589061093341,291.52081187799456,7,62,2.4777565
1762,0.063100524683533,289.54546672487174,1,6,1.1902454
1763,0.0540968894596977,289.6217082049619,4,5,2.370495
1764,0.0724268432278976,288.8006766310191,2,23,4.0443416
1765,0.0675691068884813,288.5576212862243,4,31,0.92740995
1766,0.0273254083403264,290.02604953995376,7,317,6.4823313
1767,0.0184144160923936,291.52669669433084,7,115,1.8543341
1768,0.0205325725164247,290.836322911067,7,108,0.92740995
1769,0.0315387335266243,290.1791314646827,7,123,2.9440486
1770,0.0243229945293105,290.7852118052596,4,197,1.8543341
1771,0.0389985016335274,289.3384088615831,7,115,0.0
1772,0.0233348208285295,291.4691615310313,7,80,1.4708351
1773,0.0689025418899952,288.5212345926519,4,29,1.2021337
1774,0.0430308185738914,291.5301996355106,7,85,2.1830986
1775,0.0243838961571504,290.6547250721128,7,275,7.059587
1776,0.0298717195222063,290.6783694145484,7,91,1.1443056
1777,0.06206225156409,289.6635499420702,7,11,2.550364
1778,0.0249654640309134,291.6763954513182,5,64,3.8928654
1779,0.0209293458176343,290.71708731676495,7,143,2.174154
1780,0.0276120751990564,289.70124977031395,7,457,6.8208203
1781,0.030459606022305,292.017909299687,4,120,0.92740995
1782,0.0255807118637558,289.92467446338634,6,643,12.794065
1783,0.0483609335947578,289.97525171607714,4,-4,1.5002991
1784,0.0236539720722435,291.03834196001065,7,117,1.1414211
1785,0.0360422032579492,291.5686748830585,7,63,3.448864
1786,0.0342045790909966,290.7498806634402,7,80,0.0
1787,0.0424698502282207,289.3781270014333,7,103,1.1495278
1788,0.0642921170563587,288.7496604597162,4,11,1.5130441
1789,0.0216511062859999,291.06259213341,7,208,1.8543341
1790,0.0217853505547635,290.49549122847463,7,137,3.5855305
1791,0.0787067149294838,289.2918310736802,4,20,14.199847
1792,0.0438602245680787,289.03369861174264,7,106,2.298816
1793,0.0259125983124896,289.7185382133629,7,590,4.7645855
1794,0.0202911436142909,290.898517255045,7,115,1.1367276
1795,0.0221828790524248,290.4303841704416,7,628,1.4645333
1796,0.0549609510867655,289.7114282513169,4,4,3.6516018
1797,0.0231549816718447,291.72807128439604,4,68,2.4639797
1798,0.0208046174090877,290.6946105101571,9,822,15.41572
1799,0.0192411394335411,291.27667349202704,7,112,2.175541
1800,0.0208079278732872,291.36228973146416,7,117,1.4696815
1801,0.0242403782160335,290.1543158911863,4,470,9.637298
1802,0.0219937214777475,291.1033051490596,7,164,0.0
1803,0.039615472233106,291.7326521748554,7,75,3.8793144
1804,0.0698314289288423,288.3246299484825,7,33,0.92740995
1805,0.0209122831442882,291.1777035025062,7,168,0.92740995
1806,0.0324985389409276,291.7402519590373,5,79,2.48199
1807,0.0346002717626658,291.4849381608292,7,63,2.7802885
1808,0.0629046835465396,288.50632907349,4,21,1.5150684
1809,0.020195880323232,291.7688339504257,7,84,3.5934463
1810,0.038676023972151,290.27130785926346,7,85,3.0074918
1811,0.0179986419889284,291.6168146651851,7,86,2.9345033
1812,0.0243634796434828,289.75367507964114,7,639,9.262377
1813,0.0285623090494822,288.43919554461365,7,193,6.8440585
1814,0.0270818271256702,290.21187701305576,5,511,5.769451
1815,0.0238725109957725,290.27644076658777,9,773,7.310745
1816,0.0220744244881891,290.42331700301827,7,281,5.731944
1817,0.0189148427902711,291.30863638461824,7,114,1.8543341
1818,0.0298359592987073,291.05643747102226,5,296,28.531635
1819,0.0208081072559032,290.8292937472376,7,511,2.92997
1820,0.0222004268020703,291.2990304676332,7,111,0.0
1821,0.0241645601577578,291.48578657127894,7,75,2.177501
1822,0.0605380934557368,289.07307075975416,4,3,1.5092471
1823,0.0306848409637436,292.035782034313,4,110,2.1831486
1824,0.0209462305469945,290.77473054453503,4,88,1.1345372
1825,0.0314045367169356,292.05256900016883,5,95,1.15324
1826,0.07444904635111,289.23923999271744,5,24,2.2052956
1827,0.0356096796182138,291.5154168523528,8,61,0.92740995
1828,0.0212864490674974,290.6468134825811,7,91,1.134731
1829,0.0284488174063949,290.7677187463475,4,327,3.4316256
1830,0.0218931502906717,290.5060223334752,7,110,1.4642136
1831,0.0440318445088972,291.51838197014763,7,87,2.3058188
1832,0.0393432142930879,289.3140878368656,7,112,3.905495
1833,0.0712366987851325,289.5162830761421,7,16,0.0
1834,0.0215995228400626,290.55437829698064,7,114,3.0021312
1835,0.0390453613974636,291.6828609968251,7,70,0.0
1836,0.0215620476516752,290.56456499549495,7,114,2.2679918
1837,0.0381162792226643,289.90143452131866,7,96,2.4746294
1838,0.0310931447764747,291.6114817014875,7,59,0.92740995
1839,0.0657876670168472,289.20512253443485,4,8,1.5109404
1840,0.0603557596260052,288.9934960658455,4,5,1.5094893
1841,0.0633222413229978,289.63722510458115,1,9,3.0150502
1842,0.0384527054958024,289.26361381153976,7,121,1.475036
1843,0.0276198729432461,289.8011076832274,7,565,9.245488
1844,0.031117089021994,291.40440023110045,4,124,2.7802885
1845,0.0364580014261808,291.6117742242212,7,67,0.0
1846,0.0248028256794557,291.3425934344916,7,79,1.4713168
1847,0.0753604696287185,288.81651498616014,4,29,2.209193
1848,0.0600881644271164,289.73255429751055,3,4,1.1883432
1849,0.0378335214984364,291.7193353011528,7,65,1.4793748
1850,0.0253650773895816,289.58902646583624,7,403,0.0
1851,0.048149888272103,286.5217546826188,7,478,3.7047918
1852,0.0665006108854587,289.6533750977056,4,11,0.92740995
1853,0.0214913484721035,290.6454682171617,7,162,1.4642255
1854,0.0658541746957035,288.64886006942726,7,15,0.92740995
1855,0.022807485869597,290.2376713889802,8,704,2.932442
1856,0.0285531929426454,290.8027685988357,4,307,2.2895198
1857,0.021980438757965,290.47792451735114,8,810,14.1465645
1858,0.0311360612659735,289.0463359675096,7,962,8.002775
1859,0.0279989167509692,290.8864379118358,7,90,1.4721969
1860,0.0224849057383481,291.1984131291342,7,118,2.1768394
1861,0.0251393888688889,291.37014876272946,7,75,1.4714808
1862,0.0280104465610065,290.57870995399844,7,125,1.8543341
1863,0.0653983055212141,288.8038277827645,4,15,2.39072
1864,0.0661133569786341,289.6846743134688,4,10,3.0239303
1865,0.0476813188656095,287.19569740537986,9,510,3.6051338
1866,0.0414122658869394,291.4223198683706,7,79,2.954566
1867,0.0203357302086266,290.89035454212325,7,112,1.4667763
1868,0.0344183258233778,288.6413981821291,9,720,9.466065
1869,0.0657384057205852,288.6038792684947,1,17,2.207727
1870,0.0249725165156986,290.85006199057034,7,154,1.4709554
1871,0.0252956708151715,291.1246799507734,7,87,1.4713076
1872,0.0644991990329463,288.7393280658877,3,15,1.1959748
1873,0.0205921370313364,290.81664019114135,7,117,1.1362437
1874,0.0300338405597453,291.7706139222997,5,191,2.302344
1875,0.0640163298087507,288.7240122049282,4,10,2.206014
1876,0.0346164813527514,291.4859787524466,4,61,0.92740995
1877,0.0247825675357137,291.35117235131725,7,77,1.4713168
1878,0.0414076206289412,290.40611939815483,7,97,1.4773343
1879,0.0708920557166263,289.11610411640663,7,26,4.0223145
1880,0.0214526534089212,290.6382704127103,7,552,3.5339046
1881,0.0306500940584662,291.5047022207866,5,165,3.9121614
1882,0.0402131828640762,289.1278500736491,7,114,2.180512
1883,0.0223004471285733,291.1553203311129,5,126,0.92740995
1884,0.0648014693119016,288.7484951615544,4,13,1.1960834
1885,0.021052598839358,290.61842591596275,9,1147,12.83574
1886,0.0184857122816716,291.4883817707005,4,85,1.4675395
1887,0.0662829147098135,289.1006190780088,4,9,0.92740995
1888,0.0594418992617759,288.99337884181506,4,5,5.0981846
1889,0.0631598030246217,288.48449647308104,4,26,2.5698967
1890,0.0608275305625949,288.4030111950416,7,38,1.1983813
1891,0.0401367262316052,291.60124574343354,7,81,0.0
1892,0.0426769293483646,289.57088475373314,7,104,2.7802885
1893,0.0405349692199721,291.6676048662867,7,74,0.0
1894,0.0188250887453161,291.52634490084915,7,111,3.5379562
1895,0.019491509895864,291.21601563668145,9,396,4.3421173
1896,0.018982632138414,291.2825049231744,7,124,3.7047918
1897,0.0290859157247857,290.870080605931,6,266,4.766136
1898,0.0488663814249828,288.3095254074451,7,125,1.4785537
1899,0.0205965317229591,290.8093498184235,7,127,1.8543341
1900,0.0699806670945597,289.24926532946847,4,23,0.92740995
1901,0.0218742466735605,290.50953668502177,7,101,1.133323
1902,0.060861597902686,289.6694031446252,4,6,0.0
1903,0.0436596029770371,289.6881037014606,7,109,2.4797022
1904,0.0347964474757199,289.88451678552184,7,109,2.4712744
1905,0.0627029093119768,288.45091494460064,4,26,0.0
1906,0.0251788519037479,290.8675550384581,7,122,2.4639428
1907,0.0446007365379684,291.48548250925256,7,92,3.5777152
1908,0.025641593142504,290.8778530828347,7,104,2.1775115
1909,0.0381021832207381,291.55988569481013,7,74,2.4784899
1910,0.0622945285506689,288.4370165930146,4,26,0.0
1911,0.041560324947743,290.3127265692155,7,96,1.477312
1912,0.0362350860978065,289.8880436431516,7,104,1.4746869
1913,0.0423213142276871,289.5660736738642,7,99,1.4769462
1914,0.0220462834098438,290.477095797508,7,213,4.7628293
1915,0.0437856951216321,289.5296050174548,7,110,1.8543341
1916,0.0698286711315019,289.0887812591116,7,28,4.7545915
1917,0.0256195916854038,291.28684111315187,7,75,0.92740995
1918,0.0285563555579299,291.1490556303915,4,73,2.28903
1919,0.0397410113215008,291.67095632075467,7,70,1.479558
1920,0.0331542406722236,291.4265813638581,4,57,2.295739
1921,0.079065829282299,289.28161873579705,5,30,1.5141646
1922,0.0256005156897071,291.01717708189767,7,106,0.92740995
1923,0.0362757556815467,290.5077652779847,7,80,2.4741337
1924,0.0740742528730218,289.17081033047384,7,21,1.5141795
1925,0.0668584994552957,289.5517700289162,7,12,8.000086
1926,0.025557678615114,291.0290470034651,7,90,1.471323
1927,0.062131323826768,288.57001703250745,4,18,3.7021565
1928,0.0706714258457359,287.86738514000496,7,41,0.0
1929,0.0623132530127159,288.5306296460357,5,14,0.0
1930,0.0239708655992413,290.4569179827184,7,412,22.290754
1931,0.0688672526655355,288.5469529260961,4,28,2.7802885
1932,0.0264197113835072,290.9699646455368,7,90,2.4654171
1933,0.0218701940199505,290.4971634950807,7,122,2.2663305
1934,0.0339347791456621,291.45779650360555,5,60,1.4763973
1935,0.0339032682247606,291.5437851886943,7,64,1.1479242
1936,0.0682975607788712,288.655202741904,4,20,1.2000493
1937,0.0773754841659898,288.5434211971008,4,36,0.92740995
1938,0.0707038270486427,289.17799939078725,5,13,1.1955832
1939,0.0611520434550628,288.8919716028822,4,9,0.92740995
1940,0.05099822899148,286.6448055817243,9,683,1.4779176
1941,0.0628785112389649,289.6700723065006,2,4,2.2027395
1942,0.0740438472343365,288.3386966832054,4,33,1.2034433
1943,0.0432109680851098,289.433941685862,7,105,0.92740995
1944,0.0227586509412602,290.2472096565358,4,619,2.7802885
1945,0.0210890331576698,290.65601837588275,7,210,0.0
1946,0.0472058642977536,289.1004476108171,7,115,2.1824927
1947,0.0206854066391718,290.870630108497,7,209,3.8736637
1948,0.0656045738172319,289.2941274486499,3,9,0.92740995
1949,0.0191580294416095,291.2669196663177,7,103,2.9327383
1950,0.0408048155296832,289.45753684461937,7,101,2.1808882
1951,0.0241612611475364,289.81716329916395,7,709,10.741524
1952,0.0203022187455725,290.9472763552998,7,99,2.1740282
1953,0.045962177218696,288.800753243426,7,119,0.92740995
1954,0.0391121236461003,290.50369090664486,7,85,2.1810596
1955,0.0251058497596025,291.2882844531929,7,81,0.92740995
1956,0.0301210636589312,292.18163629818787,4,116,3.7047918
1957,0.0383388790323145,291.5696359689117,7,76,2.1822374
1958,0.02811539233776,290.2614248120359,7,583,12.68678
1959,0.0654846002923531,288.7921197185467,3,14,5.6734495
1960,0.0206778132531849,290.86071924782146,7,319,5.317203
1961,0.0180500699088844,291.6015373979138,7,104,1.8543341
1962,0.0232735345236716,291.1418332278796,7,111,0.0
1963,0.0789123663113263,289.29329331296253,4,20,3.7074213
1964,0.0206532798618267,291.686623682931,7,80,2.4613948
1965,0.021502016482827,290.65515944379604,7,868,14.672507
1966,0.0283489674313688,291.4006558104648,7,58,2.4690099
1967,0.0309206985768951,291.37514769194536,4,130,1.4767811
1968,0.0675340760156322,289.48590287657885,7,16,1.191161
1969,0.0649273096858771,289.70301799036616,4,12,0.0
1970,0.0296181465359143,291.7446587400449,4,239,3.878659
1971,0.0776956612768947,288.7665634421605,4,30,0.92740995
1972,0.0347214479359492,288.8177624338845,6,348,0.92740995
1973,0.0492383502950576,288.9615455940041,7,110,2.7802885
1974,0.0219290144303805,290.4021455774198,9,931,6.562109
1975,0.0352195262730603,291.5271778602269,4,64,1.4773787
1976,0.037181522393337,289.41127006579563,7,121,0.92740995
1977,0.041744251857176,289.65229545887735,7,96,0.92740995
1978,0.0278999621987624,289.79213449352807,7,564,17.133854
1979,0.0488518749791978,288.31283671744086,7,125,1.4785504
1980,0.0416388830804818,289.8708373441144,7,96,1.1496625
1981,0.0710008074728873,289.16815585754455,7,24,3.5725646
1982,0.0400089819493335,290.958088472848,7,84,1.8543341
1983,0.0357607487853014,290.22875599756134,7,92,1.4748063
1984,0.0359025229259906,291.52288387918594,7,65,2.2988324
1985,0.0209794300978374,290.68020068518746,9,248,6.786625
1986,0.0220571714990472,290.4454607969357,7,145,0.92740995
1987,0.0218829873001581,290.5393258295037,7,739,2.1725855
1988,0.0740130020155679,288.8803180194394,4,23,4.6273675
1989,0.0687352381342985,288.5649094218783,4,28,1.8543341
1990,0.073452373334078,288.7840688056953,5,23,1.5173446
1991,0.0236565497251655,289.9839984402727,9,1114,33.719345
1992,0.0634110472980514,289.5417437520754,2,5,4.0180826
1993,0.0455281878170203,288.9896414461242,7,113,1.4777676
1994,0.0677150690599235,288.5880334188155,3,25,0.0
1995,0.0216312722509338,290.5281425914459,7,131,1.1346961
1996,0.0401743425882594,290.87911654519604,7,84,0.92740995
1997,0.0675796241718626,288.59893375422865,4,24,2.208657
1998,0.0422013501279545,290.8325748199544,7,90,2.1821399
1999,0.0279393926982333,290.95104674448214,7,171,2.1786468
2000,0.0387637843840601,291.57163198098124,7,79,4.4271607
2001,0.0273181047235173,290.63830100202546,7,122,1.1428857
2002,0.0415685687601747,290.09059693606616,7,95,2.4784899
2003,0.0229424337843666,290.2033407456719,7,761,13.836222
2004,0.0228404374615853,290.69166407796666,7,401,3.8754344
2005,0.0344080006558422,291.4776714847599,7,63,1.4765717
2006,0.0604281315176511,288.4192571469307,5,30,1.5143555
2007,0.0786032909466372,289.3729579804772,4,26,4.86766
2008,0.0456352804645708,290.6957748761924,7,87,1.479378
2009,0.0643647353445851,288.99108604612354,6,9,1.5114026
2010,0.0285333782547324,291.3361188430813,4,393,21.93305
2011,0.0245716554463,291.06173123939624,7,103,1.4709431
2012,0.0208155289521586,290.78254460105137,7,100,1.465811
2013,0.0181754274547256,291.596242782272,7,78,1.4687665
2014,0.0446874119934215,288.8358758068656,7,110,2.2992406
2015,0.0405417094505328,291.6019614493876,7,82,3.575868
2016,0.027329277709126,289.53180778347786,7,340,0.0
2017,0.0180787840192839,291.59375874022834,7,87,1.4681354
2018,0.0381908563615993,291.56265363404725,7,67,1.4780612
2019,0.0280689968545647,288.90904746229734,7,353,3.8752043
2020,0.045453413312854,291.4593803122249,7,92,4.767804
2021,0.0198032869171306,291.0988339599036,7,94,2.9308908
2022,0.074801210329592,289.1912013614931,7,24,1.512144
2023,0.025743920588535,290.7682829842305,7,127,2.1774654
2024,0.0198160978410096,291.320933497412,7,103,0.92740995
2025,0.0374257363981739,291.5821458831741,8,69,2.3015974
2026,0.0741761202908391,288.4680746653192,4,32,0.92740995
2027,0.0463032093690321,288.9765418125153,7,115,2.1821573
2028,0.0374652477951381,289.6688582799352,7,109,1.1471661
2029,0.0215742978509128,290.5404467204202,7,145,1.1348552
2030,0.0223256241811846,290.3816315125308,7,193,2.446716
2031,0.0449470936849675,291.48361158063864,7,93,6.0375905
2032,0.0269211057802709,290.19979351027104,7,495,2.284058
2033,0.0342313878031518,291.47220573776355,7,60,1.4766827
2034,0.0250905770047064,289.60546937713184,7,429,2.1757772
2035,0.0302140982387367,291.18542683688395,4,57,3.9022374
2036,0.042297595927336,291.61457317284084,7,84,1.4799927
2037,0.0436298804512256,289.708440887906,7,104,0.92740995
2038,0.0285760677108842,291.04605949726533,7,159,4.663399
2039,0.0397799900506589,290.89419049477254,7,85,2.1814911
2040,0.0672104021530827,288.5629941611372,4,30,1.8543341
2041,0.0291851915723914,290.9202773438305,4,314,2.1800134
2042,0.0642126140555523,288.74702190334085,4,12,1.5130254
2043,0.0361801882658931,289.7007777002257,7,112,1.146511
2044,0.0444372504267354,289.47292173275,7,107,1.1507055
2045,0.0340666370125972,289.9543326506088,7,110,1.14568
2046,0.0299549103466823,290.4486778000747,7,114,2.4677255
2047,0.0405155544632178,291.5781708860545,7,82,2.4829354
2048,0.0415135939008526,289.81427397839167,7,94,3.444889
2049,0.030585121058836,290.45163670083053,7,106,1.4728563
2050,0.0215719956909381,290.6050063607116,7,836,15.146547
2051,0.0379343015508338,289.61823614953806,7,111,2.180173
2052,0.0750895243176189,288.4453675412153,3,33,0.0
2053,0.0206893870784139,290.81426394010924,7,101,2.1740057
2054,0.0807763542383065,289.23186716342235,4,38,1.5148356
2055,0.0302368360480981,291.1198747350005,7,165,4.353877
2056,0.0379362984622577,291.54686905576784,7,70,0.92740995
2057,0.0220078367415253,290.51245976795667,7,455,5.03146
2058,0.0658283035472169,288.7424493559196,4,17,2.3927212
2059,0.0734339616520963,288.7304839301533,4,28,1.8543341
2060,0.0708546522982604,289.3808449074372,7,19,1.1927705
2061,0.0728101010630753,288.9007041175021,3,18,0.92740995
2062,0.0276639142896082,290.88376406937465,7,89,1.4720541
2063,0.0271720780707749,290.72232201284874,7,113,1.1429136
2064,0.0208472440050859,290.785025368424,7,94,2.1737242
2065,0.0604133113707475,288.95127997392365,4,5,0.92740995
2066,0.0262353804963795,289.4981919029956,7,497,12.088427
2067,0.0293815104304841,291.49644555707727,7,62,1.8543341
2068,0.026136593538376,289.30379682959426,6,424,6.8476963
2069,0.0287759004052486,290.8231625888638,4,305,5.997292
2070,0.0308977489618527,291.5789451341,7,59,1.4742033
2071,0.0369269833111029,291.58016806541764,7,67,0.92740995
2072,0.0391916306258217,287.91825964015834,9,829,6.5639577
2073,0.0462847172308934,289.9789072519326,4,-6,1.17884
2074,0.0675643323202905,288.59798654892944,4,23,0.92740995
2075,0.0618793577178283,288.8767307042651,4,6,1.1929154
2076,0.0273326834995214,290.9483848735304,7,85,3.5489295
2077,0.030529429969552,290.62588314584,7,90,1.1445944
2078,0.0245026172969719,290.89368414365066,7,134,1.8543341
2079,0.021296417743618,290.6429747206078,7,95,2.4504662
2080,0.0213152002134956,290.5962336879024,7,185,2.1740038
2081,0.032539246071435,290.2200552373849,7,104,0.92740995
2082,0.0361504495786333,291.5395311364834,7,68,3.5693917
2083,0.0398051393356244,291.5451702309937,7,78,2.3014991
2084,0.0408577825341847,290.4556400828037,7,91,1.4771497
2085,0.028489537239091,291.6811566162982,7,61,1.1448032
2086,0.0212476950409923,290.62139150120686,7,162,1.4659796
2087,0.0427512725335306,289.9191630000718,7,101,2.2997146
2088,0.0322526742315985,290.58564097884647,7,82,3.006324
2089,0.0191638136058315,291.2953740936043,7,96,5.026366
2090,0.0280311370026938,289.531729292628,7,416,13.454564
2091,0.0399441501579004,289.19364652273345,7,113,1.1479404
2092,0.0453941355166158,289.9814340065447,7,100,0.0
2093,0.0752714475943612,289.214659812506,4,23,10.164172
2094,0.0214019920659167,290.60921319575027,7,104,2.2684565
2095,0.0267079339076635,290.7485187697578,7,109,2.1777263
2096,0.0223646008103984,290.33807809946995,9,687,12.842966
2097,0.0408620357770309,290.97971749226167,7,86,3.5699117
2098,0.0415948713936103,291.5583466679752,7,83,1.8543341
2099,0.0733364943470526,288.89359638958376,4,19,1.1995242
2100,0.0313818099022921,290.3212978252021,7,110,1.4730651
2101,0.0254804282731211,289.74378177231654,9,852,7.88547
2102,0.0325142388365242,290.18300186422334,7,104,3.4317098
2103,0.0652457844248728,288.5545951329511,4,24,4.5398264
2104,0.0251971103199054,290.8479237598796,7,126,3.0050125
2105,0.0424116746310072,288.0808222044945,7,195,1.1479445
2106,0.0286241143950184,291.16112957825897,6,73,0.92740995
2107,0.0291792055861447,290.42515987020903,7,130,2.466903
2108,0.0228624784701282,290.22545060922414,7,722,3.5896585
2109,0.0622435364229645,288.85450638311465,4,6,1.8543341
2110,0.0616275851486989,288.5715109016104,4,15,2.3905878
2111,0.0380417218346724,290.99413985771986,7,80,1.4764639
2112,0.075659722105118,288.8457519905924,1,26,2.2090316
2113,0.0696681294813557,288.16952250638394,7,36,0.0
2114,0.0173920769475012,291.8054503699399,7,92,1.4686565
2115,0.0227742930701413,290.97899433373914,7,191,3.7047918
2116,0.0452984932342917,289.3401899303092,7,113,1.4779909
2117,0.0365189310767294,291.87250327380553,7,59,0.0
2118,0.0275500449727522,290.88282441873463,7,90,1.8543341
2119,0.027784867934857,289.7622982394361,7,481,11.040746
2120,0.0215271862277905,290.504348459217,9,696,18.706709
2121,0.0621195223100099,289.7745267645862,4,6,2.7802885
2122,0.0331104347550824,291.4836882131093,4,85,1.4771719
2123,0.0639206902919091,288.7183353941896,4,12,2.2060115
2124,0.047435370706186,286.89964226647294,9,786,10.701617
2125,0.0381234416095002,291.5809243353831,7,68,1.1514151
2126,0.0434833413190804,289.52710338204145,7,109,2.4791715
2127,0.0204259750185558,291.23968028210527,7,145,2.9368382
2128,0.0393745699653127,290.8470302263802,7,84,1.8543341
2129,0.031620798222447,291.59466766816047,4,59,2.1797245
2130,0.0358672695869711,289.7011527155654,7,113,1.4743602
2131,0.0661018069700033,288.44675253069505,4,35,1.202076
2132,0.0280412977065791,290.8460831527045,7,90,1.1435328
2133,0.06350728484308,289.6703000305379,4,11,3.023522
2134,0.0202002197070164,291.26520673024373,7,148,2.9367037
2135,0.0412783159037339,291.6292497346086,7,77,0.92740995
2136,0.0702965494444039,289.02522126389897,4,31,2.3815444
2137,0.0281059498951064,290.4084163856038,6,576,3.8769872
2138,0.0716196539226358,289.1907271111942,4,22,1.8543341
2139,0.0473040932090884,288.95074384601975,7,115,2.9550002
2140,0.0359198238870781,291.52293848303634,8,64,1.4769145
2141,0.0239107480762683,291.5536446949144,4,67,1.4711809
2142,0.0312893312729269,290.6150413279101,7,81,3.0061421
2143,0.032217706942386,291.4389649900824,4,102,1.1496911
2144,0.0376477368712404,291.5539751103536,7,69,5.808908
2145,0.0333894100481702,290.02332054120006,7,111,2.2898815
2146,0.0312892224033854,290.55081730762845,7,87,2.2889097
2147,0.0804507747194527,289.2200637823983,5,33,2.7802885
2148,0.037087332199782,290.87537210907163,7,75,2.4757423
2149,0.0301696078818301,291.1871121536248,4,56,1.4744481
2150,0.0601401852399642,289.0601691347449,4,12,1.1907238
2151,0.0409275401104982,291.5912623337623,7,81,0.0
2152,0.0397487985137657,289.3676361767924,7,108,1.4756793
2153,0.0387203202545328,291.68795041217066,7,69,1.4793909
2154,0.0363746066136247,291.53098055414114,8,68,1.477156
2155,0.0720446892018675,288.7887892666401,4,20,1.5166402
2156,0.0188830042348949,291.3495988507616,7,95,3.0033314
2157,0.0190218864479996,291.29850986587354,7,105,1.1376194
2158,0.0297798689259338,291.6874184618866,5,336,16.686697
2159,0.0228466699215067,290.2185286978503,4,590,2.1740525
2160,0.0777134082667333,288.5914727225113,5,37,2.5769818
2161,0.0204693927729247,290.92205836133104,7,240,2.1752577
2162,0.0449852684930077,290.62112541960835,7,90,1.4790344
2163,0.0630135091331921,289.6557195120742,1,5,0.0
2164,0.0482535248864936,288.4535562596344,7,122,1.8543341
2165,0.0557101984952448,289.49297821379605,4,6,1.5060371
2166,0.0276674218732738,289.75768394868925,7,565,9.791482
2167,0.0356287587843113,291.78418574499705,4,60,0.92740995
2168,0.0750659010242259,288.85177805034425,4,20,0.92740995
2169,0.0329598747741355,289.7916061087868,7,148,1.4732243
2170,0.0621757086112038,288.5197688392767,4,16,0.0
2171,0.0448108337930301,289.9046708409735,7,103,1.478304
2172,0.0295627885316427,290.4464216409784,7,117,0.92740995
2173,0.0637467408379492,288.51142927393016,4,22,0.92740995
2174,0.0389157913235447,291.5950910942968,7,72,2.7802885
2175,0.0454218903168121,287.02067868753835,7,399,16.24506
2176,0.0654079932566528,288.57490469187127,4,18,1.8543341
2177,0.0242013218692273,289.82241381054934,7,650,3.002933
2178,0.0351906737833729,289.8965191681283,7,106,1.4742599
2179,0.0446070867059706,289.12003736257964,7,110,0.92740995
2180,0.0409405613850735,291.35701060871617,7,83,0.0
2181,0.038156766838502,291.67872540608414,9,67,1.1525384
2182,0.0190574891315593,291.30141191428515,7,93,5.6686697
2183,0.0384153207249224,291.38923387632855,7,80,1.4769812
2184,0.0317160881661764,291.3125494529993,4,82,1.1483995
2185,0.0208657228705714,290.78598967344544,7,90,0.0
2186,0.0467311507649786,289.1097397802286,7,114,2.4815257
2187,0.0223038283930548,291.28348343534395,7,90,0.0
2188,0.0207463111372994,290.8160731849795,7,94,0.92740995
2189,0.0296702009714933,291.01297241558984,7,333,5.715679
2190,0.0181511318510443,291.5428317866093,7,104,1.8543341
2191,0.0226416980534703,290.6956251660169,7,369,9.276305
2192,0.0181680647224104,291.6850338361643,7,93,2.9359465
2193,0.0280212781680456,289.38774170889144,7,342,5.332256
2194,0.0213678511758349,291.16021180303784,7,148,1.4695467
2195,0.0380309836301404,289.83440630665507,7,101,1.8543341
2196,0.0212153554356938,290.6251091831059,7,171,2.4522476
2197,0.0286315854183042,291.10895166046225,5,381,7.7791834
2198,0.0612686086488147,288.3841793980919,7,37,3.0304642
2199,0.0198837432916471,291.3961823957934,7,84,0.92740995
2200,0.0408819695363205,290.889473169296,7,86,2.4795506
2201,0.0449397527833367,289.26273715008455,7,110,2.1819456
2202,0.0395601984563355,291.5695501466507,7,78,3.573288
2203,0.0379048665199989,291.5535916516477,7,76,1.4778281
2204,0.0284460577312049,288.4743483876322,7,234,11.934866
2205,0.066381071028644,288.61804519168777,1,17,3.7047918
2206,0.0227766461761194,290.25120441003014,7,259,6.282982
2207,0.0215028474812113,290.6123661397402,7,92,1.4646918
2208,0.0511904126914751,289.69784465985464,1,0,3.0048165
2209,0.0216360600953566,290.5196230928859,7,204,8.109304
2210,0.0242487786768954,290.9546361345496,7,122,3.004871
2211,0.0622538075072075,288.9452235860334,1,6,1.1926723
2212,0.0211220848972665,290.7012617247371,7,94,1.1347892
2213,0.0227665891949809,290.25069556183746,7,730,4.3434806
2214,0.0327759610303338,291.5702901395423,4,87,1.4777484
2215,0.0271095598719649,289.357448935984,7,425,2.7802885
2216,0.0257800392919336,289.4480111597356,7,503,2.9357452
2217,0.033896446658033,291.2120235664711,7,69,0.0
2218,0.0329801588584692,291.6140972776176,4,85,0.0
2219,0.0374459556203714,289.37717109457867,7,121,2.472792
2220,0.0208282743697013,290.7501636591104,7,126,0.92740995
2221,0.0290423348828461,290.5941711817389,7,104,2.4671474
2222,0.0242959602315396,289.78059155915685,4,545,1.1322522
2223,0.0284744280863686,290.34830011864483,7,159,0.92740995
2224,0.0620026612646896,288.9206355772636,3,6,2.5579557
2225,0.037596451824884,291.56632810226586,7,71,3.0084443
2226,0.0372319215419417,291.5446832811863,7,69,1.4771307
2227,0.0380129758144667,290.0109032040055,7,93,1.4755466
2228,0.0410454038942351,291.57314288734483,7,84,2.3039966
2229,0.02494680994282,290.29791575121754,7,465,10.760702
2230,0.0383856423979069,291.56380555100736,7,70,0.92740995
2231,0.0735012497604449,288.89411661686626,4,21,1.1996006
2232,0.0246190098718227,290.1387448847195,9,742,1.8543341
2233,0.0296494054699087,291.00729898650434,7,337,9.800917
2234,0.0219798312851543,290.45580260697363,7,143,1.4645303
2235,0.0361494710459126,289.9558903259908,7,101,0.0
2236,0.0397032455148748,291.5481448722076,7,78,0.92740995
2237,0.0290369142198236,291.34970665677884,6,348,5.359576
2238,0.0658013909526333,289.237346787452,4,9,2.7802885
2239,0.0178577974904905,291.6390642335924,7,99,0.0
2240,0.0401737288826996,289.92724577042964,7,90,1.1489366
2241,0.0193683173098152,291.3480698387918,7,144,3.88381
2242,0.0677177217680292,288.1396679908494,7,40,0.92740995
2243,0.022279197116938,290.3319756773568,7,1237,2.4492345
2244,0.0417600395099371,291.5747736239566,7,82,0.0
2245,0.0633781433313257,288.45481437937724,4,30,1.2003074
2246,0.072315398335984,289.4002673747744,7,25,7.3585086
2247,0.0417129681964383,291.5200199207012,7,80,3.9158957
2248,0.039023275803778,291.66840119914565,7,71,4.4301357
2249,0.0405243971374,290.5440617299336,7,92,2.1814847
2250,0.0432293975868171,290.4688883695941,7,96,0.92740995
2251,0.0222755047168044,290.3961670570143,7,1025,23.109201
2252,0.0207288964456017,290.80643976281976,7,104,1.4659133
2253,0.0251699579881895,291.64704808641136,4,64,1.4717906
2254,0.0199504823409987,291.0864923483704,6,288,4.3901606
2255,0.0437527573266896,289.3234543009261,7,107,0.92740995
2256,0.0446270177442999,291.4886596555788,7,90,3.7047918
2257,0.0365179044829827,291.89091247986926,7,60,2.7802885
2258,0.0252684550261289,289.5528582687208,7,442,2.175734
2259,0.0512089244609688,288.3428511298573,4,137,0.92740995
2260,0.0742097805342209,288.7876552573622,3,24,3.033147
2261,0.0683530941031889,288.37165591306723,7,33,2.4042666
2262,0.0290801898967104,290.86222802275944,5,281,4.6273675
2263,0.0222397039566348,290.401730821704,7,657,0.92740995
2264,0.0359316153651791,291.5953335806539,7,63,0.0
2265,0.0428506039627085,289.62208964994306,7,105,2.7802885
2266,0.0323373807450181,290.2483701016437,7,101,3.8985186
2267,0.0366356002164878,291.6742367204496,7,62,2.482539
2268,0.0238416078518998,291.42499548017844,7,79,2.4639356
2269,0.0217578444702979,290.554379299804,7,147,5.837773
2270,0.0648312753454317,288.8364473868646,4,12,1.8543341
2271,0.067616601593786,289.652947325839,4,18,5.199927
2272,0.03260762271213,290.35709477727875,7,91,1.145382
2273,0.0232897566257596,290.9970733603067,7,152,2.7802885
2274,0.0399130781665034,291.54532147206004,7,79,0.92740995
2275,0.0235163157550055,290.0493461545426,7,707,2.9347405
2276,0.0736008197855218,288.24014669803125,4,34,14.702498
2277,0.0458056198509295,289.17134545374324,7,116,1.4780515
2278,0.0607649887440163,288.42908407393804,4,27,0.0
2279,0.0672457587186151,288.54938751357406,4,30,0.92740995
2280,0.0219836600432889,290.4550087075128,7,142,1.4645213
2281,0.0659692012179796,288.76812277058514,4,14,1.5138017
2282,0.063314555131338,288.4953084665334,4,22,1.5156401
2283,0.0461511848733512,289.4303504717342,7,112,1.1515836
2284,0.0213048516652899,290.6158659922485,7,144,0.92740995
2285,0.027316783915167,289.4108155602844,7,399,1.4699639
2286,0.0222988606907994,290.3847354461434,7,632,2.92883
2287,0.0308578271373317,291.58590405694537,7,59,1.1461114
2288,0.0430387830875601,289.5059433675717,7,102,2.7802885
2289,0.0426635180082425,290.0400285474727,7,105,1.8543341
2290,0.066864697456258,289.5097244590539,6,16,1.5092105
2291,0.0760867542105031,288.8445526345735,3,26,2.4021354
2292,0.0397683112088102,290.2351535940466,7,90,2.7802885
2293,0.0224721982339186,291.0730973568191,7,145,0.0
2294,0.0289058816466809,290.8444403825355,4,320,11.1646385
2295,0.0252383699494789,290.8515952793988,7,124,0.92740995
2296,0.0665092697334865,289.66067607237426,4,15,3.0240273
2297,0.063704403402478,288.499243782945,4,24,2.7802885
2298,0.0184223328836211,291.60876878468486,7,103,2.459049
2299,0.032056761410285,289.77493060532754,5,165,2.4682894
2300,0.0292172075833596,290.99254998780174,7,247,10.380047
2301,0.0320248755427888,291.34763146924104,4,85,0.0
2302,0.0309909131517205,291.2288272594039,4,86,1.4755372
2303,0.0378738575970931,291.547204332901,7,70,2.1816611
2304,0.0320924333232553,291.3726793817673,6,91,1.4764544
2305,0.0184935718337894,291.422419923648,7,139,4.7643356
2306,0.0208101584212431,291.217072714049,7,152,1.8543341
2307,0.0388892709266809,291.3382059787739,7,81,0.0
2308,0.0391141430541847,289.5888568724795,7,105,2.7802885
2309,0.0353537490208168,291.7650967651307,4,62,1.4791211
2310,0.0749609788077086,288.7168199242,4,28,0.0
2311,0.0425924125913785,287.2554357114067,7,704,37.48891
2312,0.0344580700895168,291.92660148975784,4,59,0.92740995
2313,0.0444422406004626,289.1519615708602,7,112,2.7802885
2314,0.0245664860283265,291.0038860850313,7,108,2.2828338
2315,0.0389232173268997,290.2856676548249,7,85,0.0
2316,0.0212210688980591,290.6236568888877,7,168,2.452226
2317,0.0243074773283065,291.1225824417993,7,97,1.4709307
2318,0.0416377442954485,291.52108461911274,7,83,1.8543341
2319,0.0750314329789993,288.53415883377863,2,32,1.202812
2320,0.0274232242059255,289.5942755357432,7,312,0.0
2321,0.0667259800224698,288.5439681429302,4,29,2.209021
2322,0.0590312208859396,288.34157538836257,6,39,2.7802885
2323,0.0470100175766862,289.0084839781113,7,118,1.1515507
2324,0.030192997885243,291.5702028750184,5,267,6.520576
2325,0.0237461088617273,289.9797214988285,7,674,0.0
2326,0.023862137205027,289.9551997490901,7,689,0.0
2327,0.0238042791805934,290.03659113534746,7,674,3.5373762
2328,0.0214261604604821,290.6425825900791,7,1033,17.971193
2329,0.0489268546150328,288.93680102270514,7,23,0.0
2330,0.0388352397579426,291.6154239893163,7,72,1.1521058
2331,0.0481971389392171,290.7088090414936,4,45,3.8827536
2332,0.0608665540410462,289.01501878111355,2,4,0.0
2333,0.0242320515525903,289.79984260346987,7,533,2.7802885
2334,0.0379173139636676,291.55377506416573,7,72,2.9537053
2335,0.0211488339652909,291.53942494796115,7,92,2.1767025
2336,0.065191820204216,288.4913090468852,4,31,1.2013704
2337,0.0479337829081619,289.3567499845889,7,105,2.9562795
2338,0.0413995449810747,289.86629150775366,7,96,2.1813128
2339,0.0268479788732973,290.96278575628526,7,117,4.3500457
2340,0.0413149222106862,289.614471868066,7,96,1.4765654
2341,0.0754356387473834,289.48956910478296,7,23,0.92740995
2342,0.0306865548229027,291.7198957215048,6,144,1.4783297
2343,0.0683258844435228,288.2827759610969,7,34,2.5772061
2344,0.0252235605996054,290.36716786260814,7,333,5.547545
2345,0.026488792310401,290.99066272764026,7,100,2.2856443
2346,0.0779241933143321,288.77243763908666,4,32,2.4034498
2347,0.0626384358711432,289.70256022100943,4,7,1.5081748
2348,0.0224901245802351,290.32869624928856,7,666,2.1746404
2349,0.0209990910597218,291.5097618298324,7,96,1.1406243
2350,0.0202387234231209,291.45929398559394,7,111,2.7802885
2351,0.0704301074277294,288.88340484735915,4,19,2.7802885
2352,0.0179661027518978,291.6212013668388,7,101,1.4687756
2353,0.0355257049616785,291.583620604673,0,66,0.92740995
2354,0.0646919997900177,289.2418202513509,1,6,1.1922939
2355,0.0247828991393172,291.01845219232234,7,101,5.0371823
2356,0.078362873355603,289.424732490619,5,27,1.5140747
2357,0.0688474591301909,289.29018607713897,4,20,4.5203342
2358,0.0651236751228015,289.6979677279897,4,14,2.2031424
2359,0.0717710500078837,289.50111931775353,4,17,3.0251317
2360,0.0361567808552609,291.52727915908565,7,66,2.1815062
2361,0.0203114532591832,290.8549581921777,4,366,16.380234
2362,0.0488587807589172,288.32311030818005,7,124,4.689535
2363,0.0390745127261355,291.5462146180856,7,78,3.9130876
2364,0.0401601456873559,291.55597422629995,7,78,2.182469
2365,0.0191059733688319,291.35969506408435,7,147,1.4689498
2366,0.020567542155259,291.7542305250393,7,79,1.4699916
2367,0.020930273037797,290.7826527931797,4,88,3.0021722
2368,0.0639012595813903,288.53356229031675,2,19,1.8543341
2369,0.0304554401489729,291.37317992888995,5,161,1.4768414
2370,0.0336788018118421,289.88857628372017,7,119,0.0
2371,0.0499273082924095,289.37299727879184,7,107,1.4799831
2372,0.0213735865874089,290.66966108102224,4,120,3.8734283
2373,0.0304256275704579,289.5698093138082,4,289,4.9232225
2374,0.040947640667256,291.57369677424083,7,87,3.7047918
2375,0.0279581902003744,291.1955150222733,7,67,0.92740995
2376,0.0293798983844157,289.7173261099963,7,340,9.1686735
2377,0.0454624293706257,289.7369202759258,7,105,1.1515712
2378,0.0188215925929052,291.3780215721424,7,89,2.174963
2379,0.0451210012538749,290.0326249625731,7,98,2.1824753
2380,0.0402408068523733,291.5704624428691,7,88,2.482478
2381,0.0352756576511647,291.5078609715948,7,64,3.9105697
2382,0.0643386423867371,288.595735890346,4,18,3.027414
2383,0.0697818356273611,288.517166172311,4,27,2.2095165
2384,0.0753473243339505,288.56096291213134,1,32,0.0
2385,0.0406733492511496,290.6610870509035,7,92,2.9525542
2386,0.026855332126239,289.911499426216,9,765,9.280144
2387,0.0654241928284027,289.3375133744369,7,22,0.0
2388,0.0185359873885643,291.4044756628283,7,131,2.4582765
2389,0.0395835551809276,291.5503338780071,7,78,1.8543341
2390,0.0412779731777677,291.6327064929572,7,79,3.4561381
2391,0.0205161107927787,290.92723122831944,7,353,1.4653182
2392,0.0492789667223073,287.1937980904691,7,336,7.402809
2393,0.0538043279100572,289.70938010905473,4,3,0.92740995
2394,0.0365428670900218,288.6059994785525,7,679,20.590765
2395,0.0774100369481448,288.7864811965467,3,32,1.5181347
2396,0.0217080652277066,291.6497673387988,6,70,1.470336
2397,0.0754066400487687,288.5428901104981,1,31,0.92740995
2398,0.0427526511348178,289.5597152601921,7,105,1.4771211
2399,0.0475153407193801,290.0479479311273,4,-4,1.1795492
2400,0.035522430316474,291.5737553137043,4,62,1.1508694
2401,0.0191114540913711,291.24697707689904,7,123,1.1380507
2402,0.0389474981466575,289.469849458876,7,111,0.92740995
2403,0.0414339209113271,290.2562117561737,7,98,0.92740995
2404,0.0420904264221859,289.8019497484945,7,99,1.4770638
2405,0.0197194953761321,291.492250095186,7,111,2.9368014
2406,0.0286531016938525,291.22481176321844,7,63,3.7047918
2407,0.0650114936748505,289.3447105781788,2,6,1.1919438
2408,0.0384006821263662,291.2340219509955,2,42,1.4848499
2409,0.0422896877378277,291.60160038555216,7,85,1.47988
2410,0.0207884490040245,291.5618232107736,7,93,0.0
2411,0.0761296015092196,288.907158028544,2,23,3.6706915
2412,0.0305801342195965,291.185334128354,4,77,3.903822
2413,0.026071118232279,290.230862258106,5,365,14.766468
2414,0.0255924035029877,291.39218165443566,7,70,1.1429056
2415,0.0214795436818157,290.5998596735469,4,89,1.4650213
2416,0.021404365677123,290.6500118311479,5,105,2.2667317
2417,0.0305740936215609,291.17726717892094,7,68,2.179083
2418,0.0340945510775428,289.21253143050234,7,199,8.365615
2419,0.0378581583570328,291.5459667554842,7,69,2.299788
2420,0.043595461940991,289.3284467472485,7,110,1.1500751
2421,0.0222481586449621,290.358501682154,9,1156,7.9400544
2422,0.0194852113649459,291.2003217985685,7,125,2.9311981
2423,0.0230976706003159,291.2701972729166,7,87,1.4705145
2424,0.0744607582033728,288.4061318310681,4,34,0.92740995
2425,0.0699844393190807,288.2866994738547,7,33,1.5189693
2426,0.0213382726230512,291.7337662278098,7,77,1.4702836
2427,0.0341732768496977,291.48520640331066,6,61,3.0075135
2428,0.0396317807448922,290.24383334526567,7,87,3.5654898
2429,0.0276264827134215,289.1659513526729,7,414,11.396984
2430,0.0184180988626616,291.4689050425863,7,98,4.9056983
2431,0.0210751971728344,290.7409616344145,5,86,1.1343048
2432,0.030640801058105,290.7242630710754,7,85,1.47314
2433,0.0640592414712113,288.538901010552,4,17,3.028779
2434,0.0656512886419665,288.5732450812246,4,21,1.5160661
2435,0.0215858693977875,290.6047047518673,5,427,14.79284
2436,0.0263888388799582,289.688237727366,7,551,11.530214
2437,0.03864448634604,291.5538020959421,7,77,1.8543341
2438,0.021832102475646,290.4840507659435,7,149,1.4649043
2439,0.0411620612137841,291.6436633063535,7,77,3.6096976
2440,0.0199151895396677,291.32582743343244,7,145,1.1397783
2441,0.0423368260240342,291.39519808312195,7,83,2.4820967
2442,0.0379970183489662,289.2891821569458,7,122,5.716721
2443,0.0252120166575968,290.91071529608445,5,109,2.9401839
2444,0.0631262628956762,288.5218055321754,4,21,1.514982
2445,0.0247543339684456,291.23699561987905,7,91,1.4711932
2446,0.0422068148375332,291.5635361732715,7,88,2.484135
2447,0.0215991977299712,291.26561367118,7,122,0.0
2448,0.039622166750898,290.0580728512676,6,89,0.0
2449,0.0265344918177356,290.6334557795451,7,138,1.4713385
2450,0.0421227514256357,289.95479016782895,7,97,3.008057
2451,0.0205893332854259,291.2089398826156,7,158,5.662036
2452,0.0209923866716968,290.71672232886584,7,110,2.451708
2453,0.0433993063257609,291.5062846573076,7,86,1.4793395
2454,0.0346965837730373,289.8772882970263,7,111,1.4740341
2455,0.0628534135552787,288.5008733563091,4,20,0.92740995
2456,0.0197901740742086,290.9848699737404,6,547,6.501819
2457,0.046619851574811,289.06658334631203,7,115,0.92740995
2458,0.0241891565868061,291.3586421287061,7,81,0.92740995
2459,0.0763475575733459,288.83366498778423,4,28,0.0
2460,0.0261115824173701,290.2140388047452,6,493,10.796036
2461,0.0380816229794555,289.3587825582998,7,120,3.601796
2462,0.0459422575936205,289.2263717776361,7,115,3.6070008
2463,0.035001679791747,290.0720293294358,7,98,1.4743445
2464,0.0371928673667951,291.54144497497754,7,70,1.4773343
2465,0.0748591890225887,288.7971568103237,4,33,0.0
2466,0.0435566067739537,289.50028638957895,7,110,0.92740995
2467,0.0226107613089231,290.3012262734766,7,263,1.4634807
2468,0.0472881328562602,287.32235949623634,6,382,8.366269
2469,0.0487101353764634,289.7453099503245,7,98,3.6096923
2470,0.020868786910923,290.7491874039373,7,110,2.4521253
2471,0.0676609916543478,288.73374869976146,3,12,9.497655
2472,0.0405230748240599,291.5520644476556,7,85,3.9161987
2473,0.0668100801423662,288.5923083542921,4,22,1.5165608
2474,0.0226081703332609,290.29166124153176,7,590,0.92740995
2475,0.019325541716807,291.3168063796524,7,170,1.139435
2476,0.0660804826652697,289.43313016957893,1,7,2.7802885
2477,0.0395964670350411,289.383842254795,7,107,2.180497
2478,0.041935790250126,291.5566061471061,7,85,1.4792912
2479,0.0276264802362222,290.7035700955718,5,111,0.0
2480,0.0365059397827247,291.6934855790108,7,62,1.8543341
2481,0.0395984114454385,290.9198614206917,7,87,2.2986772
2482,0.0527893744073621,287.1412177632576,7,160,0.0
2483,0.0319770480045377,291.33796950823046,7,60,2.4748023
2484,0.0687125607904621,288.3336693666647,4,33,0.92740995
2485,0.0216133992311705,290.53203394813727,7,136,3.7047918
2486,0.0459245517827233,289.19075039514416,7,115,2.4808867
2487,0.0218111513010548,291.72473563370505,7,70,1.4704622
2488,0.0233402159519185,290.07200024026844,4,586,0.0
2489,0.0204246794416088,290.89663842972413,7,106,0.92740995
2490,0.0682593506169273,288.19293258373176,7,37,0.0
2491,0.0179667389739232,291.80472323326,7,82,1.4689803
2492,0.0217733565666684,290.56076412306595,7,764,3.5206654
2493,0.033415120887868,289.1392280334028,7,306,10.592008
2494,0.0644489403306911,288.7214911482941,6,12,0.92740995
2495,0.0620948170246053,288.87316300140367,4,5,1.1930792
2496,0.0715625476412744,289.1358620032783,4,16,0.92740995
2497,0.0178612841841894,291.7807241730499,7,90,0.92740995
2498,0.061738016032901,288.4879000957001,5,19,1.5143667
2499,0.0452376244637204,289.04233855952754,7,114,5.0546393
2500,0.0309630251809044,290.1405921550368,7,138,0.92740995
2501,0.0798042231879031,289.27716853853144,7,29,1.8543341
2502,0.0619616688495929,288.41962495983023,4,29,1.5160661
2503,0.0421838438365284,289.6187870979248,7,104,0.92740995
2504,0.0194448002280204,291.1687960266489,7,110,4.343501
2505,0.0740059816120947,289.4850592858618,4,16,4.8583727
2506,0.0451504534625256,289.05546217301173,7,115,6.520499
2507,0.0341016956977649,291.53516568824665,4,75,0.92740995
2508,0.061397726110958,288.47388663852,4,20,1.8543341
2509,0.0592888818210921,288.9660905239987,1,10,9.827295
2510,0.02018873499633,291.3246339755444,7,138,1.4693781
2511,0.0422545404393111,289.7571316816408,7,100,2.952224
2512,0.024313436992214,291.06859378312697,7,134,6.4816365
2513,0.0649735608371651,288.8418075221124,4,12,2.2057002
2514,0.0644044754362198,288.99370840336576,6,9,1.5114063
2515,0.033106788144728,291.4182703952141,5,58,2.1807363
2516,0.0226107676502965,290.30487255432155,7,276,2.4458487
2517,0.0388048976574437,291.65622510328444,7,68,1.1525384
2518,0.0464615469810484,288.5283271102492,7,125,2.7802885
2519,0.0313128421022513,292.0785215231575,4,94,0.92740995
2520,0.041111683986512,290.46068095913097,7,91,1.4772578
2521,0.0724400842950843,288.80458264824574,1,23,4.0442023
2522,0.0231097212023347,290.1429202501775,7,670,2.4484556
2523,0.0673935296766325,288.7603312291471,4,17,3.7047918
2524,0.0501914123323164,289.2916451020231,7,109,3.8792937
2525,0.0248683793607493,291.2072464796061,7,91,1.8543341
2526,0.0276365924225605,290.3800651643644,7,688,5.662781
2527,0.0255751364812672,291.13221748132423,7,83,1.4714313
2528,0.0458565051951371,291.01669075465475,7,93,1.1532896
2529,0.0230803289022161,291.3966090757039,7,90,0.92740995
2530,0.0370059917527726,291.5404141180479,7,71,1.4773852
2531,0.0618871441840862,289.4212111039367,1,6,0.92740995
2532,0.0793947085785454,289.31680697733634,4,29,3.0267136
2533,0.0685501376067802,288.6267075993188,2,22,2.5731614
2534,0.0334952912373557,289.8321998039951,7,130,2.289528
2535,0.0443548480548048,289.4938879654008,7,108,2.4799752
2536,0.0643653482023226,289.10231495487983,7,9,0.92740995
2537,0.0754847162557209,289.48254324967195,8,23,1.512977
2538,0.0432604096195601,291.5294403464956,7,86,0.0
2539,0.0773941067700802,288.7169701133601,4,31,0.0
2540,0.0210172891557455,291.46228730760606,4,73,1.1404858
2541,0.0697801205917358,289.46747046580936,7,19,3.8909361
2542,0.0622729474405978,288.4373530423528,4,28,1.8543341
2543,0.0434396494637014,291.5028029053475,7,86,1.8543341
2544,0.0210075615574217,290.64417022480177,9,887,16.399372
2545,0.0647240732957858,288.5473654532004,5,19,1.1992239
2546,0.0310383808073186,289.7300898768033,5,210,3.8763893
2547,0.0661520481459143,288.5419316622132,4,27,1.5170792
2548,0.0302891469013953,290.50511136148214,7,104,2.287723
2549,0.04635590953025,289.0431264841327,7,114,1.4781666
2550,0.0200835920558604,290.99582568743,7,267,13.687863
2551,0.0327540988927822,289.3980356527103,4,46,2.3198357
2552,0.0415901282385527,291.5466785702715,7,83,3.9175096
2553,0.0186615904589544,291.4184564640206,7,92,3.0033965
2554,0.0191601072917829,291.79376331609933,7,91,3.8752978
2555,0.040927975859589,291.5548890113189,7,79,2.4825997
2556,0.0215541917687521,291.5426959261912,7,86,0.0
2557,0.0194372788875692,291.18078048009687,7,107,2.9323754
2558,0.0436280425210375,288.9297308414449,7,106,1.8543341
2559,0.0203173316614591,290.9402013851709,7,98,0.92740995
2560,0.0422328537017488,289.8139375125347,7,101,1.477137
2561,0.018944257554673,291.29605245188014,7,116,4.904889
2562,0.0346348439697742,291.9493543398588,4,58,0.92740995
2563,0.0390620593235575,289.18193940302115,7,122,1.4752156
2564,0.0291643733063675,291.02972974042314,7,205,6.343097
2565,0.0285769992281932,290.4058879308273,7,145,0.0
2566,0.0398364609419849,290.22084135045424,7,88,2.1810896
2567,0.0256675642880825,289.42809260610204,6,512,4.3969197
2568,0.0440740518638083,289.41099811910806,7,112,0.0
2569,0.036044181966091,289.72591750852723,7,111,2.4721708
2570,0.0212309418429703,290.6497539962479,7,116,0.92740995
2571,0.0429647805746092,289.22570603382894,7,99,1.1496135
2572,0.0309152681894188,291.5048807359891,4,131,0.92740995
2573,0.0304824273668546,291.32461158375907,4,141,1.4765939
2574,0.0245222204028899,290.58381949853754,7,318,7.3138013
2575,0.0597511951216713,288.9605674123961,5,5,1.5093315
2576,0.0244889672759076,289.71696782763047,7,561,15.469731
2577,0.0202764481861027,290.95084557925765,7,97,0.0
2578,0.046158324430375,289.4473191976482,7,112,1.1516081
2579,0.0597038469082892,289.7637742228492,4,7,0.92740995
2580,0.0711385706825641,289.15158643576274,4,16,1.5132604
2581,0.0215351709465159,290.58099011204587,7,100,2.173334
2582,0.0458660232712385,289.2512832088844,7,116,0.92740995
2583,0.0287457135971901,290.98724421880434,6,288,15.993708
2584,0.0460052493149943,288.8279289620354,7,116,0.0
2585,0.0190573087732846,291.7326420915565,7,88,2.460005
2586,0.0409730284871408,291.36926353814164,7,80,1.4780325
2587,0.0429514683374897,288.95556077114986,7,106,2.1811838
2588,0.0263788001247683,289.7006210994573,7,558,16.280933
2589,0.043924758676263,289.29499740036937,7,107,3.9119568
2590,0.0820730704755043,289.22565479807633,7,42,1.5153767
2591,0.0299705058314688,289.47981123669126,6,577,5.748144
2592,0.0304324948470228,291.27939127179087,7,149,0.0
2593,0.0810803660374858,289.28571363735705,7,41,2.5682485
2594,0.0303485026808372,292.1770784476726,5,107,3.87929
2595,0.0633304676463134,289.0974230835175,4,5,1.5104017
2596,0.0449471020052288,290.3092144897294,7,96,2.3030012
2597,0.04023841038061,290.13474348127727,7,89,3.0077507
2598,0.0221987416158318,291.5798363694173,7,79,3.0047626
2599,0.0280212346825339,289.06921572314866,7,450,4.3466697
2600,0.0352143304744149,291.31295950736006,7,69,1.4755814
2601,0.0470190253364719,290.7558773508768,7,97,1.1536162
2602,0.0207178924404041,291.70372134847054,7,79,0.92740995
2603,0.0660916829314899,289.51435777381363,6,20,4.8402643
2604,0.0204524822344597,290.89470270614584,7,99,2.4521108
2605,0.0636613352082694,288.45591511224694,4,29,1.5169619
2606,0.0179583775127648,291.60709026367533,7,100,2.2769623
2607,0.0294669832247209,291.47104834412073,7,437,14.56149
2608,0.0184317902001382,291.60790170706207,7,103,2.9359832
2609,0.0367032214888083,291.5448590227895,7,67,1.4768605
2610,0.0301737342238647,291.4331373724024,7,254,3.4460614
2611,0.0665197251106725,289.1235386799673,2,8,1.5116248
2612,0.0665707968773053,289.10479557201967,1,9,0.92740995
2613,0.0576832208141251,289.5097007966972,2,9,8.731361
2614,0.0216045378738922,290.62180810881824,7,352,6.7408557
2615,0.0224046525671672,290.9444647762751,7,179,2.1765141
2616,0.0365992634925248,291.58650208115245,7,74,0.92740995
2617,0.0244432152990178,289.76600332229964,7,647,4.3438187
2618,0.02540551847934,290.77553659589296,7,139,3.5953374
2619,0.026068106559742,291.11396471837526,7,85,1.471617
2620,0.0188202426050605,291.312296549093,7,194,4.5463014
2621,0.0479282522532439,288.58966541354454,7,124,3.4509504
2622,0.0606981070336269,289.6770720448524,4,4,3.0230317
2623,0.0248697283033209,290.5265051884937,4,207,1.4704344
2624,0.0203160462238051,290.9263961022892,7,105,2.7802885
2625,0.0401524725833773,291.5915825487788,7,79,0.92740995
2626,0.0702983116262439,289.0396170137223,4,32,1.5095996
2627,0.0241280596930894,289.8354225368214,7,647,0.92740995
2628,0.0668928365676768,289.5415809434289,4,20,1.5093058
2629,0.046900926074684,287.12010525291294,9,618,23.402954
2630,0.0230228621286187,291.1946897459933,7,108,0.0
2631,0.0212245034032932,291.27942542180136,7,126,1.4697675
2632,0.0774953149904107,288.8850499621801,1,27,0.0
2633,0.0539215705532325,289.7031755438741,3,6,3.0217714
2634,0.0203787906096763,290.8787655842449,7,111,0.92740995
2635,0.0181756377951012,291.58595829926173,4,81,1.8543341
2636,0.0214825963636305,290.5865080302207,7,107,1.1345605
2637,0.0284369837822921,291.0115393961851,5,503,13.523168
2638,0.0476926082833916,288.58704240003635,7,121,0.92740995
2639,0.0540377873752621,289.6996093839211,4,4,3.0080714
2640,0.0757845892734546,289.33263387235337,4,20,1.8543341
2641,0.0768308365464685,288.6331719664823,4,31,4.0505834
2642,0.0681622060109346,288.74086063714753,4,13,5.547545
2643,0.0474425972174139,289.89448483767416,4,-3,2.1958642
2644,0.0202800209935183,290.9968228427765,8,276,2.928824
2645,0.0284171165839755,291.1917496583488,4,515,15.905294
2646,0.0381416977964223,289.9163628646476,7,94,1.1478268
2647,0.0691845569883399,288.4377292064656,4,29,0.92740995
2648,0.020245589254177,290.9520410010582,7,103,2.1741905
2649,0.0238056594494069,289.93605313275964,9,799,11.910449
2650,0.0410100903521232,291.55336764900204,7,82,0.0
2651,0.0186707198612216,291.3552148360269,7,184,1.8543341
2652,0.0381042274014734,291.5794968396201,7,70,1.8543341
2653,0.0466769265024541,289.067292230103,7,115,1.4783232
2654,0.0295893101692888,291.0734814667135,7,207,7.3788605
2655,0.0772119208636626,288.7013020137211,1,31,4.887163
2656,0.0222432351142581,290.892245880248,4,277,6.5630107
2657,0.0185180584834267,291.4215015441093,7,117,1.8543341
2658,0.0352358393312892,291.57751309317297,7,68,1.4758309
2659,0.0606585789577405,289.6544037204829,3,3,0.0
2660,0.0253505885751827,289.5731808805669,7,412,6.474377
2661,0.0228165033033317,291.20003398733945,5,113,2.9387686
2662,0.020059489688186,290.9909975921019,7,256,7.3063426
2663,0.0472475846955566,288.8083825736246,7,122,1.1514438
2664,0.0254015558473087,290.80112733156875,7,132,0.92740995
2665,0.038005315195682,291.5683406089588,7,71,1.1511688
2666,0.067563149540152,289.2236900304102,2,9,1.5115433
2667,0.0351539048775584,291.57763376283464,4,69,1.1508816
2668,0.0218209908908667,290.5196039369585,7,103,3.3969593
2669,0.0261805618224872,290.8443867359836,7,103,2.1776407
2670,0.0283175026768678,291.13573173510343,4,601,11.549501
2671,0.0216403239505475,290.51741502156034,5,212,1.4654473
2672,0.0399330606926362,288.9984216480766,7,121,2.9488678
2673,0.0309533760622049,290.0599200598082,7,146,1.8543341
2674,0.0356730570028604,291.55176983763783,7,62,2.479816
2675,0.0235764617173816,290.6812902340418,7,311,7.3123174
2676,0.021280539913567,290.6476109186299,7,93,0.0
2677,0.0223421758412275,290.35840768276813,7,216,3.5194635
2678,0.0282575170062883,288.6373165325404,7,421,4.343139
2679,0.0641482502056874,289.672554191342,4,10,0.92740995
2680,0.0609026212697998,289.0173362453975,2,3,1.509651
2681,0.0637404680702138,288.6726352204978,4,14,1.5134506
2682,0.039682626124467,291.60970649101426,7,77,1.1523488
2683,0.0323726544935153,288.9983268671415,9,560,11.883978
2684,0.0674176826370258,288.4871729401125,4,32,0.92740995
2685,0.0708973564891483,288.7847125341861,4,19,2.7802885
2686,0.0254456782548062,290.81258179718736,7,127,0.92740995
2687,0.0218248132569533,290.5193578237458,7,100,3.8733845
2688,0.0378577920315926,291.6428169504826,7,68,3.008849
2689,0.0288512870895912,290.8411244768638,6,305,7.719463
2690,0.0639780224575631,288.91767778603526,4,8,1.5116507
2691,0.0296480762525686,290.9554097308405,7,73,1.1445261
2692,0.0399481641316306,289.214857149052,7,112,1.1479648
2693,0.0222278881570075,290.97175759129885,5,229,2.937793
2694,0.0656431158083845,289.6051987541508,4,14,3.0237024
2695,0.0308671506666295,292.04661056810903,6,104,0.92740995
2696,0.0451319017919994,290.4753455828382,7,92,1.4789639
2697,0.0209221148052658,290.7239292597868,7,133,3.403765
2698,0.0200393976762162,291.0244656950782,7,100,2.1741846
2699,0.0193572056520539,291.20634184367884,7,103,1.1370988
2700,0.0328639679526495,291.49837092886366,4,88,2.2993305
2701,0.0403108077573053,290.84706908308783,7,88,3.0080853
2702,0.0203664241800243,290.8631109412813,7,155,2.1747057
2703,0.0658502787149185,288.7690212986541,4,15,1.8543341
2704,0.0244410735235795,290.25672380274506,6,432,5.9748397
2705,0.0382143139698337,291.68063253058386,7,67,0.92740995
2706,0.0754903479816693,288.4869150956137,1,33,1.5188471
2707,0.0401802942137318,291.5387773478642,7,79,2.4803474
2708,0.0206176328656063,290.82323873969665,7,105,0.92740995
2709,0.0206258186088586,290.8892442166463,7,231,3.7047918
2710,0.0777311636649902,288.6123108188338,5,35,2.2098227
2711,0.0267259564667926,289.5863556277897,7,388,6.563036
2712,0.0396175988927787,291.66881721159734,7,73,2.3049853
2713,0.02811617214288,290.3188184596313,7,509,3.5987155
2714,0.0221431376271554,290.46691289563444,7,803,2.172367
2715,0.0410522878869119,289.4778331749979,7,97,2.296828
2716,0.0781571577484483,288.6847851055576,4,33,1.5185002
2717,0.0404890599156354,291.6142404433971,7,74,2.9567027
2718,0.0626369886456205,288.87971832018223,2,6,3.0248494
2719,0.0349332995640012,289.697600417234,7,119,2.4709983
2720,0.0456521531264885,289.899931018128,7,100,1.1518672
2721,0.0691788815121683,288.63537217591147,4,24,1.2011546
2722,0.0261299948203974,290.68377096783024,7,136,1.4712211
2723,0.0431147160849508,290.8910982621904,7,90,3.4512699
2724,0.0388692135588743,289.36722753404274,7,113,0.0
2725,0.0428037842450788,288.23365882817745,7,147,2.1806893
2726,0.0415426942662497,291.5508937624645,7,81,1.1523694
2727,0.0364735467911771,289.83655565782044,7,105,0.92740995
2728,0.0743598199666469,288.95386898784443,4,23,0.0
2729,0.0246744471062348,290.92305184868746,7,125,1.4708474
2730,0.0389002928500113,290.7877825173916,7,84,1.1492708
2731,0.0495761360442984,289.5116158943331,7,106,2.4852755
2732,0.045589597132525,289.87117670098235,7,100,2.3026726
2733,0.0215130278974294,290.624787948552,7,120,2.4482627
2734,0.0352398549413335,289.2186601357801,7,159,5.044084
2735,0.0356498742617651,290.5816137957892,7,79,0.92740995
2736,0.0203108882956794,291.5649210803113,7,95,0.0
2737,0.0359280458729868,290.3047285256327,7,86,2.293284
2738,0.0215927667102237,290.56378303144834,7,100,1.134235
2739,0.0233926496087801,290.2168669705254,7,664,7.7151136
2740,0.0372527546586227,289.5486462104474,7,115,0.92740995
2741,0.0216361850051826,290.6082543883457,7,803,15.579918
2742,0.0216937190013211,290.5685929708956,7,124,1.8543341
2743,0.0412205467318388,289.20244554149684,7,104,1.476144
2744,0.0606178722857942,288.4225227754735,4,27,1.8543341
2745,0.0284412071621897,290.66172474389265,7,638,25.361338
2746,0.0694423793041566,288.39172199272446,4,31,2.7802885
2747,0.0242529237862812,290.7200637758658,4,221,0.92740995
2748,0.0217633182492131,290.48766374622915,6,425,13.083403
2749,0.0688731022293102,288.738930450528,4,18,2.7802885
2750,0.0698239576078742,288.18795039329024,7,36,1.2035736
2751,0.0755273866390231,288.6296192572187,4,30,1.5184239
2752,0.0336850061523417,290.9038618041462,7,75,1.146616
2753,0.0445523143269587,289.3060223168655,7,109,0.0
2754,0.0207853039507246,290.8411202244996,9,440,0.92740995
2755,0.0390762814598043,289.2573957634312,7,121,1.1475469
2756,0.0374296089676395,291.5554750841111,7,68,2.1819715
2757,0.0215821297670029,290.5743680199274,7,92,1.4648564
2758,0.0331051796045462,291.1241773970383,7,70,1.4745328
2759,0.0329779911202062,291.60674079590024,4,84,0.0
2760,0.0313065785256351,291.2653484039165,4,81,0.92740995
2761,0.0418445963348672,289.84053695232217,7,97,1.4769971
2762,0.0311872302648205,290.8570795692106,7,74,1.4734896
2763,0.0251442725008902,291.38673614449715,7,71,2.1777077
2764,0.0366059500929274,291.5356605761706,7,68,3.5687068
2765,0.0766539215041953,288.81990660830303,4,29,0.92740995
2766,0.074934154768397,288.7772855317498,4,28,1.201879
2767,0.0180506213837053,291.5828748839262,7,99,0.92740995
2768,0.0415103181389832,290.96001075828104,7,87,2.1820211
2769,0.0325091631393836,290.37816634205745,7,94,1.4735897
2770,0.0380696565379981,291.5778575973111,7,70,3.008565
2771,0.0659021854242228,288.52237001869514,4,27,1.2011354
2772,0.0180233598958364,291.59776696909853,7,97,1.4683851
2773,0.0625543624942308,288.4734700402487,4,25,1.8543341
2774,0.0634869511437447,288.72709718212514,1,10,3.023453
2775,0.0214150017939186,290.6521100681722,7,111,2.2664924
2776,0.0267117587911046,290.0502266735222,7,549,3.5951765
2777,0.0442934378130321,291.1411008142887,7,85,1.4792206
2778,0.0201234448089717,291.31739778118964,7,101,0.92740995
2779,0.0206594621835789,291.2751663066916,7,140,3.885417
2780,0.0382369262383781,289.7974321516856,7,100,3.0071874
2781,0.0189761196397571,291.2865712349775,7,117,2.1753767
2782,0.0392656399301647,291.6039510616572,7,74,3.8788497
2783,0.0634756808342466,288.51689101517377,4,21,2.2075515
2784,0.0225230724261783,290.3175117533732,7,216,3.5181413
2785,0.0420528471403872,291.5400505984575,7,85,2.1828659
2786,0.0488015980140536,289.3563887643213,7,102,2.304944
2787,0.0199236408509607,291.08704620292184,7,298,2.271454
2788,0.0222165982407743,290.40955213085,7,168,1.4639481
2789,0.0234071777842711,291.6821006746817,7,66,1.471082
2790,0.068963168934434,288.6139848266177,4,24,2.4019246
2791,0.0226427597987951,290.2824516050872,6,592,1.8543341
2792,0.0747050788711381,288.8670099325676,4,22,3.0316641
2793,0.0202184533929904,291.41790009560725,7,118,2.7802885
2794,0.0358094619461598,289.9940342818824,7,100,2.1798072
2795,0.0358299536052928,289.7503116973712,7,110,3.6008477
2796,0.0190889741008415,291.31983264687466,7,112,1.1366806
2797,0.0646903152050425,288.5388836364045,4,20,1.515953
2798,0.0308320147029245,290.6753447750744,7,86,2.4691064
2799,0.0378376824043067,291.6717409947901,7,66,0.0
2800,0.0206985426264371,290.80349959732354,7,104,1.1357411
2801,0.0750495355245082,288.41686313761045,1,33,0.92740995
2802,0.0342719109684085,288.99046453679955,7,294,7.4651837
2803,0.0295572373418273,290.9901224783674,5,311,4.766121
2804,0.0478355673224196,290.6912396448737,4,41,0.0
2805,0.0393723537096906,290.7707284768114,7,85,3.0078595
2806,0.0465739424767745,289.020356078324,7,118,1.4782369
2807,0.0667254226388739,289.18507554008585,1,9,0.0
2808,0.0308258257407867,291.7512049704524,5,125,0.0
2809,0.0647913137802417,288.4732214859731,4,33,0.0
2810,0.036833991738707,291.6758185623379,7,63,0.0
2811,0.0206474671623893,290.86995586373536,6,377,1.466988
2812,0.0431471074108907,290.48299198489315,7,95,2.3014662
2813,0.0376157891881095,291.7501556259568,7,64,2.4842114
2814,0.0395869865621498,291.5461370343118,7,78,2.1818657
2815,0.0183391913828949,291.48775806488953,7,103,0.92740995
2816,0.0239406124212908,291.0113116063886,7,115,2.1771219
2817,0.0192248966974899,291.4796226848918,7,120,1.8543341
2818,0.0226350600844903,290.2941838875728,7,265,2.172287
2819,0.0295970749198664,290.92649201642854,7,71,1.8543341
2820,0.0473750075420414,288.5750850691935,7,122,1.4781666
2821,0.0411232954868493,291.5547884811368,7,78,3.7047918
2822,0.0219649030850901,291.3942590787726,7,98,2.4620178
2823,0.0692042707078557,289.37401133085586,7,19,1.5099487
2824,0.0253061751927763,291.215607803394,7,83,3.546776
2825,0.0771264964431688,289.311911859008,4,20,5.5223274
2826,0.0474060181380102,290.2561603879825,7,94,3.5776794
2827,0.0390691359652505,289.54986074727583,7,108,2.4748023
2828,0.0212166579708376,291.2053424609095,7,137,0.92740995
2829,0.0328707704564826,289.8467885937514,7,140,0.92740995
2830,0.0353469734136279,289.800744385509,7,113,2.179555
2831,0.0463619487857847,290.5885948166114,7,92,0.92740995
2832,0.0231455568940866,290.86890583988304,7,236,3.004599
2833,0.0734804459345905,289.0237440302898,4,21,3.0267305
2834,0.0655037207600324,288.7928754689734,4,12,5.1182923
2835,0.0283926494524569,290.6623531494294,7,501,24.716637
2836,0.0241516055894178,289.82427659249544,7,576,12.751813
2837,0.0201305723135093,290.8474842662916,9,1622,17.101114
2838,0.0431573296588079,289.4350347710314,7,102,0.92740995
2839,0.0767867449198414,288.495855985332,4,37,1.518931
2840,0.0408741122039985,289.87192085594984,7,97,2.9512796
2841,0.0223390207278497,290.36767601860697,7,194,1.8543341
2842,0.0205652793787299,290.894216010732,7,375,13.829737
2843,0.0193320603963684,291.3266810159429,7,161,1.469011
2844,0.0242866601084599,291.36664480329466,7,78,2.4642375
2845,0.0222783411971572,290.405495157863,4,625,0.92740995
2846,0.0436507652524519,291.5488783855011,7,87,1.15355
2847,0.04082466501082,290.0180664442921,7,92,1.8543341
2848,0.0455485836511728,290.46101732648253,7,29,0.0
2849,0.0796596066564356,289.294398162948,7,26,7.3788605
2850,0.0333066840987205,290.4316999511686,7,87,0.92740995
2851,0.0729269392824344,288.790469374438,2,23,0.0
2852,0.0203554835493089,290.9546275798107,7,214,0.92740995
2853,0.0293349934089445,290.38882025064004,7,132,1.1436608
2854,0.0746392987616368,288.56922840659206,4,30,4.0505576
2855,0.0395559643251056,291.54799409096825,7,83,2.9542851
2856,0.0520782848140885,289.77211484386635,4,4,2.5366633
2857,0.0719047841256189,289.50275530295994,4,20,4.5259337
2858,0.0323167948121314,291.6773641777056,4,88,2.9545786
2859,0.018585248431584,291.45226017549464,7,89,0.0
2860,0.0257353455151551,291.51141947532994,7,65,2.466193
2861,0.041116871796376,291.55542948512345,7,82,3.6082494
2862,0.0397311706126343,290.0985065323148,7,87,1.8543341
2863,0.063559092651383,289.53644518451745,2,4,3.0157588
2864,0.0450939156515313,287.86070447548474,7,228,15.519448
2865,0.0644452229563644,289.56163612279227,4,7,0.0
2866,0.0347480376530482,290.7266019963753,7,80,1.4748472
2867,0.0241064648819881,291.3933926103217,7,78,1.4710789
2868,0.0408892703956676,290.93681700336793,7,86,1.1505129
2869,0.0649079643346154,289.16213199300523,1,6,1.510778
2870,0.0708328428075278,288.7820569171924,5,20,1.5161453
2871,0.0355012058332138,291.5127091181137,7,67,2.9518943
2872,0.0202365127434583,290.9892714608594,7,216,1.4677825
2873,0.0214723681465083,290.6308091578428,7,110,2.1730337
2874,0.0365721195079716,290.1036985361009,7,94,1.4750297
2875,0.0645839499375606,289.2313058370147,1,6,0.0
2876,0.0314708430330824,290.4578749088896,7,95,1.8543341
2877,0.0261428340793681,289.2998271895239,7,415,2.4579198
2878,0.0243489789080035,289.7624268144052,5,540,3.5831745
2879,0.0697646282662693,288.6273343498707,5,25,0.92740995
2880,0.0395168059847762,289.19298277360303,7,120,1.1477051
2881,0.047112812422503,288.6955034914836,7,119,0.92740995
2882,0.0733868875303801,288.77044931363235,4,25,1.5174963
2883,0.072074353598936,289.51734972283435,7,20,1.5115396
2884,0.0613989429743364,289.31999683390814,4,5,2.2030246
2885,0.0438362584708207,289.5702364496438,7,107,2.4796188
2886,0.0184191077948877,291.48726762755894,7,92,1.8543341
2887,0.0548784086133757,287.14763305519324,9,582,5.767308
2888,0.0450455552831375,290.4573713058466,7,95,0.0
2889,0.0459266046212406,290.7931060851695,7,93,0.0
2890,0.075123367347992,289.3053405062626,7,24,2.7802885
2891,0.0413796032764878,291.1385661138203,7,84,1.1510129
2892,0.0661720376395569,289.34991599602915,4,14,9.463031
2893,0.0219924419528928,290.4295349741782,9,1062,8.099348
2894,0.0325807571009341,291.7443492498724,4,80,0.0
2895,0.0206986413389992,290.8545915125227,7,301,2.9326415
2896,0.0310131821416024,290.4100937213999,7,104,2.2882679
2897,0.0279875345455981,290.5298497421601,7,133,1.1431092
2898,0.0204355678154073,290.91577128949496,7,92,0.0
2899,0.0356222895970887,290.01263037190864,7,98,1.1465877
2900,0.0415013070974821,290.79836755400976,7,92,1.1506809
2901,0.0270578919080633,290.54049134004543,4,251,5.039688
2902,0.0408110718122808,291.66125699045017,7,75,3.4563854
2903,0.0217750284005985,290.54247005995614,8,886,19.195673
2904,0.0426780658524201,289.51350766489617,7,100,0.92740995
2905,0.0253564494123315,290.06611045299445,9,912,12.494602
2906,0.0253470999960398,290.98390454484127,7,96,2.1774988
2907,0.0465828186874288,289.0903366202492,7,115,0.92740995
2908,0.0210565436162555,290.6527818956597,7,414,10.633187
2909,0.0342704297277244,290.84551905208014,7,77,1.1468586
2910,0.0250072949596773,289.6864621911438,7,429,2.458852
2911,0.01856480397748,291.5001202109685,7,122,1.4688855
2912,0.0427547120714229,289.60898176507,7,106,2.4786186
2913,0.0387482272127128,291.7802747733673,7,71,0.0
2914,0.0721571518588725,289.5566441956776,7,18,2.3868377
2915,0.0368814210634091,291.07241515158205,7,76,2.2961206
2916,0.0198999479855325,291.04638255977056,7,107,1.1364855
2917,0.0295065605593677,290.1932024525317,7,154,1.8543341
2918,0.0257729644425171,290.51216360252494,4,239,11.049288
2919,0.0204638253045598,290.9062784228844,7,92,1.1353017
2920,0.0201366282931666,290.8862516902909,6,476,16.80546
2921,0.0249129395381044,290.51743146204166,7,205,2.4626048
2922,0.0181391462229416,291.56175433731283,7,97,1.468315
2923,0.0282955677687071,290.8460066296659,7,87,0.92740995
2924,0.038018756503598,291.1456530589003,7,77,0.92740995
2925,0.0272325772109987,289.47960219040755,7,350,2.1767418
2926,0.0240307511336135,290.99347356304554,7,140,3.8891628
2927,0.0466784348519613,290.17686196311405,7,93,0.92740995
2928,0.0199451455666791,291.80862836482294,7,84,1.4697951
2929,0.0408950089292463,289.0232082056874,7,116,1.8543341
2930,0.0222590942789104,291.15925583458466,7,131,1.4699701
2931,0.0307990822970904,290.25965995772634,7,128,0.0
2932,0.0549812056673359,286.3047079711488,7,720,27.97468
2933,0.0418294327801517,291.55396295235875,7,84,1.4792142
2934,0.0280362827448917,291.8893562577259,4,571,6.5649853
2935,0.0444642735560298,289.3933532645299,7,112,1.4776878
2936,0.0198397429765549,291.08991662795125,8,91,1.1360137
2937,0.021846955431209,291.5064793798413,7,88,0.92740995
2938,0.0254243966558312,290.48817568019774,4,217,1.470721
2939,0.0389162326262552,291.63662867584355,7,71,2.4831035
2940,0.0638332654556968,288.59776636333754,3,14,1.5143818
2941,0.0612212770963488,289.64238981865435,4,6,0.92740995
2942,0.0499375620131501,288.960640353234,7,106,2.4844332
2943,0.0332472195620499,289.849332310262,7,132,1.1451086
2944,0.0214878666711119,290.5581623986143,7,157,2.26934
2945,0.0191034078330311,291.3162645144521,7,98,2.1755142
2946,0.0250754639430782,290.06776460968865,7,623,12.816721
2947,0.0242331058104975,291.48465370673296,7,75,0.92740995
2948,0.0441355911120272,289.22532572095884,7,110,3.4470396
2949,0.022337791877888,290.82020586620746,7,338,6.50462
2950,0.0392877285542027,291.5506178908335,7,78,0.0
2951,0.020980818977252,291.4904126619469,4,73,0.0
2952,0.0214038686408285,290.6665474099968,7,138,2.1729069
2953,0.0213366215480795,290.6174022627068,7,120,2.450911
2954,0.0293993196765803,291.1106051900802,7,84,2.9459195
2955,0.0328358981036653,291.48267437312984,4,87,1.4771942
2956,0.0606252734344728,289.6538439787976,3,4,0.0
2957,0.0416589743590989,289.4178749195163,7,98,0.0
2958,0.0363245140176734,291.7103664407155,5,60,0.0
2959,0.0287807591334088,290.834125515938,7,86,3.0057342
2960,0.0207710016847486,290.8038496188766,7,98,2.7802885
2961,0.0286597843987283,290.7149388814767,5,437,18.449894
2962,0.0431464569718867,291.5774102086887,7,84,1.4800153
2963,0.0268114353828649,290.6312036774599,7,131,1.471453
2964,0.0353549881029442,291.5789759410551,5,62,1.4779143
2965,0.0363343884772302,291.357545318955,7,73,1.1485662
2966,0.0280758898128133,289.4655891899474,7,382,6.481923
2967,0.0296950419277267,290.1797987075086,7,152,1.1435968
2968,0.0334331598084849,289.72890737944573,7,142,3.554065
2969,0.0323241547384038,291.6937239956057,4,87,1.4783489
2970,0.0369920533726551,291.7166917092859,7,63,1.4791628
2971,0.0223998169933125,290.3763042395322,7,283,2.9250128
2972,0.029345374893727,290.28778176343803,7,148,2.2861712
2973,0.0385110584165763,289.4566294080779,7,112,1.8543341
2974,0.0365192415610214,291.56254977061855,7,69,2.1811323
2975,0.0653268069079704,288.4985596717532,5,30,4.79456
2976,0.0220077007718013,290.44335805579715,7,188,2.4485984
2977,0.0645781140016774,289.1573360805977,1,6,2.5579731
2978,0.0701477347312373,288.1130929040126,7,36,2.2104125
2979,0.0445940252363133,290.7504353725962,7,89,2.3036592
2980,0.0279979586144207,289.5703489114662,7,453,8.153472
2981,0.01923236549005,291.2687757394035,4,92,0.92740995
2982,0.0507010195193756,289.8855900593846,4,1,1.8543341
2983,0.0466588918082434,289.05200940079635,7,115,1.1514109
2984,0.0773416295844433,289.40336575877325,7,27,1.8543341
2985,0.0190392134823834,291.3113836088233,7,94,2.7802885
2986,0.0635188327273809,288.5080451891089,4,22,0.92740995
2987,0.0331233653547392,291.6215996094437,4,82,1.4780484
2988,0.0342162283478191,291.4699042771205,7,65,4.766715
2989,0.0721010099640985,288.8023439598047,2,21,3.5960455
2990,0.0383382803050538,291.59786996482546,7,71,0.92740995
2991,0.0364431653910819,288.82758396336726,5,365,10.688047
2992,0.0375326699095832,289.24402442095004,7,129,2.7802885
2993,0.076382386735855,288.5268728364814,4,34,1.2029902
2994,0.0435451855976332,291.52743956212186,7,87,2.3054638
2995,0.0223707082276378,290.37242581480234,7,189,2.4464672
2996,0.0409448172749015,291.56424247164387,7,81,0.92740995
2997,0.0292159686664231,290.628832405675,7,100,1.4724548
2998,0.0387293215343086,291.5864418861888,7,72,1.1516863
2999,0.0269603151798024,289.75341065509383,7,461,13.580788
3000,0.0388977858269422,291.2600521451846,7,82,3.445768
3001,0.0786424063075577,289.36425315738364,7,27,0.92740995
3002,0.0217785624654412,290.5408647774915,7,918,8.375898
3003,0.041285119838457,291.608531834888,7,80,0.0
3004,0.0397505074577507,291.54284515978566,7,79,0.92740995
3005,0.0337250474091479,291.5332423222885,4,80,1.4775125
3006,0.036723389484546,291.5467856719331,7,67,2.1818335
3007,0.0671888015108898,288.74410295071885,4,11,2.2071006
3008,0.039874882642355,290.9418236524702,7,83,1.8543341
3009,0.0194410492802893,291.4617192268117,7,118,0.0
3010,0.0212296220704409,290.64877169901297,7,116,2.269317
3011,0.0282195547416101,290.72729327701285,4,343,5.547545
3012,0.0615216586187409,289.7669523993431,1,5,0.92740995
3013,0.0709379638566961,289.1099848916654,7,29,1.1920044
3014,0.0187497531063687,291.3300230911774,7,205,2.9353309
3015,0.0211459060801741,291.2908818725751,7,124,0.92740995
3016,0.076318040633468,288.7136102162226,1,28,0.0
3017,0.0182790143322319,291.76995799670897,7,83,1.8543341
3018,0.025924737914613,290.04011853629896,9,782,9.464707
3019,0.0219758746038092,290.5194758772524,7,478,17.129412
3020,0.0442610313764229,291.4851152328801,7,87,0.92740995
3021,0.0206963852038184,290.8038913353437,8,105,0.92740995
3022,0.0403439833763007,291.5505723799544,7,81,1.4785216
3023,0.0755202849859391,289.3358295928516,4,20,6.2397094
3024,0.02894860376508,290.76419738437875,7,91,1.4724735
3025,0.020224155602451,290.9643847544859,7,94,1.4662056
3026,0.0196899610293808,291.330250441479,7,149,0.92740995
3027,0.0453471372402128,290.0606439615225,7,99,0.92740995
3028,0.0207850920842367,290.81067962839086,7,91,1.8543341
3029,0.0293752069632863,291.5513849613807,7,61,0.92740995
3030,0.0318901989195991,289.4986081158476,7,206,4.925843
3031,0.0629704359292101,288.4488988380021,4,29,0.0
3032,0.0338965763664541,291.51986185712224,7,61,2.475118
3033,0.032942167754124,290.05780350489323,7,114,2.2894797
3034,0.062889573123541,288.47787585782464,7,26,2.3968556
3035,0.023381202940534,290.0560645482065,7,614,1.1348087
3036,0.0744800955722154,288.36462328109064,2,33,0.92740995
3037,0.0194921423926165,291.2063726690652,9,154,1.4673789
3038,0.0458435025390486,290.1575938425508,7,95,1.1522746
3039,0.0741879040896972,288.4130606640885,4,35,0.0
3040,0.0230441584588301,290.1613800288385,7,643,1.4647217
3041,0.0320374270159402,290.2335456971777,7,108,1.8543341
3042,0.0534461297284729,286.00938719816463,9,907,12.973946
3043,0.0284180717928441,291.144980429881,7,67,0.0
3044,0.0397111829620057,291.63677346607983,8,73,1.4792815
3045,0.0256729777999261,290.39056140554703,4,316,10.096576
3046,0.0437434024040724,289.6060459208194,7,107,0.92740995
3047,0.0425961456575129,291.5399847144981,7,85,2.18304
3048,0.0250602527048535,289.91722305699125,7,607,4.9112787
3049,0.0436190937080044,289.4482339769699,7,107,0.92740995
3050,0.0353599197876022,289.8468562747473,6,108,1.1462445
3051,0.0306271904009064,291.1847769649348,4,86,1.4750769
3052,0.0191583553502546,291.2471841456578,7,108,1.8543341
3053,0.0189168565222678,291.5312029558897,7,110,1.8543341
3054,0.0458206348199475,289.2923295818866,7,113,3.5719123
3055,0.0252019178576302,289.491826088796,7,440,3.584445
3056,0.0646725127190026,288.4653808916253,4,35,1.8543341
3057,0.0251057090408129,289.6349455965149,7,466,12.735822
3058,0.0408721821982185,291.5602870332896,7,81,3.008877
3059,0.0773203264110644,288.5671494598412,5,37,2.2098906
3060,0.0220746324883201,290.41221965147656,8,896,19.713833
3061,0.0419644309322728,289.19576911195264,7,102,2.1810532
3062,0.0244291029808496,290.2861581385941,7,389,5.547545
3063,0.0356570618794775,291.066082084362,7,72,1.1478592
3064,0.0676714379339581,288.60268592221416,4,23,0.92740995
3065,0.0646594542468644,288.8524308105307,5,11,2.205537
3066,0.0385664418986496,289.3399050836169,7,120,0.0
3067,0.0306013285939902,289.4549274328779,7,448,5.6626706
3068,0.0555063383010025,289.5972705629551,4,4,1.8543341
3069,0.023077086655249,291.72042169963737,4,69,1.8543341
3070,0.0473823227007824,289.9539579686289,7,95,1.479439
3071,0.0761616141264948,288.8672512004112,1,27,1.517466
3072,0.0325314255758722,291.59197293486994,7,60,3.7047918
3073,0.0208822830527701,290.77316550356795,7,96,0.0
3074,0.0396432051884244,291.57397660875336,7,84,3.9162095
3075,0.0752495571333642,288.8146253546528,4,23,3.0333364
3076,0.0630816442392112,288.9247826360885,1,5,4.851651
3077,0.0181981581609372,291.54029968013765,7,97,0.92740995
3078,0.0243320796801632,291.490128545673,4,67,1.1424192
3079,0.0214633442231526,290.6372295029572,7,113,0.92740995
3080,0.0240590988342457,291.0124994356057,7,114,1.470681
3081,0.0497545705480872,288.0924461470002,7,130,2.1825945
3082,0.0199681004027062,291.1895442411405,7,253,7.9144893
3083,0.0483681554919102,287.8412972509278,5,245,15.319471
3084,0.0282521513263183,290.4038512507491,7,152,2.1779354
3085,0.0181820138718301,291.5279410307373,7,109,0.92740995
3086,0.0354337918674642,291.56496026533426,7,66,3.8778188
3087,0.034691523453014,290.6333750221853,7,83,0.92740995
3088,0.0189879303651227,291.32510865484784,7,97,0.0
3089,0.0180653142531352,291.60295224600225,7,85,1.8543341
3090,0.0200939977268343,291.460288909871,7,112,2.1763506
3091,0.0204376712588598,290.8521267075805,7,133,1.4668216
3092,0.0343820046416989,290.0660851841142,7,101,0.92740995
3093,0.0224757953862504,290.32973716815536,4,607,1.4656817
3094,0.0723821413501451,288.7934919779408,3,22,1.2003791
3095,0.064612441475903,289.4036278112763,1,4,1.5097171
3096,0.0737827728776034,288.7599277239528,4,28,7.232294
3097,0.022434656794902,290.3293559510533,7,399,6.741062
3098,0.0245884946037857,289.7359063415636,7,647,3.5344594
3099,0.0210132150465246,290.710180201651,7,111,0.92740995
3100,0.0322326123565178,291.5910220278958,4,92,1.4778441
3101,0.0656511890000148,289.3084787273117,4,7,1.5104533
3102,0.0473769268276609,287.43387889729024,7,294,18.300053
3103,0.0207979993962093,290.814135308154,7,88,1.4653993
3104,0.0202396352073351,290.88375268840326,7,270,3.0032768
3105,0.0307428326364045,291.6346739783672,5,146,1.8543341
3106,0.0302278714727159,290.1914370797712,7,139,0.0
3107,0.0199312920941209,291.0945203886309,7,282,4.389774
3108,0.0401087125870313,287.810412205295,7,802,33.980904
3109,0.0636399644322887,288.49295875753535,4,26,3.0298543
3110,0.0596761864825527,288.38825747358186,4,26,0.0
3111,0.0421812863567765,291.5898999619371,7,82,1.1532524
3112,0.0209463075932048,290.7380203895834,7,100,3.586845
3113,0.0282121249836014,291.0459181154829,6,593,9.383205
3114,0.0348964153213145,290.9541212706067,7,74,3.0070286
3115,0.0452085777487865,291.4780171931911,7,95,2.183443
3116,0.0657928810388962,288.5533691935864,4,24,0.0
3117,0.0376082175161133,291.5465958091429,7,69,2.1818206
3118,0.0348230079203764,291.5027677641551,7,63,1.4770733
3119,0.020625893516399,290.87779547907354,2,85,1.1347194
3120,0.0667966004156108,288.4595375086153,4,34,1.2021143
3121,0.0304268055416436,291.1972837314938,6,147,5.6636844
3122,0.0317221563238718,292.02460789413544,6,89,1.4796674
3123,0.0278654649823459,289.70178432494475,7,533,16.609228
3124,0.0376792581336043,291.6817520251178,7,66,1.4790857
3125,0.0440871908219387,291.5253712170465,7,87,2.1834104
3126,0.0386224866251767,291.78493121842115,7,68,1.4799863
3127,0.0646320680937135,288.53303144374354,2,21,1.5160209
3128,0.0184778832523171,291.4372924070324,7,109,5.1526737
3129,0.0254605256741313,290.7763869563694,7,137,1.4710326
3130,0.0184848953795811,291.49351964443696,5,76,1.1387184
3131,0.0298420617560496,291.8516465427537,5,164,1.4787586
3132,0.0611465603261075,289.6746647115525,1,2,0.92740995
3133,0.03208951107808,291.3893835384959,4,96,1.1492423
3134,0.0264781081060737,290.9481077569241,7,93,1.1428258
3135,0.0414963974163082,291.17992199008734,7,84,1.1511277
3136,0.0342277272789612,290.03444247605955,7,104,2.1793854
3137,0.0393990495672415,288.0640141960334,7,442,5.7541895
3138,0.0212069835422061,290.6564870957497,7,113,2.4511478
3139,0.042678266928699,289.2630716851743,7,100,1.1495032
3140,0.078765000016407,288.7707442424319,4,34,0.92740995
3141,0.0249327857118249,290.80650493201915,7,150,3.4218106
3142,0.0406214346986729,290.0304510692526,7,93,0.0
3143,0.0232605415321198,290.100832447562,7,871,10.454406
3144,0.0259398730236264,289.4484044460786,7,482,7.9136863
3145,0.063796526546479,288.6904481792182,4,15,0.0
3146,0.0593716105048251,288.3780878217751,6,32,1.5140224
3147,0.0282470132792381,290.8096149987851,4,212,3.5988274
3148,0.0338595335074972,291.4540764979285,6,59,3.4432187
3149,0.0513884513012439,289.2777692532467,7,16,1.1847217
3150,0.0281340693321413,290.1228058265329,7,242,3.4243941
3151,0.033364507425232,291.4380328962093,4,57,2.4757876
3152,0.0378650494087778,291.54713049185,7,72,0.0
3153,0.0310590959668453,290.1521400242021,7,133,1.1442976
3154,0.0209171383691431,290.78433755065123,4,89,0.92740995
3155,0.038819595188571,291.780443994919,7,71,2.4853983
3156,0.0185119309714624,291.4148305458638,7,127,2.276939
3157,0.0691846973443213,288.5558469178021,2,24,4.8855877
3158,0.0612991505200911,288.4954710850326,4,16,1.513869
3159,0.0197120089803667,291.4257839090787,7,123,1.4692893
3160,0.0208316830637071,290.81708492267416,7,386,19.034143
3161,0.0622278872917134,288.4286182267854,4,29,3.0301251
3162,0.0616852830495243,288.4825263059811,3,19,1.5144118
3163,0.0222923866309915,290.36239702458533,6,425,21.639595
3164,0.0467802859857006,289.2726297577709,7,110,2.481929
3165,0.0355245255503166,291.5884209084671,7,64,1.1510334
3166,0.0661339715650221,289.6093630643674,4,12,1.5095922
3167,0.0644971675261504,288.9120717226562,6,9,1.1943032
3168,0.0187705749422386,291.7013346344067,7,87,1.8543341
3169,0.060820149490418,288.42831640192213,4,29,1.8543341
3170,0.0301542793791066,292.16703776397065,6,115,5.060513
3171,0.0453220687415963,290.50666908139783,7,91,0.92740995
3172,0.0482391137226349,289.9869033207766,7,97,2.7802885
3173,0.0788854211751787,289.4134398398217,4,27,2.2068079
3174,0.0293374849076337,290.6769759408591,7,94,3.4284096
3175,0.0431750677353951,290.4836872063662,7,97,3.6069798
3176,0.0710961668032938,289.25334059811985,4,21,1.5105492
3177,0.0269039509972572,290.2676445739786,7,528,9.247223
3178,0.0366716954309702,291.69561531244693,7,61,0.92740995
3179,0.0368995021343563,291.6083036117293,7,67,3.5726
3180,0.0206193410973272,290.7798238138199,7,246,0.92740995
3181,0.0198321636954277,291.7750317799707,7,83,1.4697152
3182,0.0207268741388039,290.86369620903616,9,405,4.3882318
3183,0.0661713512620707,289.3369506497555,4,8,0.0
3184,0.078355451973543,288.8943265345795,4,29,0.0
3185,0.0500339166018282,288.0075493637397,8,131,1.1520153
3186,0.0371182394713179,291.5507152541684,7,67,1.8543341
3187,0.0238696569234646,290.5353004432479,7,279,2.176599
3188,0.0234396613550068,290.03845323314465,7,658,1.4649523
3189,0.021912936976677,290.5077112658271,9,726,3.5225832
3190,0.0497827970900543,288.1467422231987,7,132,1.4787939
3191,0.0471172994723151,290.0155000589873,4,-7,2.5318635
3192,0.023858862717386,289.92007437067883,7,621,1.8543341
3193,0.0439201606185155,289.35739295223715,7,108,3.5691555
3194,0.0437155731847173,291.51081137588625,7,91,3.9194205
3195,0.0302763825677351,290.4346249599956,6,111,1.1442254
3196,0.0179509882170855,291.6152392491422,7,99,1.1388128
3197,0.0435757497810144,289.7433226471722,7,104,1.150558
3198,0.0330368635999545,290.1121222176114,7,107,0.0
3199,0.0440727949921486,289.3847416940045,7,108,1.1504024
3200,0.0204019835259599,291.7792277933079,7,79,2.176661
3201,0.0364782576377564,291.5491475365942,8,69,0.92740995
3202,0.0482070274093904,289.3594809602316,7,105,2.9565103
3203,0.0343707975987515,291.5518464585922,7,63,2.9495609
3204,0.0282813738136765,290.7905085607468,4,264,5.8733864
3205,0.0407094425235447,290.5772506027649,7,89,2.1815577
3206,0.0278823934107321,290.968415069398,7,79,2.4668586
3207,0.0302851809148218,291.18384502386203,7,157,1.4758277
3208,0.0410263543749905,291.5280139376072,7,82,1.151296
3209,0.0633997893477242,289.51041198106105,5,6,4.8406267
3210,0.0344003735045038,291.5180506930391,7,61,1.8543341
3211,0.0669324096523505,289.55819834575925,7,15,1.5093682
3212,0.0398137346511732,289.0490370959513,7,121,1.4754078
3213,0.0731046000550255,289.2479072814575,7,17,3.0208452
3214,0.0176010353072236,291.7252533302729,7,91,1.4687084
3215,0.0210500165157167,290.7162868031384,7,94,3.87199
3216,0.0455400684510908,290.5217901854372,7,89,3.0090172
3217,0.0223632472643469,291.3378488270393,7,101,1.4703052
3218,0.0260033521288345,290.0988684882082,7,670,1.4704437
3219,0.0625913561429349,288.9005985089351,2,6,0.92740995
3220,0.0235721840303096,289.997781781722,7,689,4.3880973
3221,0.0293587241447789,291.53584202295895,7,61,2.469575
3222,0.0398148042574168,291.63783859860894,7,74,2.956677
3223,0.0323102203940752,291.6365888671644,7,62,2.2926373
3224,0.0400863141204842,291.6392858390344,7,79,2.3047626
3225,0.0604415860084568,288.9428466950956,4,4,2.555845
3226,0.0232431009743812,291.7077806560834,4,67,0.0
3227,0.0266772842082389,290.2835494470331,4,281,3.545466
3228,0.034644529639517,289.8778600111984,7,112,1.8543341
3229,0.0745381942481584,288.83843880872683,4,23,1.5171475
3230,0.0312059063373945,291.44522897954334,7,119,0.0
3231,0.0196335099368919,291.1520589949484,7,92,1.4665012
3232,0.0218482166808344,290.545053019995,7,222,3.8731813
3233,0.0267876530928574,289.1912931934643,6,458,3.5919497
3234,0.0364972121128872,291.8662212285434,7,60,0.0
3235,0.0266210695234222,289.41565460337887,6,369,0.92740995
3236,0.0732617238084371,288.78479003967993,4,22,4.046273
3237,0.0311310515897023,291.2463862329994,4,87,1.4756192
3238,0.0462192214667507,289.7201337895574,7,102,0.92740995
3239,0.0385784551231904,289.3836170793311,7,118,2.4739387
3240,0.028077133660485,289.9397722713999,7,649,8.008855
3241,0.0480674679214268,290.0204370338625,4,-5,1.179801
3242,0.0205924527754275,290.84012780001166,7,106,3.4036837
3243,0.0685190514891312,288.4568479639032,5,30,1.5182945
3244,0.0438399783147065,291.2786306922959,7,86,2.182881
3245,0.0222783301700291,290.3963441562347,7,170,3.7047918
3246,0.0275480959516779,289.36953788373893,7,427,7.7159142
3247,0.0210859664173958,290.66662248776595,7,171,2.9304092
3248,0.0215621575238303,290.62346799750367,7,165,2.1727762
3249,0.0390719481954852,291.6308336424518,7,73,0.92740995
3250,0.0218134090389657,291.3914766191948,7,101,0.92740995
3251,0.0219765091436072,290.4823544300908,7,114,1.8543341
3252,0.0305066381320467,291.17487932895006,4,141,1.1478673
3253,0.0277093869783509,290.7060485665491,7,265,9.660765
3254,0.0393670087364419,290.82358010768905,7,85,0.92740995
3255,0.0731435375528803,288.8903661294491,4,20,1.1994622
3256,0.0650004171880184,288.7582992605683,7,14,1.1961118
3257,0.0327895609181036,290.4282173871429,7,88,0.92740995
3258,0.0603201190988071,288.3909300910203,4,35,0.92740995
3259,0.0465821682385311,288.77124753482025,7,117,2.4806283
3260,0.0181670532621455,291.5344099915525,7,107,1.8543341
3261,0.0282548609143245,290.8293270422647,7,205,7.3708415
3262,0.0252730930039939,290.3686193117344,7,258,3.0047371
3263,0.0391028667445729,291.5484451700417,7,77,2.9531643
3264,0.0290646858540349,290.8613001090938,4,301,9.278044
3265,0.0766116034756566,288.66407010793034,4,30,0.0
3266,0.0203220536209417,290.93620834736134,7,103,0.0
3267,0.0394325558448356,291.58621149777105,7,74,2.7802885
3268,0.0207262557539554,290.84836402797595,7,280,2.4567716
3269,0.0454024090981971,291.2368423791833,7,91,2.4848237
3270,0.0388110493543913,291.63482592805366,7,70,1.1523199
3271,0.0250605386162279,291.652734998809,4,64,0.0
3272,0.0194468591997186,291.2184471545376,7,139,0.92740995
3273,0.0283668341760628,288.4883572230439,4,146,4.88498
3274,0.0193849145078503,291.4332392746776,7,126,2.4595377
3275,0.0202865878378435,290.85805605257656,7,363,12.878366
3276,0.041286875132352,291.6029467360285,7,78,4.430673
3277,0.0210639867500093,290.7096089417663,7,95,4.8930993
3278,0.0437616928639502,291.5278126465424,7,87,1.1533391
3279,0.0192486435846176,291.2295840283785,7,110,3.0032723
3280,0.0216028112143831,290.591981914067,7,113,2.9270062
3281,0.0455700095829058,291.2209125261928,7,93,3.5780733
3282,0.025623449566986,291.0962904806572,7,85,0.92740995
3283,0.0213049287348519,291.0210927747837,7,241,4.9117584
3284,0.036417890324736,290.7719799058198,7,76,1.4755845
3285,0.0553543816956109,289.58602449235855,4,4,3.6736495
3286,0.0382992018129808,291.63906781333696,7,72,3.8788729
3287,0.08197326723668,289.29789895682245,7,40,3.6680393
3288,0.0185033940531476,291.5477217348513,4,75,1.1392301
3289,0.0345878749740076,291.5250241918979,7,63,0.0
3290,0.0397394116881394,291.5987624991654,7,78,3.0089006
3291,0.0653109103420708,289.1445599979889,4,6,1.5110254
3292,0.0633877902755511,289.6655257051005,1,7,1.1899717
3293,0.0342726084089296,291.47765872001065,4,60,1.1494992
3294,0.0777271200128014,288.552455667666,4,36,0.92740995
3295,0.0615319297842366,288.4403381850161,7,29,0.92740995
3296,0.0321151070638786,290.3081219950628,7,98,1.4733616
3297,0.0303134675203677,291.14611716048665,7,169,2.2946033
3298,0.0279217098672953,289.3424468622729,7,306,1.1412266
3299,0.0257575732246302,290.7625333731438,7,129,1.1422002
3300,0.0669664583204545,288.7537454805277,4,20,4.0369864
3301,0.0231197258812,290.1386633325998,7,660,3.3979068
3302,0.0369868053251703,291.54059972053096,7,68,0.92740995
3303,0.0211676712432219,290.7108655687182,6,89,2.9280634
3304,0.0195554661036729,291.1632025073877,4,101,1.4667611
3305,0.0412620067252655,291.56001646887967,7,82,0.92740995
3306,0.0233104994701967,290.09800611040595,7,815,16.646078
3307,0.0711667646980419,289.12561230822666,6,15,1.5134245
3308,0.0201112483129308,291.24706977243767,5,169,2.4597714
3309,0.0419003728896564,291.5696577742121,7,89,1.1528518
3310,0.0284352044197716,290.40212128202927,7,149,1.4719114
3311,0.045740203145753,288.9192743556491,7,116,1.1507546
3312,0.0228503343392138,290.216883900622,4,594,2.4515932
3313,0.0748380870554048,289.2396099420194,7,26,1.5122479
3314,0.0653712654175635,288.48853316151536,4,33,1.2017109
3315,0.0225046116128896,290.26716324364884,7,1250,2.7802885
3316,0.0222842970101143,290.40304026904346,7,874,9.08015
3317,0.0294036515893826,290.2439342892267,7,151,1.4721627
3318,0.0398725193984996,291.29417545910195,7,81,0.92740995
3319,0.047727489815454,288.5945381993115,7,121,1.1514521
3320,0.0306361302299142,291.7169350894915,7,146,1.8543341
3321,0.0227559581851367,290.2584445257997,7,256,2.4456782
3322,0.0451381862664882,290.14326702210906,7,98,1.1518754
3323,0.0185442524707777,291.6758064479653,7,94,1.4690813
3324,0.0417988142783929,289.7811227142019,7,96,1.4769241
3325,0.0245428556961123,291.32313497318376,7,81,0.0
3326,0.0329665776720007,291.18958178301847,7,67,2.472358
3327,0.0617642057329411,288.5163895602808,4,18,0.0
3328,0.0465313584894005,289.0500165589545,7,118,1.4782466
3329,0.0696772073106924,288.06407640089793,7,40,0.92740995
3330,0.0462811261634562,289.94912748882496,7,98,0.92740995
3331,0.0276123107612665,290.65704044368863,7,117,1.8543341
3332,0.0675078955841095,288.5990294839378,2,20,0.92740995
3333,0.0676867029426938,288.86372493140743,7,18,0.92740995
3334,0.0638665506160178,288.45230749027746,5,34,2.5736432
3335,0.0280213110334948,289.2678023031704,7,270,2.462194
3336,0.0590633028805462,288.4030424462323,4,30,1.5132267
3337,0.0376895964986305,291.6328879192266,9,67,0.92740995
3338,0.0364477279988403,289.7241167340785,7,110,0.92740995
3339,0.019042691518384,291.49638365366985,4,75,0.0
3340,0.0363783165551428,291.712178588945,5,62,1.1523199
3341,0.0632474775578484,289.1370457833769,4,6,1.1920931
3342,0.0285125572942341,288.49241923814424,4,142,0.0
3343,0.0256726414212564,290.19472792790754,7,465,10.761664
3344,0.0211004342488224,290.73269846575624,7,87,0.92740995
3345,0.0685056246872152,288.74977779075857,4,19,1.8543341
3346,0.0232277811397047,290.7804835049534,7,209,2.17663
3347,0.0242019292774711,290.42661168607094,5,437,16.655293
3348,0.0203671418895933,290.9264446873326,7,97,3.0025847
3349,0.0212775531152717,291.7434992980844,7,75,1.4702682
3350,0.028209783609655,291.0049315570827,7,168,1.8543341
3351,0.018504967331734,291.48746801633376,6,76,2.2773006
3352,0.0252798376826528,289.5145659402474,7,532,8.586879
3353,0.0781876155542433,289.3780512578097,5,22,1.1972518
3354,0.0251609003816158,290.9291705787468,5,109,2.2832787
3355,0.0672628297128233,288.34096436346266,7,36,1.518542
3356,0.0354637850052037,291.1834682901176,7,71,1.4755656
3357,0.0719951911833989,289.2031748354099,7,21,1.1929389
3358,0.0212566841419355,291.07663477124225,7,210,4.9119477
3359,0.0461721412692405,288.8419358025912,7,117,3.9137564
3360,0.0203546139979137,290.88539246929383,7,115,0.92740995
3361,0.0221430357207862,291.76594755339795,7,71,1.4706408
3362,0.0683140903600212,289.6454120443595,7,15,2.2040045
3363,0.0444740899853262,290.768286487038,7,90,4.3591757
3364,0.0230939942289162,290.1432171601564,4,589,1.8543341
3365,0.031980699259201,291.55626378465246,4,99,1.4776623
3366,0.0383631481946254,290.0543827113383,7,91,0.92740995
3367,0.022265568777337,290.5554540557966,7,350,1.1394509
3368,0.0270961626733429,289.74234331934974,7,459,17.626444
3369,0.0192501532981478,291.23157846684137,7,110,0.92740995
3370,0.0280759490020082,290.9065882202883,7,86,1.4722466
3371,0.0225125033934305,290.3197526725528,7,214,1.8543341
3372,0.0403941137564815,289.16775169828315,7,112,0.0
3373,0.0213341221470343,290.6289187851603,7,101,0.0
3374,0.0404303644191417,289.06574705238063,7,115,1.8543341
3375,0.0216873989653714,290.51667656863185,6,126,2.9284763
3376,0.0240938416182075,289.8407529152548,7,689,2.9291716
3377,0.020597278202045,290.78553609936125,7,246,2.2728262
3378,0.0291111134714321,290.8690901721798,7,295,3.4358194
3379,0.0212629907096522,290.70191208691534,7,114,2.2666314
3380,0.0628519292464899,289.66636578973146,4,5,0.92740995
3381,0.0380540830620445,291.5494547371193,7,72,0.0
3382,0.021751936322866,290.5772439114017,6,241,3.5187187
3383,0.0635685035350546,288.74390339373747,1,10,0.0
3384,0.0655460999906131,288.5094492998838,4,29,2.5737326
3385,0.0711787937680775,289.1304959473288,4,15,2.2062056
3386,0.0631668582878952,288.9264372600651,1,6,1.8543341
3387,0.0743519537396248,288.69884940273914,2,27,1.2021096
3388,0.0644033719527975,288.77028746944825,4,11,3.0257041
3389,0.0367595874743682,291.5375367364289,8,68,2.299404
3390,0.0416564508107781,291.4427066203235,7,82,2.1823628
3391,0.0283315960296504,290.9601621614834,4,478,15.664645
3392,0.0210722750370753,290.6921083000174,7,115,0.92740995
3393,0.020779283307084,290.7951845365732,7,98,1.465811
3394,0.0253275831811567,289.52047069151337,6,508,9.463225
3395,0.0312448412926465,292.1086410393955,7,91,1.4799122
3396,0.0223117142566023,290.3806723670555,7,197,1.4638796
3397,0.0383770301654537,289.4711517369135,7,113,2.94844
3398,0.0262863365377705,290.3970968900424,7,440,13.488507
3399,0.0476769439662734,286.29004286420263,9,979,50.060696
3400,0.0248857869726366,289.6079677215544,7,610,4.390385
3401,0.040353990606429,290.0754219268612,7,91,1.8543341
3402,0.0340389619519139,288.9217139084394,6,368,7.9313197
3403,0.0182125548968665,291.5713222610322,4,78,2.93513
3404,0.0410233158429124,291.59466667957963,7,83,2.3045566
3405,0.0282214317358504,292.00184860832366,5,347,6.8566165
3406,0.0379793243879218,291.0728910298337,7,78,1.4765115
3407,0.0801688787913014,289.29769556916057,7,27,1.1985383
3408,0.0250224988673402,289.5470594752079,7,437,1.4641241
3409,0.023958202496825,291.17046824101084,7,100,0.0
3410,0.069060596227421,288.79655405227174,1,18,2.7802885
3411,0.0177527203743638,291.76433219339094,7,93,0.0
3412,0.0632426151696432,288.51086766997423,4,20,0.0
3413,0.0199179995456428,290.9509288502643,7,312,10.300785
3414,0.0424809404864366,291.52241897578057,7,84,0.92740995
3415,0.041717260382463,289.31820586457866,7,101,1.4764607
3416,0.0254120301959173,290.97473917375845,7,99,2.94048
3417,0.0214180467644021,290.6523189334304,7,108,1.8543341
3418,0.0655714483593079,289.17580896323204,2,8,1.5109848
3419,0.0321071347806985,291.3893478167813,4,96,1.4766066
3420,0.0368812029586932,289.7024927791645,7,113,0.92740995
3421,0.0396266931795928,289.149910982124,7,120,0.92740995
3422,0.039312621547986,291.6223270961292,7,79,3.0089478
3423,0.0367184029589335,290.39402505459134,7,81,2.9487672
3424,0.0413847212908169,291.525346570834,7,79,2.4817007
3425,0.0671993247722448,288.6376987408531,4,20,1.5160661
3426,0.0649633487003922,288.7536392376831,6,13,1.5133872
3427,0.0213545742464535,290.59978634181294,7,144,4.3895316
3428,0.0290830628117881,291.05333506256375,7,152,2.9455385
3429,0.0760239132649759,289.3807969825894,4,22,7.377755
3430,0.0328146582240463,291.4330260917985,4,83,2.1812806
3431,0.0207015084554612,291.0430527932235,4,254,22.967686
3432,0.0333611297010579,290.0165858577874,7,114,3.0062888
3433,0.0281698740432636,290.68619433208744,7,549,9.676229
3434,0.0185179979096685,291.4208693564263,7,138,3.875036
3435,0.0619425983799508,288.6817513021306,4,13,1.8543341
3436,0.0652415024600204,289.6767726539983,5,11,0.92740995
3437,0.0446902268880115,291.4975850667315,7,91,1.4800605
3438,0.047414165664824,286.7781615681814,9,572,11.404354
3439,0.0242336333723741,289.8472530445308,7,611,5.750404
3440,0.0399855922319654,290.62872283206167,7,90,1.476943
3441,0.0223308844779409,290.35745918590834,7,301,8.718837
3442,0.0220620845449794,290.4542738875133,5,124,3.5195858
3443,0.0276620883996145,290.42092883272585,7,160,1.8543341
3444,0.064949818898531,288.6580003690998,4,15,1.5143667
3445,0.0401102990855447,291.71659258447306,7,74,2.4853446
3446,0.0187772758376045,291.33031572008315,7,153,1.1387498
3447,0.0418169457550171,291.5989578711482,7,79,1.8543341
3448,0.0286367994359037,290.7428022517784,4,424,16.139894
3449,0.0208142592258546,290.8262177885801,7,515,2.9302046
3450,0.0303423685316839,291.15305886938563,6,71,5.3443904
3451,0.0342811230379037,290.9496713299754,7,76,0.0
3452,0.0442823958587883,291.51328396366216,7,90,1.1534632
3453,0.0433780464010569,289.81034979713405,7,101,0.92740995
3454,0.0235264087477025,290.48670864340414,7,320,3.4169505
3455,0.0211966527694997,290.70906899601965,7,619,1.4666342
3456,0.0318172637997341,290.491177701752,7,91,1.4734085
3457,0.0218135713923875,290.5374595697375,7,146,1.1331841
3458,0.0185075755822173,291.5385805970092,4,75,0.0
3459,0.0783435815728059,288.73868698620095,4,33,1.2024269
3460,0.0617850772123066,289.5883386224746,5,7,0.0
3461,0.0636915784778808,288.54923610531245,4,17,1.514982
3462,0.0618285695249071,288.88908440436427,4,7,1.510741
3463,0.0239976982338457,291.0794442887302,7,111,2.7802885
3464,0.0672283114151825,288.7450807538487,4,16,6.0388966
3465,0.0298576679599672,291.0684661680692,7,261,9.440075
3466,0.0329495441712809,290.06735812660725,7,112,2.469843
3467,0.021944530258605,290.49061805425123,7,109,1.1332072
3468,0.0644511842806627,288.4238034799389,6,38,1.2019558
3469,0.0217058741562129,291.12581098658234,5,146,0.92740995
3470,0.0181400409281698,291.5965574075207,4,81,0.92740995
3471,0.0237963732978369,290.02608027674535,7,717,3.8750658
3472,0.0336236168764117,289.679741411904,7,146,0.92740995
3473,0.0182336190616472,291.8249432395356,7,78,1.1395968
3474,0.0210603440889936,290.74560109240144,4,88,2.173346
3475,0.0391908984433523,291.37942576017434,7,79,0.92740995
3476,0.0249063335043422,289.93438598212043,7,637,5.75574
3477,0.0436525735427496,288.87860199488733,7,108,3.6048954
3478,0.0466628727279442,289.9156515828006,7,98,1.1524353
3479,0.0320531415488801,290.6839116612275,7,79,2.945426
3480,0.0236461469505462,291.430521821191,7,80,3.8758514
3481,0.0390261885078054,291.5472982071932,7,75,2.4802866
3482,0.0232614262421772,290.6599977082308,7,257,3.8753984
3483,0.075854005494257,289.3291327872329,4,20,3.0261583
3484,0.0631322914813418,289.3981036175701,1,4,1.5091811
3485,0.0391154053038327,289.0631042217352,7,127,1.1473322
3486,0.0215268204789461,290.5799279486096,7,100,1.1343783
3487,0.0375340422523148,291.5805135780165,8,69,0.0
3488,0.0227214269873075,290.26305673479953,7,268,3.864907
3489,0.0215690735311407,290.60471795794257,7,581,8.58738
3490,0.0221774751461911,290.4232248381993,7,149,3.00158
3491,0.0304921818959178,290.28027533609594,5,124,0.92740995
3492,0.0428226165806315,289.57795164774046,7,102,1.4771656
3493,0.0371161623387507,291.0830201620756,7,75,2.296397
3494,0.0301788999211271,289.4652000254459,7,500,7.1648927
3495,0.0282225462244428,290.7167070904919,6,341,3.0060644
3496,0.0394877626097356,291.6058364892588,7,72,2.3035192
3497,0.0689406214147087,288.8032148332286,4,11,6.038909
3498,0.0208663397319926,290.80578149775124,7,330,9.623143
3499,0.06882361660024,288.6711951406404,7,22,0.0
3500,0.0431711079989344,289.42204764983995,7,108,2.1815383
3501,0.0186448757847266,291.4253604353586,7,92,2.9333985
3502,0.018414236261065,291.4896848321174,7,92,0.0
3503,0.07715028859029,288.83823828008343,3,29,4.545374
3504,0.0287065408990309,291.1867935739107,4,71,2.944802
3505,0.048033504978256,288.6758619991439,7,156,6.856133
3506,0.0237415951676663,291.1417154103462,7,109,2.4631412
3507,0.0453648051208281,287.4678645510812,7,546,17.54998
3508,0.0603778498248157,288.4156838349597,4,28,3.0266283
3509,0.0346593604936339,291.503446534664,4,61,1.4771338
3510,0.0213260366061999,290.6831337373848,7,818,17.883572
3511,0.0438989314916525,288.9926667233062,7,106,1.1498421
3512,0.0427139754576929,289.7314680132729,7,101,3.6055334
3513,0.0352196816512882,290.7522233568146,7,77,1.8543341
3514,0.0215078800103726,290.55010181652176,6,179,2.4512053
3515,0.0379215006650468,291.61141213527725,7,70,0.92740995
3516,0.0463950118005823,289.92077258991844,4,-6,0.92740995
3517,0.0254702483178055,291.11825249551964,7,86,1.4713725
3518,0.0380913033042512,291.5794706643055,7,70,1.1513864
3519,0.0450319604537587,288.45852956278,7,113,3.8781722
3520,0.0225095830565937,290.32007547685635,7,594,1.1349405
3521,0.0219445261737913,291.42000522008937,7,98,3.0046334
3522,0.0193084582474595,291.2128831392748,7,107,2.27374
3523,0.0204569366874194,290.9490780220747,8,318,2.9283745
3524,0.0283460694991174,292.13985564558584,4,331,23.400368
3525,0.0242979246684131,289.7760688014069,7,559,5.836367
3526,0.0663228074627496,288.6016456304026,4,18,0.92740995
3527,0.0705560803080927,289.14635195591006,7,14,1.1957436
3528,0.0420375356113156,289.812709200376,7,98,1.1498054
3529,0.0213656148666674,290.6338288643044,7,87,0.0
3530,0.0180742300506282,291.6151379596617,7,102,1.4688153
3531,0.045194429667836,289.293776373293,7,111,1.1509022
3532,0.025815245008996,290.88340299009906,7,100,2.9406343
3533,0.0257003085563209,291.1778545570402,7,81,3.5472476
3534,0.0395844297929158,290.781540490315,7,85,1.1496298
3535,0.0768487988275244,288.5972811910505,4,33,2.2098017
3536,0.0774370659493469,289.3673987317632,4,21,3.8923576
3537,0.0233333531671322,290.0774230207052,4,592,2.4534867
3538,0.0545028262017217,286.99653759122697,7,325,20.203268
3539,0.0300564734089776,291.1380814718621,5,93,0.92740995
3540,0.0282154977680757,290.86498429311894,7,86,2.4669476
3541,0.0215249327083893,290.5829360390404,7,95,1.134328
3542,0.0643469510279275,288.6565273335372,6,15,2.5658462
3543,0.0603033387397052,289.09193960076647,4,3,1.1906635
3544,0.0219297454760014,290.53479531758524,7,796,11.552101
3545,0.0254898736984055,291.3640723249216,7,72,2.177789
3546,0.018933278184206,291.33046208358,7,99,3.874585
3547,0.0392469309783864,291.6079778425693,7,75,2.7802885
3548,0.0232938122867793,291.0837849678698,7,122,0.92740995
3549,0.0271865323200383,290.48166506498023,7,543,18.753498
3550,0.0701319735185145,288.1055828611006,7,37,0.0
3551,0.0180351958896366,291.6254752718526,4,82,0.0
3552,0.0431317598836077,291.529478991912,7,85,3.455187
3553,0.0215370564228725,290.6009679582083,5,87,0.92740995
3554,0.0433692017132992,291.54823793667134,7,83,1.8543341
3555,0.0656124819779292,289.2393838865469,4,8,0.92740995
3556,0.0185930887227675,291.44808702599653,7,87,0.92740995
3557,0.0226317793488439,290.2984330884067,7,278,4.338283
3558,0.0203750452453923,290.929829463157,7,93,2.270023
3559,0.0320753745871323,292.1012997818975,4,79,0.92740995
3560,0.0412849446248471,287.6378412887139,9,532,14.330031
3561,0.0198564721394838,290.9829494303696,7,199,9.076765
3562,0.0242215851373653,291.7025446450362,6,64,1.4714375
3563,0.0693443724948021,288.2412941422944,7,37,2.2100844
3564,0.0314975775065197,290.9337277779192,7,71,1.1454827
3565,0.0214964857210327,290.5504745976672,7,218,0.0
3566,0.024060872169717,290.2511023738677,9,823,6.848808
3567,0.0480187218212787,290.0185814672712,4,-5,1.1797246
3568,0.0217167434907636,290.53027788607426,7,115,0.92740995
3569,0.0663697860150231,288.60538606794603,4,18,2.2080088
3570,0.0681156830922989,288.7652627735684,2,16,1.5149708
3571,0.0234290964992827,291.12789719716284,7,109,1.8543341
3572,0.0409013638865573,291.56340252881745,7,80,1.4789445
3573,0.0402941591884459,291.59941822690405,7,78,0.92740995
3574,0.0188265604463124,291.3795343586449,7,93,1.8543341
3575,0.0621475948650482,288.51896872046234,4,16,0.0
3576,0.0460277187349155,289.1635661374918,7,117,1.8543341
3577,0.024128971275084,291.6591297528385,7,66,2.2840183
3578,0.0342769527943532,291.4742052055544,7,63,1.4767017
3579,0.0387091753351917,291.5475468642502,7,76,2.4796112
3580,0.0173125571496911,291.8235658514357,7,78,1.1391081
3581,0.0436067023115981,291.5352329067221,7,86,0.0
3582,0.0199206844144421,291.7214303007136,7,89,0.0
3583,0.0627250037997457,289.7074625842886,4,6,1.508193
3584,0.0435397755303419,291.5604591548602,7,87,1.8543341
3585,0.0278270984431492,290.5168551943442,6,596,23.378922
3586,0.0672099728997259,288.63694697716926,4,22,0.0
3587,0.0317010538653951,290.46536574825143,7,89,2.4695005
3588,0.024725664418525,291.03640380771225,7,100,2.9400299
3589,0.0737477504845109,288.8165936658346,1,21,1.5170679
3590,0.0372722811887138,291.5530159149881,8,70,2.3004751
3591,0.0641115036601537,289.2705617541261,3,8,1.5100076
3592,0.0362108492036398,288.7721711747107,7,394,6.51239
3593,0.0413324904458956,290.8588331583079,7,91,1.8543341
3594,0.0723924792018716,289.44414806194,7,17,2.5600388
3595,0.0355394257168403,291.5566445412044,4,61,1.4777166
3596,0.0635445961373394,288.7431388994605,1,10,0.0
3597,0.0424207417182072,289.4539106782559,7,101,1.149589
3598,0.0235639595494772,291.021749311562,7,145,0.92740995
3599,0.0544468192543591,287.089891263306,9,549,23.567408
3600,0.0761617665494036,289.32768202170286,4,19,1.8543341
3601,0.0381519482883177,289.4972116741328,7,114,0.92740995
3602,0.0760157546443524,288.8156070305988,2,27,1.5179179
3603,0.0689269284078487,289.5127585267797,4,18,0.92740995
3604,0.0357515008410418,289.61357930146505,7,119,2.1795506
3605,0.0218658211144995,291.46064396480904,7,93,0.92740995
3606,0.0482282878655035,289.5362331828353,7,100,3.5765228
3607,0.0431204861351291,290.8952361282547,7,89,3.0086856
3608,0.0681944423242954,288.6335112003013,4,22,0.92740995
3609,0.0459532627700357,289.0061253715059,7,119,2.1820753
3610,0.0766723642034288,289.3273488737523,4,21,4.8661075
3611,0.0406011836118082,289.792767396418,7,91,1.14901
3612,0.0626710577967466,288.4320020295444,4,30,0.0
3613,0.0339893338654162,289.67732937308875,5,133,0.92740995
3614,0.0331075365885541,290.06475709152323,7,110,0.0
3615,0.0483498371972422,289.86421030996246,7,97,2.3056455
3616,0.02975993976585,291.9876037243256,7,143,1.4792398
3617,0.0381460420799573,290.48850541781303,7,80,0.92740995
3618,0.0345403165443539,290.3109944470316,7,87,1.474376
3619,0.0381719001978046,290.55014240580044,7,80,2.180824
3620,0.0604435208804343,288.4361000866288,4,24,1.5140523
3621,0.0209371358111849,290.7289593894861,7,116,3.873448
3622,0.0217163588990173,290.520651488954,6,125,1.134235
3623,0.0465920390377071,290.7599707760011,7,47,3.0131624
3624,0.0256115503195224,291.18159547088794,7,83,2.4651072
3625,0.0444812436148471,288.9167834876506,7,110,0.92740995
3626,0.0399852322245545,291.61695725629863,7,77,0.0
3627,0.0282360381322847,290.4477127137959,7,145,2.1779585
3628,0.0255060364531296,290.0426727858391,7,654,9.427361
3629,0.0628536672738835,288.4998975277341,4,20,0.0
3630,0.0395991270353955,291.5782494495708,7,83,1.4786689
3631,0.0214705866116888,290.6581609994678,7,930,16.659641
3632,0.0421776004185469,289.9599193640187,7,98,2.4788156
3633,0.048170171945828,289.7873215728521,7,99,1.4796191
3634,0.0416631888426474,289.9635562202036,7,96,1.4770352
3635,0.0383723703187401,291.7795657545621,7,70,2.1833775
3636,0.0372364698056195,291.6452859792876,8,69,2.3029683
3637,0.0205827746259463,290.90157022356686,9,377,0.92740995
3638,0.0694851327854703,289.3437950970045,4,21,0.92740995
3639,0.0678138538323759,289.22702531757415,3,9,1.8543341
3640,0.056105350683021,289.43317481516124,4,7,2.5476978
3641,0.0411631503270017,291.55057818743285,7,82,1.4788772
3642,0.0204275137009671,290.85677018487365,9,906,14.523044
3643,0.0323864299671046,291.4051738405161,4,89,0.92740995
3644,0.0370649885842596,291.76897724616344,7,63,0.0
3645,0.0622363963002639,289.6834452144605,1,13,12.269927
3646,0.0783395479638458,288.9803783812689,1,27,1.5170869
3647,0.0208260182878972,290.8079803043588,7,89,2.2685494
3648,0.0402559580072582,291.6074891215253,7,91,6.821964
3649,0.0408095775018829,291.67141826742704,7,75,2.1833885
3650,0.0201232132179368,291.036470114139,7,210,3.5252223
3651,0.037805894897761,291.5647267325133,7,75,2.2984653
3652,0.0671776819618125,288.4175510172199,4,34,1.2023355
3653,0.0322091401902342,291.56889758529405,4,96,2.9534953
3654,0.02391299918557,291.1533426483158,7,103,2.2825162
3655,0.043764844888215,289.18079524691063,7,111,3.4462814
3656,0.0206433244090667,290.87334515335453,1,86,0.92740995
3657,0.0215410460430166,290.5720736400706,7,107,1.4651232
3658,0.0220052050042065,290.4783941390658,7,862,8.1984625
3659,0.0267092388099641,290.67465956098414,7,125,1.1426026
3660,0.0250059075183646,289.61402505897576,6,517,11.214901
3661,0.022485010411705,290.31429742288526,7,406,8.1737175
3662,0.071944073285204,289.4236068795723,7,17,1.5113027
3663,0.0415414491265883,290.8611259950489,7,90,1.1507751
3664,0.0403886793651115,291.67572767010074,7,73,1.1533309
3665,0.0280879187414225,290.3480396101022,6,512,3.8766305
3666,0.0301213134582141,291.1098765236354,5,168,3.6014984
3667,0.0334911060418483,291.4308949918075,4,67,4.6715717
3668,0.0379103397253211,291.5612758134175,7,69,2.1820903
3669,0.0451685642360901,290.0175135696641,7,100,3.4515157
3670,0.0402161030024613,290.8431692281518,7,87,1.4772356
3671,0.0244314816833122,290.77413678555695,7,197,2.1770658
3672,0.0385622064609156,291.7746095127493,7,66,2.1833928
3673,0.0382377347823588,289.40290827213846,7,120,1.4750769
3674,0.0378315186258678,291.63548235651456,7,70,1.1520153
3675,0.0299087591451093,290.4341259859001,7,117,2.178422
3676,0.0777695603919548,289.3884649208355,4,22,1.5140934
3677,0.0308813395362208,291.5809451619881,7,59,1.4741939
3678,0.0209293945909701,290.7167103003503,7,143,1.4662358
3679,0.0491321057472967,289.6829477497626,7,100,1.4799315
3680,0.029539817159237,291.4851375018277,7,61,0.0
3681,0.0282170491185403,290.6266459769407,4,498,17.730795
3682,0.022499985379647,290.3355278967799,6,642,1.1333963
3683,0.0176611851068804,291.8305180218234,7,84,2.458903
3684,0.0390921330099375,289.1978342288213,7,124,0.0
3685,0.0284530565446555,290.6703037545471,7,784,31.231308
3686,0.0506436701849585,287.83097909882474,7,135,1.1521388
3687,0.0412152773064337,291.53956765142925,7,85,1.1519454
3688,0.021458821475587,290.6384452964834,7,114,2.1730015
3689,0.040013233361296,291.6825993439492,7,70,0.92740995
3690,0.033152345349633,290.2251032284771,7,99,1.4737148
3691,0.0420249902309278,287.7424346160801,7,288,27.662016
3692,0.021260333685925,290.6532153357202,7,90,1.4653932
3693,0.0422697381509539,291.57979459751454,7,80,0.92740995
3694,0.0642814809920589,288.6493969221979,4,13,1.8543341
3695,0.0749819000818022,289.3102423994772,7,23,0.92740995
3696,0.0387893349577567,290.010527095698,7,95,2.9497879
3697,0.0282950917930346,291.0143494718497,7,150,5.042807
3698,0.0731518997880871,289.14601688446766,4,18,3.8923213
3699,0.0397521116316434,289.3562496192895,7,111,2.2951384
3700,0.0279107271074128,288.6233525194208,7,323,16.299028
3701,0.0218678348920601,290.49780604683053,7,122,1.1336125
3702,0.0636714532963393,288.52569025090435,4,19,3.0269198
3703,0.0424063103219462,289.81176377870247,7,102,2.1815643
3704,0.0362520213954703,289.5420211688589,7,121,3.006664
3705,0.048588461169038,289.64166530579024,6,-1,2.1981223
3706,0.0468807462804819,288.9063129684573,7,119,1.4782625
3707,0.0438798684004415,291.5333640827279,7,88,1.4799186
3708,0.0213103586964909,290.66650443529056,4,87,0.92740995
3709,0.039465939072023,291.2063586716338,7,81,1.150067
3710,0.0184227645784994,291.4636829311638,7,100,2.457498
3711,0.0216334422136421,290.5405561826529,7,123,1.8543341
3712,0.0280486727045051,290.4635506495509,7,144,0.92740995
3713,0.0189493919192191,291.5476802303164,7,107,1.4691057
3714,0.0250313152993949,291.4947137811041,6,66,1.8543341
3715,0.0191983275550814,291.21275882406724,7,139,1.4679862
3716,0.038821137428875,291.57208934718403,7,77,1.4783584
3717,0.0208727197095399,290.7184759245939,7,211,3.8752666
3718,0.0381470549861957,290.91266837519765,7,78,0.92740995
3719,0.0187563991417232,291.8161226371809,7,88,1.4693229
3720,0.0388878623374966,289.3522510365265,7,115,0.0
3721,0.0601814623047773,289.670890712503,4,6,1.5073909
3722,0.0464079333772227,289.9415663355608,7,97,1.1523283
3723,0.0745165391995333,288.8632065395985,7,33,0.92740995
3724,0.0274959190164242,290.0939492341995,7,349,1.4717472
3725,0.0394872611437119,291.5455773156802,7,76,0.92740995
3726,0.0373853519497074,291.5455919921353,7,70,3.0080369
3727,0.0289532085443323,291.5845629693266,7,62,2.944553
3728,0.04196337787501,290.458341146357,7,97,1.4776145
3729,0.0205968030413967,290.89742883707856,8,380,0.92740995
3730,0.032109432006538,291.52539690481615,4,97,1.8543341
3731,0.0237491876359363,290.7983085683237,7,205,2.462047
3732,0.0243282942714287,290.924643151149,7,130,0.92740995
3733,0.0740384698377575,288.95029215660327,4,19,1.5158098
3734,0.0430729914872142,291.50410417361724,7,84,3.5753918
3735,0.0258319264967684,290.11723488161346,8,601,5.8627896
3736,0.0205294075232194,290.8924456837866,7,91,4.6247354
3737,0.0773045364143084,288.55401693668324,4,36,0.0
3738,0.0235111042283829,291.34133581818656,7,88,1.8543341
3739,0.0630584796142341,289.6462970374233,1,4,2.202822
3740,0.0198590747536081,291.3313392746693,7,146,1.4692434
3741,0.0412596112813052,291.59765744379683,7,80,1.4794519
3742,0.0356162059234897,289.8687119720785,7,106,1.4744104
3743,0.0206740038261212,290.8104330678209,7,104,0.92740995
3744,0.044689698542098,290.3666525027948,7,93,0.92740995
3745,0.0418918314917561,289.22548366898,7,102,2.181051
3746,0.0397573659751653,289.1663611273755,7,117,1.4754962
3747,0.0289245039397031,290.06019479385526,7,218,9.068914
3748,0.0685962015561179,288.33717612812694,4,34,0.0
3749,0.039138574807788,289.422989605153,7,110,1.8543341
3750,0.0706239383154843,289.5627691869972,4,18,1.511188
3751,0.0500885162888399,287.99249711773854,8,130,3.0088222
3752,0.0436424398798192,288.9997674886136,7,104,0.92740995
3753,0.0186017757408363,291.4055268670376,7,143,1.8543341
3754,0.0281277892097271,290.3959342660605,7,555,12.439136
3755,0.0248978147092269,289.6557878632623,7,517,11.854032
3756,0.0722458937509749,288.9222125233309,4,19,1.5153428
3757,0.0228253780918257,291.1094524331541,7,121,0.92740995
3758,0.0694969586006184,288.335918838762,7,30,1.5187708
3759,0.0599358726888143,288.96792379108217,4,5,1.5093939
3760,0.0620700726470682,288.9262086955012,1,6,1.1926863
3761,0.0706814515426948,288.8107368166728,4,16,2.2078173
3762,0.0454615222659949,291.2505495340029,7,92,0.92740995
3763,0.021770750547502,290.5487790947469,7,139,0.0
3764,0.0400062388852421,291.12815055783364,7,86,2.4791942
3765,0.0592156892623188,288.9657648984386,1,10,7.1671715
3766,0.0185884427753165,291.496590273564,7,122,2.2777019
3767,0.0344283230480713,289.7259904113652,7,125,0.0
3768,0.0223800741778829,291.1575007243607,7,123,2.1767812
3769,0.0691294962287083,288.8001868511854,1,18,0.92740995
3770,0.023431010746658,290.04228576400607,6,605,2.2697592
3771,0.0265499059709614,289.4343009281273,7,398,7.9821935
3772,0.0687799126102455,288.6093413572335,3,25,1.5175874
3773,0.0410115771521547,289.2840953326295,7,103,0.92740995
3774,0.0775706933936815,288.48672475904624,5,39,0.92740995
3775,0.0268427609255251,289.6853118887452,7,432,10.008179
3776,0.0437424718179044,291.5275225221851,7,88,2.1833122
3777,0.0202131960479097,290.9525148515156,7,105,1.466462
3778,0.065228858294074,289.1872193136177,1,6,0.0
3779,0.0196013968499097,291.3554825423843,7,144,1.8543341
3780,0.0184376113081344,291.45887111321,7,101,0.0
3781,0.0191718089121009,291.716780560108,7,86,0.92740995
3782,0.0210232701479761,290.7826667617365,7,523,9.708819
3783,0.0271424992729665,290.2139228681716,6,530,18.805143
3784,0.0491378166474484,289.67349764095286,7,100,1.479925
3785,0.0693633290069515,289.6009706624099,7,17,0.92740995
3786,0.0656183941038638,289.5674655570805,7,10,2.2035666
3787,0.0199256926500616,291.3794021956118,7,87,2.1761627
3788,0.0660557455845566,288.57558251529144,4,19,0.92740995
3789,0.0443431559320255,289.40855677840784,7,109,1.1505785
3790,0.0415996951001027,289.3550890452983,7,100,2.1810489
3791,0.077299873233508,288.88192056325727,1,32,4.544705
3792,0.0368563592523195,291.5377866487727,7,65,1.8543341
3793,0.060006326728282,289.7024453321274,4,5,1.5072671
3794,0.0248169790643585,291.0917729794084,7,96,2.7802885
3795,0.0422331984813947,290.86877216790595,7,91,2.3013842
3796,0.0219054252380908,290.6217162235658,7,323,1.8543341
3797,0.0422614408450334,290.44323172447014,7,94,0.0
3798,0.0416164139568801,291.55056009499083,7,80,1.4790761
3799,0.0743999076086269,288.8767303824907,4,19,13.842263
3800,0.0357330050362426,289.6121362999301,7,119,0.92740995
3801,0.0462363270612062,289.468841523335,7,109,0.92740995
3802,0.041274666283394,291.5636043152254,7,80,1.4790986
3803,0.033055838051643,291.6167191678073,7,64,1.4750203
3804,0.0283081981460169,291.8699093600067,4,469,5.7641644
3805,0.0292114589607237,290.8876588390916,7,78,0.92740995
3806,0.0203534189825813,290.8768136164164,7,124,0.92740995
3807,0.0442148510034136,287.9543779427038,7,229,5.9986796
3808,0.021310250267465,290.64085784490044,7,90,2.4503586
3809,0.0203157350629111,290.8930050710178,7,114,1.4668489
3810,0.0623282934155704,288.9125728983536,3,5,1.1929436
3811,0.0213032290227974,290.6512576118745,7,89,2.7802885
3812,0.0309456699686652,290.50039446109537,7,96,3.598675
3813,0.0307269531152411,291.8108207326316,4,127,1.4786946
3814,0.028044704784564,290.8823368179152,7,88,2.9424834
3815,0.0334803428674279,291.44362796984205,4,57,0.0
3816,0.0381149114181147,291.607139127933,7,69,2.4819977
3817,0.0628407532937271,288.4239957158801,4,37,1.51703
3818,0.019763617985332,291.00667999135624,7,159,4.7641463
3819,0.0196147033199747,291.14237603110405,8,100,1.1365557
3820,0.0681946079070038,289.235121173088,4,11,1.1940354
3821,0.0625448988964917,288.4758647469864,4,23,2.5689657
3822,0.0267634584860665,289.48510711957,7,350,3.8753788
3823,0.0185363012033763,291.4725582246499,4,88,3.0033138
3824,0.020280225645458,290.9374412196585,7,106,0.0
3825,0.0409094819133835,289.80576239972294,7,92,0.92740995
3826,0.019718039896077,291.0415893139899,4,221,8.113094
3827,0.0760213499275594,288.514993943249,2,35,0.0
3828,0.0489382054716098,289.7998714534849,7,104,5.060547
3829,0.0425336524412494,291.5286859057089,7,87,1.8543341
3830,0.0727850493903709,288.8961788512472,2,20,1.8543341
3831,0.0225540594277946,290.3209653307648,7,649,2.4476779
3832,0.0356769552507413,289.75705789253885,7,115,1.146309
3833,0.0529852622454989,287.1483646479649,7,190,8.961638
3834,0.0423573402662514,289.720219650383,7,99,0.0
3835,0.0310636854507733,291.29411662082333,4,55,1.1470002
3836,0.0410023049693697,291.5676835844158,7,82,0.0
3837,0.0651685409113205,289.70987192325134,4,12,2.20319
3838,0.0305300977020461,290.3268113238029,7,117,0.0
3839,0.0257680790257538,290.7579277624075,7,150,0.0
3840,0.0441449464932245,289.4087281387286,7,105,1.4775667
3841,0.0280289742670722,290.6482757105477,6,119,2.1780317
3842,0.0358690157259321,289.7230928240876,7,113,1.1463696
3843,0.0697776366604581,288.7366014084028,4,18,2.208107
3844,0.0397375452258036,291.58717634416985,7,80,3.5743096
3845,0.0665382815213799,288.4034188937044,4,34,1.5182679
3846,0.0304499676948951,292.1706031223072,7,100,3.0094225
3847,0.0750132290251506,288.8991028269958,4,23,0.92740995
3848,0.0641245481078306,288.9557722269227,4,8,2.3864443
3849,0.0420495613067688,291.62517341107525,7,81,2.1834931
3850,0.0456692911595402,289.3551016750945,7,114,1.8543341
3851,0.0345998539104968,291.4858939770079,6,66,1.4765368
3852,0.0207127195682545,290.851755005624,7,331,21.025509
3853,0.0373857563885114,289.855580917042,7,102,2.1801665
3854,0.0213635173929536,290.6652467111447,7,716,18.732069
3855,0.0665765789302641,289.1004979287333,1,9,0.92740995
3856,0.0405731081677085,288.520117470224,7,147,2.2940202
3857,0.0281103849901188,290.603871490364,7,121,0.0
3858,0.0223427385233139,290.72375213234415,7,247,1.4693414
3859,0.0794429590926216,289.36617170380464,4,29,1.8543341
3860,0.021474451554219,291.3245162955878,7,90,1.8543341
3861,0.0708004984198488,289.55330072835443,6,18,2.5594194
3862,0.0220965277279877,291.2544466802664,7,117,1.1408699
3863,0.0452635681801739,291.4173393460935,7,90,3.5782523
3864,0.0632967493953449,289.104453187693,3,5,1.5103575
3865,0.0690212183431463,288.121338114219,7,37,1.5194086
3866,0.0425239385061618,289.4402058016648,7,100,1.4769145
3867,0.0405801141780082,291.6170713550333,7,82,5.1650853
3868,0.060929532023315,288.4437172450473,4,23,1.514393
3869,0.0309551518979888,291.7469092249255,7,121,1.4784608
3870,0.0666900504711582,289.443228494286,4,-4,15.18204
3871,0.0200070801920247,291.06710947179414,7,329,7.7124743
3872,0.0416282841751022,290.77735313167284,7,92,3.0083256
3873,0.0239155344378128,289.89312028367254,7,764,2.9285424
3874,0.0804131474571585,289.305401334388,7,30,4.408491
3875,0.0208428437917686,290.73176773324474,7,181,1.1361891
3876,0.056515986225519,289.4643288628665,4,7,2.7802885
3877,0.0220686663251111,290.4311181033428,7,161,2.7802885
3878,0.0465145238907931,288.0669900961901,7,257,17.97089
3879,0.0675114745879557,288.62411769889786,4,20,0.92740995
3880,0.0458912804572637,289.1824751111505,7,117,1.4780964
3881,0.0283170586176802,290.6859622461401,7,562,23.30604
3882,0.0376697378578462,291.5939986191968,7,69,3.7047918
3883,0.0493015711396404,288.93575719758456,7,111,1.8543341
3884,0.0720432047745769,289.47864747300696,6,15,3.0218067
3885,0.0186413858386693,291.7090665600051,7,89,2.278387
3886,0.0416475721820606,291.616964301843,7,80,1.1532937
3887,0.0384563350827249,291.61425520611107,7,70,2.1825967
3888,0.0252714078661366,291.1349519842032,7,87,2.4646647
3889,0.0286568369022793,290.79928832504515,6,286,14.999307
3890,0.0403029637443796,288.19450216362407,7,384,20.06751
3891,0.0408687120790471,290.6088095473067,7,93,2.4789214
3892,0.0687332055730805,288.4611593169446,4,31,1.5182983
3893,0.0233903701553081,291.2654024870883,7,98,1.8543341
3894,0.0383043825780309,291.55545423356887,7,76,1.1500465
3895,0.024186307181264,291.12106213658706,7,104,0.92740995
3896,0.0421880254697654,289.83106780046194,7,102,2.478543
3897,0.0760909825083096,288.8453067561128,3,26,0.92740995
3898,0.0788154736296667,288.8065961814765,4,33,1.2022297
3899,0.0259128685418506,290.5616680249084,7,235,2.1774697
3900,0.0451194236826686,290.4912916044897,7,93,0.0
3901,0.0371135189956467,291.7638630417095,7,63,1.4794776
3902,0.0363143700822785,289.0026867608947,7,173,9.49228
3903,0.0199371537945618,291.6486040327189,7,90,2.9373214
3904,0.0222459331059288,291.64766947243044,7,76,1.4705669
3905,0.0235752723118396,290.006683334744,6,1506,12.670028
3906,0.0683897224983824,288.44006784899864,6,31,1.2023932
3907,0.07658531065426,288.6907455084487,1,31,0.0
3908,0.0384111292563175,289.18443992690936,7,125,1.8543341
3909,0.0208149852244718,290.7087685784619,7,326,2.9321096
3910,0.0212312385992703,290.6402768402212,7,144,1.1352706
3911,0.0226676371517593,290.2790028157202,4,635,1.4646081
3912,0.0388660201598258,291.77100917138114,7,68,0.0
3913,0.0422306199586023,290.29548920530203,7,96,0.92740995
3914,0.0738854069064481,288.31821931848685,4,36,1.5192137
3915,0.039950179074215,291.55496848360167,7,84,2.302262
3916,0.0192855363294015,291.2697418967583,7,316,5.314454
3917,0.0452277362677867,289.2583331331332,7,112,2.4803321
3918,0.0411514597596347,291.5703702313049,7,81,3.008992
3919,0.0686305518417654,288.31728280508094,5,34,1.5187479
3920,0.0429653848514492,291.5374559527337,7,86,2.183138
3921,0.0305884752471848,291.4370011934685,7,161,1.1499034
3922,0.0753901564599655,288.8091256323942,4,27,0.0
3923,0.0213807195124737,290.60851329266086,7,117,1.1348435
3924,0.0329564900349791,288.87849585019734,9,484,21.686895
3925,0.0403259081195643,291.6348852809036,7,75,0.92740995
3926,0.0473224466233442,290.4072959435302,7,97,0.0
3927,0.0361362568808209,289.9193224287405,7,105,1.4746774
3928,0.0419807044014153,291.56742941792953,7,86,1.4794326
3929,0.01863340671336,291.39426636298634,7,106,0.0
3930,0.0685518591356978,288.65522062104634,4,23,1.5166327
3931,0.0422770775344974,289.6096596832499,7,99,0.92740995
3932,0.0220167934694176,290.45430562167365,7,138,1.1334349
3933,0.0255445966445828,290.58393917660584,6,229,6.4816475
3934,0.0322999689051548,291.45184946887747,4,104,1.1497931
3935,0.0201307266443233,290.8942287210665,7,361,15.158609
3936,0.0269879774585973,290.37026553244374,4,606,20.178873
3937,0.0213303202568798,290.6439744778163,7,88,1.1344713
3938,0.041050212846412,291.6646988940145,7,80,1.4800733
3939,0.0216232906034247,290.5625349403525,7,96,1.8543341
3940,0.0309336430974244,291.5708185868121,7,61,0.92740995
3941,0.0305824682107865,291.1832429687464,4,76,2.4734437
3942,0.0402623826969638,291.66682941747104,7,75,2.957409
3943,0.0183728429492045,291.4663292605584,7,113,2.4580727
3944,0.0201527126769109,291.03299631496657,7,359,2.1736877
3945,0.0439228387299751,289.242319883581,7,107,2.1816418
3946,0.0370628311715876,291.7147418398865,7,59,2.4833782
3947,0.0331890007623098,289.7826627414872,7,142,1.8543341
3948,0.0670973027845019,289.65221024141096,4,16,2.3821025
3949,0.0191612783982649,291.25948463114617,7,105,4.34368
3950,0.0211589524416103,290.6467544487656,7,170,1.8543341
3951,0.0442907062096172,291.49787461311524,7,92,2.1832664
3952,0.0358498030434155,291.570934971312,7,65,2.1809204
3953,0.0430915986170042,291.50582272347964,7,88,0.92740995
3954,0.0423727472429722,291.61219971878086,7,82,3.8792863
3955,0.0388295589133116,289.3490396646545,7,116,0.92740995
3956,0.074282493971233,288.603546776408,7,45,2.5576947
3957,0.0344823518333631,289.91456411986303,7,111,1.1458533
3958,0.0204616645803055,290.9048634611787,7,89,0.92740995
3959,0.0608711999060213,288.4578701315502,4,23,6.035771
3960,0.0474712225241543,289.0087055843884,7,112,0.92740995
3961,0.0291596681556621,290.8974094229234,4,270,2.4728744
3962,0.0342268271372238,289.9831130504802,7,108,1.1458008
3963,0.0397994474037949,290.7136767081228,7,88,0.0
3964,0.0464204311071554,289.3436573892276,7,109,1.4784704
3965,0.0180578115010706,291.8221834427161,7,78,2.1760514
3966,0.0615521795614307,289.6730886937139,2,3,1.5078682
3967,0.0216433053526688,290.5802025439233,7,114,3.5846102
3968,0.0625593361999684,288.42777513415854,4,30,2.5718338
3969,0.0616599591492085,288.67833871842845,4,15,0.0
3970,0.0443035842536121,289.4367590307602,7,111,1.4776623
3971,0.0406169317370109,291.515723729603,7,80,1.1510457
3972,0.0301807470627503,291.1324900070542,7,123,3.5590572
3973,0.0254661472642988,291.1199922049101,7,87,1.142499
3974,0.0493220312813117,288.8078737763028,7,112,2.182918
3975,0.0198961296247564,290.95836757399144,7,294,6.8608303
3976,0.027853700609172,291.2505614949573,4,56,2.7802885
3977,0.0620948648314214,288.53421611011083,4,21,4.0352263
3978,0.0451426247493014,290.6778693842664,7,89,0.92740995
3979,0.0220944957930619,290.4464028393327,7,129,1.1330376
3980,0.0472950396591114,289.025692890008,7,114,1.4785472
3981,0.0237430532212319,291.3657088847015,7,84,2.177305
3982,0.0252914466563994,290.146185216782,4,542,17.716871
3983,0.0613446484673496,288.4458799867382,7,26,1.1978825
3984,0.0669516313716626,289.1841185729745,1,9,0.0
3985,0.0316765043487937,291.3081534181813,4,83,1.1483629
3986,0.020729845696153,290.83284360655097,5,90,2.2689135
3987,0.0187565758717069,291.40716455808825,4,88,1.4673243
3988,0.0463815339323138,289.47972928434524,7,106,1.4785793
3989,0.0313062615500948,292.06494037602897,4,96,2.1832902
3990,0.0212878989572681,290.60629304112274,7,167,1.135566
3991,0.0209314490046162,290.7980204112249,7,145,3.0020483
3992,0.0671774960088866,288.6007913865873,4,22,0.0
3993,0.0375414996784414,291.7724514231383,7,60,3.8791459
3994,0.0288331777490376,290.8207788665136,6,409,19.46951
3995,0.0215747612141407,290.60395595477627,6,449,7.9096
3996,0.0443337808919345,290.3236213160444,7,96,3.6075382
3997,0.0375443525560894,291.8175902718148,7,66,2.7802885
3998,0.0258161188888805,291.49146621149976,7,64,4.6273675
3999,0.0402279447225908,291.54569644266337,7,81,0.92740995
4000,0.0214173440629864,290.59537683011627,7,120,0.92740995
4001,0.0493848362317491,289.6511711978528,7,103,1.1536038
4002,0.0761039807515723,288.8659322397591,1,27,1.5174584
4003,0.0643754316488321,289.33257107610336,2,4,2.7802885
4004,0.0245334431373156,290.5281613820745,7,230,0.92740995
4005,0.0384203679958681,291.1240907165698,7,80,1.4767399
4006,0.0182761717850269,291.53421396995583,7,118,1.4688032
4007,0.0218963488143776,291.0506906637052,7,203,2.4610872
4008,0.070889638486749,289.51509107333175,4,13,7.3738317
4009,0.0219034303770155,291.13857466879995,7,141,1.1404343
4010,0.0609018239267525,288.89860190762755,4,6,0.0
4011,0.0433308266517363,291.53186167890425,7,87,1.1531326
4012,0.0627383111243409,288.4668880823073,7,28,3.02929
4013,0.0761217373299077,288.728598521829,1,29,0.92740995
4014,0.02205090068018,291.610487213084,7,79,2.4626195
4015,0.0744897776660698,288.49457691017136,2,30,1.5187365
4016,0.027042289845806,289.2316858776577,7,482,2.1761832
4017,0.0622402583090445,289.7362864001222,6,10,2.2023375
4018,0.0450233471222697,291.3983764866879,7,90,2.7802885
4019,0.0285859050827589,290.3372723968101,7,160,1.4719114
4020,0.0384581703495052,289.61189049284167,7,107,2.474329
4021,0.048061476472982,286.9528879603346,9,511,0.92740995
4022,0.0302347859162677,290.19155541211006,7,139,0.92740995
4023,0.0233187360368796,290.4532158184392,9,826,2.7802885
4024,0.040976738876559,289.7617974977246,4,95,4.7667265
4025,0.0318022360183197,290.6074405231323,7,82,0.92740995
4026,0.03222735285663,290.52892868725905,7,81,2.179136
4027,0.074054925756701,288.68948623335075,4,31,2.2094357
4028,0.029491635489108,291.07476316831963,7,176,9.466878
4029,0.0222308058717051,290.4059674013772,7,653,7.288513
4030,0.064563722169012,289.1504458712807,5,8,1.8543341
4031,0.0370106424346799,289.9555528636031,7,96,0.0
4032,0.0387089601806616,291.7242484772701,7,67,2.1832075
4033,0.0207666871642787,291.68435820014406,7,82,1.4699824
4034,0.0250689198079343,290.5671161833657,7,196,1.4706192
4035,0.0209738739652131,290.7679831610148,4,87,0.92740995
4036,0.0378651049356682,289.777558139234,7,103,0.92740995
4037,0.0609974459267358,288.80619298143586,4,5,2.5582604
4038,0.0693271344763043,288.8060358403601,4,16,3.8927612
4039,0.0459840939901885,289.25092571060384,7,111,3.0085368
4040,0.0421453359520245,290.14601902187246,7,96,3.605767
4041,0.0711876128418261,289.1298430596079,4,18,3.8920858
4042,0.0288657004314079,290.85946030743725,7,275,0.92740995
4043,0.0186124607245811,291.4384551393017,7,90,4.6347184
4044,0.0334159961903574,291.7587501515345,4,75,3.5741787
4045,0.0639948997600717,288.9190123390678,4,7,0.0
4046,0.0300575928148212,290.181157045545,7,143,2.1783001
4047,0.0228140880770869,291.37842517346854,7,74,2.1770408
4048,0.0390101774332285,291.5748581561075,7,76,1.478448
4049,0.0408805545299335,288.3164634856754,9,375,19.497332
4050,0.0468727582017837,288.9402647558284,7,121,2.954617
4051,0.0761137951655976,289.24253827000183,7,22,3.70543
4052,0.0451292313212604,290.6874501980394,7,92,0.0
4053,0.0409447562115944,291.50451706338805,7,82,0.92740995
4054,0.0351512135674078,289.6553221692393,7,122,3.0064893
4055,0.0304915372916357,291.55019576041155,4,203,2.9532917
4056,0.0383232550777132,291.54818841567555,7,74,4.3571644
4057,0.0219114285525765,290.4983655706276,7,104,2.2656827
4058,0.0635836601152848,288.7310550743303,1,10,0.92740995
4059,0.0218228625700711,290.5006519425127,7,124,1.4646918
4060,0.0208359239402571,290.8322673925268,9,253,4.387059
4061,0.0426732207633997,291.5941553791829,7,84,2.9579616
4062,0.0222781362755385,290.42098786763466,7,738,0.92740995
4063,0.0263744349290927,290.69219171637127,7,129,1.1424471
4064,0.0493107327107476,286.99665603848126,7,348,16.307169
4065,0.0696150372148321,288.1997407643837,7,37,1.8543341
4066,0.0397034239521053,291.6004798121404,7,76,1.4789478
4067,0.067111981185976,288.8819489748289,7,17,2.2062109
4068,0.0442221879091201,289.504282463765,7,109,3.6062298
4069,0.0272767456600241,290.2479100168198,7,515,13.019993
4070,0.0185078078574015,291.4867821694988,4,77,0.92740995
4071,0.0379187273289425,291.566549893795,7,69,2.4807727
4072,0.0214300400139127,290.59581875511475,7,113,2.9288177
4073,0.0610614505017118,288.95400996687044,3,6,0.92740995
4074,0.0390349519637578,290.2049311761764,7,84,1.4761535
4075,0.0427271379133872,287.5874737861223,9,278,2.7802885
4076,0.0664329481988645,288.62945927944804,2,11,10.887624
4077,0.0258674845786558,289.3733268581545,7,508,5.3220334
4078,0.0658133520876669,289.1412230841721,2,8,0.92740995
4079,0.0682799318690884,289.0819462092206,2,11,0.0
4080,0.0255243155393613,291.3337551924821,7,74,1.4716046
4081,0.0428689690509686,290.0065123297656,7,99,1.4775795
4082,0.0697517419943268,288.2952575657832,7,33,1.8543341
4083,0.0457735284248187,289.00799532855376,7,115,2.4803321
4084,0.0235266308768512,290.0130812391253,6,660,13.80239
4085,0.0762709028198042,288.62619298451204,4,32,2.4041607
4086,0.0370389282435732,291.54877916374846,7,67,2.1818635
4087,0.0180620612673791,291.6139328148335,4,79,0.0
4088,0.0481180546712055,289.4988778773042,7,108,2.3045402
4089,0.0179467093793883,291.63782131431145,7,99,1.4687878
4090,0.0346829833866518,289.812295940885,7,113,0.0
4091,0.0181872895043753,291.58186597075644,4,81,1.8543341
4092,0.0213124294919585,291.3909164955834,7,108,2.4613655
4093,0.0646510942129316,289.2475279140567,1,8,1.1922425
4094,0.0207512935804648,290.75378764306134,7,198,0.92740995
4095,0.0371122229358429,291.77083660979633,7,63,0.0
4096,0.0450383625932827,290.270589044613,7,94,2.9555051
4097,0.0775006012948352,288.8231526092087,1,30,1.5180358
4098,0.0463143475965351,289.79822987136174,7,102,1.1521058
4099,0.0385646409460962,291.55421286577644,7,77,0.92740995
4100,0.0228355423540332,291.36606177649844,7,92,2.1770532
4101,0.031253277951454,291.28035872319083,4,104,1.4759984
4102,0.06555280544749,289.41828697548226,7,22,0.92740995
4103,0.0207529098248616,291.5623617868165,7,72,3.5934114
4104,0.0187025817121476,291.35489490308174,7,133,0.92740995
4105,0.0216243997435718,290.5873496771647,7,118,2.7802885
4106,0.0279269824742151,289.3204785091925,7,306,3.8881307
4107,0.0182409727683732,291.60569494007,7,104,2.1759357
4108,0.04300629623805,289.53418147043897,7,106,1.1500015
4109,0.0523820830043366,287.19460467877053,7,153,5.8964953
4110,0.0329654522201193,289.7637602434053,7,149,1.1448513
4111,0.0384288154955934,291.6097063509939,7,72,2.1825643
4112,0.040953533657404,291.2357263954636,7,84,1.4779016
4113,0.0283575154082285,289.42186887867774,9,1052,14.810822
4114,0.0223891995961998,290.3765440282331,7,226,3.8730595
4115,0.0601459571536987,289.1638505165988,2,11,14.718177
4116,0.0677834179523532,288.5839932733041,1,30,1.5174167
4117,0.029559506698516,291.9272457610897,7,175,1.4790024
4118,0.0313892462803144,291.5696238291232,4,108,2.3004014
4119,0.0419720970821491,290.8226557730177,7,88,2.3009992
4120,0.0784879131968423,288.75328471561807,4,33,0.0
4121,0.0239104417891619,290.98188676825936,7,147,1.8543341
4122,0.0273697569299183,289.93553641456697,7,552,4.920198
4123,0.0197546832360278,291.0079976739602,7,210,7.714496
4124,0.0415114619137037,288.3148828829689,7,424,11.399612
4125,0.033240864107681,291.4234356208607,4,59,1.4760996
4126,0.0239346153718359,291.037396044742,4,112,1.141572
4127,0.0441678344890704,289.5627941580005,7,107,1.4777197
4128,0.0317704699460267,291.5716182564072,4,100,2.4799752
4129,0.0715465356876892,288.7960427229475,5,20,3.030517
4130,0.0743876775626424,289.3615635156925,4,25,5.952936
4131,0.0443502472039811,291.0228543069537,7,88,0.0
4132,0.0667268850221946,288.7367983669571,4,17,2.5670817
4133,0.064582220253547,288.53038793454937,3,21,0.0
4134,0.0747415754096256,288.8053526778913,4,27,0.0
4135,0.0765803632907141,288.53521678462795,4,37,0.0
4136,0.0283811727189734,290.6833572939624,5,565,7.305591
4137,0.0185909580920005,291.4160661978617,7,104,0.92740995
4138,0.0180232683193429,291.72677755434296,7,94,2.1759708
4139,0.0463079936299001,288.77626625736355,7,120,1.1508939
4140,0.0658171160493057,289.39361433961363,7,21,3.7047918
4141,0.0665413916577285,288.33963195912406,7,38,0.92740995
4142,0.0766629834380059,288.7218547783816,2,32,10.201214
4143,0.0319929308535676,291.3963676647819,4,56,1.1473606
4144,0.0197389863766271,291.1335756310233,7,161,1.1384747
4145,0.0378732649036129,291.5801129360324,7,68,1.151337
4146,0.0444558896099517,290.78687981521085,7,90,0.92740995
4147,0.0213571362611574,290.68286793872886,6,144,0.92740995
4148,0.0648640732134791,289.1280082363213,6,8,2.384994
4149,0.0276898662141956,290.67012917100027,7,115,3.4257426
4150,0.021969439562058,290.4541841299663,7,179,1.464614
4151,0.0302734271578531,292.1072503996052,4,115,1.4797479
4152,0.0446036666239603,289.25230619584624,7,112,2.9532726
4153,0.0371435942229942,289.7939514875671,7,104,0.92740995
4154,0.0207985003310107,290.81595115130324,5,86,2.1735744
4155,0.0454120472970634,290.7919973220794,7,90,1.8543341
4156,0.0415337153555187,291.39370745674364,7,81,1.4782913
4157,0.0664458581226295,289.13956602038456,1,9,1.193768
4158,0.0660131929785085,289.1301450236417,4,9,1.5113841
4159,0.0536845932273853,286.5674127990734,7,273,20.787338
4160,0.0195806235849631,291.5721535337515,7,100,1.1399521
4161,0.0408207606821523,291.5551846706033,7,81,1.4788003
4162,0.0323614417085589,291.65270421219816,4,88,2.3015237
4163,0.0216872553742584,291.28428817352665,7,117,0.92740995
4164,0.0279864402212572,290.82274327632393,7,94,1.4721317
4165,0.0209313668712907,290.7153027040415,7,148,0.92740995
4166,0.0320143566784489,291.3491380154498,4,83,0.92740995
4167,0.0189872263571134,291.7179002956113,7,87,1.4693108
4168,0.0658361846947736,289.67876529139454,4,10,3.0162783
4169,0.0392078776820316,289.4311501034627,7,111,0.92740995
4170,0.0418752256455765,291.5371938856903,7,83,2.9560425
4171,0.0453737604625938,290.23826566773266,7,98,1.152114
4172,0.0477581421863163,289.6344281103969,7,100,1.4793041
4173,0.0190325539105741,291.52221165227894,7,111,0.92740995
4174,0.0212980247034712,291.7541210079838,7,76,1.8543341
4175,0.0325516748639648,291.5505357140745,4,92,1.4776336
4176,0.04145780704684,290.4201912195651,7,94,0.92740995
4177,0.024337897030461,290.5152146300704,7,359,2.9386334
4178,0.028188357181932,290.3821086833989,7,161,1.4717875
4179,0.05342424754598,287.4511449503444,7,273,21.067013
4180,0.0379235987049489,291.60323311611086,7,68,2.7802885
4181,0.0625161690869249,288.4418853221657,4,27,0.92740995
4182,0.0288030416286973,290.7698483375152,4,330,5.3485713
4183,0.0252542146695666,291.1238323998443,7,89,1.471289
4184,0.0702397127931144,289.3659000042351,4,18,2.3837051
4185,0.0329328192443761,289.9499982394101,7,126,2.2892067
4186,0.0628053042660249,289.14795593329006,4,7,1.1917945
4187,0.0384773226498899,291.577422916482,7,73,1.4783424
4188,0.0184631265304005,291.4995318418056,5,77,0.0
4189,0.0187795471466016,291.64983676487606,7,95,1.4691485
4190,0.03715206498476,291.55664569852627,7,68,1.4778026
4191,0.029294526261603,291.1162579497057,6,70,0.0
4192,0.0372876626535745,291.7349503354483,7,65,1.4793427
4193,0.0353263628241917,290.3253715307657,7,90,2.4727845
4194,0.042639946369085,287.4557084524957,9,536,12.552874
4195,0.0304332172017256,291.8119619750938,4,145,0.0
4196,0.0245699286694566,290.7570271568158,6,197,0.92740995
4197,0.0215713614916235,290.61183770595284,7,361,2.1758144
4198,0.0228709154196101,290.2293874044248,7,790,5.9906807
4199,0.0466495755896922,288.8780023818049,7,120,1.1512016
4200,0.0375124979097852,289.3700769489884,7,120,1.1468344
4201,0.0282376887162696,290.57461133858214,7,527,28.00463
4202,0.020674926241461,290.7838235511343,7,136,5.8472404
4203,0.0180562932977024,291.61915102267653,4,79,1.1380938
4204,0.074118111403997,288.35559716620065,3,35,0.0
4205,0.0263393078443247,290.4231907641537,7,605,14.959236
4206,0.0211013684334883,290.6506390811305,7,212,1.8543341
4207,0.0391580531470477,291.2829274207638,7,81,1.4771942
4208,0.0205585101092838,291.27377200062364,7,136,1.1400586
4209,0.0227636563966947,291.7491001276176,4,66,1.4708782
4210,0.0281549499192755,290.76497429188873,5,393,11.643585
4211,0.0225677216730276,290.323144125329,7,809,4.764236
4212,0.0482763775599838,289.7518580252981,7,99,1.8543341
4213,0.0312376553713936,291.2635373197382,4,91,2.1805995
4214,0.0211634971686591,291.47590812798666,7,101,2.7802885
4215,0.0260225983681681,290.5562362320918,7,257,5.1558285
4216,0.0449181339921783,291.4828937368406,7,98,1.47988
4217,0.0188946241201186,291.3579809130299,7,93,2.4552062
4218,0.0368757532509781,291.6188932098821,9,64,3.0086558
4219,0.0210284216858427,290.7607375641836,7,418,8.587369
4220,0.0206309320757803,290.8315800293369,7,105,1.4660609
4221,0.0366161479093641,289.67138819982245,7,111,1.474646
4222,0.0262061792930369,290.4019071630676,7,411,14.638559
4223,0.020975515790567,290.73378772459427,7,98,3.4019742
4224,0.0650141319342046,289.7083835237353,4,12,0.92740995
4225,0.0415092484619354,290.9334181450579,7,86,1.4778601
4226,0.0392337255515666,289.44909060442507,7,107,0.0
4227,0.0204559649059702,290.92781057235675,7,228,1.8543341
4228,0.0223812514231754,290.33895763228725,6,430,13.8213215
4229,0.0379796957909033,290.390788212684,7,83,2.4755692
4230,0.0280260637800398,290.73677434454464,7,101,0.92740995
4231,0.0305713007578302,292.0968828995401,6,106,1.8543341
4232,0.0635411660424432,288.5132280253163,4,23,1.5154859
4233,0.0383978778085181,291.54992180912296,7,74,2.95284
4234,0.0448321497453083,288.5897209340591,7,107,0.0
4235,0.063220310477904,289.096232185467,4,5,0.92740995
4236,0.0664390481072984,288.63419925741994,2,18,1.5156289
4237,0.0705559257840358,289.1340389236922,4,15,0.92740995
4238,0.018547756079537,291.65090148197515,7,96,1.4690537
4239,0.0245403943977443,289.70127073183403,7,537,4.5206714
4240,0.0434976990491556,289.7689905993116,7,104,1.4776273
4241,0.0334343635829864,289.8495786476364,7,127,1.1452091
4242,0.0723336724165246,289.4350563976271,7,22,0.92740995
4243,0.0297167324938696,290.4831922809776,7,111,1.143985
4244,0.0426617567991327,289.94332717039106,7,100,2.4792624
4245,0.0389028670695128,289.2079066636612,7,122,1.147393
4246,0.0447083989049166,291.4892882679798,7,92,1.4798446
4247,0.046324177679339,289.08461570862306,7,116,2.4810617
4248,0.0214242906922805,290.61263210878803,7,91,1.4651262
4249,0.0347990894523301,291.4922167293155,8,62,0.92740995
4250,0.02000555385446,291.0580744411335,8,226,0.92740995
4251,0.0386951323835163,291.63776182455786,7,72,1.1523117
4252,0.0236114456904876,291.6534650823772,7,66,1.8543341
4253,0.0653204301390215,289.3871198279719,1,5,0.92740995
4254,0.0224225506911452,291.34008496956267,7,101,1.4703329
4255,0.0584824349985871,288.34642790762763,4,35,1.1964377
4256,0.0455143259153915,291.4314470757633,7,95,2.958026
4257,0.0656534360711919,288.64030495649206,7,17,0.92740995
4258,0.0183041562459071,291.50032099169465,7,103,3.5355363
4259,0.0392634608753709,289.3797108846859,7,111,2.4746218
4260,0.0619002591566489,288.5110151622443,4,17,1.5141383
4261,0.0193595895795575,291.2058713898785,7,103,1.4671787
4262,0.0193508783066776,291.5779311486492,7,101,0.0
4263,0.0385440149125795,291.56684952162544,7,72,0.92740995
4264,0.0328025739792972,289.9309806474595,7,129,1.4732897
4265,0.0197530017102519,291.5473205609756,7,102,1.8543341
4266,0.0217698858928477,290.5768369068544,7,718,2.4468513
4267,0.0488048910461194,288.3176395187484,7,128,3.9158957
4268,0.0227262451977834,290.2667451203383,7,683,2.9264994
4269,0.0184979776122967,291.48946575721664,6,76,0.92740995
4270,0.0698657889647028,288.4880188915264,2,28,2.2095845
4271,0.0290623887720129,290.8096435810759,7,85,1.8543341
4272,0.021062007021986,290.7563687531159,7,550,9.99203
4273,0.0297083228624144,290.0780933332627,4,174,2.4666293
4274,0.0748500720164427,289.4093118018119,7,19,0.0
4275,0.0185139540171886,291.4796233926407,4,86,1.1375332
4276,0.0203670708305772,290.8873502451851,7,114,2.2719214
4277,0.073621932865067,288.701327186469,4,28,1.518032
4278,0.0347428046887873,291.58306757100934,7,68,0.0
4279,0.0473456195189326,290.00490763761263,7,97,2.1830943
4280,0.0228511964310495,291.3210443602485,7,98,2.462715
4281,0.0430725807099663,291.16205220353265,7,85,1.1519536
4282,0.0282619672282983,290.81335875781974,7,90,1.1436127
4283,0.0691060184282708,288.4808914231259,4,29,0.0
4284,0.0224182140695806,290.38293050249627,7,843,4.6273675
4285,0.0407259791259216,288.04953850044313,7,395,14.616074
4286,0.0390450328646665,291.6049246837253,7,73,1.1520523
4287,0.0654866648587822,288.547004084708,4,23,1.1999967
4288,0.0240182870187039,289.8633305824629,7,696,2.1736634
4289,0.068014207014732,288.123777198906,4,40,0.92740995
4290,0.0473899614081561,288.7934071681164,7,119,1.8543341
4291,0.0384491110677943,291.5472741601208,7,76,3.0082412
4292,0.0266507956030832,289.95101288500325,9,764,6.849503
4293,0.0656059899597117,289.2678230630458,1,7,1.1926116
4294,0.0221333051241165,291.7117896524548,6,71,1.4705822
4295,0.0611425232422883,289.6852294589277,4,4,2.7802885
4296,0.0190248596314082,291.2864966348096,7,109,0.0
4297,0.0209121365517952,290.6661169447301,9,692,26.13218
4298,0.0606734655308005,289.8038846131331,4,4,1.1884171
4299,0.0223213111958171,290.32718927182844,7,1178,1.1338675
4300,0.0341022557386543,291.4660889378096,7,60,0.0
4301,0.020617358501261,290.8805918115064,4,86,1.4653451
4302,0.0793694267280664,289.25958441047464,6,26,2.5664637
4303,0.0623973818359545,288.83607318592703,4,-2,3.020616
4304,0.0273516804719171,289.27669465767974,7,447,8.576257
4305,0.0311735683206721,291.3358532096165,4,124,2.181081
4306,0.0253950244439385,289.5105591917608,7,505,7.9109783
4307,0.0248784051474859,289.6381543327793,7,480,10.756248
4308,0.0499609828141624,289.440222690858,7,106,1.1536907
4309,0.0200928435286105,290.993747115159,7,105,1.8543341
4310,0.0402864466123554,291.5503895006364,7,81,0.0
4311,0.0464474050147345,288.99101628833137,7,117,2.182207
4312,0.021739793395622,290.4512394391687,9,796,3.5265226
4313,0.0639331663926082,288.64028826894537,2,15,2.5656612
4314,0.0186568232353874,291.69264267665346,7,91,0.92740995
4315,0.0205195050768467,290.9124676586749,7,236,0.0
4316,0.0700655649472735,288.9915920978825,7,29,0.0
4317,0.0331283746315393,291.4191868106843,7,59,2.180747
4318,0.0455098242102933,290.1755909830011,7,97,0.0
4319,0.0242620211275263,289.78814597684243,8,742,3.8711758
4320,0.0244254097825615,290.1399518531829,7,583,15.96193
4321,0.022066314822566,290.4540680981153,7,123,1.4640764
4322,0.0390923342728707,291.7275022679044,7,72,2.3056371
4323,0.0322210058261314,290.139778147633,7,115,1.1449116
4324,0.0505586940343548,288.7550397975891,7,110,2.7802885
4325,0.0423041580618654,290.14734137735,7,100,5.806826
4326,0.0274690465393815,289.06019080591153,7,441,2.2783005
4327,0.0659454167173673,288.768302476199,4,14,1.8543341
4328,0.0250653890592872,290.18878323127274,7,601,7.7158365
4329,0.0196532594223529,291.0214378992018,6,483,10.755603
4330,0.0470575086731091,289.15521049085737,7,112,3.573383
4331,0.0750253071764687,289.47748657671787,4,21,0.92740995
4332,0.0285948162007398,289.77210640617244,6,459,3.546592
4333,0.0400164489243709,290.5911228074222,7,88,1.4769208
4334,0.0696830054607943,288.6279023692938,4,25,1.2017301
4335,0.0178124502283824,291.65108171480176,7,99,1.4687176
4336,0.0186918087603255,291.44217965798,9,120,5.1512065
4337,0.0299855352816808,292.07709488537097,7,126,1.4795934
4338,0.0789339771156514,288.8622917690277,1,31,2.2093966
4339,0.0451016917395449,290.4416979098869,7,94,1.4789189
4340,0.0382988216493972,291.6703931916425,7,69,2.9563372
4341,0.0601909978243644,288.4016511780076,4,31,1.5144604
4342,0.0444039571600598,289.09584841755134,7,107,0.0
4343,0.0293277790123658,290.76999200871484,7,86,1.1441292
4344,0.034433692745411,291.51752386333766,7,64,2.1807384
4345,0.0210163398304574,290.7621499212563,7,379,10.63424
4346,0.0673154311316347,288.42067558586183,5,34,2.209561
4347,0.0211001841984937,291.5785477969404,5,80,1.1407232
4348,0.0662313252982089,289.1444730878612,3,6,2.3862195
4349,0.0382990802810623,291.5797521027805,7,73,2.7802885
4350,0.0400906175538637,289.57625342770075,7,96,0.92740995
4351,0.075925190443385,288.9018388032417,2,22,3.0277362
4352,0.0308237343410506,291.2086172180508,4,96,1.4755025
4353,0.0401015661906332,291.6033709897553,7,78,1.1524435
4354,0.070449171762763,288.7872067737185,3,17,1.5159001
4355,0.0192583590068358,291.2761438521352,7,234,2.9313006
4356,0.0749005876030666,288.6768523328479,4,31,3.034323
4357,0.0205721042150694,290.855158439829,7,103,0.92740995
4358,0.0377649645580023,291.7219314942881,7,67,2.3046472
4359,0.0618396381842306,288.5137050436863,4,17,1.5140486
4360,0.0181309141870118,291.5441207459953,7,108,2.2770803
4361,0.0683497704901012,289.5193309256568,7,17,2.556192
4362,0.0359508512243874,291.52801496592315,9,66,2.7802885
4363,0.0374256399198876,291.5576700752406,7,72,0.92740995
4364,0.02832050877129,290.5101135497227,7,1165,32.641808
4365,0.0382050325766665,291.67232906075225,7,70,0.92740995
4366,0.0225685182005217,290.3018033546268,7,235,1.4637069
4367,0.0435038879595564,288.9830520806415,7,103,1.1496176
4368,0.0300252183499573,290.6843836314169,7,91,3.7047918
4369,0.0328240926426939,289.8737374643232,7,137,2.178887
4370,0.0377823919734549,291.57109425665806,7,73,2.4808638
4371,0.0473959233082545,290.54736433141034,7,97,0.0
4372,0.0409736840855181,291.5865454253282,7,80,2.4835463
4373,0.0429433065494828,289.55292687761823,7,107,2.1815555
4374,0.0473766978883688,288.8466265427479,7,119,2.3021882
4375,0.0406992548300529,290.71662946638054,7,89,1.1501528
4376,0.0214465811009244,290.5904092273538,7,115,0.92740995
4377,0.0608022925947459,289.6219575817642,4,5,2.20232
4378,0.0621966069082198,288.4374745010589,4,27,1.5158474
4379,0.0287985222873467,291.02326575378567,4,284,3.0073154
4380,0.0652392470888427,289.1543252130885,4,7,1.5109515
4381,0.0187980563316159,291.39054773450385,7,90,0.0
4382,0.0391119129752962,290.9399478796822,7,83,0.92740995
4383,0.0499414531869456,287.28623159842715,8,425,15.173016
4384,0.0263090140227894,290.98941538789586,7,86,3.5475008
4385,0.0731875480552007,288.70567702848416,4,28,1.2019414
4386,0.0679698933490418,288.62461947024315,1,21,1.5167726
4387,0.0285701896852009,290.5952613801176,7,115,0.0
4388,0.0337929268818725,289.668564456109,7,142,1.4734584
4389,0.0377307895214021,291.5453789652206,7,70,0.0
4390,0.0203883271065877,290.8650074482153,7,131,2.1745996
4391,0.0260734372102813,290.52814252976,5,201,1.4710388
4392,0.0217373783811977,290.55334448073893,7,116,3.0017629
4393,0.0208155414212952,290.68883037713306,9,820,3.5316658
4394,0.0260904965667926,289.9226369720135,4,701,17.695833
4395,0.0366884276896039,291.6837741591162,7,60,1.1521635
4396,0.0635024902761927,289.4364252224681,4,7,0.0
4397,0.0774519299127722,288.60017500442984,5,33,1.202836
4398,0.020734813437877,290.7705051074362,7,132,1.1361696
4399,0.0382393999147861,291.5644473468869,7,71,1.4780995
4400,0.0618827750250285,289.7692189725768,4,7,0.0
4401,0.0428488299616487,291.1765799831297,7,87,4.6273675
4402,0.0379694968028159,289.51389079554235,7,114,0.0
4403,0.046038859148279,288.8125182737899,7,115,2.3006551
4404,0.0306063690949569,290.57609856910506,7,95,2.4686606
4405,0.0386573632556471,289.1943251776265,7,126,3.0069993
4406,0.0383282939458577,289.1923674855708,7,128,1.1470609
4407,0.0280101323440908,289.2524275666163,7,287,2.1768394
4408,0.0646794664818769,288.6389375158485,4,13,1.1974556
4409,0.0213456291719784,290.61029409115497,8,132,0.92740995
4410,0.0296740701769015,290.1640683322717,6,154,2.9424586
4411,0.0285792824835113,291.87495110525214,7,470,21.988064
4412,0.0258382237346691,289.3762934006814,7,534,8.569914
4413,0.0796379642875803,289.2795392089316,7,29,2.207469
4414,0.0283406906837562,291.6965048276629,7,61,3.8975258
4415,0.0386767613071159,291.5748365913236,7,75,0.0
4416,0.0209027677939989,291.19472612759915,7,160,2.7802885
4417,0.0368107233487849,291.6132281345988,7,67,0.92740995
4418,0.0221409308528005,290.41983015091006,7,156,3.5199974
4419,0.0454034204109952,289.083740829917,7,113,2.181965
4420,0.0664884940304479,289.1065469607139,3,9,1.8543341
4421,0.0220330555209164,290.47442520581336,7,167,1.8543341
4422,0.0656879972275467,289.4591282670554,7,7,2.5562093
4423,0.0730588073633987,288.6846660725425,4,29,0.0
4424,0.0355280659130293,291.1010765163926,7,73,0.92740995
4425,0.0412214004851987,291.30616928612903,7,84,3.5715804
4426,0.0683170444930687,288.0894225180134,7,42,1.5194468
4427,0.0606825813037639,288.39948636892984,4,34,1.8543341
4428,0.0458450527814994,289.5978588709371,4,-6,0.92740995
4429,0.0456334636445998,289.21337114314,7,115,2.4806435
4430,0.0473421501038001,288.8423119396143,7,122,0.0
4431,0.040967904586098,291.5350777359943,7,82,1.1516492
4432,0.0424413458151533,289.22788489385255,7,102,1.8543341
4433,0.0375879882509409,291.5459894068678,7,70,1.4775603
4434,0.0221030487761462,291.31810505192647,7,108,2.9384186
4435,0.0224670278093607,290.33183455951814,7,209,1.4637933
4436,0.035553183343971,291.5494385482078,5,63,1.47764
4437,0.0186089658800842,291.51394361795974,7,116,2.2777805
4438,0.0214392498288434,291.3490067443609,7,111,2.937934
4439,0.0204365911907326,291.33403466122763,7,128,6.504123
4440,0.0377952470968972,291.59425480853747,7,69,0.0
4441,0.0222801582503862,290.38043987049,7,182,1.4640585
4442,0.0701131940264803,289.5593379472499,4,14,5.14177
4443,0.0294779399344271,291.014192476833,7,320,8.0250025
4444,0.0603324728141893,288.9690549300381,4,7,1.8543341
4445,0.0267871934957432,289.8492027506594,5,531,4.4039483
4446,0.0402629036036474,291.20340235351364,7,84,1.4775826
4447,0.0316137918136316,291.0319732719955,7,68,1.1456639
4448,0.029876050827356,291.14538822462526,7,72,2.2915883
4449,0.0609155311879906,288.4064365816224,5,34,1.1984051
4450,0.0239684591392803,290.9235663427985,7,144,1.4705515
4451,0.0373092672877562,289.45155462142543,7,119,2.9475102
4452,0.0317422414190287,291.60529395680646,4,99,0.0
4453,0.0601607901424199,289.8149505511841,4,3,1.5070999
4454,0.043216143683795,291.5403087177155,7,85,0.92740995
4455,0.0290392101486635,290.2282507640547,7,163,0.0
4456,0.0687083029698288,289.1228556214578,3,13,1.8543341
4457,0.0263270457671553,289.41901388654736,6,453,5.547545
4458,0.041135930452304,291.64521795122494,7,79,1.8543341
4459,0.0356148595652399,291.890943174944,4,61,3.0093324
4460,0.0243663949297739,289.7530166202605,7,708,3.001933
4461,0.064285392270075,288.68093449290166,4,15,3.7028403
4462,0.04189643099909,290.10525457606235,7,97,1.1500751
4463,0.0415034199829959,291.5800565072887,7,82,0.92740995
4464,0.0304314340799905,290.32259021745034,5,121,1.1441693
4465,0.0641514894841573,288.58509854608485,4,16,0.0
4466,0.0303278334160749,291.1713483117359,5,64,0.0
4467,0.0187171753929482,291.4059348849928,8,92,2.175055
4468,0.0251659549601466,291.3277898932363,7,78,2.177674
4469,0.0389180130291781,291.0305514420936,2,37,1.4853482
4470,0.0402974414829588,291.5564633061112,7,80,0.92740995
4471,0.0469906226055724,289.0612059817929,7,116,2.3022785
4472,0.0683300396182139,289.1634218649172,3,11,0.92740995
4473,0.0223401994072481,290.3763541378089,7,199,1.1327139
4474,0.0206019338914643,290.8380842411038,7,104,0.0
4475,0.0369489981080493,291.6593051039622,7,66,1.8543341
4476,0.0642570305495903,288.7234935728866,4,11,1.1959842
4477,0.0206126438509748,290.8796907033834,7,271,4.343582
4478,0.0202172434493926,290.9512842186784,8,107,4.391717
4479,0.0254415344734827,290.72780342302883,7,158,1.4710728
4480,0.027690013945941,290.61133381448184,7,123,1.471803
4481,0.0280589221560027,291.1994715765862,7,66,0.92740995
4482,0.0316582860052095,291.5745840885233,4,104,0.92740995
4483,0.0219919829750078,290.6220545834957,9,928,28.176916
4484,0.047917237535339,288.57791537371514,7,124,2.1823714
4485,0.0220529000254951,290.4573859616216,9,767,12.6733675
4486,0.0251718261635871,290.90652621886017,5,113,2.7802885
4487,0.0540167021460486,287.26847284737227,7,307,4.6039624
4488,0.0398974347648094,291.7208321646851,7,74,1.1535376
4489,0.0349821184827023,288.96573592856794,7,263,5.995806
4490,0.0626552665452774,288.6203316892211,1,17,8.186019
4491,0.028899126902421,290.83325586507505,7,85,0.92740995
4492,0.0237654886271809,289.9839024013454,7,702,1.4686291
4493,0.046566736756531,291.00982198990914,7,95,4.360676
4494,0.0627872554986157,288.5250010125833,2,17,0.92740995
4495,0.0654870665113051,289.1364925017396,4,9,1.19329
4496,0.0330975375486642,289.16351392228864,7,299,8.120799
4497,0.0702592138825321,289.22697777866324,4,25,2.2039363
4498,0.0646018495935693,288.4454843607672,4,36,1.5179293
4499,0.0434209004024528,289.76718756574803,7,105,1.1505007
4500,0.020688790787277,290.80906265287547,7,103,2.7802885
4501,0.0378961080591924,291.5476394221274,7,74,2.1816525
4502,0.0214032151808131,290.6437005561596,4,91,1.4647456
4503,0.0720353544906573,288.9912067684506,7,30,1.5103722
4504,0.0219881413575624,290.47810870209304,7,108,1.4641271
4505,0.0379757554131295,291.5561299940365,7,70,2.7802885
4506,0.0187101721053374,291.3790348832148,7,101,2.2755253
4507,0.0320929746909325,290.1994513948555,5,111,1.8543341
4508,0.0631040821206521,288.53417109424583,1,15,5.547545
4509,0.0353903094173253,290.6225248201846,7,81,1.1471905
4510,0.0254261402226021,291.3850471372828,7,71,1.4716139
4511,0.0358586942399833,290.96161044102143,7,74,3.0072274
4512,0.0220996063104715,291.5995160657965,7,79,1.1413219
4513,0.0372762473805983,291.5638447065469,7,71,0.92740995
4514,0.0186888463213311,291.3605773218291,7,128,1.4684736
4515,0.0326961056629065,289.38360096778865,4,44,4.7695103
4516,0.0265130052910942,290.2535144405921,7,380,12.958745
4517,0.0691905891571282,288.6619696265743,6,23,1.5169089
4518,0.0270306885751904,289.53061556688044,7,340,0.92740995
4519,0.0299005433439641,291.15407443087173,4,63,1.8543341
4520,0.0401750967253497,291.5386591975169,7,81,1.8543341
4521,0.0412679154961409,291.5822068520382,7,83,2.304466
4522,0.0185882943444545,291.4654086586911,7,81,0.92740995
4523,0.0338178359608754,291.4939606296688,5,76,1.1499606
4524,0.0661539935599096,289.0527139843459,4,8,2.2051456
4525,0.0226608643906899,290.5011392617128,9,1061,5.3273845
4526,0.0191908155200066,291.72616279853486,7,87,3.0042367
4527,0.0281893069061031,290.49297887959017,7,815,10.773734
4528,0.0437807992197918,288.9799285481299,7,104,3.0079591
4529,0.0191184892750042,291.68199887035627,7,87,2.1762412
4530,0.0220095365984755,291.20661688716234,7,125,1.4700223
4531,0.044868545577279,288.60638917129995,7,110,0.92740995
4532,0.0173932872519278,291.80534036603314,7,88,0.0
4533,0.0358681071997719,289.7689806412931,6,111,1.474423
4534,0.019055588334463,291.26482062888067,7,118,1.4679468
4535,0.0751374718636892,288.8562512720657,4,22,6.8892136
4536,0.0218508165704826,290.4831193279096,7,153,1.4648145
4537,0.0742799658166739,288.4428307299551,4,34,1.5188738
4538,0.0642928452120906,289.60828294675485,7,14,2.552404
4539,0.0431742211103661,290.92826061128216,7,87,2.3025413
4540,0.0280776960201413,289.3428821989393,7,310,1.1414647
4541,0.0203800230209073,290.9482969534179,7,216,1.4680045
4542,0.0426242968379196,289.48457912716447,7,101,3.4455116
4543,0.0280991133473244,289.92635524207685,7,581,15.539895
4544,0.0678860196079456,289.24964993953427,4,10,3.0250137
4545,0.0266205802587019,290.67277175918434,7,130,0.92740995
4546,0.0244507090104306,289.7264247713698,7,766,14.682033
4547,0.0366586885995079,291.64474211682017,7,65,5.3670316
4548,0.0618611967161462,288.8882507175779,5,4,1.8543341
4549,0.0638997299264152,288.9905595168133,4,6,1.1933602
4550,0.0363110503792352,291.5332381444879,7,64,1.4768922
4551,0.038425999370613,291.6208715216701,7,71,2.482478
4552,0.041968109505632,289.2904372514462,7,99,2.7802885
4553,0.0198267701669154,291.57677378959005,7,100,1.4695038
4554,0.0306186354147868,291.2162107908312,4,135,0.0
4555,0.066750796209327,288.49589853849614,4,35,1.2019607
4556,0.0338246369470575,290.2918741194879,7,92,1.1459581
4557,0.0310051029861028,290.5317932175689,7,94,0.0
4558,0.0425175646769306,291.01627029439345,7,87,2.3020403
4559,0.0626494637896946,288.42055722490693,4,35,2.2086077
4560,0.0657012422188102,289.5615344868898,4,14,2.2030697
4561,0.0754191183891021,289.4823125549336,7,22,0.92740995
4562,0.0703891252721199,288.3528233858696,5,31,4.0514655
4563,0.0604357372617257,289.6985733288076,4,5,0.92740995
4564,0.0228152640813252,291.0733207582267,7,133,4.647723
4565,0.0393714760044793,290.6972442930135,7,86,2.2979026
4566,0.0648799879592433,288.48474320602804,4,29,1.2012169
4567,0.0241421852941379,289.8777146785203,7,604,6.766017
4568,0.0609504231151587,288.8918043291241,4,8,0.0
4569,0.026806986200471,290.47220228573434,4,507,16.20231
4570,0.0380310883350653,290.41740163117606,7,81,1.4759289
4571,0.0347417729899457,291.9269906706746,4,59,2.4849079
4572,0.0451227583932174,290.49995115374395,7,95,2.7802885
4573,0.034231806121191,291.5279694194063,7,64,2.4754038
4574,0.0319720202432454,291.343986946145,4,85,1.1487005
4575,0.0707889943832047,288.3194508120652,7,30,0.0
4576,0.0379724239989616,291.6528999874976,7,68,0.0
4577,0.0682613196684868,288.6011484527219,4,26,2.4013786
4578,0.0259386067591644,290.42933515585867,5,294,7.9228377
4579,0.0618691593493083,288.5233045352945,4,16,1.5139326
4580,0.045693001114813,289.3475806084135,7,115,0.0
4581,0.0633212626093602,288.5570321592962,4,16,1.8543341
4582,0.0609326504747879,288.4623369726238,4,18,2.5659962
4583,0.0369376687991705,291.5455208054975,7,68,2.1818118
4584,0.0603897020307058,288.9810150033845,4,1,2.5553684
4585,0.0242487529041882,289.94926908001594,7,674,2.9359953
4586,0.0480141740805144,289.5061054714772,7,106,0.92740995
4587,0.0712194146841985,289.5121318793141,7,18,0.92740995
4588,0.0234393780701693,290.55756312832494,7,293,1.14028
4589,0.023848996235695,290.9552013381405,7,141,1.1414211
4590,0.0204176503658849,290.8619827329654,7,122,2.1745203
4591,0.045922738158328,288.9731211117105,7,114,2.182045
4592,0.0186406484679043,291.454943354873,7,88,2.4552205
4593,0.0377621059134788,291.5931224801949,7,70,2.1823497
4594,0.0376102852141691,291.580145972757,7,72,0.92740995
4595,0.0184869088988491,291.4941904207793,7,78,0.0
4596,0.0332027826078367,291.4276036543839,4,56,2.2958446
4597,0.0321428481713194,290.0436299340927,7,127,1.144751
4598,0.0262469303398554,289.4491213440402,7,498,1.4691792
4599,0.068918456797531,288.6233778363104,4,21,1.5174091
4600,0.0389538502864568,289.4571145261722,7,112,3.0071795
4601,0.0303478957372042,291.8313072538723,7,144,2.1825967
4602,0.0214082635713032,290.59728184576204,7,121,0.0
4603,0.0808206303290528,289.21867676598345,5,41,3.7070088
4604,0.0385254427340362,291.175327281038,4,39,2.1868262
4605,0.0660709663569243,288.52430231166034,4,28,1.5174357
4606,0.0426376478882833,291.5555107459274,7,84,1.1530582
4607,0.0262326694972114,289.81688910167253,7,683,9.464448
4608,0.0226095881597942,290.3043727248502,7,274,3.0013325
4609,0.0235611704086429,290.3271755189512,9,773,11.374386
4610,0.0451877415592155,289.9714596624697,7,102,1.1516986
4611,0.0533354318040572,289.635293775004,4,5,1.5048783
4612,0.0418745159160013,291.6382971526585,7,82,0.92740995
4613,0.0289199593163069,290.7608589342686,7,90,1.1438969
4614,0.0682946328760922,288.59953510734766,3,28,0.0
4615,0.0404350954462173,288.9190766334828,7,121,1.4755498
4616,0.0482850469539118,289.98516873057685,4,-4,2.3581624
4617,0.023659671259435,289.9730556452206,6,669,14.69122
4618,0.0792720397866198,289.37609850906875,5,29,1.8543341
4619,0.0443294841821548,289.14330651924195,7,110,1.477401
4620,0.0226488718434261,290.29942079097805,7,847,11.563562
4621,0.0244310525922845,291.17796002754864,7,94,1.4710017
4622,0.0214374106209801,290.57990409296184,7,136,1.8543341
4623,0.0221312479674089,290.41433256354617,7,170,2.4480557
4624,0.068155428502807,288.6586716654749,4,21,0.92740995
4625,0.0387624062787688,291.557235361975,7,77,1.4772992
4626,0.0258031658010492,290.4936819553785,7,267,5.993485
4627,0.0303289620694972,291.5275767955245,7,58,0.0
4628,0.0339893322236645,291.2299295430895,7,68,0.92740995
4629,0.0461711564969035,289.4346673733763,7,112,1.478448
4630,0.0216287830574524,290.54687739115826,5,115,2.9281592
4631,0.037901835616623,291.58488092973295,7,73,1.8543341
4632,0.064382271110131,288.7170497434419,4,12,1.1961496
4633,0.035402886487814,291.90099042023314,4,58,3.456373
4634,0.0294406851632785,292.05050141220664,4,163,1.479423
4635,0.0641341060993861,288.5460997842141,4,16,2.2075644
4636,0.0390132503546103,289.561947166862,7,106,1.4755498
4637,0.0211725008004704,290.6668906657974,7,110,1.1351424
4638,0.0641392888215605,288.9351704315617,4,9,1.5116211
4639,0.0674705407955185,288.56872812018935,4,25,3.0329046
4640,0.0311296416188405,291.60576897412113,7,58,1.4742724
4641,0.0485748875172226,289.8282601540187,7,99,1.1533723
4642,0.0392201007058503,291.586827274576,7,74,0.0
4643,0.0237802884280164,289.93660788758075,7,865,15.173834
4644,0.0473223910262268,290.0598537639491,7,97,2.4841962
4645,0.0224070995435817,290.8149697004333,7,216,4.346493
4646,0.0199041002661787,290.9742561504849,7,265,4.3959117
4647,0.0208453025334399,290.75125019036,7,115,1.4661514
4648,0.0456181146273977,289.7024996528421,7,105,0.92740995
4649,0.074944099445924,288.80861492366745,4,26,3.0332303
4650,0.0221856340933737,290.4160674620509,7,751,5.660976
4651,0.0734713973987142,288.67230442899216,4,30,1.5181042
4652,0.0221469694538543,290.4072124714288,7,217,3.0017877
4653,0.039225403189737,289.2327152125553,7,123,2.7802885
4654,0.0369502452164647,289.6747457874022,7,113,1.146895
4655,0.0306492467991407,290.6852459824187,7,82,1.4731057
4656,0.0743755330502537,288.6372224688374,4,30,2.4036322
4657,0.0409264486912119,291.53106034977014,7,77,1.1514274
4658,0.0284045620748182,290.91627190678474,7,178,3.4311328
4659,0.0240306353777763,289.85681402652034,7,946,18.91378
4660,0.0399041588791063,291.5525270117701,7,78,2.1823585
4661,0.029801162712361,291.3413030534572,4,319,0.92740995
4662,0.0347131882601723,291.92288753123734,4,60,1.4797833
4663,0.0743722291156016,288.88090412977544,2,21,1.2002165
4664,0.0376191599543868,291.5481066320399,7,73,2.4797628
4665,0.0402831451853033,288.14217988806536,7,376,17.950539
4666,0.0444339267350798,289.13902686021333,7,112,2.7802885
4667,0.0226534686234897,290.2643005556589,7,547,1.8543341
4668,0.0738748209883662,288.64363412895125,1,29,1.2022634
4669,0.079138973591631,288.7797791889809,4,35,0.0
4670,0.0622911286689078,289.7580500169807,6,8,1.507839
4671,0.0395446886365947,291.5764096573474,7,77,1.4786273
4672,0.0226344152132829,290.2995729649439,7,959,7.2962947
4673,0.0427741769635647,289.03300880424894,7,105,0.0
4674,0.0724368986312744,288.7937496423076,3,20,0.0
4675,0.0631441199036808,288.44761253690746,4,31,0.0
4676,0.0414739632539385,289.8490675120973,7,96,0.0
4677,0.0223615230089836,290.38302716752185,7,900,3.7047918
4678,0.0393785194669736,291.5489886980679,7,77,0.92740995
4679,0.0250952931983274,290.92961766728166,5,108,3.5454085
4680,0.0448743576439997,290.1765821721796,7,99,1.4785824
4681,0.0620934601719705,289.3357352065963,2,4,0.92740995
4682,0.0286718987023457,291.0061807296314,4,314,15.295893
4683,0.0320886858876854,291.5030525914684,4,100,3.9119675
4684,0.0651550966987754,289.68549259876283,7,9,1.5090564
4685,0.0410097978445505,290.3223448922214,7,90,0.0
4686,0.0219579472461386,290.4019427036925,9,937,5.988294
4687,0.0181945999087213,291.5411615592772,7,116,1.4687756
4688,0.0244097413069922,289.7453402419235,7,735,20.645254
4689,0.019774736236043,291.50092828314604,7,110,3.0042353
4690,0.0344312463416958,291.55350938701804,7,63,2.7802885
4691,0.0637119243515962,289.3240911951857,1,5,0.0
4692,0.0204624095838086,290.76917681529955,9,1171,18.708838
4693,0.0644252039532798,289.22105105049667,1,6,1.8543341
4694,0.0637665973547185,289.08158254567945,4,8,0.92740995
4695,0.041797945794804,290.1637228307429,7,96,1.4772737
4696,0.0207416030249166,290.77353768334217,7,126,1.4663745
4697,0.0180985259925583,291.6388514232803,7,99,1.4688519
4698,0.0414718461033855,290.8355375043273,7,89,1.4777548
4699,0.0241793367448989,289.8195598574348,7,632,4.3417897
4700,0.0620211789783236,289.7639976337699,4,8,1.8543341
4701,0.0422556500820779,290.09890665723617,7,97,0.0
4702,0.068238717372097,288.6347433242489,4,22,1.5167726
4703,0.0186392149520439,291.70987189514483,7,89,0.92740995
4704,0.0275470265429493,291.00767345176206,7,100,0.0
4705,0.0270686188958792,290.5978853822522,7,135,1.1427022
4706,0.0211477704277031,291.3809650276023,7,80,2.9375846
4707,0.0451775101265404,290.23365474811226,7,95,2.1826162
4708,0.0313334269920864,290.12352347793376,7,132,1.4728563
4709,0.046343791847516,289.86938697388547,7,100,2.4827905
4710,0.0348389605999339,288.30489203789625,9,911,15.513854
4711,0.0412873205513614,291.6265920868681,7,80,1.8543341
4712,0.0319695380553088,291.3375334006576,7,60,1.4755561
4713,0.0210647727824067,290.74641201349147,4,88,1.8543341
4714,0.0219239418215318,291.2922601392973,7,112,0.92740995
4715,0.0291665621834897,291.17670217362235,0,60,0.0
4716,0.0276074052124691,290.57591380255326,7,129,1.1429656
4717,0.0661736354911742,288.60499392703707,2,16,1.1993191
4718,0.0203435826223876,290.82653388126505,6,650,18.657509
4719,0.0212500668185531,290.66691367918327,7,89,3.5238123
4720,0.0363935477895041,291.8314235881284,7,60,1.1531945
4721,0.0222590794481349,290.4001612175302,7,174,1.4638617
4722,0.0439077679632105,288.5066357169535,7,124,2.1811774
4723,0.0354202282611737,289.87510239459897,7,109,1.1463131
4724,0.0178339428284255,291.659784783237,7,92,0.92740995
4725,0.0216392282412812,290.533664009655,7,124,2.450072
4726,0.0202950375037614,290.9068769524165,7,117,5.739278
4727,0.0586333304058149,288.35639761702737,5,34,2.5648952
4728,0.0754371749891072,289.28514553691497,7,20,0.92740995
4729,0.0414568904773288,288.9299819870453,7,113,1.4759921
4730,0.040883420340413,291.5919247286895,7,80,1.4792591
4731,0.0205663193153974,290.8709221916869,9,794,10.765986
4732,0.0383484294791448,291.5478150039746,7,73,3.0082834
4733,0.0657806955339477,289.3404012108767,7,22,2.3780937
4734,0.035554802317946,291.55166946765485,4,60,1.8543341
4735,0.0618768659437915,289.6713008544686,1,-2,3.023242
4736,0.0380686290816633,291.58011496737606,7,69,1.1513904
4737,0.0299373685421461,291.89227413331565,4,153,1.1522046
4738,0.0318618819095063,291.9951782111277,4,86,3.5771189
4739,0.0276342576668447,288.8151143387379,7,466,16.37784
4740,0.0695941995249067,288.64350875557,4,25,1.2012936
4741,0.0193864433322786,291.203359848696,6,103,2.174718
4742,0.0248816129853585,290.78425789425694,7,174,0.0
4743,0.026422584848983,290.8332795102054,7,100,3.0052555
4744,0.0372550481257792,291.82840495623213,7,64,2.3059344
4745,0.0747295130213212,288.9630086751192,4,20,3.0272152
4746,0.0216483460868668,290.58589498224376,7,132,1.133377
4747,0.0661449799426802,289.45088544496025,1,7,1.510107
4748,0.0626198989295318,288.4276930510032,4,33,1.5166214
4749,0.0232847230177679,291.0904226899627,7,117,1.4704344
4750,0.0621957151741864,288.40766426866776,4,37,1.5167537
4751,0.0198210817752205,291.1231128432661,6,288,3.0026112
4752,0.0633993368373768,288.4338669928688,4,38,2.401369
4753,0.0209587523341347,290.79812076066514,7,196,1.4647577
4754,0.0744438084219729,289.3453008350136,4,26,1.5122591
4755,0.0363396564046329,291.6609103671624,7,62,1.4786657
4756,0.0434789412556082,289.30143459511834,7,108,0.92740995
4757,0.0287535685511539,290.3452300887752,7,151,0.0
4758,0.0280860821727036,289.34242525755866,7,307,0.0
4759,0.0431909094343506,291.5668141278696,7,84,3.0093894
4760,0.0358472272254621,291.5565498289524,7,62,1.1506727
4761,0.0565350434929773,289.5249514238351,4,5,2.201356
4762,0.0219991405741304,290.4098896954049,9,1271,3.8706367
4763,0.0781110852557385,288.90854605883555,4,32,8.05577
4764,0.0225742636178016,290.30925517456217,7,254,0.0
4765,0.067196385718128,288.3928720251256,7,35,2.4038148
4766,0.0652337547020586,288.4970517660141,4,30,1.201212
4767,0.061805167665402,288.9268980838885,1,5,2.2042365
4768,0.0498418335340364,288.055633116049,7,131,2.4823482
4769,0.0186166241178891,291.4591656998366,6,85,2.9334047
4770,0.0323638566160936,289.3570713684588,4,232,7.32422
4771,0.0288801107439653,290.8417361371741,4,353,11.218279
4772,0.0279649721882577,290.7631557674417,7,102,1.4720634
4773,0.0791621259536506,289.3211107165995,4,27,3.0276012
4774,0.0403319601070828,291.5480082449445,7,81,2.481716
4775,0.0238901437705657,291.0292078111169,7,113,1.1415402
4776,0.0447023905311958,290.6970897612852,7,89,0.92740995
4777,0.0220048528526116,291.5279651505687,7,86,0.0
4778,0.0677035099778541,288.5946260399048,4,25,1.5171437
4779,0.018353813996013,291.5307918563845,5,77,2.1757362
4780,0.0631207317736203,289.2205495910806,1,6,0.0
4781,0.0428207623745837,289.60893408944673,7,105,1.4771942
4782,0.0686166022510513,289.61492802210387,7,17,2.2041357
4783,0.0754533417072571,289.35776470601945,4,24,3.6992483
4784,0.0432311806253967,289.6257048716123,7,108,4.357057
4785,0.0360743142987746,291.5260362990855,8,64,2.1815126
4786,0.0684321868998534,289.15860733890315,4,12,2.3882358
4787,0.0609584558174217,289.01446398611773,1,4,1.5096877
4788,0.0189321363315507,291.2776339551356,7,221,3.874914
4789,0.04068435351637,289.4923567589972,7,99,0.92740995
4790,0.0611860364583405,289.64003408356143,4,7,1.8543341
4791,0.0409507487517272,291.5763351788771,7,84,2.9562733
4792,0.074186225106773,288.3612315052969,4,34,2.2101238
4793,0.0238957577361546,289.89931152268537,7,754,1.4652731
4794,0.0364869296014691,291.53298310087547,7,67,2.4784143
4795,0.0422004275468189,290.85332356079743,7,88,2.182153
4796,0.0688674726408648,289.4631212978481,5,23,1.5100113
4797,0.021627190313297,291.07195949180164,7,206,0.92740995
4798,0.063609778111988,289.0300602532146,5,9,2.7802885
4799,0.0613822482298824,288.4096091217917,7,34,1.1989999
4800,0.0256026623510699,290.81270657906134,7,120,2.9403195
4801,0.0306159949230177,291.2805496009944,4,144,2.476594
4802,0.0284001945196079,290.6343668239966,7,552,16.814444
4803,0.0193342393990122,291.5042435449317,7,112,1.4692189
4804,0.0643190089462904,289.1018979161663,6,8,3.5745065
4805,0.0313093690530052,289.2947259088805,6,441,18.066677
4806,0.0385911542189685,291.55417306633973,7,76,1.4773278
4807,0.0621897082593926,288.5351519464898,5,17,0.0
4808,0.0372648592918009,291.633099366347,7,68,1.8543341
4809,0.0226005673222617,290.3062265582374,7,649,1.8543341
4810,0.0226085699587401,290.3027222981119,7,266,1.1322984
4811,0.0282605543085843,290.4590774520643,7,937,12.690833
4812,0.0443219473225981,289.0932253087629,7,108,2.4790654
4813,0.0607041001756268,288.92665158196246,3,7,4.021832
4814,0.0360183866422339,291.5244449426319,7,64,3.445756
4815,0.040631225523727,291.57272263063714,7,83,1.4789574
4816,0.0208276475027353,290.7489419271444,7,127,2.1741927
4817,0.0319605153045763,291.46595076074414,4,103,2.7802885
4818,0.0401064875498451,289.3243990871524,7,111,2.180606
4819,0.0268523576538178,290.12634942048606,7,624,5.662485
4820,0.0182291309481975,291.5408465790008,7,92,3.0036232
4821,0.0366892079176677,291.6494646013187,7,67,3.57368
4822,0.0281417578816149,290.8580738217903,6,447,13.692851
4823,0.0418686335152303,290.0944522453061,7,96,1.1500506
4824,0.0214528136864017,290.53548667888424,6,602,16.561893
4825,0.0202525231659131,291.78018181391326,7,80,2.1766217
4826,0.0342866758969748,289.9920162917937,7,107,1.8543341
4827,0.0281609495264959,290.679321668726,5,335,4.7656593
4828,0.0297568159559623,289.7939079961353,4,259,3.548526
4829,0.0277050827758299,290.93042585436524,7,181,8.1669035
4830,0.0463673406376187,289.9490054988262,4,-8,2.7802885
4831,0.026344838467095,290.2938822422874,7,363,3.7047918
4832,0.0462501316527238,288.83635362404016,7,118,2.4804385
4833,0.0619526062154408,288.6570089829822,4,12,6.464861
4834,0.0630018583496627,288.4621923584455,4,23,2.57074
4835,0.0382406052152462,289.6213089648699,7,109,3.0071087
4836,0.0765429412049451,288.6644656063481,3,30,1.202499
4837,0.0215494377315919,290.74827206176394,8,664,19.72293
4838,0.0257055360764194,291.027641084403,7,91,2.9408255
4839,0.076717376290928,288.77590475756267,4,30,1.2020999
4840,0.0193354883481366,291.23229486546865,5,94,2.4541144
4841,0.022937661618514,290.19320053165524,4,594,1.8543341
4842,0.065354470911209,288.5738845287785,4,19,0.92740995
4843,0.0219769836574158,290.47238097113024,7,130,0.92740995
4844,0.0312052493355652,291.254155269827,4,73,2.180352
4845,0.0192509173333549,291.2182484670816,7,310,3.5372398
4846,0.0431892466889958,291.3569639315551,7,82,0.92740995
4847,0.0422677775377546,291.5427571769104,7,88,2.4836228
4848,0.0693827261746131,288.24239078964075,7,34,2.577736
4849,0.0208109013239418,291.6987403499886,7,79,1.4700192
4850,0.0225491424295987,290.3113057034763,7,218,0.0
4851,0.030999846103848,291.23254912892673,4,92,5.547545
4852,0.0324934913804083,291.4616891210805,4,95,2.478422
4853,0.0625081981453536,288.49380813467667,4,21,1.5149482
4854,0.0208802367215443,290.68297693081854,9,611,15.751429
4855,0.0247914168124632,289.6197134374664,7,470,1.1327947
4856,0.0219774693252581,290.482200777627,7,110,3.8671186
4857,0.0207403023977142,290.7743511147144,7,124,0.0
4858,0.0279145738148708,288.6395821871825,7,353,0.92740995
4859,0.0225982919795109,291.17269419083595,7,118,0.92740995
4860,0.0220142299381341,291.13685289086334,7,138,1.1405016
4861,0.0699971364316883,288.38840750700643,4,30,1.5186526
4862,0.0311920773804482,288.6554254690906,6,32,1.1542789
4863,0.0382832160304773,289.8424928531205,7,97,1.1478187
4864,0.0213499539149279,290.6957720597402,7,579,4.8865676
4865,0.04067802650668,291.63136151522224,7,77,4.9592695
4866,0.0675093405033245,288.7459911678856,4,16,1.5148543
4867,0.0220811299711056,290.4545292080227,7,124,2.265051
4868,0.017605666476,291.74163560343374,7,85,1.8543341
4869,0.0304455097061441,291.12042941613544,7,66,1.4734303
4870,0.0404226904368962,291.5887543023588,7,82,1.15239
4871,0.024896839536652,290.850642299008,7,159,0.0
4872,0.0679260931252937,288.5978384894568,4,26,3.715774
4873,0.0304705785782948,288.42924982712333,7,19,1.8543341
4874,0.0407062296111857,291.2271234279619,7,84,1.8543341
4875,0.0674377462674969,288.6444665778876,4,20,0.92740995
4876,0.0640876507838257,288.7046645966772,4,9,1.5133424
4877,0.0664669163109355,288.535033410703,4,30,1.5175077
4878,0.0636390317753642,288.4528610491868,4,32,0.92740995
4879,0.0456085952264559,289.18443708169224,7,113,1.4779813
4880,0.0389484130240361,289.60115242018105,7,104,1.4755592
4881,0.0395955744967513,290.8067214295229,7,88,0.92740995
4882,0.053460478846575,286.7612474383323,7,251,18.427896
4883,0.0361559041612184,289.80281548452035,7,107,2.2923305
4884,0.0463763918788769,289.9587299270231,4,-8,2.7802885
4885,0.0262295019337418,289.27280175826684,7,443,3.8816388
4886,0.0267261794472704,291.16690516771587,7,70,1.1436048
4887,0.0270652330695661,289.60773597782566,7,456,26.25818
4888,0.0222269419235939,290.8967702328592,7,200,2.1764023
4889,0.0570644748209581,289.4821781901831,4,5,3.0111241
4890,0.0189958501737693,291.35162281020234,7,122,4.9012847
4891,0.0179927191017429,291.60789985942733,7,96,2.27642
4892,0.0425258178900614,289.6867830299521,7,101,2.9523256
4893,0.0392494473419625,291.547125177617,7,76,0.92740995
4894,0.0797665025377178,289.29884848696173,7,26,1.5151623
4895,0.0492177061028097,287.4315919205633,7,246,10.707565
4896,0.02894791498727,290.8532741673736,4,388,8.124144
4897,0.0466418641867201,288.8714615450532,7,121,1.8543341
4898,0.0223050176062471,290.3741123999264,7,182,2.1726677
4899,0.0413642455874357,291.5831703462503,7,81,0.92740995
4900,0.0233888953528832,291.7350012539869,7,68,0.0
4901,0.0208015955101535,290.76630856227536,7,110,1.1357684
4902,0.0280850878600589,290.58796136490025,5,401,9.66332
4903,0.0280211894789237,290.0301628685652,5,238,1.142491
4904,0.0382905668185353,291.6951949042315,7,66,1.4793298
4905,0.017796730983097,291.691829676505,7,81,1.8543341
4906,0.040892117261134,290.9287533447605,7,86,2.953228
4907,0.0576650917865203,285.85090573273175,7,577,28.178513
4908,0.0280880167672371,290.78194802507096,7,97,0.92740995
4909,0.0201835172646062,291.01924250176563,6,212,6.8409815
4910,0.076249180078449,288.8437558838815,4,27,0.92740995
4911,0.0656020690945513,289.2779358676235,1,7,0.92740995
4912,0.0225831669251058,291.1759366093494,7,120,1.4702313
4913,0.032439439565844,290.5189422899704,7,84,2.4703496
4914,0.0395049953034633,289.15895543943503,7,119,2.1803305
4915,0.0259623288384717,290.68274346049816,7,196,16.24506
4916,0.0690543143833739,289.201731717612,1,12,1.1946509
4917,0.0274339160638204,290.1495227980952,7,366,3.0053947
4918,0.0797352210314173,289.1899148298428,4,30,2.5666313
4919,0.0209081017516767,290.722333640306,7,144,3.5876145
4920,0.0620805171902365,288.4266587027147,4,29,1.5160058
4921,0.0192028286786477,291.46318582914927,7,76,1.1394588
4922,0.0352527977595175,291.52213305129965,7,61,1.1489732
4923,0.0194379759612804,291.10970144548514,7,206,6.8474936
4924,0.0434018384333317,289.2698167550963,7,107,1.4771274
4925,0.0456768605353811,287.9286495342744,6,200,3.6048539
4926,0.0631357206560287,289.6610733653217,4,7,3.6835763
4927,0.0361380710018184,291.52902268872555,9,66,1.1500465
4928,0.0712980193813203,289.2001359302215,4,24,1.5105196
4929,0.0299778207475209,291.8193817315507,7,161,2.7802885
4930,0.0186579072063893,291.3900473872964,7,107,1.1383647
4931,0.0472178367050908,288.6674201189862,7,120,1.1512631
4932,0.0217225625466575,290.5632385449445,7,477,5.3217673
4933,0.0188567075474004,291.63981262096144,7,95,1.46917
4934,0.0242920973457534,290.62002523729745,5,234,2.4621131
4935,0.0460414489755767,289.5382120904885,7,108,3.0086794
4936,0.0675335775084171,288.5755813975844,4,27,2.5738754
4937,0.0310640313156321,290.66944990658334,7,83,0.92740995
4938,0.0387918548087821,291.26814808375025,4,41,1.1599538
4939,0.0341812521515939,291.54772013439623,7,62,0.0
4940,0.0476844543450968,288.6681186864137,7,119,0.92740995
4941,0.0361019041912392,291.5262296458334,7,64,2.4784749
4942,0.0189544623929241,291.27847983076646,6,167,1.1385415
4943,0.0740642664518633,289.1748238354105,7,25,0.92740995
4944,0.0198784493598449,291.5845700918684,7,96,2.1763816
4945,0.0654622470377414,289.2752971547536,1,10,1.1924994
4946,0.0387803362525802,291.2142722524921,4,40,0.0
4947,0.0204539589490196,290.9410408302881,7,180,0.92740995
4948,0.0381136304849049,291.6097718445616,7,69,2.4820511
4949,0.0413224004124976,291.60322612061333,7,77,1.1529881
4950,0.021189178991264,290.69466891345434,7,88,1.8543341
4951,0.0291541438827004,290.7094488488647,7,94,2.1783884
4952,0.0290844926647826,290.54760729252763,7,111,1.4723243
4953,0.020877198889933,290.74787614498257,7,109,0.92740995
4954,0.0472387230539124,290.6576552670033,7,98,1.4800217
4955,0.0222659083484121,290.5147307305056,4,418,8.641959
4956,0.034186444604629,290.052830801686,7,103,3.6001883
4957,0.064938420664959,288.85795579848707,4,13,3.0229483
4958,0.0209695336179914,291.57628654805853,7,87,1.1406956
4959,0.03461827846576,291.5254906120392,7,62,1.4760237
4960,0.0223722021731598,290.35226834796106,5,203,1.1329798
4961,0.0334018156351042,289.01199862802184,6,410,6.464861
4962,0.0240730420197251,291.29758227183254,7,85,1.4709709
4963,0.026357521973327,289.732481476732,7,599,11.060696
4964,0.0669991127532046,289.51332164366704,4,15,3.5687196
4965,0.0262600792541715,290.68590384165066,7,216,5.7695293
4966,0.0242295537706031,290.7148978847156,4,223,1.4703482
4967,0.0404236896775303,291.57235867926886,7,89,0.92740995
4968,0.045230253856917,289.37150493847975,7,108,2.4805827
4969,0.037688108432882,290.90022016243205,7,79,1.4762294
4970,0.0185844509487659,291.8062824543259,7,85,0.0
4971,0.0212619888139681,290.6777699661985,6,88,1.134266
4972,0.0372810626321616,291.54817597669177,7,68,2.300197
4973,0.0251261884757064,290.8741743040288,7,146,2.464105
4974,0.0200515036229712,291.02909320312307,9,91,2.9303489
4975,0.0268538993936559,289.48477859168,7,350,9.639969
4976,0.0727492291934461,288.8988297760977,3,19,0.92740995
4977,0.0416824829886534,291.58020915156703,7,82,3.0091462
4978,0.021838143895175,291.3699380070529,7,105,1.1408857
4979,0.0637822836577706,289.1264968819778,1,5,8.0077095
4980,0.0209652720321277,290.7467483402349,7,98,2.9291775
4981,0.0438987837973414,291.5198279770474,7,91,1.4797801
4982,0.0466214460920325,289.76178707431944,7,101,4.9563828
4983,0.0202580314881012,290.97262105510686,7,89,1.1354144
4984,0.076954090109675,288.46395536813685,4,37,0.92740995
4985,0.0393526294558688,291.56894175733225,7,76,0.92740995
4986,0.0200913280525821,291.0347330749951,6,145,0.0
4987,0.0284822493139145,289.61507527484986,9,831,11.489059
4988,0.0722549191362357,288.80647479328377,3,19,7.2226973
4989,0.0261667635573868,291.026656590126,6,99,1.1430773
4990,0.0315071584924176,290.4963851740186,7,90,1.4732835
4991,0.0385096998470844,291.5476830558299,7,75,2.9531262
4992,0.0406519477643916,289.8496470676878,7,93,0.92740995
4993,0.042508680280695,289.41045344134386,7,101,2.4779377
4994,0.0225353298320351,290.31522623398445,7,221,2.4464529
4995,0.0243680262477914,291.48021889758286,7,73,1.1423675
4996,0.0196077066766659,291.649926424566,7,89,1.1400745
4997,0.0528606850099382,289.7073682211726,4,3,2.536848
4998,0.0384169448013055,291.697694766931,7,67,2.1830335
4999,0.0361795194096493,290.2936170089764,7,88,1.1472228
5000,0.0183817828335661,291.522632433647,4,76,2.175833
5001,0.0746042879909827,289.5075916622866,7,20,0.92740995
5002,0.0247641538127735,290.7264976590234,7,199,3.8757606
5003,0.0357484576142941,289.699140210104,7,115,1.474307
5004,0.0617092059773438,288.9300155760522,1,4,4.401882
5005,0.0475241601845936,289.88558222503264,4,-2,1.4982108
5006,0.0204371050760286,290.91740428575747,7,89,1.4657658
5007,0.0346914178234617,289.5226173835379,5,144,1.1454908
5008,0.0283053937288337,290.4912576175739,7,988,24.227524
5009,0.0464107013983582,289.4223992993333,7,110,1.8543341
5010,0.019276750846868,291.2446504367194,5,92,5.741034
5011,0.0669922313743312,289.5309715753752,4,21,4.4003334
5012,0.0763048026431029,289.3765888110073,4,22,1.513727
5013,0.0211757062150429,290.6852660714007,7,92,1.4653542
5014,0.0303275764854304,291.5021232845969,7,61,1.1455431
5015,0.0195198451354115,291.1027310079839,7,154,3.7047918
5016,0.0203970702124064,290.82405030725096,7,318,6.464861
5017,0.0212731950521936,290.6601096641506,7,89,2.450115
5018,0.0293023385959553,291.02693037769654,7,72,1.4728688
5019,0.0400040182338706,290.8120592904923,7,88,1.4771179
5020,0.0304795836501902,291.39779987701,6,167,1.4769526
5021,0.0244156207435509,291.3675783421336,7,77,2.1774926
5022,0.0190499016011788,291.24811033209005,7,178,2.7802885
5023,0.0655109673710122,289.4869436067579,5,19,0.0
5024,0.074310601148106,288.2830464196818,5,37,2.5784461
5025,0.0220190797209613,290.7792594908792,7,242,0.0
5026,0.0205458480508448,291.4368235006624,7,111,3.0043578
5027,0.022265514629475,290.38646387962734,7,179,0.92740995
5028,0.0675518161516509,288.60846561723224,2,22,2.2085245
5029,0.0274296642324134,289.51947356598185,7,337,1.1411949
5030,0.0193767992119282,291.11162888100137,7,349,19.856821
5031,0.041078589158545,287.98450129363295,7,416,17.713755
5032,0.0605355650449996,289.1239960584878,1,5,2.554174
5033,0.021110340846886,290.7102381135685,7,92,0.0
5034,0.0313027758484452,290.535210218694,7,91,0.92740995
5035,0.0218973600840753,290.5412248452738,7,769,9.253207
5036,0.0287740420633066,290.81509687501386,4,348,9.291779
5037,0.0377663019192422,291.54743142440446,7,72,1.8543341
5038,0.0220742412421618,290.4391358024096,7,146,3.520231
5039,0.0808297987860002,289.3312084698824,7,36,3.027826
5040,0.0249330549576414,291.53686865099564,4,62,1.8543341
5041,0.0284122602211864,290.9427250004863,7,223,3.8767319
5042,0.0209387360406099,290.6978017156561,7,212,4.342413
5043,0.0463423364022742,289.958231143762,7,98,1.8543341
5044,0.039654750506042,291.66650721698625,7,71,2.9570298
5045,0.0271679398864684,289.4564365047104,7,365,6.8742642
5046,0.0691732057396041,289.1880820746221,1,13,0.0
5047,0.0419472074166208,289.9142729373306,7,97,2.1814976
5048,0.0376901147837713,290.04445706681304,7,93,1.1477375
5049,0.061848785303713,288.4998269693212,4,16,4.534376
5050,0.041494786738902,291.4319950428184,7,81,1.1514192
5051,0.0205971223997531,290.82210352382145,7,108,0.92740995
5052,0.0321208970697549,291.55404302131853,5,56,3.0068576
5053,0.0295805388159528,290.99722347659247,7,307,3.6011498
5054,0.0412662628218523,291.0008360046468,7,85,0.0
5055,0.0450813519124681,289.3321983011961,7,112,2.3008435
5056,0.0614643113745154,288.44099151149976,7,29,1.5149858
5057,0.071649389151037,289.49974152246284,4,7,5.5111737
5058,0.0637429221662874,288.5503571393233,4,18,0.0
5059,0.0283888771941685,291.1629377428933,5,74,1.1448313
5060,0.0189690099533017,291.3553250833121,7,88,2.4568806
5061,0.0248202361113673,290.6683217236181,7,222,1.1415681
5062,0.0233385121760351,291.3377561336879,7,90,1.4707086
5063,0.0208992116638125,290.7430841766704,7,105,1.1355388
5064,0.062740018391274,288.77378480323887,2,9,1.1943548
5065,0.0690009453020201,288.79581763989165,1,18,2.3955538
5066,0.0371190830194672,290.468134663047,7,81,1.4755971
5067,0.0245943560793339,290.6717094966832,7,249,6.8493886
5068,0.0299268211015208,289.50742610008285,6,654,12.853145
5069,0.0358572500659112,289.68941204922174,7,112,1.4743445
5070,0.0640284579923995,288.5247415496642,4,20,2.3970363
5071,0.0334245389632346,291.4590307682479,4,58,2.1806145
5072,0.0410612714508044,289.34434453107974,4,101,2.1808903
5073,0.0192568654024459,291.2724844523948,7,123,1.4685773
5074,0.0351676443083408,291.501224389454,7,70,1.4757329
5075,0.0229710438620779,291.3967929830306,7,90,1.4706162
5076,0.0478713418572965,287.7821666787078,7,444,16.847088
5077,0.0327783008039066,289.3947164631095,4,64,1.1595781
5078,0.0203157187780146,290.92074131843583,7,107,3.528151
5079,0.0217762356640168,290.5401365121595,7,111,1.8543341
5080,0.0652610976078329,289.25190673131897,1,9,1.1925228
5081,0.0300431903563527,291.9535700105549,7,139,3.0090046
5082,0.038729299966147,289.18152245656665,7,125,2.4736462
5083,0.0423650097891721,289.7368090406191,7,101,1.4771211
5084,0.0351696502728782,290.4745847939893,7,83,1.4747875
5085,0.0289154783763423,291.7113001907691,7,652,13.074866
5086,0.0610528090829701,288.38275133293683,7,36,0.0
5087,0.0684717842091787,288.6275991914998,4,22,7.543115
5088,0.0596974746381383,288.3949419182696,4,28,1.8543341
5089,0.0221333630611825,290.4433750503214,7,158,0.92740995
5090,0.0478177013783821,289.6476737802804,7,97,2.9567091
5091,0.0310791275434146,288.9765058837337,9,1262,32.58842
5092,0.0721243933747772,289.4909088802468,4,15,2.38756
5093,0.033265270138409,291.7114170052083,4,79,2.4818606
5094,0.0214073569276409,290.6601729257503,7,980,32.20827
5095,0.0615888866427006,289.76427214007805,1,5,1.5076822
5096,0.061203936416341,288.41745427315635,6,33,0.92740995
5097,0.019545152331793,291.5233691551717,7,105,3.004201
5098,0.0247187096547755,291.036304993973,7,100,2.4638839
5099,0.0800576985358947,289.3427243563642,4,30,2.56816
5100,0.0370848737682586,289.4416160334648,7,120,1.4746271
5101,0.0673441717303748,288.76625662244817,4,5,3.6666305
5102,0.0423877469193065,289.53241328860724,7,103,1.476943
5103,0.0378526293002545,291.549142463615,7,71,0.0
5104,0.0619471214180627,289.749369181986,4,9,1.5076567
5105,0.0357256645665949,291.5424008559358,7,63,1.477554
5106,0.0201549816975379,291.0280767814673,9,192,2.458597
5107,0.0191664910049503,291.54047949752385,7,110,0.92740995
5108,0.0188929678827173,291.3461273678354,7,96,1.1375645
5109,0.0385425356406488,291.5603201214182,7,73,0.92740995
5110,0.0210986810557537,290.62013345049513,9,803,15.466063
5111,0.0194252025063797,291.50452459624154,7,111,1.4692556
5112,0.0350598036519792,289.6187326231156,7,124,0.92740995
5113,0.0426716236957813,291.525307347768,7,86,2.1829333
5114,0.0312331529466524,291.30402725228475,4,54,3.6018062
5115,0.0391389296924817,289.3373794656273,7,114,2.180339
5116,0.0617312160016507,289.7835346849352,3,5,1.5076896
5117,0.0337043878188265,291.1890381396806,7,69,0.92740995
5118,0.0197728447124466,291.6225267087454,7,90,3.7047918
5119,0.0373043797026148,288.37544689376006,7,358,12.69392
5120,0.0310294944212065,291.6422962176066,7,59,2.2913384
5121,0.0640486350202427,288.60942943818105,2,15,6.2437553
5122,0.0196635575942155,291.1582443590653,7,196,0.0
5123,0.0212144313889125,290.65497147880444,7,113,0.92740995
5124,0.0184429053000027,291.4947306194382,7,120,1.4688275
5125,0.0389880786252459,291.5746265345649,7,77,1.1515876
5126,0.0184693399413264,291.4219396867112,7,136,2.9355197
5127,0.0307818525123673,289.4224676275776,7,485,17.151094
5128,0.0776772183373297,288.7911178323199,1,28,1.518146
5129,0.0269545294439834,290.2625938412442,7,612,11.612858
5130,0.0681486559018485,289.3193968499444,7,18,0.92740995
5131,0.0483811989133159,289.5063755016031,7,102,1.8543341
5132,0.0377890018956369,291.5642402545852,7,71,1.47801
5133,0.0371942571003013,291.5781055002945,7,68,1.4780995
5134,0.0439856954730311,289.74719671967017,7,104,0.0
5135,0.018505464282947,291.47321067906915,7,92,1.4676732
5136,0.0390529197666572,291.5528296801001,7,78,0.92740995
5137,0.0383689039330918,291.6122411061383,7,70,1.1519165
5138,0.0291090450874236,290.9442544648996,6,371,4.672503
5139,0.0274628812829313,289.4845735367072,7,338,0.0
5140,0.0278081619045063,290.8904228066169,7,88,1.8543341
5141,0.0384422038530997,291.601779875782,7,73,0.0
5142,0.0348141320742054,291.5111212487081,4,63,0.0
5143,0.0602562862407802,289.7746461753184,4,5,2.549823
5144,0.0650124788472603,289.15507770849774,2,7,1.1929295
5145,0.022595278194388,290.3068253090132,7,261,0.92740995
5146,0.0222784003581943,290.3885828917754,7,667,2.1739388
5147,0.0404653341710092,290.02471403256766,7,92,3.0077477
5148,0.0247022880438559,289.71319974436847,7,448,8.2891
5149,0.0415764195206042,290.8315628488727,7,92,1.8543341
5150,0.0264922879870792,290.6998805279631,6,124,0.92740995
5151,0.0508789697819633,289.58985911359946,6,3,2.1993487
5152,0.042686672878164,289.4561025011518,7,101,2.1814222
5153,0.0240574412501058,290.54541790119254,7,355,9.79013
5154,0.0390822018370023,291.6011110824362,7,73,0.92740995
5155,0.0277112869864419,290.4731638582739,7,150,0.92740995
5156,0.0706053373835925,288.8755680365333,4,15,6.464861
5157,0.0213576878362998,290.68322181824186,9,150,5.72431
5158,0.0197887783699467,291.23664586212703,7,129,0.92740995
5159,0.0410551016666898,287.8662128438954,7,260,13.972562
5160,0.0690961142213218,288.77268982237234,1,17,1.8543341
5161,0.0423954735464155,291.03504226374224,7,88,0.0
5162,0.0389924426713401,291.5463934707102,7,76,2.9534762
5163,0.0451745596320485,289.8794274475434,7,106,3.5728965
5164,0.0176076979075622,291.7218536214,7,94,2.175837
5165,0.0222188931348208,290.36871927211297,7,947,10.7312355
5166,0.0298087914626885,292.15556380730686,4,136,2.1833513
5167,0.0323856913373263,289.0715605479816,7,429,4.6273675
5168,0.0267724489239099,290.1849917654068,6,309,10.778672
5169,0.0652982371638843,288.56914776796754,4,20,1.5158738
5170,0.0212542519955801,290.6371168148498,7,130,0.0
5171,0.0195926301103982,291.1113473533788,7,120,5.743423
5172,0.0224394746974878,290.3312986769833,7,285,11.063034
5173,0.0393619822259468,291.71716279393297,7,73,1.4797704
5174,0.0218184653154718,290.519397335476,4,103,3.0018065
5175,0.0218041783314224,290.53855733218154,7,139,0.92740995
5176,0.0347053065558822,291.971439322206,4,58,3.0094225
5177,0.0318669303428189,289.4963783740978,7,205,8.757265
5178,0.0341599124139528,290.0484698288108,7,105,2.471013
5179,0.0233674884748152,291.02166261410395,7,132,1.1412464
5180,0.0374240865180529,291.4939571282367,7,75,1.4766637
5181,0.0302784648724824,291.81180814100856,7,156,1.4786528
5182,0.0375240996366918,291.56667923544467,8,73,1.8543341
5183,0.0451267542716606,290.41656270571843,7,94,1.1521922
5184,0.0367224726864018,290.8172269510035,7,75,2.2953494
5185,0.0594645984169898,288.9908888538374,4,1,3.0160294
5186,0.0615757028642461,288.52141363362625,4,18,3.0253363
5187,0.0273991893632313,289.30959227509425,7,417,2.4609847
5188,0.0457254645561483,290.7529868137462,7,90,1.8543341
5189,0.0236951804363025,290.54297691863434,7,385,2.1767192
5190,0.0213152112618863,290.65503409311145,7,87,3.3995037
5191,0.0345938704958365,290.7365200496978,7,79,3.6015034
5192,0.0400443053919047,291.5533261134815,7,83,2.7802885
5193,0.0769802596419024,288.806646364722,4,28,1.2020183
5194,0.0418717241708968,289.9386979954195,7,98,2.1814911
5195,0.0198549712593365,291.3693193331474,7,135,0.0
5196,0.0184068345626662,291.4516146652182,7,119,1.4685925
5197,0.0306551320823302,290.2942257937416,7,125,1.1442574
5198,0.0184789474041618,291.4703821345139,7,95,0.92740995
5199,0.0421968801265085,291.6018078722228,7,84,0.92740995
5200,0.0374395885452627,290.08494927624474,7,95,2.474359
5201,0.0678091600096491,289.6516287002749,4,16,1.5100076
5202,0.0241872660039539,290.2949451736578,4,458,16.24506
5203,0.0385008139874223,291.71947249979524,7,65,0.92740995
5204,0.0284803024617201,290.91739926466613,7,80,1.1438569
5205,0.0446387947895985,288.7146899499569,7,109,0.92740995
5206,0.039224548599189,291.5872562254653,7,73,1.4786625
5207,0.0421596346827156,291.0314085354112,7,85,1.4782209
5208,0.0521771154252758,289.7666052268838,4,2,1.5016733
5209,0.042435484123657,290.2084045766796,7,97,1.4775826
5210,0.0389956987805754,290.60019170176963,7,86,0.92740995
5211,0.0394197682093825,289.1318843999187,7,122,2.180288
5212,0.0280881558770882,290.0158200719543,7,650,2.7802885
5213,0.0666294798266331,289.5802076899236,4,11,1.5098457
5214,0.0445359218325954,289.2598596759084,7,112,5.664137
5215,0.0204888094641843,290.8879925941384,7,96,0.92740995
5216,0.0359092924935676,289.68884600173976,7,114,1.1463535
5217,0.0619367067885897,288.8875191532397,4,6,0.92740995
5218,0.0397191733163808,291.67016594883216,7,68,2.3050926
5219,0.0455739262707778,287.4712113761005,7,527,23.189756
5220,0.0476630574343502,289.4782006742185,7,105,1.4791211
5221,0.0196958016082222,291.73677622869667,7,83,1.4696202
5222,0.0392876852895838,291.7275306743176,7,72,2.1833317
5223,0.0411624648128142,291.4792976172411,7,81,1.4782114
5224,0.0418432475867119,291.5663488389778,7,89,5.547545
5225,0.069769538587144,289.18176611052,5,12,1.1951214
5226,0.0280899325938858,292.0482405921926,7,477,8.616279
5227,0.0214393009663588,290.64001160205095,7,882,3.5871046
5228,0.0374123640637965,291.7443852938675,7,65,0.92740995
5229,0.0217425122573888,290.5590072825552,7,141,2.4477205
5230,0.0389242280609107,291.5697029881084,7,80,3.008612
5231,0.0290571317026887,290.68535401299414,7,96,0.92740995
5232,0.0635086233676193,288.5102298560588,4,24,2.569409
5233,0.0394171937198683,290.92852106424795,7,84,0.0
5234,0.021743219746221,290.5089298266548,7,132,2.173328
5235,0.0349755219887973,291.5882124167273,7,69,0.92740995
5236,0.0187580062924739,291.40756761952457,6,88,2.1748812
5237,0.0291343849725114,290.8036203659114,7,85,0.92740995
5238,0.0589422816269598,288.40364834979147,6,30,1.5130925
5239,0.0236244792836334,291.3122795349501,7,89,1.8543341
5240,0.072300708797219,289.5230482277426,4,15,5.143903
5241,0.0690659783336586,288.6109400840538,2,26,1.5177469
5242,0.0205015555002339,290.8336384980676,7,136,0.92740995
5243,0.0250813884495673,290.595151586092,5,250,6.56321
5244,0.0183413089844154,291.5999375726868,7,103,2.1759605
5245,0.0283971828265226,291.15653256460183,5,532,15.667392
5246,0.0394725375734951,289.08515008731496,7,124,1.4753007
5247,0.0443116246439177,291.5032960008101,7,92,3.5779538
5248,0.024333140376281,289.8123390461443,7,641,7.043185
5249,0.0353240758531441,290.70190517240536,7,77,2.1801155
5250,0.0179903074282084,291.5938116068677,7,104,3.5365012
5251,0.0648336126695998,288.6279617889233,4,14,0.0
5252,0.0406277768549761,290.81339303915,7,89,2.2995265
5253,0.0603112279098796,289.7185580267772,2,4,1.50734
5254,0.0388289972900077,291.5732731705827,7,77,1.4783776
5255,0.0184490974305683,291.47718031371033,7,93,1.8543341
5256,0.0373853845124326,291.61586333388584,9,70,2.182445
5257,0.0378579981778154,291.6672425487468,7,66,1.4790248
5258,0.0263191265378708,290.86198301886577,7,98,2.1776907
5259,0.0394948948812592,289.1405684166661,7,119,2.1803157
5260,0.0562947623294525,289.5129000662758,1,4,2.5475266
5261,0.0238301264434608,291.2117304493183,7,98,2.1772258
5262,0.0249678578538034,289.588892129845,7,547,5.313465
5263,0.0279098476422616,290.4011264219547,4,563,7.3788605
5264,0.0356025092004659,291.5550874055434,7,61,6.0146317
5265,0.0223439785686302,291.14636281874107,7,127,2.4617832
5266,0.0686710060086631,288.5950561707896,4,26,0.0
5267,0.0665612481037308,288.5925407149364,4,20,0.92740995
5268,0.0615937648720933,289.21707615630555,4,3,0.0
5269,0.038932961119743,289.43367637654205,7,112,1.1476808
5270,0.0214963941014423,290.6404249578189,7,154,3.0017412
5271,0.0220224902595126,290.47775321155274,7,168,2.4470863
5272,0.0208246087010035,290.8179491585554,7,430,3.5303574
5273,0.0400625096859719,289.08096879204203,7,115,1.4755435
5274,0.0208830808266491,290.78934028199177,7,88,2.7802885
5275,0.0284131348128566,290.95040082141463,4,430,25.9219
5276,0.0281529465631281,290.5055719693061,7,879,18.268518
5277,0.0698381020811187,289.1328233197303,4,13,0.92740995
5278,0.0432384876500454,289.0342102217712,7,103,1.1495359
5279,0.0384776576458036,290.0191016121151,7,91,2.1805782
5280,0.0298838439392857,290.5492539738566,7,104,0.92740995
5281,0.0631703439804533,289.40150943136206,1,5,0.92740995
5282,0.0656338386554391,289.69969986337856,4,10,7.998993
5283,0.0394491223851568,289.4768782212235,7,106,0.92740995
5284,0.0359950503175313,290.32724992564494,7,87,2.4734511
5285,0.0417432077031479,291.6098866758575,7,79,2.3055959
5286,0.0519558183049664,289.7896611293954,4,8,5.1905203
5287,0.0660477329182944,288.5848748002584,5,21,1.199634
5288,0.0342104865922538,288.56083293743893,9,623,5.547545
5289,0.0239376324437358,291.54397103501225,4,68,2.7802885
5290,0.0427592390387035,289.6069130905813,7,107,1.4771656
5291,0.0608674996053006,288.9421173044144,4,9,2.3826146
5292,0.0618926721401852,288.95874380057603,4,8,1.1923592
5293,0.0232201950612664,291.39882609607554,7,89,0.0
5294,0.0637997483929358,288.6032028985568,2,14,1.1972802
5295,0.0222779006887737,290.3826804044858,7,182,0.92740995
5296,0.0659468682173328,289.5738155412083,7,16,0.0
5297,0.0702806041390382,289.4502293900211,4,15,7.1199384
5298,0.0201093988803765,290.9214067081282,7,252,6.856185
5299,0.0766012465242901,288.91815565446,2,26,1.517083
5300,0.0211426337871027,290.6742416978433,7,115,1.1352046
5301,0.0626000847130469,288.5345250587821,3,8,4.7790456
5302,0.0384215196721493,289.6152793986717,7,106,1.4753511
5303,0.0207400442898743,291.2080015940475,7,136,2.936722
5304,0.0400283737797422,291.54011114223863,7,78,0.92740995
5305,0.02891148084792,291.63497733584336,7,61,2.4695156
5306,0.0209791753976775,290.74948755440414,7,91,1.1348242
5307,0.030268063731069,290.6161466008777,7,95,1.144442
5308,0.0241288027602483,291.4669399290681,7,76,2.177478
5309,0.0441638472090212,289.2726764009151,7,109,1.477452
5310,0.0425841526275993,291.52907209291254,7,86,2.9565039
5311,0.0284797388800846,290.7813295059364,7,369,15.757835
5312,0.0361171042936891,291.5565853845394,7,67,3.0076888
5313,0.0683662936371837,288.52874821048266,4,28,1.5180472
5314,0.0188876821085991,291.4984446241821,7,114,1.4690231
5315,0.0397376533499116,291.67151277951666,7,72,0.0
5316,0.028813436707052,290.7850970261016,7,89,0.0
5317,0.0343436351650136,291.4761583963783,7,64,3.5664077
5318,0.0210290961242027,290.67529455377587,7,192,3.5877423
5319,0.0330383448985133,289.93528876682365,7,127,1.4733928
5320,0.0291952227572646,290.77389626395154,7,86,0.0
5321,0.0388770222074069,291.6017640292605,7,73,1.4787202
5322,0.0189403114994246,291.2582680867911,7,345,4.9079556
5323,0.0651610361958877,288.4898988553216,4,32,2.2090418
5324,0.0217760086351216,290.52968877213976,7,100,1.1336163
5325,0.030037750720803,291.13136673717804,7,109,2.292161
5326,0.0212426771371336,290.6941145314703,6,95,1.4648355
5327,0.0490356782498731,289.6934984658755,7,103,1.4798993
5328,0.0719491721736706,288.811242071275,1,20,0.92740995
5329,0.0185132247607838,291.47933672661253,6,88,3.003324
5330,0.0275850199480854,290.22094559682336,7,490,13.732553
5331,0.028028227782395,288.83773505204243,7,364,3.875106
5332,0.0399857246305553,289.25052700415443,7,111,0.92740995
5333,0.0312574509298992,291.39484346704563,4,120,0.0
5334,0.0222936168053383,290.38408932278764,7,191,2.7802885
5335,0.0290063498132812,289.5420354018318,9,758,3.0051603
5336,0.0349216922939075,291.53756800395274,7,63,1.4760902
5337,0.0677568754503369,289.3988465473064,7,21,3.7047918
5338,0.0651895907870865,288.5691097621936,4,18,3.7047918
5339,0.0417728074501817,289.7595480499466,7,97,1.1496012
5340,0.0238699754374564,291.4651431086339,7,77,2.4640534
5341,0.0459239942199815,290.29711796358,7,94,0.92740995
5342,0.0216776492046578,290.6011962006301,8,341,5.6466484
5343,0.0367446870160488,291.68629113607165,7,62,2.4827828
5344,0.0218314930320407,290.55178587761367,5,426,3.591691
5345,0.0471721037022867,290.7359721534514,7,95,1.4800733
5346,0.0634119153265509,289.2047106920228,1,4,0.0
5347,0.0696398066849452,288.37301473487054,4,31,3.6042044
5348,0.0336419588729245,288.910141086793,6,472,14.554656
5349,0.034456448787426,290.3746525221381,7,86,1.1463939
5350,0.018778342004303,291.3477357050143,7,112,5.152392
5351,0.0639289183011,289.00433538910494,5,7,1.1932806
5352,0.0430499435514743,289.4372738304789,7,103,1.1499116
5353,0.0285693975872406,290.8916125902861,4,311,4.6273675
5354,0.024924219173403,290.02291647969685,7,607,13.000995
5355,0.0722992691942088,289.4542280602696,7,23,1.5115174
5356,0.019325762687065,291.5793243788077,7,103,0.92740995
5357,0.0416986678921705,289.9507062077731,7,101,1.4770384
5358,0.0278763727933703,288.90964787691536,7,386,4.3458347
5359,0.0377533016849825,291.55395020890444,7,70,2.1819758
5360,0.037502443305282,291.56647750085943,9,69,1.8543341
5361,0.0684957764761699,288.58953773622176,4,28,0.92740995
5362,0.0673250734570811,288.5349163486905,4,30,1.5179217
5363,0.0389602498638912,291.6131362621839,7,73,1.4788548
5364,0.029442103719961,290.4455613270254,7,119,2.178298
5365,0.018974139499293,291.4644221106872,7,125,2.2780325
5366,0.0226145692166321,291.0886802505222,7,135,1.1409253
5367,0.0207098962568578,290.825160338329,7,93,2.173809
5368,0.0339195293643991,290.03265500170625,7,105,2.2904768
5369,0.0292538789261408,291.0933249074701,4,119,7.7187204
5370,0.0630312782365731,288.9304817506557,1,8,1.8543341
5371,0.0439334596466647,289.4418234680538,7,107,0.92740995
5372,0.0454341949554961,289.217398035736,7,110,5.0552797
5373,0.038687842817137,289.3998517088578,7,113,2.294093
5374,0.021230110225616,290.6567185794915,7,102,1.4655074
5375,0.0463456010161003,289.9261975842721,7,97,3.453103
5376,0.0691018130917695,289.4065952386153,7,18,1.5099819
5377,0.0497036978807919,286.7902429691481,9,529,21.864141
5378,0.0188996336120335,291.3493884855452,7,92,2.1749773
5379,0.0440537768969491,290.56432254227605,7,92,1.478592
5380,0.0639943697287569,288.5179586144937,4,22,1.5157833
5381,0.044453524164167,291.49428029913935,7,92,2.9575565
5382,0.0642065424248036,288.652505134088,4,14,3.0258138
5383,0.037689168726131,289.3851759693714,7,121,1.8543341
5384,0.028689205227045,290.388435709186,7,147,2.466326
5385,0.0226607247920151,290.2639392654521,7,514,1.4637963
5386,0.0734023599117167,288.9204683754646,4,19,1.1992286
5387,0.0379441672669243,291.6018353336583,7,71,3.6075487
5388,0.0270813337670641,290.96909638394555,7,84,1.1431731
5389,0.0361258449444214,291.792508064353,4,60,2.4839895
5390,0.0232316548180084,291.7163605013459,4,68,0.92740995
5391,0.0451921808990495,289.8983759572542,7,104,0.92740995
5392,0.0295250774242409,291.3160612816876,7,60,4.4119344
5393,0.0626821325703604,288.49233662723066,4,21,0.92740995
5394,0.0709002016031097,289.12894099363854,4,16,1.5133051
5395,0.0402084988785215,289.0018372439388,7,123,0.92740995
5396,0.0276604338119257,290.1989464697804,7,500,6.829175
5397,0.0617258687752911,289.63522476157704,4,-1,8.090838
5398,0.0274192489617748,289.5347712118412,7,336,3.5943327
5399,0.0339365573594868,291.54085639666795,7,61,1.4756129
5400,0.0202742311413156,290.9582991456137,7,94,1.1355972
5401,0.0619498297121465,288.4185037037646,4,29,1.8543341
5402,0.0375202028092642,291.7302083111798,7,64,2.1830268
5403,0.0273371849170783,291.0185462327322,7,80,2.9421551
5404,0.0383625237090647,291.547300250588,7,71,4.949848
5405,0.0240045857910328,289.9118181561462,7,681,3.5911791
5406,0.0437053015831564,289.171252999867,7,107,1.8543341
5407,0.0777084809008792,288.7543834301813,4,33,1.5182564
5408,0.048270593694974,289.5268866997325,7,102,1.479423
5409,0.0374313963516499,291.6151878146131,8,68,1.1516821
5410,0.0222381621558808,290.40456155006,7,174,0.92740995
5411,0.0599163278542541,288.3936234990158,4,30,1.5143218
5412,0.0444509358101657,291.4941521052356,7,91,1.4800862
5413,0.0369203775629106,291.1585328922225,7,75,2.1808474
5414,0.0272139248396844,288.9863692549235,7,494,1.4682907
5415,0.0342133270200604,291.4862442964956,7,62,4.6773276
5416,0.0240483945949608,290.05233541753705,6,628,8.947028
5417,0.0201025218519465,290.9921764881356,7,103,1.4664439
5418,0.0655897312595312,288.54440819653473,4,22,4.0439863
5419,0.0651023266481594,289.62614378282626,4,12,10.146456
5420,0.0240900432781208,289.96909500823364,6,669,5.661904
5421,0.0181943255573527,291.53138336660976,7,103,2.1756828
5422,0.0740032900329481,288.7766903946059,2,24,1.8543341
5423,0.0387476215699502,289.8935441830436,7,96,2.180576
5424,0.0426237805517087,289.86329763494064,7,98,2.4790502
5425,0.0271550442071446,290.48175579363493,7,523,10.014295
5426,0.024324645426774,291.1228431183621,7,100,2.177305
5427,0.0390835330381188,291.6247494494499,7,74,2.9560235
5428,0.0277621148980109,289.9385660989617,7,606,15.648537
5429,0.0614773352512229,288.4248496750005,7,29,1.198643
5430,0.0234949033147373,290.06708938838483,7,685,3.591661
5431,0.0202767847900859,290.95704752721457,7,101,3.403253
5432,0.0732384081009041,288.59954998082,4,32,1.2023548
5433,0.0457356165901201,289.51003839969263,7,108,2.4813962
5434,0.0388631690870239,291.5987975290629,7,71,2.7802885
5435,0.0595902912572027,288.3842596628634,4,31,1.5141459
5436,0.0196751523599786,291.0786371511034,7,124,1.4674608
5437,0.0409007596523838,288.7773575636605,7,124,2.949271
5438,0.027830829099627,291.1390147237641,4,78,1.472847
5439,0.0223403826881697,291.5937057200728,7,78,1.4705515
5440,0.0367148016276217,291.6890710075344,7,61,3.0088928
5441,0.0425616245145134,289.5700260995841,7,105,1.4770511
5442,0.0288074141932827,290.93677283105046,7,78,3.597898
5443,0.0356859580139217,289.82774145601456,7,107,3.6008682
5444,0.0211296620402909,290.712540236194,7,90,2.173443
5445,0.0460074003655468,290.639848707481,7,92,1.1529303
5446,0.0737996502056549,289.4933294248545,4,21,3.0254555
5447,0.0203777796861456,290.94826886048446,8,230,1.1377996
5448,0.0782639677081295,288.859956484011,3,30,2.575252
5449,0.0695273455142824,289.128525634228,4,13,1.8543341
5450,0.0420038012085906,289.9823155016364,7,95,2.4786868
5451,0.0737924361054832,288.61183918320626,1,31,0.0
5452,0.0512902126098986,288.2139825490636,7,473,11.614089
5453,0.0204521389796498,290.911619056512,7,90,2.1738477
5454,0.0327327846570394,291.46109025579784,4,89,1.1498014
5455,0.0600458916973603,289.0754870044838,3,6,1.5090088
5456,0.0647015300847215,289.4048726679967,1,8,3.7047918
5457,0.0310399075613335,291.4912134934687,6,118,0.0
5458,0.0626670456467115,288.6071222260958,2,14,1.8543341
5459,0.0212013258748124,290.6599030983596,7,110,3.7047918
5460,0.0233646603535793,290.08367700593203,7,688,2.1752107
5461,0.0218216996347284,290.51155950131243,7,116,0.0
5462,0.0422916111352814,289.2262428727402,7,104,1.4766192
5463,0.0392775889949843,289.6866274767776,7,100,2.2954142
5464,0.0696764184147114,289.25107544716883,4,23,0.0
5465,0.0440187588272249,289.3927128402651,7,113,1.1503819
5466,0.0195915510198439,291.77729733468124,7,86,0.92740995
5467,0.0746062512885914,288.55592498225496,4,30,1.8543341
5468,0.0426470051786334,290.0576821672701,7,103,2.953107
5469,0.024298871575881,289.7776882722475,4,517,2.1723912
5470,0.022079439177039,290.44903830671694,7,1006,10.162491
5471,0.023440943524313,291.04394054030865,7,122,2.2817228
5472,0.0646480698188723,289.1590060241879,1,4,0.92740995
5473,0.0214506543106689,290.5245629589459,7,719,12.723051
5474,0.030982265933529,290.9121632951472,7,73,1.145185
5475,0.0346266442897061,291.48622966357266,6,62,1.1492096
5476,0.0368631414152112,289.6094524001417,7,113,0.92740995
5477,0.0281408073122214,290.6315205432269,4,377,10.59434
5478,0.0661943196217553,289.3309073976132,4,8,0.0
5479,0.0683203930731483,288.57839645702774,4,31,1.5178875
5480,0.0258861160715977,291.08632329680745,7,84,0.92740995
5481,0.0309770109521427,291.75332969721313,6,116,1.8543341
5482,0.0316007064347475,291.56575418058776,4,104,1.8543341
5483,0.0299541819576961,290.3702500051837,7,121,2.2870345
5484,0.0277474012757867,290.339836948268,6,560,11.080709
5485,0.0197605943343927,291.1111891103932,7,91,5.955095
5486,0.0324888173230299,291.6912770940617,4,84,0.0
5487,0.0373639066563485,291.5452031798686,7,70,1.4771814
5488,0.0211101207472954,290.6891878630078,7,102,1.4656606
5489,0.0225770713307746,290.30377246073107,7,968,32.781647
5490,0.0210052000268392,290.7299324572058,7,95,1.4655914
5491,0.0219470696169948,290.53194217025805,7,773,7.6951776
5492,0.0426046815244913,289.610580161029,7,100,2.1814954
5493,0.0435133930573518,289.3626225812933,7,105,2.4788382
5494,0.0767947428178032,288.7459271968296,2,30,0.92740995
5495,0.0308546707774414,291.3806801042124,4,55,0.92740995
5496,0.0395867163280576,291.5696009044009,7,79,2.1824732
5497,0.0218335565367724,290.5545696672593,7,237,1.4637724
5498,0.0198296988443503,291.58949137053486,7,94,0.0
5499,0.0212827367924815,290.67614468522635,5,90,3.3989015
5500,0.0401109454707914,289.1050568651227,7,116,0.0
5501,0.0223114697064646,290.41032989027343,7,332,4.3826246
5502,0.0216875823957425,290.571463480331,7,128,2.7802885
5503,0.0327525975682749,291.66804689100763,4,84,0.92740995
5504,0.06600780003541,288.656803604133,7,19,1.5150459
5505,0.0275315006043853,289.7676671738132,4,471,11.070047
5506,0.0687012290638318,289.46487061518786,7,19,3.6590412
5507,0.0311142687690877,291.32037642732627,5,127,2.4768126
5508,0.0435904101269932,291.50770474700045,7,88,1.1529096
5509,0.038352552198302,291.54729639951444,7,72,1.477554
5510,0.0759847862832502,288.56764432790766,4,32,0.0
5511,0.0200108442580531,290.9237898191775,6,304,25.51889
5512,0.0191173796712084,291.1973162347555,7,344,5.031237
5513,0.0212920977956414,291.2445335921444,4,133,2.1765327
5514,0.0783079189192634,288.702070908751,5,32,0.92740995
5515,0.0666133747692987,288.4469016132142,4,35,2.2094538
5516,0.0269282486154346,289.4508822846332,7,411,3.8861022
5517,0.0206296588169258,291.2124369091388,7,129,1.4692801
5518,0.0642554123030623,288.5228744424944,4,23,1.5159078
5519,0.0420687682989574,289.858741727479,7,101,2.4784825
5520,0.0409605456751066,290.07321369307493,7,92,1.4768414
5521,0.0211828640175467,290.6314000892688,7,187,2.452442
5522,0.0369720320088762,291.6717920812523,7,63,1.4788612
5523,0.0679128647291052,288.3214001588293,7,35,1.518664
5524,0.0412955354537686,290.4809539717597,7,92,1.4773564
5525,0.0199777459876193,290.9220456134687,7,524,41.22389
5526,0.0620937685597671,288.51701274060844,4,16,0.0
5527,0.0224780324371892,291.63937530062486,6,71,3.7047918
5528,0.0374783888562651,291.5445915955378,7,68,2.479399
5529,0.069949532869877,288.6388946434224,4,25,1.2016773
5530,0.072112606460929,288.8075205781935,2,21,2.2082963
5531,0.0306153601655439,291.5690613048339,6,186,3.9130986
5532,0.0765339351637022,288.85553105278075,1,27,0.92740995
5533,0.0636526795628651,289.6672543428936,4,8,1.8543341
5534,0.0243189511382308,291.2614125008336,7,88,0.92740995
5535,0.022161465649008,290.6112175483416,9,850,10.992985
5536,0.0781289837401512,289.40897544291903,7,27,1.1970291
5537,0.0440947313025456,289.4216578944336,7,108,0.92740995
5538,0.023676175837626,290.68837314181843,4,312,7.3788605
5539,0.0414169104774624,290.0793666936381,7,96,1.4770384
5540,0.0443046911183867,291.4992550089763,7,91,3.577763
5541,0.0608600900501946,289.6201888989016,7,4,2.5510948
5542,0.0299329101059435,290.97804465230087,7,71,0.92740995
5543,0.0389406269251403,291.56897413328704,7,79,3.9152575
5544,0.0361396721140977,291.52696994707526,7,64,1.1498913
5545,0.0242181102944403,290.2424787255532,7,517,18.711374
5546,0.0628475295953093,288.47702955196644,7,24,2.2077065
5547,0.0766470336321232,289.3536369869313,4,21,4.0351887
5548,0.0740468438618833,288.7208979487883,4,27,1.518013
5549,0.0292534762747812,290.4429359094898,7,124,1.4722931
5550,0.0691374552078293,289.4309375466636,4,18,0.92740995
5551,0.0380361942201784,289.83534945723414,7,100,0.92740995
5552,0.0442617107749098,289.1341600523364,7,110,1.8543341
5553,0.0684595223332744,288.6426139423714,4,21,1.2004317
5554,0.0595833631498432,288.44521822568214,4,25,0.92740995
5555,0.0296566534187072,291.2742374253194,7,62,0.0
5556,0.0189636858601905,291.3654841045477,7,250,7.717398
5557,0.0362081213853834,291.5353670776071,7,66,1.1502551
5558,0.0453107245448964,291.45583590419454,7,90,1.1536949
5559,0.040810517004271,291.6384475454569,7,78,1.4796513
5560,0.0630746584518136,289.16457674701314,4,5,1.8543341
5561,0.040730568878007,290.7764847856857,7,89,0.92740995
5562,0.0416410733112728,291.52397300731906,7,80,3.0087373
5563,0.0251735877581766,290.59768582661303,5,234,7.353773
5564,0.0649469495229791,289.2087746958952,1,7,1.1925975
5565,0.0381801471275395,289.1287772646498,7,130,1.146903
5566,0.018103926521631,291.55693593921416,7,103,1.4685955
5567,0.040873278571076,291.6845174236007,7,81,1.1536162
5568,0.0476700415751171,287.85105783717984,7,400,23.856564
5569,0.0264381424427665,290.69551586038887,7,127,2.284058
5570,0.0240771005976442,291.402668604064,7,76,2.2833264
5571,0.0211838861370441,290.71568822697475,7,787,13.501158
5572,0.040794412938307,290.0184806348337,7,93,1.8543341
5573,0.0374607633744668,291.719156308908,7,65,1.1526744
5574,0.0365124993258735,291.5341122529437,7,66,2.4783084
5575,0.0747266830843948,288.8509566543637,2,22,0.92740995
5576,0.0367792814858752,289.5851850744869,7,116,2.292476
5577,0.0632510978205975,289.6332496169176,1,10,2.2028894
5578,0.0205481481315256,290.8835589752088,7,90,1.1351619
5579,0.0224596034398883,290.3587283471661,7,703,2.2646508
5580,0.0307379191119467,290.5949756820672,7,89,2.4688315
5581,0.0261294571150991,289.66413182990794,7,440,7.735997
5582,0.0346596638111372,290.47681620450766,7,83,1.47458
5583,0.0220605934720079,290.4399145763392,7,145,1.1334156
5584,0.03760086488634,291.67900829168536,7,65,3.6084485
5585,0.0414818969179991,291.5912250990765,7,81,3.009162
5586,0.0275057838184704,290.02043124950825,7,245,3.5955486
5587,0.0366093966516639,291.53492699432445,8,68,1.8543341
5588,0.0280911602753441,288.58887607385714,7,407,16.842463
5589,0.0348129858998509,291.49235020048866,7,63,3.007805
5590,0.0338978121101803,291.5695984948448,4,80,0.92740995
5591,0.0312345871433183,291.5314044090417,4,110,1.4775412
5592,0.0412164761808116,291.590908891961,7,77,3.608978
5593,0.0189566830534059,291.29621873499104,7,113,4.636552
5594,0.0411325128124954,291.0316918699829,7,88,0.92740995
5595,0.0616367772918406,289.71934903636134,1,2,5.197511
5596,0.0601139649925839,288.42255372962643,4,26,5.121267
5597,0.0245607062258292,290.2552793487781,7,438,5.6842027
5598,0.0729925512010095,288.7902102820557,2,24,1.8543341
5599,0.0598142387737213,289.8047961795696,3,3,0.92740995
5600,0.0647920736408446,289.22457954404547,1,8,3.0244744
5601,0.0737124209789626,288.83569971892297,4,18,10.965111
5602,0.0181546146649211,291.7392181043145,7,88,2.9360564
5603,0.0198066225769999,291.1303605388685,6,255,0.92740995
5604,0.0317873639817991,289.648905358836,4,212,4.9263296
5605,0.0676927431622815,289.6235672970628,7,14,0.0
5606,0.0383831987075318,291.75584202077874,7,66,0.92740995
5607,0.0438568040331391,291.5368579050884,7,86,3.0093925
5608,0.0634783275473984,288.5422527715341,5,18,0.0
5609,0.0367979010779863,289.61591628385526,7,113,1.4746711
5610,0.0370252013286365,291.571543664419,7,73,1.4766605
5611,0.0303657587753898,290.1720722168685,7,138,0.92740995
5612,0.0360907158001925,291.85517869099453,5,58,2.305604
5613,0.0389893483698987,291.11923737233985,4,37,4.44777
5614,0.0384197238130822,291.5579084389269,7,77,0.92740995
5615,0.0216148869436112,290.5927164722535,7,478,7.7257924
5616,0.0271543980593538,290.27189091217974,6,531,4.655083
5617,0.0218904428220818,291.4858911352515,7,91,5.6873217
5618,0.0248532299879245,290.47095099282245,7,341,5.3314757
5619,0.0191928414066623,291.30202748625345,7,338,5.3145466
5620,0.0406935565829038,288.8875003371017,7,121,1.4756287
5621,0.0197805732200069,291.13517656947,7,293,3.5872958
5622,0.0764908609691881,289.34417037207777,4,21,0.0
5623,0.0637981092891257,289.15318324730043,1,4,1.5103575
5624,0.0247645528865487,291.6881474198089,4,63,1.471648
5625,0.0307854312961719,291.54655282543195,5,153,2.1818378
5626,0.0435094898673927,289.20059405516315,7,102,0.92740995
5627,0.0221236556348373,290.4383953503357,7,133,6.2867374
5628,0.0383802093801623,291.56519668446555,7,71,2.7802885
5629,0.0696067554790409,288.5856572297696,1,27,3.718551
5630,0.0326602462608525,291.4176692693023,4,83,3.0077944
5631,0.0462711195340624,290.6578330028095,7,92,2.3052576
5632,0.0308543619121823,291.2141209014736,4,96,0.0
5633,0.0228294546514259,291.52740542733403,7,72,4.9172845
5634,0.0279860828393716,290.0292894020318,7,660,3.8950393
5635,0.0653262984429152,288.59085877478753,3,17,1.5155348
5636,0.0350593118954197,291.5982357206374,7,67,2.295536
5637,0.069952718532553,288.2798931319616,7,33,1.5189884
5638,0.0220211885873643,291.77982398429793,7,69,0.92740995
5639,0.0440704384414997,289.2618320054377,7,105,1.477401
5640,0.0601204019619731,289.81519367857936,4,4,1.5070853
5641,0.0188683287582033,291.5906207232535,7,98,0.92740995
5642,0.0290194038847904,290.82204762633165,7,84,1.4725574
5643,0.0203436463618517,290.9391524391492,7,94,2.4518592
5644,0.0207886015843524,290.8103594776715,7,91,2.4508393
5645,0.0188497368224476,291.39653773301893,7,134,1.8543341
5646,0.02251511255068,290.32447956145745,7,233,3.517886
5647,0.0273624556948498,289.32721765874135,6,420,1.4697797
5648,0.0381511193921472,291.6470321175528,7,72,3.7047918
5649,0.0280985860204413,288.70380946759144,7,589,3.874578
5650,0.0537755232921214,289.6153534040436,4,3,1.185604
5651,0.0395697372762843,290.81514949920154,7,85,0.92740995
5652,0.0613962632758639,288.3900575172502,4,36,3.0273697
5653,0.0432242021339681,291.5113568130305,7,85,1.1527199
5654,0.0224953468040016,290.32369981042234,6,609,1.8543341
5655,0.0653634813811485,288.6470313096739,4,16,3.02662
5656,0.026914660243908,289.75423665221047,7,450,3.8756733
5657,0.0689512174724407,288.64802226736805,4,23,0.0
5658,0.0403573677946574,290.0404822495228,7,93,1.4765558
5659,0.0483594875667143,286.6754446008686,9,642,10.626292
5660,0.0476479497534757,290.2397625235731,7,97,1.4798123
5661,0.0406678967376127,291.6336524395832,7,78,1.4795612
5662,0.0223645506328443,290.37787381297926,4,622,3.0017586
5663,0.0386672301523564,289.3993106732624,7,114,1.4752533
5664,0.0214566116081334,291.679739551729,7,76,2.176883
5665,0.0433239510728946,289.3990311784631,7,106,2.1815686
5666,0.0341665277495523,289.8744859324425,7,116,0.0
5667,0.0484698894135837,286.2290679811366,9,900,9.798274
5668,0.0374993347699715,291.8421265609159,7,64,1.4800572
5669,0.027847837641905,288.63895288278763,7,238,14.330623
5670,0.0376307149733892,291.5558110112428,7,73,1.8543341
5671,0.0190765957239673,291.33073065088007,7,173,4.393413
5672,0.025191626067337,291.19331690545096,7,84,0.0
5673,0.0400420605734613,291.58777544993313,7,78,1.1522088
5674,0.0699456668299628,289.0604296025133,7,30,1.1911843
5675,0.0400754511706518,291.6026506056349,7,78,0.0
5676,0.0222147864953213,290.43334450890006,9,292,1.8543341
5677,0.0372471572592127,287.8546317242681,9,961,5.70594
5678,0.0254578636943646,291.65714940534167,7,64,0.92740995
5679,0.0236119461456945,291.1174652808345,7,111,2.1771011
5680,0.0185933374800099,291.42045412102834,7,99,2.934151
5681,0.0247731516797422,290.7705068774471,7,181,4.764941
5682,0.0678272119984595,289.06042822967254,4,10,0.0
5683,0.0362686846341939,291.5651301000226,7,65,1.8543341
5684,0.0206078100326648,290.8108169924592,7,122,2.1743553
5685,0.0397548897267535,291.6355544860121,7,75,2.1829703
5686,0.0196930075013982,291.55112206249305,7,102,2.9369116
5687,0.0410424444673577,290.78897590570006,7,87,1.4775317
5688,0.0398857917353768,291.60190024397616,7,78,2.1827922
5689,0.0592403182311685,288.98445874461044,1,0,9.8411
5690,0.0308500592256373,289.49425095222324,7,97,0.0
5691,0.0291479452981332,290.1321973531864,7,183,1.4719455
5692,0.0248554625487933,290.6218656757142,4,241,7.9212456
5693,0.0218352923583249,290.5280519405964,7,133,1.1332226
5694,0.0214561172045622,290.6000815116301,7,95,1.1344713
5695,0.0374449875143318,291.05424691335696,7,78,2.4764884
5696,0.0475578294425284,289.3539939108425,7,106,0.92740995
5697,0.0419011642877489,290.6962003678064,7,94,1.8543341
5698,0.0392800352766704,289.6590695308268,7,102,1.1481353
5699,0.019794677308063,291.0105805599859,7,210,7.908911
5700,0.0256006307671045,289.6880216297181,7,402,4.3461595
5701,0.0620825847869518,288.5264234634288,4,16,1.1969913
5702,0.0668117872052392,288.7320343855482,7,17,0.92740995
5703,0.0415820949624738,291.5242388987059,7,80,2.3025987
5704,0.0498590989209345,288.04095795081025,7,131,2.3029847
5705,0.0224688368669232,290.70746607975866,7,244,2.1762784
5706,0.0439105501995968,291.5103514475153,7,86,1.1531739
5707,0.07679959587002,289.3859971647192,4,23,0.92740995
5708,0.0438624078984549,289.70613262772395,7,106,0.92740995
5709,0.0622873779566731,289.7357668490234,4,9,1.5079813
5710,0.0629150715577038,288.432570351078,4,35,1.200489
5711,0.0213894888749198,291.5505375649167,7,89,1.1408857
5712,0.0221866349321158,290.4281222092271,7,620,2.9272866
5713,0.0236887779091404,290.97436586749006,7,139,2.7802885
5714,0.0366898424028186,291.8688749021915,7,61,1.4799573
5715,0.0688997899419723,288.1878375450173,7,36,0.92740995
5716,0.0383165190832312,289.3935990062901,7,121,2.948245
5717,0.0482260955084955,289.56440491372746,7,103,2.3048122
5718,0.0510617949114161,289.5862462352144,7,4,1.8543341
5719,0.0441816110606764,291.0460938161894,7,84,4.7675033
5720,0.0362682923774919,289.8143776161851,7,104,1.4746335
5721,0.028496029652853,291.15191436638264,4,73,0.92740995
5722,0.0290386068060115,291.6316077078919,5,59,2.2891183
5723,0.0422196840383915,288.40983096284776,7,135,1.4758277
5724,0.0622813769543839,288.8275822978336,4,8,6.0180755
5725,0.0774224071981037,288.64478739839547,4,29,1.5185497
5726,0.0602451613669104,289.07743251652926,4,4,1.509093
5727,0.0274586298514036,289.0468009492702,6,427,2.7802885
5728,0.0244719223483394,289.720832625016,7,507,4.615757
5729,0.0752856935614672,289.0058868259341,4,23,1.1991857
5730,0.0212453887648343,290.6992687423201,5,395,3.5344708
5731,0.0228174308644455,291.7676414081064,7,68,0.0
5732,0.0460271691584897,289.1469955977,7,116,3.0084991
5733,0.0361700449203696,291.5432979781103,7,66,0.92740995
5734,0.0285380462400999,290.8321956595572,8,88,1.4723678
5735,0.0256417763751447,291.01790225312715,7,91,1.4713447
5736,0.0390608422903344,291.6020046507484,7,73,3.7047918
5737,0.0436403530835205,289.53574205815124,7,106,5.1629086
5738,0.0790429016485316,289.2947351684776,4,28,6.5958514
5739,0.0640123078318181,288.4481991007095,4,37,1.201519
5740,0.038721725069547,291.5472425920684,7,74,2.181842
5741,0.0284991776577948,290.71091726832304,7,599,22.437746
5742,0.0758760586581827,289.34821884343205,4,23,3.7047918
5743,0.0415310431218922,289.8263746848581,7,96,2.1813235
5744,0.0376536917478117,291.54852366936274,7,70,0.92740995
5745,0.0592531466055008,288.3908921953108,4,31,1.1964567
5746,0.0345182289601856,291.96220088839056,4,60,1.479925
5747,0.0400865266975416,291.54036299256506,7,81,1.8543341
5748,0.018439091923455,291.50785704871817,7,78,1.8543341
5749,0.0309099773871888,289.08996311686474,7,961,3.7047918
5750,0.0309669421728774,289.6562984949088,4,231,11.079376
5751,0.0231103117699455,290.13825225385045,4,588,0.92740995
5752,0.0451145652531856,289.40103968732274,7,110,1.4779718
5753,0.0750653582032356,288.514128021033,1,31,1.5187289
5754,0.0524403010429311,289.6472192412831,5,6,1.8543341
5755,0.0273935398668894,289.37667698270235,7,420,9.756298
5756,0.019921670451414,291.08049803047373,9,178,3.5339499
5757,0.0368969667039667,290.44583757839195,7,80,1.4754835
5758,0.0374414212419789,291.8386903985804,7,62,0.92740995
5759,0.0208542710761094,290.7796843189563,7,96,3.4017537
5760,0.0212059213228214,291.3146041295991,7,120,1.1404699
5761,0.0186530900752677,291.5711058968135,7,109,2.278001
5762,0.0203881702003232,291.68719385836783,7,83,2.4611385
5763,0.0427048460421586,289.4711955140864,7,99,3.0079591
5764,0.0403784463362626,291.5671053019734,7,81,2.4824932
5765,0.0402329202743772,291.5741261517238,7,85,2.303248
5766,0.0408331507608425,291.55546722571825,7,81,0.92740995
5767,0.0332773947822853,289.3868199143903,7,201,0.0
5768,0.0457754168182413,290.87659599624243,7,90,1.8543341
5769,0.0199391877206366,291.035769504323,7,106,1.4666613
5770,0.0473615832345364,288.7997225275724,7,121,2.3020651
5771,0.0383445868462972,291.54812294053806,7,73,2.1819003
5772,0.0602744067470202,288.40311642724487,4,34,0.0
5773,0.0183649430393463,291.5018161268629,7,95,4.543692
5774,0.021289375386109,290.59984089895926,7,203,7.463852
5775,0.0205829315858703,290.78891866518103,7,250,1.4670273
5776,0.0643466091416186,288.713749434268,4,13,0.0
5777,0.0736882723950239,288.7555804367641,4,27,2.4024901
5778,0.0408761497028845,291.3390601066818,7,86,2.1820774
5779,0.0426511753649565,289.5291311303172,7,101,0.92740995
5780,0.0216805268735104,290.573927736811,7,129,0.0
5781,0.0474552655696235,288.975580358156,7,114,1.4785696
5782,0.0638063836638291,288.6325125759063,2,12,5.1211095
5783,0.0197540614336905,291.1831336523624,7,143,1.1392223
5784,0.0283496650463707,292.2047544722484,5,324,2.4848695
5785,0.0386127522646684,289.6605907079808,7,104,0.92740995
5786,0.0212137182307412,290.7267580499214,8,194,2.927042
5787,0.0382208275031413,291.5597215836683,7,72,3.914134
5788,0.0709255698870243,288.8901203480905,4,15,0.0
5789,0.0777533116927534,288.44457013245085,4,41,2.405816
5790,0.0278862718012379,290.51066269505696,7,577,19.399155
5791,0.0596426564101449,288.371751113169,7,36,1.8543341
5792,0.0261476137037463,290.3440728951846,4,291,1.4708844
5793,0.0267367609180114,289.34416464484895,7,500,5.7553735
5794,0.0365122800676314,291.53330082632345,9,64,8.256784
5795,0.0702722797296648,288.4604314126433,2,28,0.0
5796,0.0690885706229987,288.4172668235305,4,29,0.0
5797,0.0231463668289183,291.0858509320937,7,119,2.462436
5798,0.071852157873528,288.8246834780793,1,19,1.1996197
5799,0.0390390501547431,290.8588649360336,7,84,2.7802885
5800,0.050336121063896,287.408945222092,6,348,14.883425
5801,0.0435372247414275,289.0211349480724,7,104,1.4769526
5802,0.0311144568444482,290.4676676267738,7,97,3.0060384
5803,0.0685025018768223,289.1448746118057,4,11,0.92740995
5804,0.0471653943567052,288.6545631552421,7,124,0.0
5805,0.0313556826936874,289.42964875338885,7,320,12.111812
5806,0.0178347011188322,291.66275980885786,7,85,2.9348683
5807,0.020826770993755,291.18668132325035,7,167,2.1763568
5808,0.061728935151365,288.55278958623853,4,10,10.1570635
5809,0.0635459587361691,288.69644605369285,4,11,1.5130962
5810,0.0412372986704209,291.545407940282,7,82,1.1520894
5811,0.0187215440984807,291.36302608409744,7,114,1.1384668
5812,0.0369815135242471,291.87147812226675,7,60,1.1536452
5813,0.0744257546201329,288.848794841918,3,22,2.400317
5814,0.0749754634953359,288.90089392997737,4,23,3.0275586
5815,0.0411924298614291,290.63933565466743,7,93,1.1503288
5816,0.0719347208565003,289.4870516145112,4,19,1.194242
5817,0.0417075605608058,291.60962417591213,7,79,2.957486
5818,0.061522250855065,288.66112341286026,4,16,1.1945851
5819,0.0698483106567354,289.28734990598645,4,22,1.5100371
5820,0.0187503312624267,291.4109632038228,4,86,3.4081533
5821,0.0278795126926738,288.8029186041249,7,463,3.0037942
5822,0.0257988438042081,290.119633269426,9,608,8.147786
5823,0.0218803116600654,290.48837790978587,7,124,0.92740995
5824,0.0248020701583128,291.2843581181052,7,81,3.875976
5825,0.0343203749544579,290.9221150093078,7,74,2.947749
5826,0.04355601932328,289.54414943208207,7,110,1.1503123
5827,0.0559119980020947,289.56739465376074,1,4,3.0099022
5828,0.0413551218840363,291.3772062677766,7,81,3.0085368
5829,0.0680100217149627,288.6337420443805,1,19,0.92740995
5830,0.0410347549615658,291.6098790581541,7,79,1.4794841
5831,0.040125308400243,288.2195017240757,7,293,6.464861
5832,0.0400347285290599,291.6033649255801,7,79,2.4831798
5833,0.039730825067867,291.63568643769,7,75,2.182966
5834,0.0729325316454032,288.63720024418905,4,28,1.2021768
5835,0.0195943969249194,291.18991345482766,7,310,3.8738458
5836,0.0423007998176512,289.2253830536378,7,104,1.4766225
5837,0.042158009904885,291.54120028709184,7,84,2.7802885
5838,0.020834698361883,291.38514606870274,7,114,0.0
5839,0.0321938747291337,291.3923380669711,4,94,1.4766034
5840,0.0192065269978524,291.2447988890964,7,106,4.6336203
5841,0.0644437556952509,288.6222723230445,4,16,2.206949
5842,0.0405507105319718,288.8864802831259,7,121,1.4755688
5843,0.0210159483763833,291.76412711824935,7,75,2.461974
5844,0.0387155665871328,289.0702869800642,7,133,0.92740995
5845,0.0528707722386707,287.14401435347884,7,172,4.767533
5846,0.065706588921472,288.5765860347122,2,18,0.0
5847,0.0779760275198524,288.89706679243443,2,28,1.5178077
5848,0.0656127283008242,288.38031154181886,7,38,0.0
5849,0.0697198698625913,288.1815289045096,7,37,1.5192786
5850,0.0626941921916393,289.56548508845526,4,6,3.0235164
5851,0.038881518635256,291.28308237574083,4,39,2.1868286
5852,0.0207407513978039,291.33335650506143,7,126,1.4696233
5853,0.04196959566621,290.4082869685173,7,93,1.4775699
5854,0.0789152609772743,289.34870845757564,5,27,1.514187
5855,0.0179380170747561,291.6166994404915,7,96,0.92740995
5856,0.0442320964486397,290.4924483758212,7,93,1.8543341
5857,0.0773388196139046,288.745391099439,3,30,2.2095323
5858,0.0218191403695521,291.2999335130994,7,113,2.4616365
5859,0.0591440672688331,289.46043001606176,4,4,2.5504498
5860,0.0222272233808365,291.10251173736657,7,142,0.92740995
5861,0.0206224355076007,290.80104045114035,7,132,2.2718046
5862,0.0597429680662792,289.0392040245793,4,0,2.3801508
5863,0.0214782908645945,290.6344625134725,7,394,7.910909
5864,0.0260424627951888,290.59518086673734,7,241,3.8759842
5865,0.0315387332919062,292.0814701884002,4,88,2.4850304
5866,0.0244405293850801,290.87519507365306,7,145,2.9394696
5867,0.069307484076721,288.78003320047424,1,16,3.5919404
5868,0.0611004926578089,288.95358459158444,3,5,1.1918972
5869,0.0182626721948427,291.5622995875664,4,83,0.92740995
5870,0.0222416530089425,290.4305273996316,7,723,3.583499
5871,0.0554418724375348,289.59911761361866,4,5,2.5463903
5872,0.0646907870149676,288.5463298756098,5,19,0.0
5873,0.0460108861565564,289.7077564747952,7,106,2.7802885
5874,0.0729583798534338,288.5981305959396,4,28,1.8543341
5875,0.0225107049413196,290.2693610018822,7,1314,0.0
5876,0.0622725576243813,288.43761565894255,4,29,1.1993573
5877,0.0270323574416402,290.763418815788,7,179,3.597189
5878,0.0468599952451577,289.5536652652804,7,102,2.3032973
5879,0.0695258096064064,288.6239237078411,1,25,3.0281305
5880,0.073147634627075,288.827242442155,4,22,2.5721633
5881,0.0361411204935568,291.8427617711261,5,57,1.8543341
5882,0.0372421449314251,291.6691116593294,7,64,0.0
5883,0.050207841128139,287.8736764232522,7,135,1.4787202
5884,0.0216861856850679,290.5746794270109,7,135,0.0
5885,0.0502906811550868,288.80089992199544,7,108,3.7047918
5886,0.0400189058586875,289.9610034262589,7,90,2.9507227
5887,0.0213389367425186,290.7719393516056,7,664,16.82269
5888,0.0206020337487288,290.8275959956643,7,108,2.4526865
5889,0.0213940004405858,290.62717884880743,7,87,0.0
5890,0.0294812658746788,291.94290571204124,7,175,3.7047918
5891,0.0399424726895336,291.597017643658,7,77,1.4789895
5892,0.0206889585590687,290.78540974338364,7,132,3.5284657
5893,0.0749128955848868,288.8995730595481,4,23,0.92740995
5894,0.0618897821194337,288.49616008978484,4,19,2.3937051
5895,0.0368855581641483,291.6802133834125,7,62,2.1827118
5896,0.0312432020105657,290.46214273666294,7,97,2.9443412
5897,0.041633311464719,290.04760359212,7,97,0.0
5898,0.0453080728134406,290.5675424501142,7,91,2.1828616
5899,0.0327760231954157,289.8409171857872,7,140,1.8543341
5900,0.0357594724832843,291.5226414526236,7,64,1.4771879
5901,0.0479493208364769,289.9874561228307,4,-4,3.0193057
5902,0.0287883706727626,290.9710148496869,4,301,5.8825326
5903,0.0201554865189465,290.9053491806818,7,287,7.3788605
5904,0.0223042606579917,290.34920805851766,7,882,20.526697
5905,0.0764202806199222,288.51039120771617,4,36,0.0
5906,0.0407982812828545,291.6907102286611,7,77,2.9581032
5907,0.0767034847541477,288.8904260259006,1,24,1.5174167
5908,0.0438867946652428,288.92153577529666,7,105,1.4770098
5909,0.0797116035742799,289.3599395557219,4,33,2.567709
5910,0.0445604753063525,287.69559482885586,7,242,4.67747
5911,0.0625814148842714,289.6988665651712,4,7,2.202622
5912,0.0463811847399782,289.9701518863418,4,-8,2.5323718
5913,0.0245496249194866,289.8623737531694,7,514,10.176626
5914,0.0247352200352266,291.28801295383266,7,79,0.0
5915,0.0387621046249124,291.5954455121208,7,69,1.151826
5916,0.0203343392002467,290.8261660167481,8,630,11.2148075
5917,0.0433459677311759,291.5399249765969,7,89,1.1532565
5918,0.0283213042044972,290.6055927854675,7,546,29.136936
5919,0.0376522293078405,291.77468876117064,7,65,2.305406
5920,0.0436409547359246,291.4941179939207,7,87,1.1526786
5921,0.0639337346978899,288.72628045337865,4,10,1.1957105
5922,0.0200914973018099,290.9967408914548,8,104,0.0
5923,0.0685922005654173,288.62925079184737,1,21,2.400594
5924,0.0617198480360719,288.40182113597484,4,31,3.7123969
5925,0.0625096350689995,289.592077916301,4,6,2.2027843
5926,0.0266701753611566,290.1404805763177,7,302,4.4049697
5927,0.0227302338137725,290.2641649288246,7,247,2.445806
5928,0.022462143780076,290.3430029057753,7,233,4.338594
5929,0.065376453720253,289.2455307519372,1,7,1.1926162
5930,0.047133932166416,290.58659828009826,7,96,2.485153
5931,0.0183597738160015,291.5012769031492,7,98,2.1753767
5932,0.0189566306545299,291.33006953619224,7,98,2.1749732
5933,0.0189036588610473,291.32404314296195,7,104,6.858368
5934,0.0257686113242095,289.5254789479094,7,432,4.3993506
5935,0.0609174196468514,288.40318395090696,5,39,0.92740995
5936,0.0304892260038466,290.00286387199344,5,164,1.1438048
5937,0.0257296274864109,291.1901580700391,7,77,1.8543341
5938,0.0389705242293363,291.7759505205425,7,71,3.0094352
5939,0.0314080775404409,291.7878562583875,6,93,0.92740995
5940,0.0398832178660583,291.555684541,7,80,2.182393
5941,0.0206028065374624,290.81994197068025,7,107,1.4664077
5942,0.0191431289339422,291.3049145540052,7,101,3.534754
5943,0.0642406105475986,289.2848081117465,1,5,0.0
5944,0.0359544939337078,291.50985011492344,7,71,1.476068
5945,0.0363933261963353,291.5465416175481,7,66,1.1493442
5946,0.0399243737861659,291.63676075983153,7,74,0.0
5947,0.0393532184495818,289.4872982708963,7,106,1.4756224
5948,0.0210407695015417,290.7379457273528,7,86,2.268348
5949,0.0223189715199617,291.54546959336034,7,80,0.92740995
5950,0.0322935833597017,291.5745034655461,4,93,1.8543341
5951,0.0233125794816836,290.8623735184804,6,184,0.92740995
5952,0.0721657084404798,289.49227805013913,4,11,10.164105
5953,0.0641991203175558,288.7502801425518,5,9,0.92740995
5954,0.021806951800086,290.5130854220135,7,111,2.1730437
5955,0.0181369529576121,291.63521655731137,7,100,3.8750727
5956,0.0519151997690031,286.9670953620982,9,655,9.137424
5957,0.0217060106917654,290.53239636774833,7,115,1.8543341
5958,0.0462105598943962,289.4570563366452,7,107,0.92740995
5959,0.0427894786884105,289.4225303333611,7,102,1.4770098
5960,0.0633818685906288,289.52801000679256,4,8,1.5088842
5961,0.0410972235857795,291.6234471106143,7,77,0.92740995
5962,0.0266107781571936,290.38175748679856,7,932,14.886383
5963,0.0343629305883894,289.70689091758135,7,126,2.290163
5964,0.0402152188099196,291.5491257342337,7,79,0.0
5965,0.0671672411218763,288.6363629137105,4,20,1.5160661
5966,0.0278194012433548,290.7254910127434,5,273,12.933305
5967,0.0435694405641031,290.98431558487067,7,86,3.9166968
5968,0.0624557130078645,288.5426876978096,2,13,8.761582
5969,0.0217597348354249,290.54808052334386,7,122,1.8543341
5970,0.0677452690150297,289.2314377990348,1,11,0.0
5971,0.0232774122043066,291.2465435694897,7,101,0.92740995
5972,0.0376872635575437,288.3696910850403,6,293,11.164034
5973,0.0612685577480531,289.7215256143182,1,4,0.0
5974,0.033837140123177,291.2951044874132,7,71,2.4734437
5975,0.0283015405023414,290.9191668532259,7,83,0.0
5976,0.0187741317030194,291.3583730659427,7,104,4.904658
5977,0.0271225023259083,289.53357273922614,7,333,2.461805
5978,0.0214153502956748,290.61015056138933,7,96,1.8543341
5979,0.0229643628402585,291.0588023917059,7,132,0.0
5980,0.0180134967187877,291.7782836204858,7,88,1.468962
5981,0.0671080141920668,289.4380008852253,4,2,2.2042139
5982,0.0252776354908001,291.3002051830272,4,65,0.0
5983,0.0389293666183062,291.6343529212154,7,73,1.4790344
5984,0.068996673918798,288.6376590980134,4,23,1.5171968
5985,0.0237940838965556,290.404200112569,7,731,13.437481
5986,0.0671539084123157,288.6163588966991,4,21,1.5163757
5987,0.0297295890197447,291.952170919633,7,154,1.1524518
5988,0.0223780977247052,290.3700241612044,7,195,2.9254522
5989,0.0185076934006944,291.41361158321024,7,130,1.8543341
5990,0.0434504017076345,291.5263284765839,7,86,1.1531243
5991,0.0221119208565713,291.1656486227126,7,128,0.92740995
5992,0.0661050017539004,288.6068603379357,1,17,2.397398
5993,0.0184778413526232,291.4904031189869,5,88,0.92740995
5994,0.0309397583578857,289.4724655374742,4,300,12.069751
5995,0.0290990936445882,290.99699343933867,7,284,2.4706924
5996,0.0459138256599272,290.7580740709332,7,91,1.4795517
5997,0.0459988757678234,290.3577810249869,7,92,2.4835157
5998,0.0631955301586406,289.6410467715083,1,7,5.832449
5999,0.0641131391266037,288.88520062518114,4,8,0.92740995
6000,0.0355809636143005,289.9952515799545,7,99,3.4359643
6001,0.0662695887004931,289.1750862287595,2,5,8.105606
6002,0.0615230309592887,288.6665562574846,4,13,0.0
6003,0.045179132992404,287.6935042300796,4,276,12.81744
6004,0.0185044176862148,291.4348815896659,7,108,1.4683089
6005,0.0413024494441642,291.4285870503262,7,80,1.1513125
6006,0.0668148026932129,288.52661133191464,4,34,1.2018454
6007,0.0273158596479637,290.48144835291055,7,725,4.924046
6008,0.037829294236493,291.6085830249764,7,69,0.92740995
6009,0.0378566688674953,289.28385634814094,7,124,2.472994
6010,0.0195033694892087,291.20971120619896,7,407,7.713111
6011,0.0407524327139037,289.02193474248264,7,116,2.949605
6012,0.0448663460489412,290.0582049138762,4,-6,1.1766102
6013,0.0384567377449454,291.6998135297939,7,65,3.6090305
6014,0.0223672846830091,290.37198298137764,7,205,6.843625
6015,0.0685050693441208,289.136465489146,1,9,1.5123483
6016,0.0711501579587467,289.14985549144046,4,15,0.0
6017,0.0271926123759192,290.9399499082276,7,90,0.92740995
6018,0.0193753954020135,291.24456247237623,7,319,10.15771
6019,0.0293654966557735,291.5295891126645,7,62,2.178967
6020,0.0206101613970988,290.88069780288674,7,267,2.4559014
6021,0.0445806857365718,289.29302471194643,7,110,0.92740995
6022,0.0399618647402507,291.5405576090621,7,78,1.4779941
6023,0.027024111913676,290.5347015486817,7,147,3.0052342
6024,0.0764123511440702,288.7464012340288,1,29,1.5181613
6025,0.0421465231985693,291.59415187163745,7,83,2.4847853
6026,0.0605607521914111,289.4325631083028,4,6,1.508098
6027,0.0638537617803638,288.45540205680595,4,31,3.0278347
6028,0.0396375431451187,291.6885508194871,7,67,3.9196813
6029,0.0374347836226326,291.5567819251015,7,71,2.4802105
6030,0.0205339576323658,290.77689447560147,7,638,16.38027
6031,0.0206204766932573,290.79812530185154,7,145,0.92740995
6032,0.0415211988482299,290.28017508902605,7,94,1.4772642
6033,0.0438389034468311,289.4582766123457,7,107,1.1503614
6034,0.0185551453911142,291.7844077492553,7,91,1.1397072
6035,0.0216349559740388,290.59002602336005,7,134,3.520387
6036,0.0767110325754162,288.87575725760286,1,27,3.7047918
6037,0.0436241075211438,289.2417757007935,7,110,0.92740995
6038,0.0197039637234368,291.02064035041985,4,234,33.855366
6039,0.0260878962011708,291.0838094784687,7,84,2.1777723
6040,0.0682704440346983,288.24528030960226,7,36,0.92740995
6041,0.0218585506322793,290.5086643055488,7,107,1.464363
6042,0.0480298959045639,287.87289104213176,5,230,12.783362
6043,0.0354283238416115,291.6007085498766,7,70,2.4757123
6044,0.0430449673410087,289.45961653859706,7,102,3.5681403
6045,0.0737520769209699,288.9193646423846,4,21,0.0
6046,0.0403304077327603,291.58011334324414,7,82,1.4789349
6047,0.063515778149142,288.4373862308854,4,39,1.201236
6048,0.0323040347021288,290.4206951776373,7,96,0.92740995
6049,0.0621562078270743,288.5712112554769,4,13,1.1963054
6050,0.0405929113164002,288.9264665582824,7,120,2.2950168
6051,0.0449255521828549,290.6146413288508,7,92,2.7802885
6052,0.0188485259643154,291.3560292049984,7,98,4.3952317
6053,0.0271911469415125,290.22056352566915,6,531,6.4843974
6054,0.0653784377383186,289.2761684016017,1,8,1.1924573
6055,0.0364187786274667,291.7029561468097,7,59,0.92740995
6056,0.0379530794797072,289.9091624226765,7,97,1.8543341
6057,0.0195793910021141,291.6608097113336,7,87,2.1763527
6058,0.0391010690265387,291.5459934798089,7,77,1.1507218
6059,0.0272322433218731,289.51994241102165,7,338,1.4701729
6060,0.0266375887815411,289.033786711656,7,457,15.449148
6061,0.063277178709367,288.56993688198946,4,15,2.3936956
6062,0.0246667600528592,290.20749895522783,5,562,6.8487043
6063,0.0637447619909292,288.5430626321888,4,18,1.5151248
6064,0.0425970326229237,291.543818259017,7,86,1.4794358
6065,0.0662037094145457,288.51972973778504,4,30,0.0
6066,0.0209168644310119,291.34740248959065,7,117,0.0
6067,0.0790657833130761,289.3883951153296,4,33,3.6664765
6068,0.0293109468313717,290.4712052061629,7,117,0.0
6069,0.0461319881995899,288.8704195005568,7,118,1.4779111
6070,0.0565948480126513,288.781229673958,7,116,2.5005636
6071,0.0198084242302172,291.117753947296,6,237,5.3155103
6072,0.0195641234077403,291.3821362577067,7,137,2.17614
6073,0.0633062182975782,289.66722906333524,4,7,1.5084853
6074,0.0197945775850654,291.0127701502049,7,231,11.883978
6075,0.068882751033933,288.5276111157225,4,27,0.92740995
6076,0.0287180595456687,290.8608149573769,5,366,12.552244
6077,0.0426686755721549,289.54789267475047,7,103,1.8543341
6078,0.0654174449115855,288.4943239073406,4,30,0.92740995
6079,0.0215954754592022,290.593453794638,7,110,2.1729732
6080,0.0205369354538828,291.67537491794303,7,82,2.9378176
6081,0.0220074202385276,290.47238844040913,7,740,1.4654742
6082,0.0262114314261057,290.3328431676458,7,356,3.005023
6083,0.0469963836315946,290.52051116706576,7,95,1.479793
6084,0.0418782797713013,289.4744691950528,7,95,3.5663605
6085,0.019448138228783,291.1784373056247,7,104,1.4671242
6086,0.0342002683500976,291.46961127790047,7,63,1.4764639
6087,0.0315664669014857,290.119370940835,7,129,1.4729528
6088,0.0215679486798722,290.6083359187198,7,126,1.4643928
6089,0.0176999402179142,291.6895475340131,7,96,2.4585168
6090,0.0614026286775778,288.4095728308845,7,34,1.1990333
6091,0.0310992408274944,291.6082309283077,7,57,2.4716926
6092,0.0243241324900766,291.3969272177964,7,77,1.4711716
6093,0.0383700383101591,291.7026751631943,7,67,4.693724
6094,0.0669126189480809,288.3200717603448,7,40,2.2097545
6095,0.0379626288243076,289.523532680619,7,114,3.4381175
6096,0.0205922773372741,290.7845837656102,7,271,3.5305715
6097,0.0276030748509706,290.23931702490114,4,484,17.130062
6098,0.0213799836655813,290.68528204688164,7,404,8.175235
6099,0.061973506759291,289.6478995829053,4,1,7.1599956
6100,0.0328940851464883,291.60885778864406,7,60,1.4749762
6101,0.0422772547239463,289.84727821596897,7,101,1.4771847
6102,0.0222793327027629,290.3342710399476,7,1202,3.0019972
6103,0.0286225489124669,290.37390471744675,7,151,3.0054855
6104,0.0394837704206177,291.59613726060445,7,76,0.92740995
6105,0.0299641009460422,291.42096671971905,5,280,3.0079997
6106,0.0434808077053231,289.72294666178203,7,104,0.92740995
6107,0.0265154945015029,289.3426025262451,7,390,3.8840275
6108,0.0697809797533869,289.0265538920381,7,28,1.5092875
6109,0.039275550770104,291.55107756763886,7,79,0.0
6110,0.0204094300431345,291.39881301200194,7,120,2.176394
6111,0.019559450472516,291.0501654270296,6,432,13.845869
6112,0.0644406572888406,289.3006788524701,1,5,1.1918738
6113,0.0211980051457078,290.6552912834622,7,121,1.8543341
6114,0.0327503942315259,291.52021016894685,4,90,0.92740995
6115,0.0418785318641846,291.5834168521428,7,80,2.183151
6116,0.0625262806398081,288.8344681910046,4,6,4.764376
6117,0.034586662663839,290.02019574270224,7,103,1.4741218
6118,0.0459027017822279,289.2445380691489,7,114,2.1822093
6119,0.0463709653956753,287.8271096292402,7,378,5.999456
6120,0.0211427550562271,290.74286273663984,7,608,15.592787
6121,0.0217494949344243,290.553839150925,7,137,0.0
6122,0.0683436412940047,288.40152120048936,7,32,1.8543341
6123,0.0463306663451499,290.1707356849594,7,92,0.92740995
6124,0.0426544609814401,289.4307233433562,7,102,2.9519577
6125,0.0684874206124832,288.3710757402212,6,33,0.92740995
6126,0.0215838117799371,291.53366449132744,7,87,1.4701822
6127,0.0652038899233446,289.17065714675783,2,6,0.0
6128,0.0785719161447802,289.3239921822285,4,26,3.666828
6129,0.0641563995803534,288.5315420810942,3,20,0.92740995
6130,0.0247214453481082,289.71170410484046,7,508,6.8645883
6131,0.0731245911302092,288.683128517664,4,29,1.2020231
6132,0.0197902140216638,291.33645856399954,7,146,0.92740995
6133,0.078540781673429,289.3417980101325,4,21,3.5887163
6134,0.0440421336957588,287.6297760015891,7,289,14.447769
6135,0.0346952964784646,291.4207406042653,7,67,4.354475
6136,0.0517544741746106,288.3345372497913,7,122,1.1533433
6137,0.041369761460173,290.9872305744516,7,86,0.92740995
6138,0.019019816967446,291.2629019610553,7,146,2.175471
6139,0.0204051211314195,291.6130791348591,7,91,1.4697797
6140,0.0218147917572558,290.53252724999214,6,760,15.565286
6141,0.0599174364935667,288.40250766284703,4,27,0.92740995
6142,0.0367496185916154,289.6050022556964,7,119,0.0
6143,0.0740635922651135,288.65928016194533,1,29,0.0
6144,0.0185439749407809,291.4560110972943,7,91,3.5900095
6145,0.045124037214414,290.5197570025513,7,93,1.8543341
6146,0.0299024106746039,291.1490946295227,7,75,2.7802885
6147,0.0226101292869517,290.2979849790978,7,245,2.172341
6148,0.0321518467837537,291.6211987053621,7,61,1.8543341
6149,0.0667099074170118,289.5761967829543,7,11,2.3823817
6150,0.0296659024639139,290.8834857958455,7,81,4.410892
6151,0.0233005362058835,290.08284048289147,7,712,1.464626
6152,0.0563778840290916,289.4422938835356,4,8,1.506403
6153,0.0638406474382399,289.1376991037681,2,7,1.5104423
6154,0.0415725504644469,289.9680845069224,7,98,1.4770002
6155,0.0709022114356535,289.5482901234742,7,17,1.5113286
6156,0.0330451921470975,289.2173700185614,7,271,7.076178
6157,0.0251595778895926,290.3368525998721,6,410,18.983635
6158,0.0277492334172057,290.67484935148065,6,240,2.1784892
6159,0.0214109284127541,290.59995983160286,7,116,3.002289
6160,0.0433658192626231,289.17273994174786,7,103,1.4770225
6161,0.037612511807043,291.57146861850435,7,71,0.0
6162,0.0680252186290799,288.7588430319374,1,19,5.152116
6163,0.0616635538554666,289.59805180630605,7,5,0.0
6164,0.0291447161963525,290.44323404182035,7,127,0.0
6165,0.0407164339639459,291.26649897496185,7,84,0.0
6166,0.0296235060405023,290.09007731238444,4,171,0.92740995
6167,0.0221461035259112,290.4200183562098,7,158,10.256549
6168,0.0408348935623438,290.9786262321068,7,84,1.4776177
6169,0.0250224949787475,290.20695619446286,7,746,13.908293
6170,0.022850143965127,290.2223884949664,7,620,13.579718
6171,0.0490432740451916,289.8694267767001,7,102,1.4800798
6172,0.0213737044343096,291.4036047342621,7,104,2.4614534
6173,0.0456579789241173,291.2691683222065,7,93,1.8543341
6174,0.0405369452152981,291.6204886677649,7,73,3.009129
6175,0.0378951062140096,290.7025283016432,7,77,2.296332
6176,0.0244423066066024,289.73475499572265,7,714,10.096576
6177,0.0655392210350676,289.69885880108563,7,12,5.098666
6178,0.0204116937459421,290.9053152563355,7,103,2.1740687
6179,0.0340392127029406,290.0795709121083,7,104,2.4709609
6180,0.0433252501568454,289.32486158671867,7,104,3.5681167
6181,0.03485418343758,291.97061490550266,4,58,2.1834779
6182,0.077038558336828,288.72102205843254,3,31,0.92740995
6183,0.0751706181863415,288.5606031745392,1,31,0.0
6184,0.0179782462583197,291.7018412699053,7,92,1.4688765
6185,0.0680071864356288,288.42940748135294,6,32,1.2023884
6186,0.0274112351207658,290.21411729285217,7,233,6.850008
6187,0.0385841165378764,290.0935809637116,7,90,0.92740995
6188,0.0404446412720216,291.5687928150139,7,82,2.4825997
6189,0.0624824163803106,288.43136156080493,4,30,2.2082236
6190,0.0203042392137971,290.9047497772733,7,114,1.4667218
6191,0.070333594825326,288.2956034347013,4,31,2.2100296
6192,0.0618929458340377,288.6765078407599,4,14,0.92740995
6193,0.0453670612588566,289.34573175563924,7,113,3.0084522
6194,0.0284930781461827,290.65224039404114,7,825,26.738914
6195,0.0385386475352748,291.57043776530224,7,75,4.76725
6196,0.0586561910891457,288.3579300869949,5,33,0.92740995
6197,0.0752701619486353,288.5115201058296,2,32,1.5187556
6198,0.0220463032247697,290.5009051650589,5,558,18.652136
6199,0.0389662008521105,289.58981267548467,7,106,2.9491575
6200,0.0720845911053946,288.7876045721561,4,20,0.92740995
6201,0.0384718491770791,291.565217647421,7,76,3.4500048
6202,0.0340800510255703,291.471799624762,4,63,3.5668552
6203,0.0740085177112806,289.49108776729605,4,23,5.5144596
6204,0.0426705023683258,291.5752794624361,7,83,1.4797962
6205,0.0334875217219383,291.8537066189791,4,69,2.1829376
6206,0.0532185733364881,287.61375863079974,7,170,1.8543341
6207,0.0640386563096531,289.1113340147721,4,9,3.0245662
6208,0.0614437015432721,288.48967486859533,4,18,1.1970197
6209,0.0218409118791669,290.51428004678684,7,104,1.4643719
6210,0.0312725125907976,291.26205381686634,4,85,2.1805184
6211,0.0367989984409285,289.5795969787963,7,116,2.9473221
6212,0.0403368307368193,289.9263735604688,7,91,0.92740995
6213,0.0225888917672073,290.30177168322564,7,227,2.4462538
6214,0.0404706055771744,289.2155196257537,7,110,0.92740995
6215,0.0696732061216731,288.7334617750164,4,17,0.92740995
6216,0.0243038183794211,289.8035970666337,7,628,1.4673818
6217,0.0185891751398296,291.4644742611001,7,76,1.4681354
6218,0.0218099921532373,290.5317986441444,7,117,1.1333268
6219,0.0391806926809894,289.2725739085748,7,118,4.418253
6220,0.0689163779851138,289.19058839471927,7,18,9.2693615
6221,0.0631551346804716,288.4948709501552,4,25,3.0288916
6222,0.0321572900296195,291.41986897456536,4,101,2.298139
6223,0.0416538117251224,290.8569690047869,6,87,0.0
6224,0.0213120190189325,290.67099978971305,7,93,1.4648175
6225,0.0231067454185148,291.0498957437862,7,131,1.1411433
6226,0.0216811909366377,290.5720595815237,7,124,1.464339
6227,0.0376389651919579,291.56516580453376,7,75,0.92740995
6228,0.022245038778369,290.41985738477354,7,652,3.5840905
6229,0.0435727043595245,291.0066260722234,7,87,1.152044
6230,0.0455913221094539,290.1584053563886,7,96,0.92740995
6231,0.0234996218966184,290.02031690592423,7,658,4.892614
6232,0.0257015529424688,290.19891806819044,6,441,3.7047918
6233,0.0212599405542974,290.7171765849536,7,297,9.040435
6234,0.0368654134358986,291.677620554825,7,63,3.5745473
6235,0.0373721464415185,291.5464185455924,7,69,1.149928
6236,0.0239018169856752,290.9784939922803,7,150,2.4628398
6237,0.0233116585867895,290.40280692910403,7,436,0.92740995
6238,0.0396903602193853,291.605906072216,7,82,2.95603
6239,0.0395241145617304,291.5991582388964,7,76,1.4788804
6240,0.0220674261817362,290.4326374795537,7,161,0.92740995
6241,0.0385633181612044,291.6400382621036,7,70,2.4829507
6242,0.0807317807330799,289.3079520711589,7,34,3.708976
6243,0.0427547324129988,291.5541878634157,7,86,1.8543341
6244,0.023099204592386,290.142455407746,5,608,1.1343513
6245,0.0187461676636819,291.6278192913807,7,99,1.1395849
6246,0.0189466960459756,291.35902905674635,7,158,2.17594
6247,0.042668380675894,289.9302151234717,7,105,2.299649
6248,0.030303695514141,291.8128088975976,7,151,2.3028123
6249,0.0412855459653745,291.1139279247228,7,86,3.571024
6250,0.0755689739055201,288.9472965012094,3,22,1.8543341
6251,0.0399445581634647,291.5978651143908,7,79,3.5749872
6252,0.0680982521308654,289.5713391254193,4,17,0.92740995
6253,0.0596590446802641,288.396101036879,4,28,1.8543341
6254,0.036672382625087,290.7000968494239,7,77,1.1479689
6255,0.0789869484716519,288.7801652491877,4,33,1.8543341
6256,0.0223198502427437,291.1475236791025,7,127,2.4617612
6257,0.0459625324143644,289.6488504563931,7,106,1.4785569
6258,0.0287341920320873,290.0295002366831,7,229,2.2848547
6259,0.0238318541442455,291.1243907358893,7,106,2.1771677
6260,0.040052963372096,291.6891813279532,7,72,0.0
6261,0.0353771261131976,289.98873307125126,7,103,0.0
6262,0.0308047786072624,291.5618517104424,7,58,1.4741814
6263,0.059248958658195,288.43409747137065,6,32,0.92740995
6264,0.0317573222091056,290.4629995466838,7,90,2.178963
6265,0.0460053693410801,288.9016571460776,7,118,3.5708582
6266,0.0452171788026752,291.2062262871757,7,92,3.609461
6267,0.0206668862352272,290.8192241577309,7,104,2.9301987
6268,0.0613105987848498,289.67498775681094,1,4,4.398231
6269,0.0611071597454085,289.34670208323814,4,10,2.552999
6270,0.0387196132699454,289.3953597258585,7,113,0.92740995
6271,0.0371731522455419,291.6702915772662,7,64,1.1521717
6272,0.0223413017326575,290.34766384609225,7,496,15.580515
6273,0.0329365894987962,290.7236684472492,7,78,2.1794574
6274,0.062408421443111,288.4367407296229,4,26,0.0
6275,0.0210180441265492,290.757281064563,4,86,3.3995962
6276,0.021496107314582,290.56501764482823,6,135,1.4654893
6277,0.0432224150677859,289.5392025331458,7,107,2.4789367
6278,0.0754634879191962,288.89228062406875,3,24,0.92740995
6279,0.0226233054429412,291.4772506982155,7,84,3.0047972
6280,0.0229390588030468,290.1912498386429,4,602,4.6273675
6281,0.0304904250744581,291.1672486925336,4,97,2.1800601
6282,0.0608152347149602,289.63337721918583,4,5,0.0
6283,0.0332080726835276,289.8124382756054,7,137,1.4733491
6284,0.0646136945685967,288.46733874757206,4,36,1.517671
6285,0.0327813038292155,291.4162378496724,4,80,2.1811666
6286,0.0225933078028834,290.2980438172885,7,224,1.4636295
6287,0.0447527962860304,290.9973725424247,7,87,1.1526703
6288,0.0386794684793221,289.25952546445507,7,119,1.1473322
6289,0.0424531809324562,291.5287274542646,7,84,1.479166
6290,0.0208801471287217,290.8078011490802,7,273,3.8749497
6291,0.06655232897955,289.6821472192322,4,11,1.1912261
6292,0.0415337592792178,291.44468708446163,7,81,2.4814038
6293,0.0605070269598413,288.4221542097456,4,29,1.5143781
6294,0.0395299744127414,291.57319768997627,7,78,1.4785824
6295,0.0615867268679121,288.6758847753259,4,12,3.6968656
6296,0.0618680460474723,288.4296239891672,6,31,0.92740995
6297,0.0430697340837163,291.146348073208,7,83,2.3029437
6298,0.0303114523823995,290.32770669927896,6,123,1.4726259
6299,0.0183108960905809,291.4999515884548,7,103,1.8543341
6300,0.0238414224609348,289.92566482359587,7,611,2.1743329
6301,0.0416648371289748,290.88913878486204,7,87,3.448913
6302,0.0339433369138134,290.3527598944699,7,88,1.1460952
6303,0.0778584315818126,289.32722578703186,4,25,3.8924894
6304,0.0210518925546797,290.71346623864304,7,96,3.4015794
6305,0.021354238203644,290.6733259006552,7,110,0.92740995
6306,0.0358691693136313,291.5674379363036,7,66,2.1809416
6307,0.0219025145376611,290.4744738090181,7,145,2.2668014
6308,0.0453571379406079,290.01153489771934,4,-7,1.1780294
6309,0.0707905465267905,288.26005118375497,6,30,2.5779068
6310,0.0265203544175509,289.3457453004692,7,388,5.7543316
6311,0.0232632837529509,291.00678119987094,5,151,1.4702529
6312,0.0459205666902614,289.24306650604854,7,114,2.1822135
6313,0.0455844386193309,289.6909547271261,7,105,0.0
6314,0.018384351960319,291.70017959258485,7,90,1.8543341
6315,0.0280856806582351,289.917648369129,7,615,11.148801
6316,0.0236864292864297,290.4890262084488,7,331,3.5931613
6317,0.0448844020243068,289.32841716587586,7,109,2.3006225
6318,0.0239377266481419,289.9936681705026,5,682,4.398895
6319,0.0403979382991896,291.5741343417829,7,87,2.182703
6320,0.0280803060609065,290.31341977827367,7,501,1.1445502
6321,0.0609793217469164,288.9462969700168,1,7,1.8543341
6322,0.0614739099224702,288.65676911431206,4,16,3.022229
6323,0.048157655526018,286.4233875022628,9,621,17.926699
6324,0.062307225921567,289.34315545791776,1,4,0.92740995
6325,0.0417537601361846,290.0697398396742,7,96,1.4771688
6326,0.0406816314921328,291.551764825358,7,82,2.955409
6327,0.0660157453692963,289.63851317996966,4,10,1.5094672
6328,0.0603448262662823,289.7884102284319,4,3,0.0
6329,0.038346387099291,291.5479401490318,7,73,1.477691
6330,0.0220452144975385,290.41797437147386,9,951,3.5851843
6331,0.0189889290470993,291.34918001538114,7,103,1.4686291
6332,0.0771971208330604,288.8060320538553,1,29,5.1601505
6333,0.0225629259354068,290.3043039765364,5,228,2.172449
6334,0.0244041335390042,291.4959217535224,7,70,1.4713014
6335,0.0324471295015871,290.97141874250326,7,71,2.471364
6336,0.0350172093288434,291.59278194689773,7,70,1.8543341
6337,0.0212644095822025,290.7145221158242,7,256,5.9872007
6338,0.0654403561577191,288.7906557866048,3,17,3.024524
6339,0.0443241760246933,288.9418450045575,7,106,0.92740995
6340,0.0435924149683794,289.7457746166293,7,103,1.1505703
6341,0.0201587683305669,291.01227368256843,7,206,2.9326293
6342,0.0185489415579748,291.4528400328288,7,91,2.9335926
6343,0.0213358191080539,290.62940993398246,7,97,3.5242708
6344,0.0374753651258122,289.68723711748487,7,111,0.92740995
6345,0.0226654316703944,291.5803065392455,8,72,1.1415919
6346,0.0454144650779569,291.344141323618,7,92,1.1534343
6347,0.021550596021783,290.6352326881273,7,984,18.853197
6348,0.0330354229352298,289.93658047512264,7,126,2.2892869
6349,0.0630086865825014,289.5490702353138,3,6,2.553327
6350,0.0348738056415786,289.7789302823306,7,117,1.4740154
6351,0.0339249876400596,291.5561946262372,4,80,1.4776783
6352,0.0376033874864088,291.5666860082809,7,75,1.4768859
6353,0.0619906138851066,288.5636340599685,4,18,3.7020745
6354,0.0613447302136471,289.7453044139555,1,2,0.0
6355,0.0209278114155581,291.1853526653909,7,142,2.4600635
6356,0.0746465387151892,288.31468338138643,4,36,1.2035977
6357,0.0419800877333018,291.603522661389,7,82,2.1833034
6358,0.0309194661550809,291.5421099352651,7,59,1.1462122
6359,0.0222687175374917,291.2483155912302,7,114,1.4701729
6360,0.0247491816671216,291.5361548782904,4,69,2.1777306
6361,0.0348127098966543,291.49236389066505,7,64,1.4766891
6362,0.0426820479623764,291.5147155052547,7,85,2.3038485
6363,0.0692586993653434,288.447021122681,5,29,0.92740995
6364,0.0522841124254366,289.2913497995026,7,18,3.7047918
6365,0.0649170905255495,289.3066201866316,3,6,0.92740995
6366,0.0289946012919843,291.0083462362977,7,207,10.201846
6367,0.0260609724930703,291.13253584830073,7,81,2.1777973
6368,0.0634370563478181,288.5622365913796,2,18,2.3942828
6369,0.0389503190814093,289.4817321280645,7,109,2.1803753
6370,0.062653549408676,289.69123807015626,3,5,2.202652
6371,0.0697998145841924,289.1912313129894,3,14,1.8543341
6372,0.0206803975311882,290.8119890708344,7,104,1.4660971
6373,0.0304368972942471,291.1601442374674,7,147,0.0
6374,0.023058634679485,290.60816580958385,7,471,6.47791
6375,0.0265074147831074,290.03264770011896,7,640,21.809624
6376,0.0294276589546819,291.95435630991153,7,180,3.00897
6377,0.0326535329509857,290.1118047256466,7,112,3.006188
6378,0.0697841285948345,288.59365422000263,4,26,0.92740995
6379,0.0682488671215212,289.60459122481376,6,27,5.13921
6380,0.0303412439013181,290.5967931209967,7,96,1.4728937
6381,0.0300137042354821,291.870540127705,4,152,4.6273675
6382,0.0431394644185345,289.5268837974954,7,104,1.150067
6383,0.0785849308743626,288.8600742822149,1,27,3.601803
6384,0.0586670050103131,288.3525664247827,4,34,1.8543341
6385,0.0194521508372081,291.457572920987,7,120,1.4692159
6386,0.0214755974118828,290.63348482452363,7,757,11.078573
6387,0.020761175785333,290.77877947252045,7,105,2.4524274
6388,0.0691150761345292,288.2043950334677,7,37,1.5191525
6389,0.0214297043933835,290.5735846239796,7,153,1.4657267
6390,0.0416889629199181,291.56262272995417,7,86,1.8543341
6391,0.0432240473632263,289.7632367622873,7,102,4.684244
6392,0.0676337297930322,288.56077517429554,5,30,4.048196
6393,0.0309319762503907,291.57018669629565,7,60,1.1461759
6394,0.0421012405613535,291.6082722493627,7,83,2.485038
6395,0.0653802057397092,289.38029392273165,1,6,2.203934
6396,0.0237072323017992,290.51644147740774,7,300,2.4609118
6397,0.0226988530598955,290.2771519492052,7,272,4.382509
6398,0.0650767551728323,289.3967625528671,7,23,1.5080214
6399,0.0595175001537045,288.9415760784148,4,6,2.5547447
6400,0.0417216265359199,287.50582721826095,7,629,10.343287
6401,0.044220218894099,289.1531407909069,7,109,0.0
6402,0.040372501204713,291.57111382252543,7,79,2.4826074
6403,0.0182509319875191,291.51562284569127,7,101,2.4578109
6404,0.0684292189907149,288.66398973493267,6,21,1.5164248
6405,0.0424836530983507,291.521769546186,7,88,1.4790729
6406,0.0303736994962938,291.29529271167866,7,157,0.0
6407,0.0282268354276809,291.34147224664093,4,461,10.645542
6408,0.01942742334805,291.19178193821193,4,103,3.5888493
6409,0.0461807918096232,289.55181578793474,7,106,1.1517438
6410,0.0450964357659261,289.0533960991682,7,114,2.3002052
6411,0.0439872470383841,291.38816162930414,7,84,1.1527157
6412,0.0520182571927618,289.78422676069727,4,7,1.8543341
6413,0.0230797188049597,291.1538625952342,7,112,2.1769764
6414,0.0452983216111814,290.6264837745391,7,91,0.92740995
6415,0.0272966599860132,289.1414196916541,7,384,7.8833556
6416,0.0276676446557417,289.0723681794095,7,478,7.8837295
6417,0.0222281316906452,290.4004340576116,7,177,1.8543341
6418,0.0278623354391876,288.896145873184,7,378,2.1760101
6419,0.0379324586124664,291.64573680684487,7,71,2.3033712
6420,0.0189730629950614,291.3549971955904,7,88,3.8796182
6421,0.0356919162717694,291.21374136947804,7,70,0.92740995
6422,0.0425828746917391,289.9794258627874,7,100,2.2996736
6423,0.0687882187306134,288.6086980275086,3,27,2.574331
6424,0.0223654223970646,290.3706306759416,7,205,0.0
6425,0.0291947805065371,291.0452297842482,7,68,0.92740995
6426,0.045160505251441,290.285588084159,7,96,2.1826446
6427,0.0290540601641093,292.121804134266,7,221,2.4844484
6428,0.0351979793571117,289.3392696340828,4,155,0.0
6429,0.0463038830993152,289.9893318348469,4,-6,0.92740995
6430,0.0747667104275936,289.3589530658346,7,20,0.0
6431,0.0633616825320783,288.5752077638427,4,16,1.5143518
6432,0.0399965204959369,289.2357636934255,7,112,3.440373
6433,0.0279320239677315,290.50510215313307,7,557,20.799864
6434,0.0653167994535358,289.65029959986146,4,10,1.8543341
6435,0.0777091828121297,288.3983629671416,4,43,0.92740995
6436,0.0364334353113002,290.1562628438165,7,92,3.4379115
6437,0.0607557307009665,289.754059559954,4,9,2.7802885
6438,0.0203765483012959,290.9119761030025,7,103,4.3909245
6439,0.0745667832537438,288.8385116015113,4,24,1.5171589
6440,0.0331834138898784,291.5679104447051,7,60,2.1802027
6441,0.0385015758081585,291.5472724022967,7,75,4.684755
6442,0.0603537819044896,288.9060634075755,4,4,5.1387672
6443,0.0665595990772364,289.1834245009213,1,9,5.9471745
6444,0.0214483674554301,290.639886022654,4,523,9.0766735
6445,0.0375241376150453,291.79907969620774,7,65,2.484839
6446,0.066257235734842,288.7791718174405,2,23,9.847586
6447,0.0449990795081949,291.4540712102641,7,91,0.0
6448,0.0670052929497441,288.5640234594845,4,25,3.032405
6449,0.0218323684722489,291.2661187662382,7,118,0.92740995
6450,0.0415007287820781,291.0931511606687,7,86,2.182101
6451,0.0300600210589711,290.3901946023655,7,117,1.4725792
6452,0.0414268071241847,289.9575792297513,7,96,0.92740995
6453,0.0640727293095707,289.7044055614802,7,10,1.50865
6454,0.0196145980191073,291.0704409903236,7,148,5.9641824
6455,0.0428634261247736,290.9557278546816,7,89,1.478448
6456,0.0645272329822627,288.54871722709066,5,18,1.1989952
6457,0.0447707777875951,289.2663297039071,7,111,1.4777006
6458,0.0631618705937016,288.54169973336,3,16,4.5356283
6459,0.0710905189711406,289.2437521038672,4,22,2.2042365
6460,0.0741339448113432,288.8686184031289,4,20,6.573488
6461,0.0398344528092781,288.5052835946506,7,148,2.1800091
6462,0.0445055020545512,289.5021388265712,7,105,1.4778059
6463,0.0749872987738285,288.33037917832684,4,36,1.519271
6464,0.0216375178659252,290.5887674414868,7,129,2.4479845
6465,0.0212468347006166,290.6346576668278,7,141,2.4514568
6466,0.0460231294256009,289.64463435979224,7,104,1.4785793
6467,0.030042422208492,291.14707830893764,7,173,2.4751856
6468,0.0208850060353954,290.8109608256496,7,145,6.8365498
6469,0.0335191787414778,290.2657294139248,7,95,1.4739057
6470,0.0607820480178449,289.7584836528088,4,2,4.8331127
6471,0.0181680548847463,291.5839140404882,7,82,1.1378741
6472,0.0338089618914823,291.3111057676797,7,68,0.92740995
6473,0.0184965814263593,291.43275695580127,7,110,1.4683882
6474,0.0463823159953627,289.0242717845562,7,117,1.4781603
6475,0.0242720450486085,290.59355118201603,5,241,1.4701853
6476,0.0663288631096187,288.7667180126334,4,16,0.92740995
6477,0.0222906436546487,291.6352895437696,7,74,3.8889647
6478,0.0311336337803242,288.6242422789922,4,28,2.1836767
6479,0.022492877695903,290.32370619490484,5,213,1.1326985
6480,0.0214660440020464,290.56217158362807,7,161,1.4657058
6481,0.0604521409749385,288.95086443970285,4,5,1.5097281
6482,0.0715658405888035,289.13783969785084,4,17,1.1962818
6483,0.0565235431676874,289.4422876169983,4,11,5.827731
6484,0.0382709387074408,291.5571768467076,7,74,3.6054296
6485,0.0183669791604497,291.5331763084486,6,84,0.0
6486,0.0217350397263921,291.19762871309376,6,127,0.0
6487,0.0410094692638972,291.6661139969112,7,74,2.183408
6488,0.0308827516284996,290.33382017217065,7,115,1.8543341
6489,0.0287172629782893,290.6066238322423,7,110,1.1436007
6490,0.0283358327008173,290.51624344218754,7,1121,24.91051
6491,0.0304632150500527,291.95830115916544,4,128,2.1829312
6492,0.0795185312503013,289.40239782479875,5,36,5.1508574
6493,0.0214733329205195,290.6484398261413,7,934,22.869104
6494,0.0457448899814754,289.6112991207994,5,-6,1.8543341
6495,0.0735361736920421,288.765238524692,3,26,0.92740995
6496,0.0435052571694581,291.5316355003301,7,86,3.6095502
6497,0.0263788584124898,290.80291661185106,7,156,1.471741
6498,0.018539870991525,291.471134190292,4,88,2.4556115
6499,0.071261310972744,288.8224977697313,1,19,1.5158926
6500,0.040681286279587,289.03769765876626,7,114,3.5629883
6501,0.07860429332413,289.39350781588684,4,26,1.5143031
6502,0.0195685698074574,291.182732134673,7,133,0.0
6503,0.0217036601201664,291.24099470343685,7,126,0.92740995
6504,0.0480910657045274,290.7164963305008,4,45,1.1652066
6505,0.044029828946841,287.5994533850243,7,303,5.757682
6506,0.018340925327635,291.70028593450616,7,90,0.92740995
6507,0.0299546556301994,291.09423466088754,7,222,7.095828
6508,0.0225963829998109,290.29582432182724,6,590,0.92740995
6509,0.0394232574615615,291.6012105790492,7,79,2.9557738
6510,0.0392163404683498,291.55074424825125,7,79,0.92740995
6511,0.0182570959282176,291.53488487898244,7,92,2.7802885
6512,0.0665963244542127,289.0912792776353,5,9,1.1941622
6513,0.0207834916995185,290.7691978752335,7,114,1.8543341
6514,0.0442448360186659,291.5046685980073,7,90,0.92740995
6515,0.0721688841061948,288.8792192376345,4,20,1.5157118
6516,0.0654002141029187,289.3162675058897,4,9,2.3835
6517,0.077256173032744,289.3822921926836,4,24,1.5139774
6518,0.0211504975499861,290.7000251569521,7,91,0.0
6519,0.0206322801144392,290.77585363788256,7,252,2.272717
6520,0.0211489836476169,290.6991069087427,7,94,2.9286501
6521,0.0320948560267524,291.35076217661594,6,81,0.92740995
6522,0.0195430700686778,291.191794231098,9,161,1.4673303
6523,0.043269712869111,289.023296661058,7,104,0.0
6524,0.0458529905182427,289.1765065026338,7,114,4.952309
6525,0.0281432593168686,290.3342197279511,7,516,0.0
6526,0.0795200215616574,289.3661019689288,4,31,2.2071033
6527,0.0750013807310456,288.5196538414334,3,33,1.518706
6528,0.0299067060483047,290.16569184476566,7,147,1.8543341
6529,0.0223640310503363,290.38603887019497,7,857,2.175839
6530,0.0737924154992891,288.83642992972983,4,19,5.6743803
6531,0.0293053523437006,290.4548391578786,7,120,1.1437287
6532,0.0220690506717664,290.4400422140283,7,147,2.447906
6533,0.0675606350647154,289.2280667629385,4,10,2.5599952
6534,0.0657360132476108,288.50643331669073,4,29,0.0
6535,0.0319661653002108,291.58477674755864,7,59,1.146713
6536,0.0452106868266919,290.30659333879896,7,97,0.0
6537,0.0373388219097204,289.55240235718503,7,114,1.4748378
6538,0.0439763783795826,291.51834361407094,7,88,3.5779657
6539,0.0275878607646988,290.4729925358951,7,590,19.644634
6540,0.0406151328985922,291.6133066506309,7,78,3.6089728
6541,0.0624034753553583,289.6293777876257,4,5,5.927895
6542,0.0627826824967199,288.6209113148965,2,13,1.5133834
6543,0.0402935478899059,290.8077662793857,7,88,2.1815836
6544,0.0481599971548179,286.90133362028405,9,547,3.6050198
6545,0.0386911967061672,291.1238826256566,4,38,1.4851137
6546,0.066393797891887,288.7583878235222,4,17,1.1970718
6547,0.0207236954677095,290.7298080548561,8,687,17.81083
6548,0.0180693678626061,291.5844403610005,7,95,2.9347587
6549,0.0345988451823848,290.5664551427909,7,84,1.4746366
6550,0.0313474531155136,291.5892760565776,7,103,0.0
6551,0.0362015676578696,291.6251511863465,7,62,3.5727067
6552,0.0216605116418065,290.5767372708779,7,119,3.7047918
6553,0.0719664664136577,288.82139347291576,4,17,1.5162246
6554,0.0377852983577566,290.1866792788345,7,89,1.1479566
6555,0.0343925428834458,289.7162007938496,7,127,0.92740995
6556,0.0615394594343642,288.91649893400734,2,6,4.0234284
6557,0.0231080708311914,290.160408297604,7,905,21.830027
6558,0.0652522705508006,288.48684412986023,4,32,1.8543341
6559,0.0409583012475748,290.87478844195846,7,86,0.92740995
6560,0.0626668000510506,289.69462612446864,2,5,0.0
6561,0.0298031654907293,290.8584743260249,7,77,3.552419
6562,0.0338535976920391,291.5435576318216,7,62,0.92740995
6563,0.0291857445138119,291.94177245792275,7,217,5.764917
6564,0.0338019115190218,291.45146421344384,7,59,0.92740995
6565,0.0464871243667332,289.61032332822725,7,104,1.1519783
6566,0.0240705428007272,290.20259626945693,6,442,6.869882
6567,0.0665001359002143,288.6041462589476,4,18,1.1996197
6568,0.0661839518713506,288.5881552803271,2,21,3.893164
6569,0.0378306103735039,291.5482614351657,7,71,2.2992814
6570,0.0298256846332431,290.9544461471579,7,73,0.92740995
6571,0.0374734338679551,291.1251503805832,7,79,0.0
6572,0.0307464186915609,292.0332900064665,4,108,1.1530128
6573,0.0197596552740763,291.35563193481505,7,140,3.4156156
6574,0.0327648092078581,290.1074369150797,5,112,0.92740995
6575,0.0659550842799948,288.5818949914765,4,20,0.92740995
6576,0.0645570148580006,289.3769461329362,4,5,3.024139
6577,0.0618977905625233,289.6960249694323,1,5,2.5515423
6578,0.0705767717068029,289.58955078007205,4,13,3.020055
6579,0.0259776282650292,291.183702086673,7,79,1.1428498
6580,0.0348185083251291,291.5879531884566,7,66,1.4757804
6581,0.0213996958595716,290.6576359161632,7,106,1.1336858
6582,0.0209156835777226,290.7272519768304,7,129,2.452341
6583,0.0413931472692975,291.3699319043902,7,82,0.92740995
6584,0.0646302663139377,289.6733079686376,7,9,3.015189
6585,0.0454748161333501,290.69487914980874,7,89,0.92740995
6586,0.0453263946094409,291.47177356274113,7,94,3.5785987
6587,0.0421589457035423,291.60422632917835,7,84,0.0
6588,0.0754832801619082,288.5265351877843,2,31,1.5187289
6589,0.0372383585313995,291.56330354903946,7,73,1.4768128
6590,0.0214446046480001,290.66270860148967,7,214,0.92740995
6591,0.0193586752140187,291.7703733881682,7,83,0.0
6592,0.0430182828748931,289.4550837116181,7,104,0.92740995
6593,0.0461073978736953,290.760761467071,7,91,2.1832097
6594,0.0431954341957699,287.33426468482764,9,476,6.0083604
6595,0.0280799480077018,290.302161263381,7,494,6.5110645
6596,0.0206392319850191,290.7622933981437,8,381,4.763842
6597,0.066537917084532,288.5028502410067,4,33,0.92740995
6598,0.0478771121954728,288.55265592006816,7,123,1.8543341
6599,0.0424289299768238,291.5573098406136,7,84,2.1831248
6600,0.0253872085457771,290.2508630258567,7,340,10.791397
6601,0.0210568078878466,290.7510141300299,5,623,8.635466
6602,0.0416091747875899,291.52872241097486,7,81,3.5739174
6603,0.065921039543367,288.50755668994543,4,33,1.5177584
6604,0.0303273205111925,290.1418890226938,7,142,2.1783504
6605,0.0383335696980646,291.61150383085226,7,70,1.4786785
6606,0.0212678106264724,290.6168974177323,7,160,1.1354922
6607,0.0303605276484304,290.0930953146866,7,149,2.942899
6608,0.0426669810448184,289.7999111108723,7,102,0.92740995
6609,0.0308860530923991,291.5607448701496,7,57,0.92740995
6610,0.0673070480073697,288.7661182300891,4,13,2.206985
6611,0.0205641410324113,290.90278243878754,7,114,1.8543341
6612,0.0342967235070136,290.39382394194337,7,87,3.7047918
6613,0.0745323684053275,288.8504085569368,1,23,1.5170074
6614,0.0428193912537828,291.5517915461774,7,85,0.0
6615,0.0226583904684495,290.2916768719649,7,285,2.4457138
6616,0.0310259775629831,290.16979608450407,7,131,1.4727722
6617,0.0312116454115576,290.4920454290897,7,94,0.92740995
6618,0.0605395919097074,288.4277990239435,4,26,4.407123
6619,0.0305819438241855,291.12826453550315,7,67,1.1452292
6620,0.0397475195221653,291.6715312257869,7,70,1.1530335
6621,0.0218889468572354,291.361048753507,7,105,1.1409016
6622,0.0789735564115032,288.8521418112772,1,30,1.8543341
6623,0.0312679023221999,291.3794426103507,4,122,1.476743
6624,0.0616432506101892,288.3968185552744,4,34,2.3987892
6625,0.0646590378612081,289.314506286173,1,6,0.0
6626,0.0320707763880123,291.3467819283884,4,81,1.4761344
6627,0.0785037725460626,288.89782305898905,3,31,1.2018598
6628,0.0213713254420181,290.66239343457244,7,715,20.447752
6629,0.039824560035042,289.3201682270546,7,110,0.0
6630,0.0694404775158526,288.560436508313,4,28,1.5180548
6631,0.0366590716963814,291.53585892959023,7,68,0.0
6632,0.0762890591573728,289.38064234278824,4,19,2.206413
6633,0.0684407701084836,288.2931059735361,5,35,1.5188051
6634,0.044773833716487,290.2194463370647,7,97,2.1824927
6635,0.0250250393930147,290.78583152391167,7,156,1.4708567
6636,0.0633241685595224,289.59679062123,5,7,1.5086756
6637,0.0427173907582922,291.5712556093851,7,84,1.1533061
6638,0.0243756693877881,291.6424833819969,7,66,3.8919432
6639,0.0522892272029918,287.61096993768643,7,160,10.247185
6640,0.0237497704002599,291.00479170647543,7,124,1.1414291
6641,0.0209928203011274,290.7644519142798,5,87,2.1733966
6642,0.0202755674217675,290.9464605536905,7,104,1.8543341
6643,0.0184606618105288,291.500130462211,4,76,2.1758103
6644,0.0418730911057047,290.06555229147483,7,93,2.4787397
6645,0.0617978348919345,288.4023287748888,4,32,0.92740995
6646,0.0437604482400631,289.5814487581773,7,107,0.0
6647,0.0367425080326851,291.6353697844223,7,65,0.92740995
6648,0.0408598196267167,291.41443445252565,7,81,2.4806664
6649,0.0215333206473085,290.63372417491587,7,163,2.2655516
6650,0.0631407602467941,288.524228549013,5,19,2.2072732
6651,0.0734726446997665,289.52394498759395,7,20,0.92740995
6652,0.0748755669156939,288.4168317296196,4,33,3.0287378
6653,0.0201542159396083,291.00809950072585,7,113,3.002526
6654,0.0402968238140791,289.23159015132643,7,109,1.148176
6655,0.0378937469495554,291.57229091446146,7,71,1.4781474
6656,0.027332542369757,289.9060983860563,7,509,17.884882
6657,0.0383761632517185,291.22859829258266,4,44,2.186739
6658,0.0650725537195983,289.39168510166314,1,6,1.5099267
6659,0.03291583448978,291.46690576738666,4,87,1.4770638
6660,0.0346923190426451,289.81136497333904,7,113,1.4739715
6661,0.0231306583349181,291.40282108428335,7,87,2.4631853
6662,0.0651283781812338,288.550890194153,4,19,0.92740995
6663,0.0613230464700815,289.675347132585,1,6,1.8543341
6664,0.0398538397782427,289.0407559506059,7,120,1.1477051
6665,0.0601631433146227,289.664441088744,6,5,1.5073981
6666,0.0707570516988694,288.76823761783004,2,19,2.208177
6667,0.0427452514081401,291.5101988896237,7,86,1.4790183
6668,0.037226098255354,291.7662755242783,7,62,0.92740995
6669,0.021946690584338,290.47498159846566,7,130,1.8543341
6670,0.0205450473658163,290.8833749651681,7,90,0.92740995
6671,0.0225718315921946,291.3497648182615,4,96,2.4625094
6672,0.0327660898298924,290.19351074490504,7,102,1.1452694
6673,0.0375712544922379,290.76937542446785,7,81,1.4760617
6674,0.0449325873155845,289.27945413564584,7,108,0.92740995
6675,0.0420477813103757,289.89849501734847,7,100,1.1499157
6676,0.0676802180118043,288.73116074108754,1,11,7.473424
6677,0.0621926700037874,288.4097901879452,4,35,0.0
6678,0.0208393795800904,291.210888193171,7,135,1.1399244
6679,0.0223576560970599,290.3551746659398,7,206,0.0
6680,0.0302723434000732,291.7573643525527,7,167,2.302262
6681,0.0371466597381045,291.772129649456,7,63,0.92740995
6682,0.0448187615898386,291.19554354908104,7,90,4.430606
6683,0.0621506987630716,288.5276895469767,4,17,1.5140972
6684,0.0744211037921558,288.64475756298447,5,29,1.2023259
6685,0.0364520189805337,291.8873335693577,7,59,2.4855287
6686,0.0204036410311024,290.8093779712068,7,592,13.595254
6687,0.038357807462489,291.6317368829508,8,69,0.92740995
6688,0.0265791252519555,290.2777058299845,5,264,5.692062
6689,0.040748973997611,289.79881617508613,7,93,1.1490955
6690,0.0405790440871167,291.535498840737,7,80,0.92740995
6691,0.0306402869190961,290.98891829487184,7,70,5.547545
6692,0.0310316101970227,291.2344019083888,4,75,1.8543341
6693,0.037148613300129,291.5702033403226,7,69,2.480598
6694,0.0301981751600061,290.67552076166584,7,88,0.92740995
6695,0.0615270414056966,289.7346339838933,1,4,1.507726
6696,0.0622908996227269,289.68536984869934,1,-4,14.345952
6697,0.028143379618205,290.3441011992136,7,555,11.863247
6698,0.0256171288100098,290.102322747929,9,783,9.236831
6699,0.077967036381045,289.4049863974386,5,26,0.0
6700,0.0390369644262071,289.3834246360842,7,118,0.92740995
6701,0.0378498714865488,290.80330158349346,7,77,0.0
6702,0.0446073340711876,290.0825909263471,4,-12,3.981899
6703,0.0210579310210787,290.71370679559465,7,95,1.4655584
6704,0.028055616262417,288.8105453279888,7,370,4.9087963
6705,0.0189711932763827,291.3437389732379,6,88,2.2731853
6706,0.0427246505779119,289.9011060881422,7,104,4.424437
6707,0.0773141203523678,288.83223046917635,3,22,2.2093546
6708,0.0608268780070176,289.74301715783463,7,7,5.547545
6709,0.0399954325081871,291.55369304175576,7,82,3.4510486
6710,0.0215218829153029,290.5581896749394,7,131,1.1348668
6711,0.0742814245776569,288.8377590710031,3,18,7.3839536
6712,0.0288549966978614,290.5719701478035,7,110,1.1436287
6713,0.0633303834497958,288.5157570320732,4,22,2.5688062
6714,0.0293055877488746,290.5394544137855,7,110,1.4724082
6715,0.0745030816535317,288.3094615709041,4,37,0.92740995
6716,0.0366115550895324,291.68091092650945,7,62,0.0
6717,0.0606260907042661,289.0797925345313,4,4,0.92740995
6718,0.0393832670551986,291.5447567526088,7,80,2.1820083
6719,0.0653982221258617,288.5732127429664,3,20,0.92740995
6720,0.0289726523676745,290.82515051580657,5,339,10.022469
6721,0.0209892454871158,290.7633442499944,4,87,1.4651442
6722,0.025204035894544,291.6870854040239,7,64,1.4718308
6723,0.0237479015746901,291.16643572646524,7,95,2.463222
6724,0.0205698189440818,290.9121512694839,7,363,1.4652581
6725,0.0241755517655031,290.3019276758273,6,464,12.46433
6726,0.0275673510992602,290.12310074893657,7,359,4.6560626
6727,0.0224046360693398,290.3733378401799,7,267,5.660516
6728,0.0288692419126137,291.1290949945192,4,73,2.4699173
6729,0.0406661574865388,290.6239642540521,7,90,1.1500261
6730,0.0271464731361112,290.5555711730553,7,142,0.92740995
6731,0.0293012048757193,290.924767486247,4,240,5.0467544
6732,0.0425547114516975,291.5963806768751,7,84,1.153517
6733,0.0431600057290066,289.5476387190914,7,106,1.1500996
6734,0.0417321519770379,291.5767540673829,7,83,0.92740995
6735,0.0398673980790703,291.6373875354935,7,76,2.4837832
6736,0.025544261444697,291.20714303764873,7,82,0.92740995
6737,0.0215691161995467,290.5355876016872,7,173,2.2690997
6738,0.0210595185133354,291.61297958626454,7,85,2.7802885
6739,0.0446339244023445,290.0812336237891,4,-12,2.9941661
6740,0.0251519862042356,291.0327463097004,7,94,0.92740995
6741,0.0382385056611,291.6132761268417,7,71,2.7802885
6742,0.0355319818117231,289.8446209434522,7,107,0.0
6743,0.0629458419081346,288.48455335097503,4,24,2.2076623
6744,0.0692085995098414,288.2607806202066,7,33,0.92740995
6745,0.0383529744920743,291.56019450229746,7,71,4.6869745
6746,0.035220105919056,289.1828952132352,5,179,1.1453619
6747,0.0391183606111017,291.58857053779843,7,75,1.4786465
6748,0.0419974854308901,290.0556936486737,7,99,1.4772578
6749,0.0599828425346617,289.7516364325277,4,4,0.92740995
6750,0.0347165684402054,289.9590010779086,7,107,1.4741187
6751,0.0540073451344601,289.6214343376986,2,4,1.5051593
6752,0.01874244869909,291.55392129404714,7,110,1.4690262
6753,0.0451246512449754,288.8964897327737,7,114,0.0
6754,0.0555269055720678,289.5668542138492,4,3,2.5465953
6755,0.0477085921755061,289.34882109565564,7,104,2.4830346
6756,0.0445702387146561,291.241997039557,7,89,1.4794294
6757,0.0691730633245467,289.1764879950108,4,12,2.7802885
6758,0.0519302165753955,289.7410008199031,4,2,2.1997156
6759,0.0488718228770633,289.616132984611,7,103,1.1532813
6760,0.0676898148043171,289.2361780372915,4,12,0.0
6761,0.0232779478674864,291.72189284492305,4,67,2.1774132
6762,0.0421248048936224,291.5512411134055,7,88,0.0
6763,0.0225734025784155,290.3059148021266,7,225,0.0
6764,0.0380449522330014,291.56254354559906,7,69,1.4780293
6765,0.0225410314446967,291.2186505205643,7,111,2.4619884
6766,0.043294592614523,291.5007024313163,7,88,2.4834242
6767,0.0210456719062609,290.6819310986969,7,157,1.4661423
6768,0.0231981228914252,290.41510406518853,6,471,16.310532
6769,0.0389922735847029,291.72228549123906,7,71,2.1832511
6770,0.0417677653564947,289.8923565135459,7,96,2.9520655
6771,0.018312118587652,291.5429905903421,4,75,2.1756558
6772,0.0375063476027595,291.5441167415879,7,78,0.92740995
6773,0.0235633958556544,290.7367343544888,6,294,6.505505
6774,0.0787774885031949,289.33635343191696,4,25,4.780591
6775,0.0240875179685594,291.0077755133759,7,136,1.4706779
6776,0.0185030951971738,291.4729551588217,7,89,1.4676914
6777,0.0408193762056551,289.166325998085,7,106,1.1483792
6778,0.0404016354520142,290.09047852860084,7,88,1.1492544
6779,0.0632413214520843,289.546880042289,1,6,0.0
6780,0.0460843530255156,289.2183408416713,7,111,1.8543341
6781,0.0266381094783971,290.6258643289328,7,139,0.92740995
6782,0.0678925945512394,289.56160147658187,7,17,0.0
6783,0.0339878024727011,290.08305089459344,7,105,1.4739307
6784,0.0245879322722182,290.43589689497765,5,339,3.5427148
6785,0.0397246328176607,291.6703635418127,7,68,2.3050926
6786,0.0270008395654078,290.0914799767234,6,500,8.406723
6787,0.0448992853813308,287.476266850212,7,530,10.811252
6788,0.0252068823491453,291.0491363824129,7,96,0.92740995
6789,0.0463523634535149,289.9368931447045,4,-8,1.4998157
6790,0.0211641567750335,290.6456598052403,7,167,1.4660609
6791,0.0651973111430175,289.1506242562824,4,6,1.5109515
6792,0.0212126878078369,290.7182259261698,7,625,16.109365
6793,0.0219125041614555,290.4688165044488,6,167,2.4488986
6794,0.0404349637392063,290.0251855196435,7,92,2.1811366
6795,0.0423981269267568,289.22095957991405,7,102,2.1811924
6796,0.0349070649769638,289.9517984683158,7,106,1.8543341
6797,0.0237862955670076,290.6914010759448,4,306,5.547545
6798,0.0429777336150614,289.8222374455372,7,103,1.8543341
6799,0.045284308060912,290.2964407013329,7,94,3.60815
6800,0.0625974266700931,288.4473632696969,4,26,3.5942616
6801,0.062581067640682,288.91719460884684,2,3,3.6928217
6802,0.0341988971817594,291.485563908599,7,64,0.0
6803,0.0311622159301004,291.6067974567786,7,59,2.1795866
6804,0.041984194041382,291.5705375708636,7,82,3.6091301
6805,0.0395182726335454,289.15623913191035,7,118,0.92740995
6806,0.036420238055903,291.6212611078606,7,65,0.92740995
6807,0.0776476284019843,289.2895306505295,7,17,3.6667109
6808,0.0645398286769182,288.530277256436,1,22,1.5159982
6809,0.0311037318643354,289.6800889386931,4,226,9.120176
6810,0.0540053641396035,286.5804415349038,9,675,30.297977
6811,0.0310022158958726,291.5919025154212,7,122,2.1819737
6812,0.0185681507934391,291.4694857508211,4,77,2.175734
6813,0.0762526525684589,289.35536962072774,4,20,2.2064948
6814,0.0405867954411113,291.58950280532935,7,78,1.4791274
6815,0.0629284394076294,289.24118104511746,1,5,0.92740995
6816,0.0646546574667439,288.7414448146434,2,14,1.1960598
6817,0.0273865146483962,289.68033206984234,4,416,9.240077
6818,0.0174750347604888,291.77849475641466,7,84,1.1388639
6819,0.0173650701311724,291.81292516925566,7,93,1.1390607
6820,0.0304464151581031,291.2790058333639,6,150,0.0
6821,0.0200836098474773,291.3962480630092,7,86,0.92740995
6822,0.0257320383266931,289.4522067057489,7,514,3.003949
6823,0.0430487448598828,289.31751474764104,7,102,3.5676565
6824,0.0253491969949562,289.5303332344963,7,463,4.5467086
6825,0.0631364606267548,288.484669901054,7,27,1.5157005
6826,0.0183337986078409,291.5126655091136,7,92,3.8802774
6827,0.0364860353246964,291.5873606963537,7,65,1.1511524
6828,0.0778632725786173,289.34854778593353,4,21,3.0265534
6829,0.0691122381873856,288.6306424292358,4,24,2.2089481
6830,0.022296485897201,290.3869043685152,6,193,2.1725614
6831,0.0618477593605975,288.5303244032177,4,11,9.445901
6832,0.0700820049993961,288.7409502979493,3,18,0.92740995
6833,0.0210566899985419,290.7506593077602,5,364,3.5323548
6834,0.0280895929042887,290.6034821115601,5,369,4.5692754
6835,0.0670365829536633,288.7549326630186,4,21,7.530626
6836,0.0538639952182111,287.2782979411912,7,272,15.529268
6837,0.0281162786191917,289.21089060737387,9,1125,22.30118
6838,0.0209860843544135,290.7705280040654,7,543,22.76792
6839,0.0420098546034577,289.18837885771023,7,102,0.0
6840,0.0686122718450232,288.65039603388743,4,24,0.0
6841,0.0269133341320142,290.60003516158656,7,136,1.1426185
6842,0.0414562110105055,290.8021336835762,7,91,1.4777166
6843,0.0680129291079561,288.1076301694141,7,42,1.5193627
6844,0.0235409380416322,290.3709988486498,9,985,8.75185
6845,0.0419661077893525,289.75160207074185,7,97,2.478142
6846,0.0197423167547571,291.1846697441636,7,142,2.9357271
6847,0.0739660043865776,288.9213652093273,1,19,2.2080216
6848,0.0233094464125147,291.1417763683621,7,110,2.2818418
6849,0.0197084178075806,291.4638236321589,7,76,2.4597275
6850,0.063469447443724,289.4382138517138,4,7,0.0
6851,0.0377108629534967,290.34307963896845,7,83,0.0
6852,0.022229873309008,291.5014162312629,7,84,4.764843
6853,0.045934320862586,289.29062911655166,7,112,0.0
6854,0.0655945328261028,289.4493491958111,4,7,2.5562093
6855,0.0356796115403749,290.19958231891434,7,93,0.92740995
6856,0.0290420577445722,290.84846228932963,4,311,7.4654365
6857,0.0187048882162752,291.38800133011216,7,150,0.92740995
6858,0.0630429526912518,288.50948624746843,4,21,3.0268016
6859,0.0675100136848875,288.76240946383734,4,19,0.92740995
6860,0.0283762769435975,290.40589752725896,7,148,1.1431651
6861,0.06601322827632,288.6170358163047,1,19,4.408897
6862,0.0686717260988818,289.57653086766,7,15,1.5101843
6863,0.0393725041997405,291.74210924256715,7,75,2.1834126
6864,0.0411941548295871,291.569996430352,7,81,3.0089982
6865,0.0276329598482952,288.73429422508195,7,218,7.3788605
6866,0.0222546417271068,291.3119164138608,7,106,1.1410323
6867,0.0462910291035573,289.1974798519167,7,113,2.4812746
6868,0.0388536552858176,291.5467985220849,7,77,2.1819046
6869,0.0417375432642718,289.7288381700501,7,98,2.4778621
6870,0.0187268172134282,291.3354972978947,4,206,4.6273675
6871,0.0641426402064536,288.52666759667875,4,19,0.0
6872,0.0386516559679699,290.2823674561341,7,84,2.1807919
6873,0.0199213410570432,291.737236865057,7,84,0.92740995
6874,0.0326076635791152,290.6843798441116,7,77,2.4708862
6875,0.0325960238761395,289.9998347155524,7,126,1.8543341
6876,0.038982495580164,291.6115061013045,7,81,3.0088537
6877,0.0452564674340533,290.23800112485475,7,97,1.4788003
6878,0.0801576451574391,288.88312140259234,7,48,2.2066975
6879,0.0608743438211037,289.6506482598829,4,4,4.514724
6880,0.0315321982467038,292.0664060860566,4,90,2.9576273
6881,0.0195882314968411,291.15899796476606,4,95,5.025879
6882,0.0629690866472786,289.27990310765585,1,3,1.5095187
6883,0.0189244334201355,291.28085577993534,7,204,11.505844
6884,0.0443752240494637,290.3215007480982,7,97,3.0086856
6885,0.0623852063715941,288.4439723589254,4,29,4.5392075
6886,0.0467682837497321,290.82060983499144,7,91,0.92740995
6887,0.0762324768911442,288.5287293672707,4,33,1.5187899
6888,0.0369800064022254,291.5977070224284,7,68,2.9545786
6889,0.0740042943579987,288.405288377856,3,32,2.2100217
6890,0.0272932324065118,290.64279642722835,7,123,2.9413939
6891,0.0665754925455241,289.1078885879086,1,9,2.2050617
6892,0.0227319294936433,291.06983795595585,7,144,2.9384308
6893,0.018471348317753,291.5759121746576,7,105,0.92740995
6894,0.0649812373899877,289.3111641839941,4,6,1.510188
6895,0.0182355553777453,291.526014342387,7,99,2.175582
6896,0.0195858291401446,291.0925003987794,7,138,3.0034292
6897,0.021429582835251,291.36138181141285,7,109,2.2804005
6898,0.0741006344912743,288.28593553470347,4,35,1.5193284
6899,0.0299624395883581,291.0736159822622,7,255,5.6634917
6900,0.0213837830108094,290.66282848260715,7,108,1.1336936
6901,0.030916507868288,291.558415538001,7,138,1.8543341
6902,0.0651438730252031,288.6360394341036,4,16,1.5147642
6903,0.0258716496080094,290.1718894076572,4,518,10.326418
6904,0.0321560666723494,288.7314492789619,7,0,1.8543341
6905,0.0298632545931512,290.7969128998657,7,81,2.468423
6906,0.0448171859212665,289.3827589213256,7,110,3.606459
6907,0.0262545468074544,290.39464088690005,7,411,11.596515
6908,0.0621832968157877,289.2946720134901,4,4,1.5091517
6909,0.0401122785260826,291.5934512489722,7,76,1.4790087
6910,0.0658954361985485,289.6875797021441,5,13,0.92740995
6911,0.0458277338262658,291.12568937562975,7,93,1.8543341
6912,0.0282841299988191,290.93730403242887,7,610,8.65953
6913,0.0328231625960751,289.870967715104,7,136,1.1449076
6914,0.0660998062969755,288.5238601582291,4,28,0.92740995
6915,0.0220814270761615,290.45460735655263,7,124,4.6163573
6916,0.0423838520284381,291.5122482020246,7,85,1.4788195
6917,0.0227844448791546,290.2417245764037,7,648,0.92740995
6918,0.0397692225450866,288.9872615269444,7,126,1.4753321
6919,0.0325338503136607,291.0704479147517,7,70,1.4742473
6920,0.0378141614867753,291.54838338996933,7,71,1.4776655
6921,0.0197294789856653,291.323212248326,7,102,0.0
6922,0.0288999682879706,290.9049184178519,7,276,1.4751273
6923,0.0217535759532358,291.3090375482868,7,114,2.1767108
6924,0.0342926401108797,291.4754409183722,7,63,0.0
6925,0.0212490585291507,290.6848181669666,5,87,0.92740995
6926,0.02887927840565,290.79282389935605,7,343,5.8773875
6927,0.0187982232339876,291.6829562630472,7,92,1.4691944
6928,0.0627020666003474,288.51230795716816,4,19,0.92740995
6929,0.0613462661802471,289.33262577758705,4,7,1.5086938
6930,0.0262375192564915,289.280679318981,5,422,14.73564
6931,0.0283822477671371,290.7249158227809,6,415,1.4733366
6932,0.0389492565915907,291.6121375575083,7,72,6.0302052
6933,0.0418325575192287,289.199342810261,7,102,1.4764005
6934,0.0357250687263927,289.8395071180567,7,111,3.4356382
6935,0.0364869760737645,291.6180295435655,7,64,1.1515013
6936,0.0350105851021178,289.7244364163776,7,118,1.4740216
6937,0.0365250595694439,291.59204120312364,7,71,1.4781506
6938,0.0727693382774458,289.51377387508035,7,23,0.0
6939,0.038801725767836,291.599180474734,7,70,2.3028533
6940,0.0254247288142555,290.684181537122,7,180,3.8758502
6941,0.0708223010937215,288.7825591857068,3,20,1.516134
6942,0.0232084337989813,291.2216074069469,7,105,1.4705361
6943,0.0480326069325419,289.49420790811115,7,107,2.1829746
6944,0.0372811879497657,290.2688984420284,7,87,2.1803968
6945,0.0402050896374652,291.4365257103132,7,85,1.4777739
6946,0.0475564675013764,290.7355914769299,4,44,3.8826666
6947,0.0209786323997134,290.73594932712547,7,97,2.9293756
6948,0.0204851636797449,291.36637665880795,7,87,1.4694394
6949,0.0780591981393098,289.3876370717526,4,21,0.92740995
6950,0.0215215595850237,290.58140231477205,7,98,3.002133
6951,0.0300446101864678,291.37088922072303,4,229,1.1495849
6952,0.0679275791534825,288.7625415330229,1,18,1.1980535
6953,0.0675297204164165,288.1641927793304,7,40,1.2034096
6954,0.0325888919487412,291.7340886414278,4,82,2.182482
6955,0.0612057639774401,289.7905329809415,4,3,0.0
6956,0.0208238127438746,290.76216567241863,7,105,1.1356906
6957,0.0280802213276079,289.6657678484938,4,413,8.365346
6958,0.0208371775632948,290.7585869368195,7,107,3.0026157
6959,0.0295638114772704,290.1932122184628,7,156,2.4667475
6960,0.0764566012008747,288.5968015257672,1,34,1.5186069
6961,0.0212676833435815,290.68502391462096,7,95,1.4648415
6962,0.0397308382570744,289.09959061175147,7,119,0.0
6963,0.0721300729961969,288.82506112877826,1,24,3.8931901
6964,0.0240639796748972,290.21994870312847,5,426,4.3463197
6965,0.0205815405555909,290.83167779122766,7,107,3.5877326
6966,0.0378119750348249,290.49344247677783,7,81,1.8543341
6967,0.0419420203923442,291.6077097679566,7,84,1.8543341
6968,0.0473004400027051,288.7101146279257,7,127,2.9545531
6969,0.038490541394385,289.82800307050024,7,97,0.92740995
6970,0.0213116808514304,290.7644656279876,8,268,1.8543341
6971,0.0388838592407824,289.04994258786246,7,132,0.92740995
6972,0.070083212324936,288.47351985100613,1,25,0.0
6973,0.0754266563140799,288.58690709282644,1,32,1.518542
6974,0.0738932794870291,288.6977745191072,4,29,0.92740995
6975,0.0213458237766918,290.6098657117704,7,133,1.4656125
6976,0.039289694501568,289.4204956105747,7,111,0.92740995
6977,0.0761710019281572,288.8292356600395,4,27,1.5178913
6978,0.0422903933641743,289.61026749838624,7,99,1.4769716
6979,0.044432463173482,291.4949501122088,7,90,1.4797608
6980,0.0276565940910078,290.6075846285476,7,255,1.8543341
6981,0.0342413023819174,291.5310345102039,7,64,0.92740995
6982,0.0209389770439593,290.7591721532615,7,93,3.8717558
6983,0.0483752758314971,286.40602895704194,9,648,22.731255
6984,0.0431795991252566,289.57553803621806,7,104,0.0
6985,0.0209361080087772,290.7120299658168,8,153,0.0
6986,0.0451644857689114,290.382197392937,7,91,2.1827052
6987,0.0250454655721849,290.56074873530946,6,281,5.036259
6988,0.0372617871484473,291.5459116700621,7,72,2.4795885
6989,0.0430306011079339,289.48960205243986,7,101,2.4786339
6990,0.028482282733262,291.239482138955,4,410,10.274
6991,0.0783207207984294,289.342197382649,4,26,6.6378646
6992,0.0438013664750151,289.3347013335444,7,109,2.479073
6993,0.0398205518572883,288.9968234021089,7,125,3.0071487
6994,0.029258996334109,291.1862446211326,7,60,0.0
6995,0.0252214837346791,289.5673357392488,5,436,0.0
6996,0.0372030782522284,291.56478254281933,8,73,2.477711
6997,0.0349429125901869,289.6578954730997,7,121,2.9459133
6998,0.0295062062732901,290.45847694701695,7,117,3.0057068
6999,0.0409861864057732,291.56343857725574,7,79,1.152283
7000,0.0395748706442556,291.5952789490364,7,76,1.8543341
7001,0.0194266312591897,291.0940934657758,7,392,16.525166
7002,0.0462621096588606,289.95449928809,7,97,0.92740995
7003,0.037792799500181,290.7957829714592,7,76,0.92740995
7004,0.0415237175699796,291.60051981687855,7,82,0.92740995
7005,0.0231020681895381,290.14188634639675,7,587,0.0
7006,0.0204723384630438,291.6972677783473,7,83,1.8543341
7007,0.0427220260461818,289.93926974111577,7,99,0.0
7008,0.0775583147317806,289.3865563726067,4,26,0.0
7009,0.0221618712781535,291.6947066626085,7,67,2.1770844
7010,0.0428018803585943,289.6276118238393,7,104,2.2990773
7011,0.0756337139431422,289.38827673162547,7,22,3.0235868
7012,0.0347114628596555,289.84803679238456,7,113,1.4740121
7013,0.0421466082142555,291.55819893426275,7,86,2.483936
7014,0.0404748254554323,290.6440828658435,7,90,2.298963
7015,0.0375865548031436,291.82128328359306,7,64,0.92740995
7016,0.0748191314448839,289.5029341474261,4,19,0.92740995
7017,0.0261178795526066,290.52729892397946,7,207,1.4710573
7018,0.0364807640162058,291.61968645429545,7,65,1.1515177
7019,0.0415054965037968,289.0796618949574,6,106,3.9078352
7020,0.0189669131371354,291.3554123429659,7,101,1.8543341
7021,0.0189584714581246,291.3045879554218,7,106,2.9337747
7022,0.0314753079378263,290.5779497733489,7,84,5.0433273
7023,0.0178865656447386,291.6261676458397,7,104,1.1390568
7024,0.0366353604744165,291.54610657847525,8,68,2.4796338
7025,0.0466659255717648,289.0588782759472,7,115,0.92740995
7026,0.0758688158065735,289.38453647127176,4,20,2.391663
7027,0.0303482102379816,291.3078245779443,6,168,1.1491404
7028,0.0785412189111143,289.2972464696166,4,22,7.3788605
7029,0.0274997202035823,289.53800568639923,7,305,6.5060964
7030,0.0743205502872778,288.2845605164307,5,37,1.5193512
7031,0.0280842048065421,290.7174746509265,7,512,19.045174
7032,0.0634600265893037,289.224188714602,1,6,0.92740995
7033,0.0696446268540267,288.4964467925821,4,27,1.2023259
7034,0.0210082666114043,290.7731604509686,9,545,7.3176465
7035,0.0417001204200025,291.5663274998513,7,83,0.0
7036,0.0311998420111798,291.61221184105483,6,57,2.4717748
7037,0.0215698679637066,290.5699665113717,7,98,3.5855498
7038,0.0192301432508238,291.2881467800186,7,300,4.3425264
7039,0.0386666559271641,289.8276398589122,7,97,0.92740995
7040,0.036460030706621,291.54169423186704,7,66,0.92740995
7041,0.0226261005619684,290.2874617138227,4,591,2.173346
7042,0.0604456223907001,289.0748321792822,4,5,2.7802885
7043,0.0276017806528002,288.8921635886465,7,464,9.220522
7044,0.0478895640084176,290.00310352668123,4,-3,3.7047918
7045,0.0216359129449129,290.59096529957174,7,134,4.7629724
7046,0.0784817316029624,289.3149685702192,4,22,7.010548
7047,0.029020759574773,290.9359598339254,7,76,3.00583
7048,0.0256774319119374,291.0106342158065,7,109,1.1427062
7049,0.0413624966468444,291.64387463282685,7,76,1.4798832
7050,0.0212304971826435,290.63945430035847,7,145,0.92740995
7051,0.0698279708815765,288.41157362523666,4,28,2.576578
7052,0.0248021996410576,290.71365944144407,7,194,0.0
7053,0.0590220380974311,288.9583632401551,1,7,2.5539837
7054,0.0296901218626869,291.3796304702034,6,60,0.0
7055,0.0375595674769225,291.5164841938716,7,75,2.9515202
7056,0.0226963011324722,290.263177280945,7,589,1.4658381
7057,0.0325462523188593,291.73777283837825,4,80,1.4785761
7058,0.07409941292622,288.795785200206,4,26,3.7047918
7059,0.0197618817128575,291.0216464264962,7,256,6.8471503
7060,0.0317703633444953,291.32921706022285,7,64,0.0
7061,0.0375534252404673,291.5443105017657,7,69,1.4773979
7062,0.0231174808951772,291.7418044253125,4,67,0.0
7063,0.0695980739077432,289.140824782784,4,11,1.5127462
7064,0.0365944402450283,291.66812644805606,7,63,1.4787618
7065,0.0693445959054896,289.1757445522682,4,13,2.5621994
7066,0.068261978106874,288.53821023849986,4,31,0.0
7067,0.0217832317293897,290.4958695530434,7,136,2.1733198
7068,0.0345550541628606,291.9197017923885,4,60,0.92740995
7069,0.0662221994767604,288.58678841936694,4,19,2.7802885
7070,0.064016887453339,289.6789517582719,4,9,1.5086975
7071,0.0776171850229199,288.7666268384495,4,35,3.0283415
7072,0.0467430976639051,289.0335128798508,7,117,4.6883183
7073,0.020423480163798,290.8414303928554,7,190,2.2730215
7074,0.0352583015101841,291.44344840070085,7,69,1.1480906
7075,0.0743297919411864,288.3949556952189,4,32,2.2100635
7076,0.0723120697535344,288.8297629155858,2,20,3.8932018
7077,0.0236197236631012,290.0206404493448,7,702,4.6273675
7078,0.0395925027004382,289.1916081272511,7,116,1.8543341
7079,0.0680321286209645,288.5738385740948,4,26,1.8543341
7080,0.028443439579966,290.59226193464286,7,986,17.399082
7081,0.0280144948252452,289.2781046874132,7,270,1.4702959
7082,0.0182259651480915,291.8250600925895,7,78,0.0
7083,0.0223029646875994,290.39101001752385,7,165,2.264474
7084,0.0405993675863389,289.1703646011982,7,110,0.0
7085,0.0425534458224701,290.45791977942963,7,93,1.1508489
7086,0.0397219502257787,288.9824212224339,7,129,0.92740995
7087,0.0348418653400421,289.6771225154929,7,120,2.9458632
7088,0.0221160592999588,290.41710213061594,7,184,3.7047918
7089,0.0440180470591683,289.0383564942597,7,107,1.8543341
7090,0.0191307975264012,291.6015976825378,7,101,1.4692403
7091,0.0418371276746783,291.5960458156216,7,78,4.7676783
7092,0.0221254281337348,291.7033586037052,7,73,2.282032
7093,0.0325631851334505,290.44784981839047,7,89,1.4736773
7094,0.0311076039511699,291.26245485799893,4,104,0.0
7095,0.0223670122901725,290.3551705986716,7,196,6.2865667
7096,0.0432190522517921,289.0031372285911,4,103,0.92740995
7097,0.0368640553619361,291.56514849526945,7,71,0.0
7098,0.0214529729223824,290.6344943544012,7,103,1.1337786
7099,0.0462109385668743,289.9296571724438,6,-8,2.5321217
7100,0.0455532432455931,287.088073624066,9,822,17.13036
7101,0.0636469682650661,288.937606368128,4,7,0.0
7102,0.0762637096524483,289.38917056590776,4,23,3.8921797
7103,0.0181435972600697,291.83377123023,7,77,1.1395613
7104,0.026261837498213,291.05910685896765,7,81,0.92740995
7105,0.0311897128611889,291.2604642740402,4,93,0.92740995
7106,0.0670581245896653,288.75605125934305,4,26,3.5884893
7107,0.0205401553035111,290.8282805678509,7,120,3.7047918
7108,0.0202582164873661,290.95359247174736,8,101,3.587487
7109,0.0374237683924096,291.5571962699171,7,73,3.0083616
7110,0.0606261104878324,289.6205557622267,5,6,1.5076604
7111,0.0489047730340692,288.6016667295204,7,122,1.4788388
7112,0.0362906666435883,291.6242053791463,7,64,1.8543341
7113,0.0712075732428351,288.80263500686567,2,19,0.92740995
7114,0.0376222561872571,291.54792666456274,7,69,3.008263
7115,0.0274182559856079,291.1675858807812,7,70,1.4726135
7116,0.0179873434816479,291.61247124549413,7,95,1.4683485
7117,0.0447006392750383,290.7285135041967,7,92,1.1523283
7118,0.018485427059075,291.6166196683505,7,102,3.87512
7119,0.0312901978843636,290.28517446850697,7,114,1.4729934
7120,0.0413039395463701,290.8719176524769,7,91,0.0
7121,0.0300126602558286,290.5246203574047,7,106,1.1441933
7122,0.0206176922469011,291.20337053087223,7,164,5.6820097
7123,0.0199080428628715,291.0442820179149,7,108,1.4666976
7124,0.0235224732611304,291.2167331491095,7,102,1.1415839
7125,0.0302764972100737,290.8364800388083,7,77,2.4689207
7126,0.0425771703520028,291.5160727381073,7,85,1.4790248
7127,0.0291055727342677,290.97120654300073,7,218,0.92740995
7128,0.0392206014619443,291.573113793058,7,78,1.1516492
7129,0.0301957343665773,290.10864850559886,7,150,0.92740995
7130,0.0234318789657782,290.05140935779406,4,607,2.4541507
7131,0.0620738551270443,288.501414302648,4,14,8.522856
7132,0.066229578633068,289.2942480496655,7,22,2.378288
7133,0.0218198154861946,290.5201958666857,7,101,2.172919
7134,0.0233814620155202,291.08876718305834,7,117,5.331543
7135,0.0361605542512134,289.8072499428708,7,105,2.1797903
7136,0.0320856633853352,291.6201479544334,7,61,2.292484
7137,0.0666168602336981,289.11043558810536,1,9,2.2050643
7138,0.0221862302341959,291.47473490963586,7,91,0.92740995
7139,0.0660669171445897,288.3251705628131,7,41,2.5763717
7140,0.0221512016273895,290.4535681550764,7,696,3.8664715
7141,0.0373994362117535,291.56070446562927,7,71,1.4768955
7142,0.0212201384742668,290.7151531070658,7,652,9.415852
7143,0.0374738818356111,291.55605421824146,7,74,0.92740995
7144,0.0217768669090705,290.50025758920384,7,134,2.1732957
7145,0.0407296201699909,290.5781250108842,7,91,1.477207
7146,0.0794949172115108,289.20035297117226,7,31,1.8543341
7147,0.021901612249225,291.5078677078222,7,88,1.4702867
7148,0.0793862979125347,289.3941691709821,7,29,2.567055
7149,0.0253496874994641,289.5746911848905,7,412,5.0315866
7150,0.0392106490441954,291.6049166392294,7,75,4.955943
7151,0.0179092522784653,291.633014127064,7,96,1.4684583
7152,0.0301523304612584,290.155570061424,7,145,1.8543341
7153,0.040725706937093,291.4793846251645,7,80,2.1821206
7154,0.0803638190424554,289.1667049505833,7,30,4.037314
7155,0.0465669503441187,289.50593024300827,7,108,2.4822264
7156,0.0182201848508859,291.5355056081952,7,100,3.5351734
7157,0.0302399339174434,291.7248965133204,4,187,3.9151602
7158,0.0637561070554129,288.57226778031094,3,20,2.5674438
7159,0.0361213203874842,289.7434103683687,7,111,0.92740995
7160,0.0216268003531342,291.06669059323235,7,203,2.460853
7161,0.0734694777775805,288.6018487665759,4,34,1.5183173
7162,0.0459543418878171,289.2477551107353,7,111,2.1822264
7163,0.0185191153099998,291.41574215473963,7,123,3.8820827
7164,0.0387216583290439,289.62455660711635,7,104,0.92740995
7165,0.066938252623858,289.5574510889664,4,11,2.3827171
7166,0.0221046582789558,290.43540438070653,7,154,3.5841875
7167,0.0462404566067579,289.41967545952565,7,110,3.9156575
7168,0.0201948426087667,291.4215392564567,7,117,1.1400706
7169,0.0321256162647145,291.56977594254107,4,96,2.7802885
7170,0.0745332485202255,288.8537066144296,1,22,0.92740995
7171,0.0215750344556597,290.60513418402417,7,123,2.2661297
7172,0.0215596614670367,290.57569781810554,7,96,1.8543341
7173,0.0312872009552765,291.1608347770125,7,64,1.473815
7174,0.0447099970929312,289.1332132092119,7,108,1.8543341
7175,0.0389485106770903,289.9383831231492,7,93,1.1482897
7176,0.0447380753399305,289.4291192799716,7,110,2.1819909
7177,0.0228201385688327,290.22638265606577,7,585,2.4505308
7178,0.0399314043954318,290.99355564410325,7,86,2.1815965
7179,0.0294330984004168,290.98240443982587,7,75,1.4728812
7180,0.0484103364790716,288.5765595971275,7,126,3.5735373
7181,0.0375589123345829,291.5878181295798,7,67,3.0085728
7182,0.0314520431807447,290.940926029826,7,70,1.4736773
7183,0.0213195699539768,290.6067704977015,7,153,1.135325
7184,0.0751731224941556,289.03140460972145,5,25,3.0289743
7185,0.0628517548153274,288.9879858957486,3,8,1.5107151
7186,0.0235472704241761,290.17725715450604,7,706,10.340147
7187,0.0379942160164082,290.7143239974198,7,78,2.4762924
7188,0.0363744649383847,291.71280344480544,4,62,1.8543341
7189,0.0203622407511249,290.9212943878399,7,103,1.4661242
7190,0.0203649941267916,291.7588626362181,7,79,0.92740995
7191,0.0330999640757805,291.4170833548132,4,59,0.0
7192,0.0383032253858669,291.6685554127694,7,66,0.92740995
7193,0.0256155761546333,291.4073377340676,7,66,2.2849662
7194,0.0635525943863616,288.4485870060282,4,31,1.2007953
7195,0.0463072956362334,289.2776222071081,7,112,4.688526
7196,0.0185933511840789,291.4015670427264,7,111,3.5354116
7197,0.026835267775753,290.3327966834617,6,653,5.15615
7198,0.0185550711168527,291.41292337492416,7,109,2.1756024
7199,0.0210689549447188,290.7143758711044,7,95,0.92740995
7200,0.0315461550809575,290.65298218957065,7,80,1.1451728
7201,0.0463717625686907,290.161974759844,7,94,2.9564333
7202,0.0220654087571544,290.4333419977578,7,160,2.7802885
7203,0.0683112715036875,289.55542623202814,7,15,3.8907611
7204,0.0321663857263624,291.68460562383467,4,86,1.1514027
7205,0.0727578401146631,288.7973312021332,2,21,1.2005368
7206,0.0355512051854971,289.5769803655689,7,124,3.5568426
7207,0.0178594079037269,291.6365044114624,7,100,0.92740995
7208,0.0649536468456714,288.563925001733,4,18,0.0
7209,0.0248704724073116,289.6415733015725,6,473,0.0
7210,0.0227547077853024,290.2461401139848,6,519,12.42063
7211,0.0280705883839561,290.5188419900838,7,132,0.0
7212,0.0247809595795258,291.5258943867374,4,66,2.4652178
7213,0.0200677870744638,290.9303373109617,7,277,13.188113
7214,0.0193804070640439,291.72608380660853,7,87,1.1400586
7215,0.0313609484276588,290.30180295279786,7,111,1.4730402
7216,0.0334960078294718,291.4616886810052,4,58,1.4758309
7217,0.0184088622506791,291.4687052807849,7,104,2.457491
7218,0.0208858645177327,290.8011608825395,7,391,13.837742
7219,0.0276657997457433,290.2533897244244,6,494,10.542356
7220,0.0198143986668949,291.2764362907794,7,172,1.4691608
7221,0.0747965297332348,288.7618658043185,4,27,1.5179597
7222,0.0383734478899482,291.56606688112123,7,71,2.954349
7223,0.0386460676666904,289.4909140945774,7,112,2.4742463
7224,0.0356891870034508,291.4189709360789,7,69,1.4758751
7225,0.0802403848869758,289.1221911966412,6,32,1.8543341
7226,0.0217730928061631,290.5641827582616,7,201,2.9259992
7227,0.0281853325244192,288.54326550626485,7,314,21.231472
7228,0.0296986433545173,291.2086879441002,7,188,1.8543341
7229,0.0611612828032498,288.9050300866772,1,7,1.5103133
7230,0.0425115926760823,291.5250816940789,7,87,4.692423
7231,0.0694310060083363,289.14041162264573,4,12,2.2057154
7232,0.0647104806617346,288.6027629425928,4,16,0.92740995
7233,0.0178015966832829,291.6566600581121,7,99,0.0
7234,0.0382507985722162,291.5648672685595,7,71,1.4781091
7235,0.0210274972409977,290.69727142946044,7,130,2.4519885
7236,0.0617528725021115,288.8635290395,4,6,1.5108517
7237,0.0226715989577562,291.2399662806401,7,101,1.4702744
7238,0.0606837610874079,289.7930301010609,4,3,0.92740995
7239,0.0426767381096572,290.0373399437667,7,105,3.5695336
7240,0.0409024444505999,291.6835874769634,7,78,1.1536204
7241,0.0353882918614496,291.5639970230901,7,65,2.1808305
7242,0.021207080506342,290.722341419492,7,120,2.1730456
7243,0.0659380685149687,288.5096463086094,4,30,2.2091644
7244,0.0357159290431786,289.71043914124965,7,113,2.9466577
7245,0.0184263872286253,291.48563187108505,7,94,1.8543341
7246,0.0235070286801513,291.45817795640806,7,81,1.141886
7247,0.0386564231464441,291.661788496938,7,69,2.304153
7248,0.03918834555129,291.14421270359685,7,79,1.4770797
7249,0.0374178462740231,291.6392956641117,9,68,2.4822948
7250,0.0278407868143591,288.81008974930995,7,519,8.724595
7251,0.0181337208579825,291.60400756096595,7,103,2.45875
7252,0.0391848106595741,291.570756187294,7,76,2.1823995
7253,0.0226991949475838,290.26683035776847,6,297,0.92740995
7254,0.018330947863607,291.5372208855283,6,76,0.0
7255,0.0220229708818669,291.2146057458817,7,116,2.937934
7256,0.0375664124516913,291.7349139219159,7,64,2.1830552
7257,0.0328645147289204,291.44447637501327,4,84,2.4779453
7258,0.0197155664822285,291.0130101857791,7,377,20.756325
7259,0.0458865881264186,288.90916689254215,7,116,1.1508243
7260,0.0722203942441171,288.791882577298,3,24,8.541863
7261,0.0253944026587355,289.84922755312016,5,636,1.8543341
7262,0.0465245607745312,289.54911321675934,7,105,2.1825774
7263,0.0399520345532171,290.7583760330349,7,88,1.4770479
7264,0.0394706599107855,291.59981976875656,7,78,2.482676
7265,0.017999247304312,291.62758769933214,7,93,1.1381959
7266,0.033158006538845,291.0873207105142,7,71,1.4745203
7267,0.02214270816476,290.4381053697789,7,130,2.925904
7268,0.0289569787914132,291.0987838579322,4,85,1.1453619
7269,0.0406679608611858,291.6471894481015,7,76,3.0092583
7270,0.0281742473183387,291.14000396077046,4,77,3.5529287
7271,0.0496627511295088,287.3074269755691,7,332,4.357843
7272,0.0320510851031906,291.5893625525655,7,58,1.4746742
7273,0.0668011808372931,288.46311888207333,4,33,1.5181004
7274,0.0402315103324596,291.6719276931325,7,73,3.0092819
7275,0.0203033445742097,290.9787150992003,7,126,2.450875
7276,0.0226401526730095,290.4868516291902,9,788,8.13913
7277,0.0423232983791207,290.30358996354886,7,97,1.1505415
7278,0.0421998384170913,291.54112894097216,7,82,1.1525879
7279,0.0397410761708864,289.2657567972776,7,112,1.8543341
7280,0.0731837049959853,288.6136036912448,4,31,3.7195108
7281,0.0225259318863527,290.3170574403057,7,214,2.1724513
7282,0.0752868046636987,288.45855867532765,4,34,1.518912
7283,0.0411339408607838,291.571776887523,7,87,2.1828704
7284,0.0279466771423172,290.596514731442,4,302,4.4107246
7285,0.0244435016695784,289.72867346874585,7,770,12.769178
7286,0.0624944802401983,288.98214175558445,1,7,0.92740995
7287,0.0207018527144241,290.7771364089765,7,141,4.391969
7288,0.0449196328977223,290.6037674015158,7,91,0.92740995
7289,0.0198036676265066,291.1166342961112,7,164,2.2771983
7290,0.0769008974124113,289.37697567425755,4,22,0.92740995
7291,0.0680134058677505,288.5878127751436,2,27,0.92740995
7292,0.0196687120714022,291.05033249600865,7,280,2.933999
7293,0.0372480466579633,288.4225557179776,7,326,7.4653234
7294,0.0192850625738967,291.286256250118,7,118,2.4586334
7295,0.0194327200835852,291.74807695754146,7,88,3.4167495
7296,0.0183411730671569,291.5255842054933,7,94,1.137831
7297,0.0283546986934694,290.8676461309217,7,85,1.4723274
7298,0.0630030262271807,288.6225296622368,2,19,4.406041
7299,0.0359580876849786,290.07781757544114,7,95,0.0
7300,0.0379567632029276,289.1706062553127,7,128,1.1468344
7301,0.0227255536231177,290.2614309851746,7,281,1.4634748
7302,0.0704811987253061,289.2481500583803,7,12,1.5124933
7303,0.0249674421155824,290.57563849669015,4,271,1.4706192
7304,0.0445792129583501,290.25477359712715,7,99,3.7047918
7305,0.0187873178582169,291.346227119989,7,110,5.547545
7306,0.0394403547090935,289.30963195483065,7,114,1.1478065
7307,0.0215061226076905,290.562064898083,7,132,2.1736512
7308,0.0200690557755145,291.04412903795026,7,158,2.7802885
7309,0.0197320848978792,291.1000226716782,4,103,2.1745303
7310,0.020462208979162,290.8475319954732,7,125,1.1365479
7311,0.048144609831698,290.71313775389166,4,45,2.1896179
7312,0.0451530932879616,290.06232024181526,4,-5,2.5288732
7313,0.0359884761563673,290.4093080186613,7,83,1.8543341
7314,0.0469830092556022,290.6598088952187,7,94,1.1534839
7315,0.0467926806608592,287.4394905720025,7,448,21.397282
7316,0.0242534739567404,289.7881706297276,7,670,2.4477918
7317,0.0465834799306597,289.6505627560257,7,105,1.1520771
7318,0.017548632142268,291.75412078319664,7,80,1.1388403
7319,0.0495708974506582,287.61673473021824,7,162,7.955634
7320,0.0329074520544136,291.4790912108841,4,87,2.4786036
7321,0.0423138897919372,289.82718306684893,7,99,0.92740995
7322,0.0465571414770724,288.9574318219383,7,119,1.478173
7323,0.039054880840184,291.5793901461673,7,74,0.0
7324,0.0793043941711896,289.36179119133044,4,28,1.1977639
7325,0.0284340286792374,290.7599117746714,4,417,30.485518
7326,0.0329749167272059,291.60935560792973,7,64,0.92740995
7327,0.0255516652607948,290.76207889813645,7,136,0.0
7328,0.0729386187323809,288.78680599949126,2,21,4.045688
7329,0.0371242208745862,291.56924428180804,7,68,2.3010812
7330,0.0274809458266222,290.6239384101885,7,121,2.1778622
7331,0.0307993056309808,290.90568941026305,7,73,0.0
7332,0.0384208092265565,289.1931249909948,7,123,1.1471136
7333,0.0209415022656346,290.85342345951574,6,409,16.780836
7334,0.0346199450478041,291.4988868737165,4,61,2.7802885
7335,0.0415964868308842,290.47125460563655,7,96,3.6058762
7336,0.0664398358931851,288.77595940436646,1,13,0.92740995
7337,0.0704257871723409,288.59281596870096,4,28,1.518051
7338,0.0659555027298602,289.18278793490333,4,9,0.92740995
7339,0.0337528296069388,291.2302054599076,7,68,2.1800027
7340,0.0216567905478109,290.5751300955397,7,109,1.4644257
7341,0.0302815415707736,291.1495691347513,6,102,1.1468464
7342,0.0205473973853926,291.256706937675,7,142,2.9369788
7343,0.0279344332980926,291.6074250825611,7,64,1.1444058
7344,0.0370920582613432,291.5695057023121,7,73,1.8543341
7345,0.0411308537492065,291.6336942743242,7,78,0.0
7346,0.0765161242344053,288.66614147300794,1,32,0.0
7347,0.0746081245291762,288.9968067731548,4,31,13.674655
7348,0.053118594659932,286.13000055902535,9,955,16.197617
7349,0.0763877484572308,289.38925799649127,4,24,7.37787
7350,0.0666891378404824,289.410669842944,4,6,3.0187879
7351,0.0409703939295965,291.5465916107952,7,81,2.482333
7352,0.0214758886346061,290.5827111616071,7,114,1.8543341
7353,0.0198187885952058,291.3260113075169,7,103,0.92740995
7354,0.0211539950058228,290.5956506472652,9,1061,8.73521
7355,0.0475762846463634,288.6875736587036,7,123,2.3020322
7356,0.0362304874521368,291.53066172396075,7,66,2.9525542
7357,0.0401362262168484,291.6103397718903,7,77,1.479182
7358,0.0465419702214814,289.31475601189936,7,111,0.92740995
7359,0.0587464386884021,288.3600144067817,4,33,0.92740995
7360,0.0260952866789759,290.20235091334854,6,477,21.481577
7361,0.0627033353610772,288.921595970195,1,4,7.7467446
7362,0.0194636939957043,291.1749980136491,7,105,4.393603
7363,0.0390678864224244,289.1825841079162,7,122,0.0
7364,0.0407405653106853,291.5600563408918,7,83,0.92740995
7365,0.0626254250773765,288.41559857541495,4,37,1.2007762
7366,0.0449996175910422,288.26408367817896,7,267,23.09062
7367,0.0346887590608909,291.60082600887205,7,69,0.92740995
7368,0.0309355323642745,292.0760689836562,4,100,3.6095765
7369,0.0389405438158517,291.7660184144808,7,70,2.3061574
7370,0.0311772519574264,291.75574260459695,5,106,2.1824493
7371,0.0620333786996151,288.5299954838516,5,17,0.92740995
7372,0.0673714098583537,289.39561693805115,5,19,0.0
7373,0.0738116863984496,288.7671664327649,1,24,2.5746348
7374,0.0403018297377218,291.5498925760843,7,81,1.8543341
7375,0.0783953007800417,289.36000335259047,4,28,3.026733
7376,0.0474391249636583,290.4045152908315,7,95,3.4565585
7377,0.0184651952423201,291.47373268166047,7,92,1.1380153
7378,0.0221212327699125,290.47285191389165,7,346,1.4634748
7379,0.0235723826448051,291.4065105755116,4,69,1.141874
7380,0.0398558755423851,291.5656671680896,7,83,1.4785856
7381,0.0214031438720886,290.5869906353564,7,142,1.4656606
7382,0.0428597562077205,290.5269574708755,7,97,1.8543341
7383,0.0226487792790998,290.2899309683281,7,262,1.463448
7384,0.0203967912092629,290.85486532575106,7,155,1.8543341
7385,0.0619982677360831,289.7771459036617,2,8,1.5077916
7386,0.0395078918753974,291.70482055684374,7,71,1.1532482
7387,0.0284989471971723,291.0669164934449,4,384,2.4757576
7388,0.0191682195458379,291.28734260042245,4,90,1.4669396
7389,0.0421363464885116,291.5462747850677,7,81,0.0
7390,0.0389832924315828,291.5466335941944,7,74,2.9533806
7391,0.0388512010040054,291.5973200802963,7,74,2.4821959
7392,0.0297918971297569,291.1355613182191,7,80,2.94652
7393,0.0217437653517115,291.1358009766152,4,145,0.92740995
7394,0.0203667776081719,290.9568452790588,7,456,4.896675
7395,0.03905217222321,288.2734128571053,7,360,13.902411
7396,0.0396449795325112,289.108858990027,7,119,2.180339
7397,0.0356125123872208,290.5753187052042,7,78,1.1472552
7398,0.0278409499941563,290.9726028847474,6,150,2.2878273
7399,0.0457207581761725,289.32472933893905,7,111,1.1512263
7400,0.0747724263462098,289.5039466506567,4,21,1.5126606
7401,0.0180592599947479,291.6150720794199,7,80,2.17573
7402,0.0371486653986601,291.579519005262,7,69,1.1511647
7403,0.0387267104834016,291.6912459311419,7,69,1.4794166
7404,0.0323353149186676,291.3659468245438,4,75,1.4761851
7405,0.0332344785949121,289.0265455276356,6,419,13.594543
7406,0.0447557859948627,290.68608601209274,7,90,2.3036838
7407,0.0371819467234225,291.6512550508626,7,68,0.92740995
7408,0.0365939820468948,291.86544019001497,7,61,1.1534839
7409,0.0178004008319981,291.66535034349744,7,95,0.92740995
7410,0.021589063944538,290.5953293948637,7,112,1.4644824
7411,0.0470101594384744,289.1803694750528,7,110,1.1517562
7412,0.0777682249551454,289.3821362809702,4,22,4.7778783
7413,0.0326258274287925,291.6619921631159,4,86,1.4782209
7414,0.0335019595924444,291.4597767124083,4,59,1.8543341
7415,0.0384276390110101,289.8531461648672,7,96,1.4755751
7416,0.0400534827709538,291.563632731513,7,79,1.4786241
7417,0.0612723118969192,288.90025089836803,3,6,0.92740995
7418,0.0449358652608264,287.70223959871805,5,436,28.466753
7419,0.0356223140461602,291.1718070466779,7,70,1.4756192
7420,0.0344462141971902,291.5306747136999,7,64,0.0
7421,0.0293811694340835,290.99876986959606,7,75,0.92740995
7422,0.020724147005133,290.94564535017776,7,222,0.0
7423,0.0222827195305224,290.3851724676929,7,188,4.885405
7424,0.0215594925317197,290.6158369429005,6,129,1.4643182
7425,0.0215582638519486,290.5456793400131,7,138,0.92740995
7426,0.078858640492804,289.38913208570733,4,28,2.3937902
7427,0.0206206199300388,290.8139123029134,7,110,1.8543341
7428,0.0208746633161513,290.7667947998157,7,98,4.3895497
7429,0.0551756630914634,289.70913218106733,4,3,3.0089138
7430,0.038458248499439,288.78688498936606,7,158,1.4745895
7431,0.0462113794633113,289.4296719431252,7,108,2.9549553
7432,0.0651728894165045,288.77007706741193,4,13,3.8920655
7433,0.0605247772718207,288.40484365127594,4,34,1.1978825
7434,0.0643080748927103,288.9515954045144,4,8,1.5116025
7435,0.0378661316007918,291.64025145280795,7,68,2.9556649
7436,0.0220290854294018,290.4443968280392,7,153,3.0018182
7437,0.0219651356046479,290.4816029112193,7,107,2.7802885
7438,0.0184821360660246,291.4261063204334,7,124,2.1757383
7439,0.0376170309772933,291.73098704839754,7,64,1.1528188
7440,0.0741112382779442,288.4870294644009,4,32,0.92740995
7441,0.0189456065468189,291.7611617214522,7,93,1.8543341
7442,0.0398876196051531,291.5653340359913,7,83,2.482013
7443,0.0632526943119297,288.48769542404176,4,25,2.569941
7444,0.0243597354103116,290.6798106672097,6,221,2.4624288
7445,0.0195948200374442,291.08775076896484,7,135,2.4562275
7446,0.0240998204294232,290.3248406427247,7,411,5.757439
7447,0.0464575656010679,290.77983405384447,7,94,2.7802885
7448,0.0377635308757415,291.5481310196616,7,70,2.7802885
7449,0.0369593280815141,291.5729752497685,7,67,1.4780068
7450,0.061648674285491,289.7704286110271,2,5,1.5076896
7451,0.0673616457769712,288.590198562477,2,23,1.2006948
7452,0.0756306690418641,288.87242532660207,4,23,2.208813
7453,0.0249526935348243,291.4623669874601,7,65,2.1777515
7454,0.0405724206096169,291.610796180271,7,76,4.601648
7455,0.0189065822361626,291.3430047456171,7,94,1.8543341
7456,0.0426673919249672,289.10825204165536,7,101,0.92740995
7457,0.0464814037244045,289.30212075272743,7,112,2.481693
7458,0.0424055473147146,289.5276301954908,7,105,2.9519322
7459,0.0418078394154298,289.53656616030827,7,96,1.4767017
7460,0.0241693632607301,290.5195482902181,7,343,3.4194126
7461,0.0613503942269987,289.6452937884427,1,6,1.8543341
7462,0.0416068504191071,289.90554109895254,7,96,3.7047918
7463,0.0285821331659665,290.5900935847238,7,115,2.2860994
7464,0.0198444860208623,290.95608868201435,9,804,22.460361
7465,0.029284733318065,291.04839463031016,5,212,3.8769872
7466,0.0309651169160838,291.9973902960889,4,106,0.92740995
7467,0.0206039744632348,290.8188145896472,7,108,0.0
7468,0.0330592420401153,289.7636551881534,7,147,1.1449035
7469,0.022667937329003,290.27085458456577,7,368,2.172413
7470,0.0227557628817342,291.0830779805952,7,131,0.0
7471,0.0374753489667003,291.5476398851784,7,71,1.1505457
7472,0.0373627661416823,291.7058144079368,7,65,0.92740995
7473,0.0744368450514138,288.8809357192428,4,22,2.3994474
7474,0.0219392562027272,290.4982802906393,7,144,1.4640794
7475,0.0268072507827413,290.71538013761574,7,115,0.0
7476,0.0712228104138927,289.12723515356333,4,14,1.1962014
7477,0.0666526776484533,289.51965063099493,6,17,3.0161905
7478,0.078622991839228,289.3125892524366,4,25,5.124952
7479,0.0370748159828178,290.4317546922939,7,82,1.1478673
7480,0.0468364175302382,289.4461178482259,7,105,2.3030176
7481,0.0275771327080025,290.17791077561475,7,416,5.1566997
7482,0.0670687018788053,288.5691617171354,4,26,1.5172006
7483,0.0709669882973445,288.8276718064029,4,18,4.7788954
7484,0.0211799499502021,290.6572621689224,7,127,0.92740995
7485,0.0288436895868445,291.8824858602956,6,468,10.037307
7486,0.0602185492562669,289.11980037023767,4,6,3.0157588
7487,0.0286516675765108,291.25150520980674,7,274,2.1811452
7488,0.0300485003560363,291.9764361309084,4,134,3.6087577
7489,0.020764570882742,290.79977374580693,7,102,1.1353366
7490,0.0676950654482836,289.1715694808344,4,14,1.1941904
7491,0.03623956354404,291.3737602006908,7,70,1.4760617
7492,0.0195148510815208,291.0847189169199,7,174,7.9106474
7493,0.0636127712362729,288.73133407011545,1,11,0.0
7494,0.0397014208591799,289.208070054018,7,114,2.4746745
7495,0.0443621067010207,289.369666417279,7,110,1.8543341
7496,0.0325389231170401,288.4805174564333,9,2056,23.031158
7497,0.0406640957866818,291.53865284701425,7,82,3.4509258
7498,0.0374602333448261,291.6795531145584,7,65,1.1523365
7499,0.047871388561984,290.033844123885,4,-5,0.92740995
7500,0.0403500604997252,291.5742722015912,7,89,1.8543341
7501,0.0187232336407908,291.38743895956304,7,100,1.8543341
7502,0.0409706467596848,291.56175098352355,7,81,2.4828668
7503,0.0220474105986538,290.429493741562,5,223,5.9437227
7504,0.0411803791734957,289.2107569091898,7,106,2.296332
7505,0.0285072182398548,290.759388417704,4,377,10.373901
7506,0.0310973261961952,290.0221342875189,7,147,0.0
7507,0.0379852430735517,289.66092221071256,7,108,1.4752092
7508,0.032303689977055,291.676931624149,4,87,1.4782689
7509,0.0683192612926999,288.34513400328973,7,32,1.5186298
7510,0.0256258682555097,290.58193180704154,7,233,22.121786
7511,0.0394894547217973,291.0639934237596,7,83,2.1815147
7512,0.0772960451125571,289.3508259320679,4,18,2.206723
7513,0.0425317896017745,289.27322385217053,7,97,2.2979434
7514,0.0484046981076698,287.06017507799083,9,462,11.386507
7515,0.0287377029833851,291.175871313589,6,71,0.92740995
7516,0.039380943411357,291.58784539719034,7,76,2.1825838
7517,0.0626676129601805,289.5780576094347,4,-4,2.5528524
7518,0.0475017825869949,289.8851715424876,4,-5,1.8543341
7519,0.0754607334746776,288.90170505980416,5,23,0.92740995
7520,0.0367987736185929,290.4239381830609,7,85,2.9488866
7521,0.0380503582828213,291.54693683679204,7,71,1.1504884
7522,0.0301534597528491,290.56453412459234,7,98,2.4681854
7523,0.0217495917495295,290.8317959802756,7,339,3.004283
7524,0.0366597680818534,289.47949063646735,7,121,1.1465029
7525,0.0215119384120344,290.6202619516906,7,114,2.1729975
7526,0.0379396933368306,289.6519052614821,7,109,2.1801963
7527,0.0346887558001419,290.4604953681274,7,83,2.472455
7528,0.0790601513817966,288.7416293034926,4,31,3.603269
7529,0.0421715304815868,289.7582126963224,7,100,0.92740995
7530,0.0723797022626862,289.0021112657209,7,26,0.0
7531,0.019819994017887,290.9696404779957,9,789,12.33325
7532,0.0415560565500756,290.0527069530985,7,95,2.2987344
7533,0.0735860679126409,288.7414132335192,3,29,3.0336852
7534,0.0348700016793991,291.49428184353803,7,64,2.1812224
7535,0.0711629860830445,288.9002735365107,2,18,0.92740995
7536,0.0359835901280599,291.581618918766,7,72,6.500815
7537,0.0748111099878439,289.35165879819255,4,18,1.8543341
7538,0.0747228252415893,288.70808969887685,4,28,2.403181
7539,0.0190537584612893,291.3368002780744,6,221,3.7047918
7540,0.0371291815125311,291.5999769733486,7,66,1.8543341
7541,0.022782016410932,290.24768385043984,5,673,2.4479487
7542,0.0303245019768379,290.5277410927611,7,101,1.1443657
7543,0.022268092827035,290.4148236850557,7,668,1.4640077
7544,0.0173711354312957,291.8076628980474,7,82,1.4686688
7545,0.0642661393710533,288.45123349076897,4,36,0.0
7546,0.0294668930592468,291.0410962167261,7,257,5.753825
7547,0.0305099251247507,291.170337713507,4,92,1.4749888
7548,0.0698149493302579,288.48879931523294,1,28,2.5760043
7549,0.0494193335940727,289.19573508260544,7,9,2.539331
7550,0.0641131334381258,289.7247440851688,7,9,0.0
7551,0.0429753585068302,291.5253166089838,7,85,4.958494
7552,0.0405092737549329,291.5529559792821,7,84,4.3587437
7553,0.0388844395501093,291.5804315122816,7,71,0.0
7554,0.0636314317356711,288.8885700115429,4,9,0.0
7555,0.0648093701765008,289.61015499170463,7,9,3.0238209
7556,0.0715192684908634,289.5389918601077,5,14,4.4030805
7557,0.039267468917391,290.3193790241147,7,85,1.4763561
7558,0.0371126250622079,291.54422218237585,7,70,0.92740995
7559,0.0423204384028006,289.12338399640106,5,103,3.0077212
7560,0.066941876538886,288.6543755043996,7,20,2.2077553
7561,0.0217811230865593,290.54843138719457,7,151,1.46416
7562,0.0218406949910619,290.48430321392743,7,146,0.0
7563,0.0324159709891662,290.0824810443368,7,119,1.473271
7564,0.0490172167100301,289.8635284277832,7,100,1.480054
7565,0.0217939126675595,290.54359931483685,7,146,3.5841973
7566,0.0269251803228264,290.98195530925904,7,109,2.1782036
7567,0.0241114217384769,291.47734603564294,7,75,1.4711623
7568,0.0395626997155498,291.6619063090899,7,71,4.767612
7569,0.0280757463538065,291.1475136885824,4,76,1.4729934
7570,0.0472298328334656,288.9478348456692,7,118,3.8786967
7571,0.0214951899271223,290.530597552685,7,640,14.761317
7572,0.0212140580397454,290.6984827260279,7,92,1.8543341
7573,0.0643446585492334,288.6162664625832,2,14,0.92740995
7574,0.0374210716750311,291.557780414469,7,72,0.0
7575,0.0222416039424622,290.92433136518144,7,187,2.4606335
7576,0.0217988639822906,290.491678082262,7,142,2.7802885
7577,0.0325466040960765,290.79630685147976,7,75,2.471073
7578,0.0188738195389017,291.36252689101684,7,92,2.9328473
7579,0.0213410992467373,290.6954702062753,7,851,11.048465
7580,0.0494634877153515,289.9851052464287,4,-1,3.6449895
7581,0.0281116703221735,290.2318954302754,7,467,1.1447951
7582,0.0361050652522674,291.0834594264018,7,70,1.4757392
7583,0.0769774767662054,288.8950720177576,1,26,1.2012984
7584,0.0442301826626944,291.50479082608024,7,90,2.4848237
7585,0.0691481150727101,289.1371701118376,4,14,1.1951356
7586,0.0419466970789301,291.27528132166333,7,84,1.8543341
7587,0.0181441843255029,291.562338445453,7,95,3.7047918
7588,0.0290336144359682,290.84822564136687,4,370,7.3788605
7589,0.0225061086517627,290.3285144793722,4,624,0.92740995
7590,0.0247046574363234,289.7412140444881,7,498,8.133118
7591,0.0320992125340782,291.3779448215505,4,94,1.476505
7592,0.0406858530201511,291.5507239388479,7,85,5.367311
7593,0.0741691971987923,289.3668792986874,7,23,3.6627223
7594,0.0193598096055768,291.20489407619345,7,104,0.92740995
7595,0.0702071302021501,288.98984335126147,7,30,2.203471
7596,0.0226127966906036,290.29832710711787,7,254,2.263836
7597,0.0321363629835661,291.5198906936325,4,97,3.4473085
7598,0.0217944502367724,291.4807453606996,7,89,2.9384985
7599,0.0417638568014655,291.5593975524059,7,82,3.5759153
7600,0.0308974853689717,291.9983816211891,7,104,2.956908
7601,0.0377054914992598,291.42637363782256,7,76,1.8543341
7602,0.077592816235612,288.8849554273461,2,30,2.5747957
7603,0.0423793063754128,289.57302406054737,7,100,1.4769748
7604,0.0457048413387965,289.5646811528084,7,106,1.4783713
7605,0.0657319652600652,288.6516085674027,4,16,2.568054
7606,0.039083474610201,290.92264748864375,7,83,1.1495278
7607,0.0411527830213068,290.3141288088778,7,93,2.298922
7608,0.0604923341590714,289.7029919415303,3,4,2.376172
7609,0.021573123177526,290.5435602279989,7,131,0.0
7610,0.0742159843639186,288.5159234951071,4,31,0.92740995
7611,0.0282284241065823,291.0142954548771,7,75,4.6273675
7612,0.0406139834590459,291.605237360558,7,77,2.1829767
7613,0.0281532622188013,291.92997637634767,4,530,12.139351
7614,0.0425646560262437,291.5280239502377,7,85,3.5757844
7615,0.0367552909823545,291.48869306813265,7,76,0.92740995
7616,0.0448720173042308,289.37106005813536,7,112,1.8543341
7617,0.0643686156580304,288.51736353493664,4,20,1.5161152
7618,0.0360332053270392,289.7210801240634,7,110,3.4357107
7619,0.0365505696654171,289.4829753700619,7,122,3.4356863
7620,0.0611239791058423,288.45062129921905,4,25,1.8543341
7621,0.0217753452391559,290.5181447434801,7,112,2.4488413
7622,0.0629988792708406,288.53253462810267,1,14,4.8691034
7623,0.0633752856977453,288.583169527289,4,15,1.5142506
7624,0.0343160671145453,291.475926965256,5,61,1.4764194
7625,0.0211488692437742,290.74539534977964,8,220,1.4645393
7626,0.0648853987868659,289.294168868825,1,6,1.5102174
7627,0.0431139281460381,291.41213080533595,7,82,3.9173687
7628,0.0383621482733895,291.4000068830528,7,79,0.92740995
7629,0.0308542349945274,291.4977569639754,5,136,1.4773915
7630,0.0364223543302717,289.72897764304986,7,109,1.1466767
7631,0.0441908171790915,288.85934881223,7,105,3.6052375
7632,0.031713713964695,289.6375143785989,4,203,6.3356533
7633,0.0386907809340302,291.57320977382847,7,74,1.1514603
7634,0.0216795034472053,291.2788720150342,7,118,0.92740995
7635,0.0367821855723152,291.6616851148576,7,60,0.92740995
7636,0.0650473075569089,289.16762835410896,1,6,0.92740995
7637,0.0312082131947199,291.2605315707142,4,92,0.92740995
7638,0.039697194468158,291.5973198583914,7,79,2.4827828
7639,0.0371034962980015,291.6418830847465,7,66,0.92740995
7640,0.0305681995395483,290.30067123662275,5,125,0.92740995
7641,0.0596287116624531,288.97959357159914,4,5,3.0162857
7642,0.0188015755224833,291.3682458117731,7,100,1.4677036
7643,0.0202925172358615,290.8507847294435,7,503,13.434233
7644,0.0250353875075134,289.5638253363928,7,592,9.417911
7645,0.0632998374230055,288.923463080793,1,9,5.142409
7646,0.0413905687857098,291.6025251929983,7,78,0.0
7647,0.0548917463057076,289.6946530192514,4,2,3.5540051
7648,0.0184474292248855,291.4644444241025,7,103,2.1754465
7649,0.0334445100420676,291.87377670966293,4,67,2.4837527
7650,0.0462983601785957,288.95524436794506,7,117,2.9541578
7651,0.0412909235075571,291.57608321262666,7,83,2.4835691
7652,0.0346321047613479,291.5305197250054,7,63,0.92740995
7653,0.0419353975812284,291.59428530168043,7,78,1.4796771
7654,0.0433069412035931,289.29646326828885,7,107,2.2988405
7655,0.0694181820789643,289.1876668185332,4,12,1.5124189
7656,0.0544111508234924,287.35636399239286,9,441,0.92740995
7657,0.0362396593975164,289.71642648279254,7,109,0.92740995
7658,0.0657523943684678,289.5753394515902,7,15,6.983332
7659,0.0216134081726075,291.2712460875748,7,119,0.0
7660,0.0308606160516216,291.56174742451225,7,57,0.0
7661,0.0718758159177132,288.7856100251407,4,21,1.5165987
7662,0.0726121634123325,289.42182693037967,7,19,2.3866973
7663,0.0376567811158631,291.7739668901786,7,63,2.1832292
7664,0.0203617907869667,291.7020302761428,7,82,0.0
7665,0.0185032932487199,291.4219717567336,7,123,1.8543341
7666,0.0434003484019816,289.21705390538926,7,104,1.1498381
7667,0.0203976557198277,290.9103902293715,7,100,1.4661001
7668,0.0220909800254232,290.4298454478486,7,157,1.8543341
7669,0.0423662366891731,290.0575176526247,4,-5,3.017836
7670,0.0224315959161227,290.34321184087287,7,613,1.4656335
7671,0.039032370650709,291.6833666709397,7,70,2.4840355
7672,0.0204360881303749,290.8879722828727,7,108,0.92740995
7673,0.0309340740830076,290.1532564584299,7,135,1.4727193
7674,0.0642904846512194,289.02443116516173,7,10,0.92740995
7675,0.0405450212852748,288.9054570512874,7,121,1.4755845
7676,0.0695635861417495,288.29682942427723,6,32,1.5189005
7677,0.0372165719096348,289.51924048949866,7,113,1.474756
7678,0.0692704231169432,288.0545358805969,7,38,3.0290573
7679,0.031909870457746,291.5194384919374,4,104,4.6273675
7680,0.0343566400148104,288.88474783238007,6,372,10.992985
7681,0.079173301679257,289.32863896686166,4,28,0.0
7682,0.0340576196997708,291.6012961761454,4,78,2.480575
7683,0.0274401866149938,289.78730610998224,7,483,11.980827
7684,0.0603802086326117,289.7983017552355,4,4,0.92740995
7685,0.0257400198353649,290.76992573025524,7,126,1.4711407
7686,0.0371853265631129,290.8843650176857,7,76,1.1484646
7687,0.0210208206199371,290.73803307047325,7,93,1.4653752
7688,0.0718112878415441,289.5258944669839,4,20,1.8543341
7689,0.0532640623970841,286.93238221692195,7,307,15.754449
7690,0.0204035111817996,291.38786173696576,7,85,0.92740995
7691,0.0308659041587634,291.73572221674334,7,129,2.9548469
7692,0.042671032242149,290.5357852647641,7,92,1.4779845
7693,0.0456660989798824,289.0639850952008,7,115,4.4258356
7694,0.0461048620503018,290.2748883074183,7,94,0.0
7695,0.0220676715932163,290.4906714030835,7,446,3.8649676
7696,0.0404178773463067,290.5658151894572,7,89,0.0
7697,0.0641809213885565,288.4208016086144,4,41,0.92740995
7698,0.0185726510779394,291.65967411931604,7,87,1.8543341
7699,0.0519640699756219,289.7693275295994,4,3,1.5014958
7700,0.0359391425540647,291.5280027756706,9,66,0.92740995
7701,0.0384225473170952,290.98190310505896,7,82,0.92740995
7702,0.0223365030083441,290.3620219685333,7,197,1.4640377
7703,0.0228278258884125,290.2393211219056,7,736,2.2649817
7704,0.0212845882217662,290.70000933447045,7,124,0.92740995
7705,0.0604705292609647,288.4113819361327,4,31,3.0270097
7706,0.0605074697787526,289.7680563865235,4,4,3.022905
7707,0.0420037099671832,289.2011361246093,7,100,3.6042483
7708,0.0298202519144083,290.14415376189663,6,152,2.286331
7709,0.0533250527035037,286.8941797771986,7,219,18.228401
7710,0.0251859695936404,289.5016359296447,7,813,11.368828
7711,0.0445002551299736,290.7494258237047,7,88,2.9559274
7712,0.0180263866284286,291.59113612641374,7,97,1.1387656
7713,0.0314028924681285,291.27888144210283,6,87,2.180606
7714,0.0199183750052081,290.93411812370766,6,505,39.203907
7715,0.0300246751935647,292.1835009062204,4,124,4.9613104
7716,0.067644336054613,288.6405332507309,4,19,2.2081978
7717,0.020871738948698,290.78262573226925,7,93,1.4654924
7718,0.0308593546698809,291.56398810315955,7,58,3.8770893
7719,0.0387061785779205,289.37846400481016,7,114,2.180241
7720,0.0453305248171785,290.5129722142277,7,93,3.6085062
7721,0.0440247337630384,291.5352595964593,7,89,1.1535996
7722,0.0249556275887793,290.2204020995859,9,741,2.4621058
7723,0.0636108282759977,288.6113121454444,2,14,1.1969866
7724,0.0431330392353914,289.710871553232,7,104,2.1817086
7725,0.0205275925611217,290.9156170725508,9,392,6.296902
7726,0.0207399768635174,290.80798937156885,7,101,2.173882
7727,0.0781026729306077,289.4239386440804,7,29,1.5140036
7728,0.0732326817428454,288.57754791853006,4,32,1.2024413
7729,0.0224467508066955,290.3462001248338,7,226,2.7802885
7730,0.0208471635602893,291.33721548377395,7,91,1.8543341
7731,0.0347025059456726,289.9069895405879,7,111,2.1794405
7732,0.0332710786706859,290.4638082098488,7,87,0.92740995
7733,0.0235019131837438,290.04911854976365,7,722,5.152306
7734,0.0211092383911851,291.38057962991746,7,82,0.92740995
7735,0.0432817947276576,290.8549961144264,7,89,0.0
7736,0.0753535239702852,289.36521022609213,4,17,5.547545
7737,0.074685703521912,289.1730487499294,7,23,2.206872
7738,0.076433859224705,288.895349718791,1,23,1.5172611
7739,0.0404819806678687,291.6653151586372,7,74,0.92740995
7740,0.039035886905637,291.416494648953,7,79,0.0
7741,0.067444298497057,289.1954541865921,4,10,2.5602572
7742,0.0677499903231259,289.63056090452164,7,14,0.0
7743,0.0366624438101851,291.69446648730184,7,61,1.1522459
7744,0.0211219617772367,290.68000866835547,7,113,1.1352357
7745,0.0675299568201666,288.6352349446318,4,19,1.5163152
7746,0.0274533626092326,289.46690288870235,7,344,2.462128
7747,0.0272709629495501,291.30165759117205,4,61,1.144049
7748,0.0328958352071556,291.485611258702,4,87,0.92740995
7749,0.0275093770235833,290.7167074889892,7,110,2.465912
7750,0.0192483398877009,291.46174138546183,7,75,1.1394824
7751,0.0419312402645756,289.9819265835707,7,96,3.0080292
7752,0.0461673835036813,289.74400017727817,7,103,1.1519618
7753,0.0278365743201908,289.3664558911239,7,347,4.4033604
7754,0.0394859183454365,289.40420330338355,7,108,2.18048
7755,0.0271057689655875,289.8112636848881,6,390,5.746126
7756,0.0346685388786435,290.368007247581,7,88,3.5582173
7757,0.0610539369176231,289.7117844194789,2,2,1.1888236
7758,0.0176953518887756,291.71309726414444,7,84,2.9348073
7759,0.0740951560331665,288.4865518277276,4,32,1.8543341
7760,0.0677508832643069,288.13715107526025,7,39,0.92740995
7761,0.0436602303899664,288.9916464209267,7,105,1.4769781
7762,0.0303252864253863,291.7837602798189,7,157,3.0087092
7763,0.0314487232607634,291.3613863690402,7,116,2.9512162
7764,0.0651275173836501,289.323895920664,4,7,0.0
7765,0.0706322486307793,289.5763172465517,4,18,4.7628675
7766,0.0345390457473398,289.7185478125061,7,122,0.92740995
7767,0.0391057413636581,289.57286748627337,7,104,2.9492457
7768,0.0304205305228494,291.6604042244924,4,192,4.4263883
7769,0.0255895186267419,291.29968019274133,7,75,0.92740995
7770,0.0354776760101154,291.77575089605034,4,61,1.8543341
7771,0.0405713458740811,291.6002613028816,7,83,1.4792334
7772,0.0203263012401972,290.9432135740226,7,95,0.92740995
7773,0.0176581845804372,291.770910208836,7,95,4.908376
7774,0.0306555676537543,292.0503569419414,4,110,1.1530747
7775,0.0436562697709045,289.4747983611932,7,113,0.0
7776,0.0604733207817497,289.0075716643445,4,3,0.0
7777,0.0686056621572696,288.63798119795,5,23,1.2006421
7778,0.0282370797173971,288.51460841197184,7,88,2.4458416
7779,0.0443556149836064,288.8574100407461,7,106,0.92740995
7780,0.0665966688305665,288.4063759733708,4,35,0.92740995
7781,0.02251009775583,290.32623325086035,7,235,2.1724112
7782,0.0217573158431147,291.7370982773986,7,71,1.4704529
7783,0.0783260551910573,289.41912517943626,4,26,0.92740995
7784,0.0373559087747793,291.55139363998336,7,68,1.8543341
7785,0.028258748086276,290.6458345509192,7,625,7.3808503
7786,0.0461051154045453,291.22425864815165,7,94,1.8543341
7787,0.0369087211917951,291.66388955302904,7,59,2.9556203
7788,0.0329249654971048,290.13920810058715,7,107,2.2896645
7789,0.0249739046017493,289.6388119607017,7,440,24.772728
7790,0.0422621827215866,289.6933852360431,7,105,0.0
7791,0.0428779023374287,291.5177747777283,7,82,1.1526002
7792,0.0324407737566791,290.531299107738,7,85,1.4737054
7793,0.0220686641602963,290.4930816122746,5,497,23.694445
7794,0.0397300923189409,291.6705611347934,7,67,3.5770354
7795,0.0383668763774097,291.54724433210134,7,74,0.0
7796,0.0486334883038667,288.1915485447988,7,131,3.5725644
7797,0.0363567965841632,291.4010414318579,7,72,2.296332
7798,0.0212100892073382,290.64855356036355,7,129,2.1738334
7799,0.0289325770093615,290.82264297921864,4,325,8.65561
7800,0.0743695196493066,288.92033316646985,4,19,1.5162133
7801,0.0744981448142928,288.3242218359283,4,35,0.92740995
7802,0.0372739100499175,291.67034345422337,7,63,2.4827828
7803,0.0449905955095325,290.3027586097377,7,97,0.92740995
7804,0.0226484885387674,290.2900326905716,7,261,0.92740995
7805,0.0791809504463498,289.3144333188971,7,19,6.0359993
7806,0.0616053638495811,289.76024077412626,4,8,1.5075365
7807,0.0349222117476728,290.8398496923012,7,74,0.92740995
7808,0.0637240554238921,288.72841446794735,2,11,1.1955314
7809,0.0215362749586039,291.02140361687054,7,247,2.9373093
7810,0.0196372518612813,291.1756129657659,7,359,2.2708004
7811,0.0186259456302996,291.7579922813684,7,89,2.4596546
7812,0.0203925464558548,291.0618821792806,7,187,1.8543341
7813,0.0388030098112694,291.6281672694755,7,71,2.3035522
7814,0.0663616637403012,289.0905116028249,4,10,2.2050643
7815,0.0320232888503693,290.75558589983734,7,76,1.473743
7816,0.0225770507001269,290.3218626832524,7,774,4.522171
7817,0.0186479972761117,291.36761913230487,7,151,1.4685925
7818,0.0186039200181732,291.43306021536,7,137,0.0
7819,0.039103191976747,291.6532983062068,7,71,2.9565039
7820,0.0602544269848397,288.9393905751857,4,4,2.2036595
7821,0.0442310985909617,291.2039694926578,7,87,0.0
7822,0.0408659071247036,288.8390634056746,7,122,2.1805162
7823,0.0197265534605148,291.77901721017145,7,83,1.8543341
7824,0.0595967908028809,288.9749539754614,4,5,0.0
7825,0.0265047991494199,289.24450699604546,7,490,6.8659506
7826,0.0209941307624883,290.7395724589366,7,96,1.4654983
7827,0.0235607384111543,291.0415205442902,7,117,0.92740995
7828,0.0203461563137646,290.96246007515896,7,439,15.424484
7829,0.0417748769306791,291.5511608468373,7,84,2.3040788
7830,0.0205580959092019,290.8817167225907,4,90,1.4656606
7831,0.0663545297478616,288.61596361860893,1,17,0.92740995
7832,0.0202085617566553,290.8615517027261,9,976,22.449062
7833,0.0392154757001507,289.66186110524825,7,101,0.92740995
7834,0.0500588069147524,289.31897247578627,7,111,2.485337
7835,0.0224380801939404,290.2882279151296,7,1334,6.4944463
7836,0.0214422205402633,290.6404269824395,7,107,0.92740995
7837,0.0429466963374032,289.6719936265548,7,103,0.92740995
7838,0.0629669415784715,288.7888861206388,4,8,1.5119919
7839,0.0609732682739139,289.8030326908802,2,10,5.671889
7840,0.0401115902471656,290.00884606092444,7,90,2.2970803
7841,0.0295987242459442,290.4276473183112,7,119,2.9429052
7842,0.0218017938517549,290.53648018683265,7,126,0.92740995
7843,0.0626718857056364,288.4769108036942,4,22,1.5154256
7844,0.0233560735104608,290.0741461944645,4,613,0.92740995
7845,0.0240211471935332,289.8600237703918,7,900,15.716725
7846,0.0205498786591317,291.67379462569784,7,82,0.0
7847,0.0759926331531195,289.44908025950696,7,24,1.1957672
7848,0.0655788958693243,288.36454788598815,7,36,1.5182945
7849,0.0281978877008244,290.4193043690594,7,904,8.365638
7850,0.0285546356641906,289.985658089194,4,238,4.349208
7851,0.0210977588250909,290.6933189176757,7,101,2.1737726
7852,0.0740170949186382,289.4958866579494,4,18,8.357675
7853,0.071068100668728,289.29334014117217,4,24,0.0
7854,0.0414189101219525,291.0934099111381,7,86,1.1509842
7855,0.0406858022439366,291.53832502161305,7,77,2.4815788
7856,0.0499051230546135,289.19966713991164,7,105,1.1533557
7857,0.0397023855372253,289.1747893866456,7,118,0.92740995
7858,0.0472868550415566,290.65588503312864,7,95,1.4800411
7859,0.0476610674467306,288.6082598123596,7,120,3.4505818
7860,0.0292451366620829,291.0167458347655,7,69,1.4728376
7861,0.0204799305962683,290.90355378950056,6,92,2.1738293
7862,0.0686255265717377,289.63457936370594,4,18,2.5571558
7863,0.018648047997193,291.4489794956692,6,79,2.1752312
7864,0.045620135291636,287.4370672162833,9,627,30.466394
7865,0.0221083153698554,290.43049795042054,7,154,3.520042
7866,0.0340733044500922,291.55975862812784,7,63,2.474885
7867,0.0192800832400947,291.44117265109765,7,125,2.4594574
7868,0.0202040140957878,291.0152909179705,7,335,3.4018002
7869,0.0609402667638731,289.0124848448996,1,3,2.5556717
7870,0.0197506892265107,290.98857902145426,6,688,17.169512
7871,0.0343049311397123,290.40322174972954,7,86,1.4743633
7872,0.0633149265396339,288.53117847150054,2,18,2.7802885
7873,0.04986861406684,288.03994009401447,7,130,2.4823406
7874,0.0399102486265813,291.5516586941736,7,82,1.8543341
7875,0.0248441983178536,291.6884693602201,7,65,0.0
7876,0.022414115010789,290.35378845900493,7,218,0.0
7877,0.0177632941190889,291.6764755250467,7,95,1.1388994
7878,0.0391817543826987,291.62026684418873,7,75,2.482943
7879,0.0365664557967966,291.6926173071011,7,60,1.4789189
7880,0.0519918949160266,287.64032452851444,7,226,11.3761635
7881,0.041864023551669,290.4633776203193,7,94,0.92740995
7882,0.0331798546979688,290.56954427449574,7,86,5.785325
7883,0.0191619918376869,291.2561754454945,7,105,5.9613795
7884,0.0357126232353681,288.8538746466719,5,330,9.435821
7885,0.0251713913454973,290.8258138178184,7,137,1.4709585
7886,0.0310049918237093,290.0185603690916,7,147,3.4286733
7887,0.0176188298694149,291.7354304679204,7,84,0.92740995
7888,0.0772038798999592,288.8936311049743,1,27,0.92740995
7889,0.0279215567204826,289.81110982163455,5,527,10.639325
7890,0.0191481459128683,291.3035664714632,7,101,1.4680989
7891,0.026774763830061,289.4767046218578,6,353,2.279689
7892,0.0631826821783293,289.6213609085267,4,6,3.8902147
7893,0.0273063008215872,290.4838846503487,7,664,28.492287
7894,0.0189694195199117,291.2754258809965,4,158,3.0036826
7895,0.0475254276688632,287.11840565273627,9,534,4.681091
7896,0.0299410014133505,291.85740096147333,6,157,4.4285173
7897,0.0207576357191722,290.82731097233614,4,86,2.9289138
7898,0.0312853389608233,291.50962352147263,4,111,0.92740995
7899,0.0286866346409674,290.3401250507277,7,155,3.5968804
7900,0.0686432828806212,288.7849548641112,1,16,3.6674147
7901,0.0292553564054759,292.07923117882217,7,189,3.5768328
7902,0.0272895257547807,290.7584501329378,7,109,4.655534
7903,0.0218068751204128,291.626548104671,7,79,0.92740995
7904,0.0528920162440536,287.5147773999232,7,162,5.1652493
7905,0.0220925751032849,291.2474368870643,7,119,1.1408579
7906,0.0634225793282391,289.1086896200785,5,11,5.672676
7907,0.0284426733014246,291.163389877951,4,74,1.8543341
7908,0.0388784085180179,291.703734359506,7,71,1.1530087
7909,0.0649721103435788,288.5509978432715,5,19,1.5159492
7910,0.0320524510774979,291.3495103955819,4,87,9.384485
7911,0.0430859087986825,289.839918530899,7,105,0.92740995
7912,0.0621248046224812,288.4281206299952,4,28,3.669037
7913,0.0281469510796542,288.76882039903865,7,363,5.7417707
7914,0.0626510747072979,288.42662522966657,4,35,3.6701496
7915,0.0245872496110323,289.68681922343944,7,556,11.216697
7916,0.0288483994602712,291.0967887396015,4,80,0.92740995
7917,0.0326708910878039,291.66440131910963,4,86,1.8543341
7918,0.048769908636239,288.2127613773698,7,125,2.1823866
7919,0.0389602852427599,291.7231750842747,7,69,1.1532028
7920,0.0436215834671817,289.1393720120898,7,105,1.4770988
7921,0.0786956837876483,289.39631550091235,4,28,2.5665784
7922,0.039797758707141,291.59223904981445,7,76,4.4288235
7923,0.0469959725053273,287.5615508412206,4,402,29.904736
7924,0.039797457635898,291.73505168824465,7,71,0.92740995
7925,0.0440492433794841,289.4324220122843,7,105,1.4775507
7926,0.0439983760947781,289.6101993837466,7,109,1.477691
7927,0.0494486980806524,289.25746325002694,7,9,1.1825876
7928,0.0623902590538996,288.93900858888946,2,5,1.5107484
7929,0.0790767209357177,289.34949819261743,7,31,2.5664372
7930,0.0444355030486128,289.1851852062901,7,110,1.1503614
7931,0.0408884630946436,289.89876968794914,7,95,2.9513366
7932,0.0446275893353842,290.41220489522703,7,96,1.8543341
7933,0.0227285810854966,290.2598257913979,6,298,2.1723049
7934,0.0392884153809049,291.75392503343755,7,75,3.5786464
7935,0.0391478748931517,291.5476351124461,7,76,0.92740995
7936,0.0301671860915055,291.4568994035162,6,260,2.4788003
7937,0.0285218597917103,290.8297575065103,8,87,1.4723585
7938,0.0368789225235649,288.73241957439166,4,235,5.7531977
7939,0.0193780884884918,291.19492262412064,7,110,2.1748445
7940,0.0383162877699339,289.66278312997224,7,106,1.4753511
7941,0.0382909885471784,289.8686923112313,7,97,1.4755309
7942,0.0191309432932998,291.31260755117603,7,211,6.562341
7943,0.0650028506407551,289.20070334264483,1,6,0.92740995
7944,0.0704650338208889,289.5610139830899,4,19,4.5250506
7945,0.0247497038799185,291.6927021547691,4,63,1.4716449
7946,0.0462038784527793,288.9314255564662,7,119,6.8738856
7947,0.0382707660006402,290.3886010568433,7,83,3.0074625
7948,0.0405057104957329,289.0415111810317,7,118,2.1805418
7949,0.0446364884454856,289.2741701198452,7,110,0.0
7950,0.0221917983611064,290.41949238773464,7,150,2.1726055
7951,0.0714401235851636,289.5686424480708,4,20,1.5114174
7952,0.0261379315944974,290.6804199940273,7,139,1.1423037
7953,0.0241785763779465,291.2019456936088,7,94,1.4709215
7954,0.0488394327450793,288.28494113958453,7,126,0.92740995
7955,0.043417830935475,289.3996192418154,7,106,1.8543341
7956,0.022038691168155,290.4531857341153,7,146,1.4642435
7957,0.030404213887704,291.1534733022114,4,149,2.9488552
7958,0.0424945151504424,290.204946557301,7,96,0.92740995
7959,0.0658214370421101,288.595317198098,1,20,0.92740995
7960,0.0687764334586038,288.75261461925606,3,18,1.1987572
7961,0.0311410067866248,290.48155714789743,7,95,1.4731182
7962,0.0646884132907875,288.75554092704226,4,12,0.0
7963,0.0232859311471006,290.1063279172181,8,787,28.095083
7964,0.0305551314498639,291.858965930574,7,129,2.7802885
7965,0.0202633997485084,291.3551502044113,7,93,1.469326
7966,0.0526533777720447,287.1904889198637,7,166,3.0089936
7967,0.0219727947198426,290.4865620180987,7,133,1.1330876
7968,0.0386744247310928,289.2487188367724,7,122,3.6020322
7969,0.0207588320256721,290.7913118585318,7,100,2.1739917
7970,0.0620686571614483,289.58210609861806,4,8,0.92740995
7971,0.0356169146090709,291.52136973133133,7,65,4.94819
7972,0.0362155487708409,288.8175818696467,5,324,7.935052
7973,0.0271223768460338,290.60243768023514,7,133,0.0
7974,0.0209401664965991,290.7518929335723,7,96,2.173732
7975,0.0455510516020296,289.790808826948,7,104,0.92740995
7976,0.0532511969923872,289.7444996204471,3,3,0.92740995
7977,0.028409230693239,291.1267402774751,4,487,22.622906
7978,0.0753411019050729,288.5545768006038,1,32,1.2027735
7979,0.0323372968137144,290.38018415316174,7,94,0.92740995
7980,0.0303793893817335,292.06769021419865,5,117,5.898862
7981,0.041271369137441,291.64000864036524,7,76,2.1833339
7982,0.0358177261074234,291.45786116945266,7,71,0.92740995
7983,0.0277165621351884,290.7603253267307,7,202,0.92740995
7984,0.0210222808492082,290.65538125154177,7,367,16.556362
7985,0.0350599782208631,290.47780767156814,7,83,1.1468424
7986,0.0638307827474626,288.4533575467875,5,31,0.0
7987,0.0778001140535839,288.61563941631584,5,36,0.0
7988,0.0193703843110911,291.7355339023436,7,85,0.92740995
7989,0.0243893465869353,290.19089311123605,7,504,11.057441
7990,0.0271907657707452,289.5197581894027,7,339,5.7446976
7991,0.0403191435329896,291.218254844885,7,81,6.5647416
7992,0.0193792787134371,291.31195446400574,7,170,2.4591947
7993,0.0189370459943967,291.3066560370372,7,107,0.92740995
7994,0.0684648239949361,288.6457214756142,4,22,0.0
7995,0.0210643725082598,291.7613422598712,7,77,0.92740995
7996,0.0279420022499948,290.61435399729226,7,122,2.7802885
7997,0.0407755280560692,291.649366894546,7,76,0.0
7998,0.0381638799206696,291.00566588432866,7,80,0.92740995
7999,0.0369019934843728,291.66936740763833,7,63,1.1520894
8000,0.0458518876727952,287.9878773374668,7,198,11.441415
8001,0.066863972998938,289.11937774154114,2,9,1.5117879
8002,0.0398438966144721,289.27848504638206,7,110,2.474975
8003,0.0448854022619761,290.0798814102045,4,-6,0.0
8004,0.0217592753994549,291.10035895304964,7,152,2.2796416
8005,0.0729544570865077,289.4030338595447,7,22,1.1940119
8006,0.0383933221211099,291.63069892647724,8,69,2.955761
8007,0.0337831190239084,290.7021758918004,7,78,0.0
8008,0.0637093009035334,288.5955879128089,5,14,0.0
8009,0.0380786634409753,288.10093172362247,8,798,19.028152
8010,0.0631536352077504,288.50989073427274,4,21,1.515215
8011,0.0700061656457959,289.5353041689392,4,18,1.511092
8012,0.0424460277531909,291.5287645291535,7,85,2.3041036
8013,0.032161982886251,291.3565190250015,4,81,0.0
8014,0.0385382642169961,289.4148479307531,7,115,2.4739687
8015,0.0301461549350857,291.15093405825866,5,84,1.8543341
8016,0.0619036543295064,288.5197225028545,4,17,2.5658638
8017,0.0445605881020807,289.1949259639182,7,110,0.0
8018,0.02820941832002,290.445657874182,7,928,11.935922
8019,0.034786047786268,291.1665557160461,7,71,2.4741037
8020,0.0750724826956167,288.8741254535732,1,23,1.8543341
8021,0.0631858349143161,289.3778780036636,2,5,1.8543341
8022,0.0415858563399917,289.2816847953447,7,98,1.476372
8023,0.0286216632230296,291.04126775555284,7,137,3.599204
8024,0.0406461498985653,290.8319776214236,7,88,0.92740995
8025,0.0329908819769182,289.8319493398763,7,138,1.4732742
8026,0.0277949959890864,289.3542234015226,7,371,9.158365
8027,0.0200151364208335,291.4652117966237,7,75,1.1399205
8028,0.0677441942190497,288.56654187726235,4,29,0.0
8029,0.029214381364514,290.81316697580945,7,84,2.1784723
8030,0.0804017097026132,289.2967354161529,4,34,0.92740995
8031,0.0444046398568829,289.5282073758863,7,108,3.913368
8032,0.0347161822304009,290.29762622903,7,90,3.558054
8033,0.0462278846250287,290.17396578253545,7,95,2.182879
8034,0.0280641477118367,289.29530739419647,7,297,4.76484
8035,0.0388585339125351,291.6082154737022,7,71,2.4824626
8036,0.0271984520866189,288.934499004462,7,452,4.897965
8037,0.032061836544825,291.69457732246167,4,85,3.8786519
8038,0.0748234842983575,288.5254744624139,3,31,0.92740995
8039,0.061911431995716,288.507835996626,4,16,3.7047918
8040,0.0360163388802045,289.7286310775024,7,109,0.0
8041,0.060241187411891,289.04878678007253,4,7,4.0192523
8042,0.0194669567466181,291.2185718955449,7,274,2.453869
8043,0.0404983530202431,291.3868465763041,7,82,0.92740995
8044,0.0753770153831538,288.9192519244709,5,27,12.321683
8045,0.0689423000124156,288.07846043740454,7,39,0.0
8046,0.0206550523254057,290.7947093813084,7,131,3.405163
8047,0.0317768469133228,291.5836843184,4,99,1.4777931
8048,0.0213367523718641,291.11508633005883,5,185,2.9373398
8049,0.0280268329680592,289.3933100829098,7,327,9.239409
8050,0.0393477419006842,291.03433207523324,7,83,0.92740995
8051,0.0342238218776629,290.9522919384688,7,72,1.1469598
8052,0.0687376969451108,288.24254478618985,7,34,2.5776012
8053,0.0640535964893919,289.2562725363742,1,4,1.1918972
8054,0.0220061191519833,290.44119764307027,7,281,13.890032
8055,0.0235631023765511,290.99981653345026,7,150,1.4703975
8056,0.021759466235772,290.5552689437723,7,146,3.7047918
8057,0.0213536010706756,290.61833386222685,7,111,2.4506454
8058,0.0662289401586679,288.5177569023398,4,34,1.5177546
8059,0.0469122046015625,289.289581874992,7,107,1.4786273
8060,0.0410801256687137,291.5588442730621,7,83,2.7802885
8061,0.0277528834590337,290.56277973577033,7,129,1.1430254
8062,0.0239088552655988,289.9015084168412,7,727,9.596112
8063,0.0436421672646124,289.21681050035505,7,108,2.9523954
8064,0.0227612915314895,291.2752665935285,7,103,2.4625168
8065,0.0474649262715585,288.72194327650544,7,122,1.4783392
8066,0.0212902463384058,290.64603052567253,7,90,3.524226
8067,0.0399105619565916,291.5639475787243,7,79,2.7802885
8068,0.0410273074389117,291.63698205930655,7,78,1.8543341
8069,0.0231999745582419,291.4524940236835,7,83,1.141715
8070,0.0388730437294933,291.61634168458784,7,74,2.7802885
8071,0.0214982089186823,291.09532239081256,5,198,2.2797444
8072,0.0203054022954912,290.905604445598,7,115,4.6300273
8073,0.0250583973354315,290.9270536678562,5,109,1.142037
8074,0.0458461821312064,287.8018210003865,7,307,13.557473
8075,0.0214807895192459,290.59707466999106,7,89,3.8702912
8076,0.0276732044222979,289.0868624081145,7,482,5.7429876
8077,0.0762294263821468,288.55119104491496,3,34,0.92740995
8078,0.0359054778895846,289.72301515120705,7,111,1.4743948
8079,0.0445901428731094,289.2886921769734,7,110,0.0
8080,0.0782620426606065,288.7627548773297,4,32,0.0
8081,0.0355051619065906,291.51327986770366,7,64,0.0
8082,0.0217151481342551,290.58827274404825,8,269,1.4638945
8083,0.0387378467184391,289.367458814856,7,115,2.2940688
8084,0.0371799491617327,291.5532066099779,7,73,4.7670913
8085,0.0669150214379454,289.6670311339544,4,13,1.5096289
8086,0.0392072943322065,291.5752556995459,7,76,1.1516781
8087,0.0208329792380147,290.79198835266845,7,93,1.1350026
8088,0.0469832555768202,289.42922832519565,7,107,3.916751
8089,0.0620793867608093,289.7507474917262,4,8,2.7802885
8090,0.0394973393009157,291.5751554830316,7,78,2.4820282
8091,0.0242815559941672,290.05894521087896,5,598,12.08839
8092,0.0705925241312789,289.59495315958844,5,20,1.8543341
8093,0.0659861598813417,288.6063444894153,1,19,2.5699587
8094,0.0459062822960454,287.96636162545803,7,200,6.503468
8095,0.0394180391733392,290.7868563800656,7,86,2.2981634
8096,0.0491726729073515,288.1215756660436,7,128,2.4818149
8097,0.0336413247817997,289.9822789598855,7,113,0.92740995
8098,0.0206346344738452,290.8403923000613,7,100,2.929874
8099,0.0296918270697949,290.27141909064835,7,138,4.925003
8100,0.0644226589388456,288.5412671584195,5,20,2.3970742
8101,0.0618296540923347,288.68404244452546,4,12,0.0
8102,0.0272244011136539,289.4585431898578,7,362,2.4615633
8103,0.0218990518366685,290.529660091935,6,232,1.8543341
8104,0.0322702042895032,291.67421254138543,4,88,0.92740995
8105,0.0346437673629165,291.5643057011264,7,68,2.4748323
8106,0.0615741479750026,288.6741066394495,4,18,1.5120772
8107,0.0181217899281167,291.78282010657784,7,82,0.92740995
8108,0.0409255088455556,291.5766299671621,7,82,3.4536452
8109,0.0384647960809955,289.84294938419174,7,96,1.4755814
8110,0.0465563425386031,288.981340683992,7,114,1.4781922
8111,0.044844985062196,287.72384431698777,7,316,29.811138
8112,0.0477575657208626,289.8698603375658,4,-4,1.8543341
8113,0.0646880584699994,288.7596014832609,4,11,0.92740995
8114,0.0287573026516036,289.4017910831361,9,956,13.107979
8115,0.0430061019210196,289.53761829727165,7,104,2.478717
8116,0.0627474635212817,288.4269578041934,4,35,1.2004652
8117,0.0362864227105554,291.5392670263401,7,65,1.1494136
8118,0.0606477461801167,289.6287374124696,4,6,1.1888697
8119,0.0202894908900627,290.98970969387443,7,325,5.0232596
8120,0.032869400815316,289.9397258480556,7,127,2.9447086
8121,0.0214100773215109,291.32942811449203,7,114,1.1406006
8122,0.0311534015581491,292.113636115898,5,93,1.8543341
8123,0.0205064111780773,290.9311523455657,9,350,0.0
8124,0.0314452805695118,291.7786785046875,4,94,1.4786369
8125,0.0595296366402915,288.44302724859995,4,28,1.8543341
8126,0.0246650347382031,290.54599963207545,7,217,0.92740995
8127,0.0180035125619502,291.60468009695865,7,95,0.92740995
8128,0.0241901658919265,289.81071783152584,7,760,6.464861
8129,0.0413226268158878,291.5752331124764,7,81,3.9183123
8130,0.0318216138742104,291.5739566060074,4,100,4.4254074
8131,0.0190139757351638,291.2933471249854,7,104,0.92740995
8132,0.0217571807547725,291.004719525488,7,180,0.92740995
8133,0.0384953734149577,291.57637398785016,7,72,2.182326
8134,0.0673473823667888,288.7396420879896,4,14,2.567815
8135,0.0217536551099968,290.55093126558774,7,128,2.1728365
8136,0.0180032235467399,291.620436503612,7,103,3.5370693
8137,0.0310698270906524,290.4713307937189,7,95,3.0060308
8138,0.0404680997574427,291.5387067988214,7,80,2.7802885
8139,0.0313205735120571,291.50539749220496,4,112,1.1502714
8140,0.0450394916757447,290.19886223238325,7,96,1.1518878
8141,0.0721466627178025,289.50499090930435,1,14,4.0282474
8142,0.0402423339842484,291.5808925470138,7,82,3.0088882
8143,0.0371476192244004,291.54588695722293,7,67,1.8543341
8144,0.0432554466920319,291.54006467847915,7,89,4.95997
8145,0.023309616551199,290.0791845375592,7,603,7.1461425
8146,0.060836581190638,288.4025637716471,6,37,0.92740995
8147,0.0603238131098393,288.3946295774081,4,34,1.514768
8148,0.074456245646997,288.79360411631643,5,25,1.5176672
8149,0.0382902521257758,291.57103859685134,7,70,3.008543
8150,0.0619361091911167,288.49223223007294,5,20,1.5144718
8151,0.0177257807761908,291.7203916433142,7,94,1.1391749
8152,0.0314631655724964,291.37331352242654,4,115,1.4766637
8153,0.0423854527376015,289.40327902622107,7,100,0.0
8154,0.064108900042976,288.87781196472434,4,11,2.205227
8155,0.0461196306194339,289.62389690366666,7,104,1.4786017
8156,0.069683191156739,289.3600156902898,4,19,1.1920232
8157,0.0303090072921094,290.1248716791493,7,145,0.92740995
8158,0.0471596250818818,288.85890387470744,7,120,2.1823282
8159,0.0434170193088112,289.1827327469352,7,102,1.4770511
8160,0.0328970039450442,289.8765628300821,7,133,0.0
8161,0.0346437753489635,289.7298607193231,7,119,1.1457162
8162,0.034739184535664,289.80339953229173,7,114,1.1458573
8163,0.0300774949671028,290.65509279046347,7,93,0.92740995
8164,0.0410183723473475,291.6179468200195,7,76,2.484288
8165,0.0207762306047828,290.8126858328651,7,92,1.4655464
8166,0.0697571663682169,288.57516514536286,4,26,2.4029987
8167,0.045296816038348,290.1176948379529,7,100,1.4787073
8168,0.0346740422773594,289.85501837677725,7,114,3.6002188
8169,0.0306207510034646,291.82560924055304,7,130,0.0
8170,0.0185958588459705,291.3920669539341,7,124,2.1756766
8171,0.041951370982171,289.91572294186653,7,99,0.92740995
8172,0.0247337026323138,290.53142404015387,7,215,2.1769369
8173,0.0213520940277386,290.69119160467045,7,289,5.147996
8174,0.019362381595015,291.2463130284874,7,178,2.4546058
8175,0.0188409329754446,291.33312440073894,7,111,1.4680532
8176,0.0219879888570633,290.45367822788023,7,147,1.133655
8177,0.0752603654385151,288.4565454822538,4,34,0.0
8178,0.0615454489572902,288.6466941245476,4,17,1.8543341
8179,0.0300143368834452,291.2750784134288,7,268,5.3575974
8180,0.0189322427037141,291.36553349939385,7,84,2.9344912
8181,0.019212935754882,291.3283806222754,7,164,0.0
8182,0.0410631543503443,291.5537388328009,7,82,3.0088708
8183,0.0236571101601405,289.9729347833746,7,746,5.8431826
8184,0.0407728658718523,289.87131049692545,7,92,0.0
8185,0.0214224668699414,290.5923274205003,6,123,1.1348784
8186,0.0545138228189193,289.87180556313746,4,2,4.7755527
8187,0.0417654410999229,287.9337898074307,7,212,4.354106
8188,0.0378006577717479,290.19298333533914,7,88,1.147973
8189,0.0313151086867845,291.1223018309805,7,68,5.7098436
8190,0.0646148869858398,288.74214847932666,1,14,1.5132939
8191,0.0298855114876742,291.1729123220473,7,176,1.1484076
8192,0.0269083127790032,291.4159897035788,7,65,0.92740995
8193,0.0361436976397657,291.8102095173913,7,60,0.0
8194,0.0198146770586814,291.1944764625105,7,238,5.7539268
8195,0.0276534196036006,290.482621304696,7,153,3.0053387
8196,0.0248903244116235,290.5279902464523,4,205,1.141306
8197,0.0427183239333264,289.4750676368204,7,100,1.8543341
8198,0.0680831497912998,289.28520481768527,4,23,2.2033129
8199,0.0381034468637934,291.54929337274984,7,74,2.4790428
8200,0.0297942211425334,290.9072699269312,7,75,2.178693
8201,0.041622202342077,291.56233240228363,7,85,4.6928563
8202,0.0275114438719668,288.7598345655301,7,182,5.147589
8203,0.031495674617927,290.5721699368903,7,86,0.0
8204,0.0434652164967574,289.2542260995042,7,103,0.92740995
8205,0.0195286616859726,291.4975010029158,7,112,0.0
8206,0.0282292313680399,290.4106215342271,7,151,1.471834
8207,0.0239622818563589,291.0852100887579,7,111,1.4707148
8208,0.0708660191184124,288.8912790784439,4,18,0.0
8209,0.0224089765302448,290.3543112365789,6,216,3.5835328
8210,0.0236475668962425,290.8907808892097,7,177,3.8880057
8211,0.0323937588326314,291.36479745173125,4,67,2.9500403
8212,0.025140462054008,289.9255551171659,5,599,4.911613
8213,0.0613858348148422,288.9064819754108,2,7,1.5104201
8214,0.0633181207041889,288.96097358420025,5,7,0.0
8215,0.0374806068681757,291.51201663067155,7,73,2.1812246
8216,0.0380399300583515,291.0083782782014,7,79,1.4764766
8217,0.0417590372623012,291.61064670831445,7,80,1.1532813
8218,0.0620110766409577,288.40365908070856,4,36,0.0
8219,0.0636362975702532,288.69951861391974,4,11,1.195805
8220,0.0193214712421651,291.77300631186324,7,83,1.1400784
8221,0.0498738604409916,286.3854078975423,9,734,14.827034
8222,0.0416292550846651,291.52458980583003,7,82,3.573573
8223,0.0225824659959186,290.62039049806333,7,274,0.92740995
8224,0.0721040687512942,288.9830396549878,7,29,1.5103832
8225,0.0295303914566782,290.55180048635617,7,108,1.4725139
8226,0.0372048554265987,291.8521076398386,7,62,1.1535832
8227,0.0306430282301154,291.50186508715353,6,164,2.2996247
8228,0.0426627890187412,289.7213458364089,7,101,0.92740995
8229,0.0198297245103981,291.5811696498039,7,96,0.92740995
8230,0.0343161417113618,289.96919732413335,7,108,0.92740995
8231,0.0628279335116932,288.897694068712,1,6,1.5112028
8232,0.0318652321104929,290.4217444347996,7,92,1.4733616
8233,0.0361426369823891,289.7306079524694,7,110,1.4745015
8234,0.0275672581200143,290.05466160067016,7,352,3.5481112
8235,0.024025728819763,290.97909846869607,7,122,3.4210265
8236,0.0345410765777729,289.8658063597952,7,112,2.2907424
8237,0.0566780056497009,289.476519672553,4,6,2.201455
8238,0.0386138256804395,290.2895473746839,7,85,1.1485256
8239,0.0625495408483104,289.2455498433588,2,4,1.1911796
8240,0.0599127387046729,289.7813230232643,4,4,1.507078
8241,0.0286818127299149,291.13413146807767,6,301,9.813953
8242,0.0400898748859902,289.9653829504659,7,89,1.8543341
8243,0.0428798972819267,291.16908561954654,7,88,1.1518589
8244,0.0397941678723333,290.9011893327093,7,91,1.4771115
8245,0.0378246927383671,291.5629429436311,7,74,2.47821
8246,0.0417068526145346,289.75620675078767,7,95,2.18133
8247,0.0372464316583482,291.8507524357591,7,62,2.4853523
8248,0.0682486601729914,289.05332731402973,1,12,0.0
8249,0.0430119556410154,289.01107632338835,7,104,0.92740995
8250,0.0198925456413038,291.0579765228234,6,102,1.4665647
8251,0.0238195144644828,289.9256037256493,7,874,21.635656
8252,0.0351384170699244,290.48203667514554,7,84,0.92740995
8253,0.0271929396108891,290.5998372139253,7,133,1.471583
8254,0.0185667272588193,291.39269145747073,7,137,3.003867
8255,0.063049893182497,289.2779906208431,1,6,1.5095555
8256,0.0298837007745351,290.7975345283884,7,83,1.8543341
8257,0.0279781712134655,289.2218723191715,7,428,3.5938315
8258,0.0222500675550032,290.4211877155334,8,279,4.614318
8259,0.042251640807438,291.55390901914245,7,89,2.4839284
8260,0.0195920139390608,291.731692861759,7,85,1.1401772
8261,0.020369217562879,290.92102744815674,7,101,0.0
8262,0.0334162365488052,291.4332260834741,4,59,2.9503562
8263,0.0626901225638859,289.3978736450372,1,6,0.92740995
8264,0.034179598149612,289.7594162286667,7,124,2.4703794
8265,0.0682330758116484,288.62660074390817,4,26,3.027691
8266,0.0185763461626915,291.4074404349978,7,141,2.4586263
8267,0.0281991629306333,290.8154234040654,7,91,1.4722124
8268,0.0320258886631848,291.3686832941476,5,94,3.4433892
8269,0.0646768542786171,289.4001280056127,1,6,1.8543341
8270,0.0470603849205311,289.27204257148543,7,112,3.878783
8271,0.0389661358414062,289.9071883473324,7,92,1.1482613
8272,0.0286487435438539,290.7938226498151,5,278,3.5594308
8273,0.0316590855675023,290.39726942676253,7,94,1.1449237
8274,0.0390266347242693,291.77285021118547,7,71,3.8793035
8275,0.0451206434612074,290.0968128002286,4,-5,0.92740995
8276,0.0642860315411998,288.6830492431252,4,14,1.5136784
8277,0.0214713829867386,290.6336958994319,7,112,1.1336627
8278,0.0271293757893824,288.9586445318535,7,460,0.0
8279,0.0185071001897628,291.45985433598366,7,96,1.4678829
8280,0.0630850349687224,288.4961141048825,4,21,2.3963706
8281,0.022561648972515,290.3162229470878,4,654,4.6180396
8282,0.0231381220358154,291.7457805718814,4,68,1.142057
8283,0.06072851693069,288.99906992396814,1,4,0.92740995
8284,0.0250679651284203,289.5896398207635,6,562,3.879433
8285,0.0341404960709443,290.0603523520009,7,105,2.179377
8286,0.0210755921429661,290.69347531021526,7,112,2.7802885
8287,0.0255178096176114,290.9209940042384,7,100,1.4711994
8288,0.0217111365440263,290.57494779477224,7,888,10.261484
8289,0.0474182358034958,288.9959893612004,7,113,2.955179
8290,0.0665431016080762,288.7786638320956,4,11,6.241541
8291,0.0423285719511081,290.8758138492185,7,88,1.151218
8292,0.0644645636236741,288.44671512332445,4,35,1.2018646
8293,0.0459724001021103,288.83628592179343,7,116,0.0
8294,0.0407742604928048,291.6799278343636,7,76,2.4852526
8295,0.0278744128420197,290.92571178500725,7,193,5.993881
8296,0.0277551794862731,291.1373429441155,4,77,1.8543341
8297,0.0805428725408104,289.28081549610795,7,28,0.92740995
8298,0.0703223945539009,288.77081085766315,4,20,2.5706158
8299,0.0205655557155558,290.82320601678623,7,121,1.8543341
8300,0.0193998010739952,291.1938404255876,7,105,1.4671484
8301,0.0711327929207771,288.8083409937352,3,17,2.570518
8302,0.0445687213120362,291.1130054615228,7,87,1.4793105
8303,0.0768984531707845,288.64149848996465,1,33,0.92740995
8304,0.0238616521582237,290.3720497696783,9,767,13.507388
8305,0.0632294280521062,288.4704267104994,4,28,1.8543341
8306,0.0187218998427724,291.3618236212501,4,114,3.0036812
8307,0.0221945029475777,290.4034730926052,7,166,1.1332033
8308,0.0680103722025603,289.55158674614114,7,17,1.1916407
8309,0.038842012155755,291.726777658917,7,69,0.0
8310,0.0266429666888217,290.75782484589774,7,110,1.1426743
8311,0.0680419561864206,289.6015150489561,7,14,1.8543341
8312,0.041325071815458,289.826715157709,7,96,1.4767653
8313,0.0489506198467473,289.6987910876161,7,102,0.0
8314,0.0422312744293412,290.04955470894043,7,99,1.8543341
8315,0.0633224818005933,288.5118057956675,4,23,0.0
8316,0.0390657814278036,291.54622131791007,7,77,2.1819024
8317,0.0463746823969215,289.41533135291775,7,111,1.4785153
8318,0.021823545267951,290.53207088745546,7,613,24.710558
8319,0.0245453564019705,290.58699026086185,7,222,0.92740995
8320,0.0267619835408628,290.79604496934337,7,108,1.4715954
8321,0.0179962626268279,291.6330093473997,7,78,0.92740995
8322,0.0614863705361219,289.2285098972642,1,6,2.7802885
8323,0.0214726030977131,290.5591638128003,6,174,0.0
8324,0.0208439480795952,290.7738970939276,7,99,1.4657899
8325,0.0454812481256435,291.22775218985703,7,90,2.1833186
8326,0.075232303940152,288.7529886467049,6,36,1.1936929
8327,0.0565713943987928,289.4202379676004,4,4,0.92740995
8328,0.0452818886274922,288.9550378037819,7,113,1.4776304
8329,0.0426211669713144,289.9787078184152,7,101,2.952942
8330,0.0208642178817036,290.75023993129463,7,109,2.1740403
8331,0.0309385030438014,290.16077236945966,7,133,1.1442454
8332,0.0297869491509891,290.1399731639341,5,154,3.0056143
8333,0.0632744946396168,289.3937808629378,1,4,1.5092508
8334,0.0733315918558666,289.05428050891965,5,21,7.3788605
8335,0.0222754646157128,290.3848022590139,7,181,1.1330067
8336,0.0258301709133618,290.733635637329,5,148,1.1424311
8337,0.0208189879924185,290.75988438782053,7,112,2.4523842
8338,0.0707032810809284,289.3475323843227,4,22,0.92740995
8339,0.0375034502941802,291.6707206163589,7,65,0.0
8340,0.0463896923621965,290.61328542132344,7,93,1.1531078
8341,0.0617288564253441,288.4087269075644,5,29,2.7802885
8342,0.0438633653569543,291.52906772116404,7,88,1.4800733
8343,0.0304195548040654,291.3891514916562,7,168,1.8543341
8344,0.0381291733040593,291.7081392182565,7,63,4.4302607
8345,0.0425312569880837,291.5314064019745,7,90,2.9565167
8346,0.0667569482171661,288.56811796716136,6,25,1.2006948
8347,0.022624867803205,290.28857809989177,4,596,1.1342041
8348,0.0642204768481163,289.03483924685474,4,9,0.0
8349,0.0298858731321302,290.918350838064,7,74,1.473009
8350,0.0327154183286234,291.4698169311582,4,91,1.8543341
8351,0.0372312632970366,289.45726617165315,7,118,2.179871
8352,0.0221263769418205,290.4376262496912,7,136,2.4472358
8353,0.035999945715159,291.5367578709852,8,64,1.1492708
8354,0.0415918418698923,291.5527861697434,7,80,1.4790953
8355,0.0230256580271995,290.6585268724441,7,411,3.0044627
8356,0.0394755401312455,291.5690599278554,7,76,1.4785056
8357,0.0275871050209327,290.20716692060023,6,428,9.171785
8358,0.0367397413224869,291.5685358340138,7,71,3.0077507
8359,0.0627088571907593,288.611562647434,1,13,2.206231
8360,0.063294052550465,288.699886601194,4,12,2.390032
8361,0.0425629976703595,290.9546546612371,7,88,1.1514356
8362,0.0392651027294197,291.3759219621633,7,81,0.0
8363,0.0393350962738958,289.3604912904044,7,111,1.8543341
8364,0.042527124239412,289.4153870855189,7,102,0.0
8365,0.0372256361366145,291.546252148638,7,70,2.4784143
8366,0.0349254377372439,290.79210330720707,7,77,1.4749825
8367,0.038707589343293,291.2675887840428,4,40,0.92740995
8368,0.0434817408118462,291.51197593402094,7,87,1.1529096
8369,0.0566989492206486,289.51065666059543,1,5,4.00984
8370,0.064943730361954,289.71050539525606,4,10,1.1904823
8371,0.0469416872875245,288.94897455502286,7,117,2.4813812
8372,0.036155490603839,291.527184346968,7,65,1.4771115
8373,0.0271107401513223,288.90210066965835,7,344,9.988227
8374,0.0232146748509722,290.10901225112667,7,678,2.1731122
8375,0.024025252958772,289.86029781010666,7,753,7.7124047
8376,0.0219190658914181,290.52101843255474,7,758,6.4576354
8377,0.0439915204166685,289.55285733127084,7,110,1.4776368
8378,0.0237302274725016,289.96331739890286,4,604,0.92740995
8379,0.0319837458656052,291.35015943082414,4,86,2.2966652
8380,0.0204346300426463,290.86200249932045,7,110,1.8543341
8381,0.0539510074417735,289.6810711555304,4,1,0.92740995
8382,0.0405995838258881,291.58525112010227,7,79,1.4790889
8383,0.0596248234626588,289.7002996888946,4,5,1.1882186
8384,0.0639547600472975,288.71195176262114,4,12,0.92740995
8385,0.0684622860765647,288.6638410029234,6,21,1.5164437
8386,0.0284198474552531,290.8993751442328,7,84,2.1783042
8387,0.0334834765750863,289.8950192272846,7,124,1.1452936
8388,0.0652628178930563,289.43021765338574,4,8,0.0
8389,0.0611363545077103,288.8884518728196,4,7,1.510387
8390,0.0430113988726132,290.36946107830846,7,95,1.477975
8391,0.0295349221398895,289.63017753831986,7,427,5.6625986
8392,0.0694271700655087,288.19798745138405,7,36,1.5191984
8393,0.0464266718862327,288.9400238154732,7,120,0.0
8394,0.0272256046514482,290.56359472545364,7,240,2.2860036
8395,0.0624292533243465,288.41241451361344,4,36,0.92740995
8396,0.0246282203621399,290.0148344230466,5,686,4.4003096
8397,0.0450274007634409,290.8979345240962,7,90,1.4793073
8398,0.0325619554769738,292.0501480838621,4,71,0.92740995
8399,0.0641709460467512,288.709027352839,4,15,0.92740995
8400,0.0409626590001496,291.065549120252,7,84,3.8784328
8401,0.0740640738553291,288.4389807940112,4,32,2.2099562
8402,0.0189786687299494,291.25173012465746,7,312,5.15288
8403,0.0389500201204518,291.5713555123894,7,76,0.92740995
8404,0.027962185698164,290.77999063320453,7,98,0.92740995
8405,0.0178636153508879,291.66312876911906,7,82,0.0
8406,0.0253299961888186,289.5078657456569,7,546,6.7597857
8407,0.0229733813835975,290.1800674691786,4,587,1.4652911
8408,0.0462486532473391,289.6998145653804,7,107,2.3029766
8409,0.0584661624705559,288.34529573051475,4,37,1.1964425
8410,0.0740773748903498,289.1692409474016,7,20,0.92740995
8411,0.0180957437423891,291.70847436571813,7,92,0.92740995
8412,0.0413080160736476,290.61678156147235,7,89,0.0
8413,0.0694281080091742,288.08444172306866,7,40,1.5195578
8414,0.0368113813229477,291.63577425374,7,64,1.4785664
8415,0.0622772748088514,289.6447339119282,4,2,2.5521367
8416,0.0216993655458584,290.52296939346604,7,128,2.7802885
8417,0.0190847525634736,291.3503748427829,7,153,3.0040069
8418,0.0187313981645906,291.3502480318839,7,122,1.1386673
8419,0.038839025251798,290.9030026695435,7,82,0.0
8420,0.0265951332481083,289.2688824364005,6,500,2.2779381
8421,0.0395746137331672,290.0630283561439,7,92,1.8543341
8422,0.0264268378642727,289.27726928595126,7,492,3.5373876
8423,0.0216717447777048,290.57099763611467,7,111,1.8543341
8424,0.0188860442274993,291.3210061727822,7,105,4.6365366
8425,0.0212376190679853,290.7047732030333,7,100,4.3400064
8426,0.0415214137564858,290.9616933556585,7,88,1.8543341
8427,0.06826153378046,289.140843974547,1,11,2.561665
8428,0.0192811868606581,291.5214260306868,7,113,1.1397191
8429,0.0648662071119939,288.7687275580388,4,15,5.117663
8430,0.0308419884825569,291.51467625354104,4,142,1.150341
8431,0.0223041073686084,290.4127133390243,7,748,5.147311
8432,0.0317101484056415,289.6018285706747,7,205,1.4725139
8433,0.0202923313283976,290.98391407506085,7,370,4.6273675
8434,0.0255876272246738,290.3053574925782,6,339,13.449254
8435,0.0617736874101498,288.45581609629005,7,25,0.0
8436,0.0640874001750972,288.71872255573123,4,12,0.92740995
8437,0.0220811971720517,290.45341404125685,7,120,0.92740995
8438,0.020466724410225,290.8897368195657,7,102,3.8736315
8439,0.0242621381521924,291.47118071125624,4,66,0.0
8440,0.0225569288761329,290.30982478815406,7,720,7.327805
8441,0.0204010617892829,290.9059550111299,7,103,1.4661543
8442,0.0227866920335275,291.46087748065213,7,85,0.92740995
8443,0.0352251766445829,291.5053001753997,7,69,0.0
8444,0.0776603357857168,288.66209854053005,4,32,2.7802885
8445,0.0189145650304593,291.3330210084189,7,104,3.8790214
8446,0.0202174406625814,290.9856908435386,7,90,2.1739306
8447,0.0220105556637744,290.6829184958975,7,280,4.642085
8448,0.0455354678044843,289.9502503968518,7,102,0.92740995
8449,0.0247455774770809,291.6350496739267,6,66,1.4716046
8450,0.0316384514139628,292.0761909391822,4,86,1.8543341
8451,0.0388220055352487,291.63521596276894,7,70,2.303725
8452,0.0337918372319662,289.6531148522819,7,145,2.4697537
8453,0.043759977064704,288.9261275504211,7,102,1.1496869
8454,0.0296782258490998,290.493674023492,7,113,0.92740995
8455,0.0202949226877857,290.88029857247915,7,162,2.9324238
8456,0.0352943297822689,290.4744935916251,7,87,4.5786963
8457,0.0307720513343312,291.31814400106265,4,138,2.297251
8458,0.0300747344902609,290.7552660695394,9,84,0.0
8459,0.0221148664398516,290.43220115893394,7,156,2.1727562
8460,0.0267760920115711,290.2982045058994,7,687,16.468786
8461,0.0330920200181105,290.4395912679375,7,89,1.8543341
8462,0.0181630710116763,291.54020171779064,7,118,1.1391317
8463,0.038916346316365,291.57998464238983,7,70,1.1516534
8464,0.0390663944526009,289.05254278763323,7,127,2.4736912
8465,0.0427623779931727,290.9546531951254,7,87,1.4784032
8466,0.0795050432953444,289.367989914689,4,29,0.0
8467,0.0409001106546035,289.0934197385736,7,109,0.92740995
8468,0.0256056174332003,290.0646972417382,7,635,13.446711
8469,0.0688728435819648,289.19083069654164,7,20,5.9343505
8470,0.0415373510709146,291.6524041885118,7,78,1.4800508
8471,0.0378237852720507,291.624235577969,7,69,2.1825578
8472,0.0431130437309582,289.8543843560961,7,100,2.47952
8473,0.0305508382294465,290.6932901710896,7,84,1.1446867
8474,0.0612618077350919,289.70250730795067,4,3,1.5077041
8475,0.0379391438613668,291.8200752777473,7,63,2.3064053
8476,0.0529188141610022,286.22848641423786,9,852,0.0
8477,0.0340910142500057,291.4652824620613,7,63,3.5660663
8478,0.0653489427782145,289.317734031603,5,7,3.0243955
8479,0.0612557302812633,289.6983121929929,4,5,2.5510087
8480,0.0210781264931585,291.3517551560183,7,86,0.0
8481,0.0264738411565549,290.31998506413834,6,514,18.999014
8482,0.0304886643773302,290.29126970370845,4,127,2.467896
8483,0.0207108672633624,290.8251829572397,7,96,0.0
8484,0.0247070801561796,290.8916182038076,7,130,1.1418024
8485,0.0212283207677666,290.652652078846,7,111,0.0
8486,0.0342310571392428,289.036519980224,4,252,5.547545
8487,0.0590485535697645,288.3548017445254,7,35,0.0
8488,0.0211096118767168,290.65711894204026,7,177,2.1741214
8489,0.0377912285630472,290.68623236869604,7,78,1.148554
8490,0.0408270138959012,289.89671280004575,7,94,0.92740995
8491,0.0427220784106688,289.9157222879704,7,100,3.0081632
8492,0.0329097863248931,291.6311468243293,4,86,0.92740995
8493,0.0222136598681981,290.3991382826697,7,168,2.4475353
8494,0.0759559116403162,288.5493080758595,4,32,2.57691
8495,0.0384679748819526,289.3679113408897,7,121,0.0
8496,0.0281739228226983,290.9815597938735,7,199,2.2884362
8497,0.0220473136196046,290.4878871721422,6,282,2.925381
8498,0.0206004272285094,291.7235343700873,7,80,0.0
8499,0.0663535145756552,288.6392654213339,2,17,2.5693734
8500,0.0390752677666335,291.6507381356002,8,72,2.1829202
8501,0.0398759195710237,291.54301310547066,7,80,0.92740995
8502,0.0738191062801393,289.45228259952063,7,21,1.5121737
8503,0.0396072082414215,289.29010701124554,7,116,0.0
8504,0.0365197664838002,290.0943866604366,7,93,0.0
8505,0.0308618244444297,291.3897412347257,7,130,1.4768668
8506,0.0669476238969626,289.66371615116844,4,13,1.509695
8507,0.0248585791465333,291.69762710957366,7,64,1.4716945
8508,0.0412680411719496,291.54628336076763,7,82,2.955748
8509,0.0332144610073814,289.5388771400902,7,62,4.4464703
8510,0.0207284241877504,290.8049808516159,7,101,0.92740995
8511,0.0747982106555067,288.5949829762797,4,31,3.6034417
8512,0.0221821161840377,290.4154232070814,7,172,1.4640466
8513,0.0349367017969582,291.4953431710768,7,69,0.0
8514,0.0401075390679966,291.711135042141,7,75,1.4799573
8515,0.0742045478270928,289.29355745064447,5,24,4.5277805
8516,0.0176770173075012,291.7128234440128,7,81,2.2766323
8517,0.0187780624987203,291.37535743550296,7,98,2.9335198
8518,0.0221572913735237,290.3682151941352,7,1258,1.4649433
8519,0.042233589885928,291.07209511767235,7,87,2.4812975
8520,0.023792311512649,290.9920495961745,7,149,0.92740995
8521,0.0194480418162153,291.21952357402245,9,155,1.4673303
8522,0.0402736342841607,290.6350554501409,7,89,2.9521732
8523,0.0643378811015288,288.45799925538284,3,37,0.92740995
8524,0.0697536792707161,288.3952245584902,4,29,0.0
8525,0.0186367605687601,291.4074864022343,7,98,9.4226
8526,0.0387369640321201,289.341635173173,7,116,0.0
8527,0.0416550354566624,290.18873926964767,7,94,2.1815858
8528,0.0220200934122316,291.6939757560689,6,71,1.4705176
8529,0.0681620190357704,289.2044756804806,1,10,2.3873816
8530,0.0326760914974422,291.4670443283224,4,91,0.92740995
8531,0.0252214097646187,291.5453644518064,4,66,5.1564264
8532,0.0354198941331811,291.52426973976134,7,69,1.4758593
8533,0.0362290917564942,291.62260728945193,7,64,1.478368
8534,0.0238645330477681,289.91087167555366,7,829,31.523691
8535,0.0216919391587792,290.5275476820685,6,125,1.4649942
8536,0.041303886573855,291.56785088619176,7,85,3.575582
8537,0.0403797189544329,291.568247786851,7,81,4.428575
8538,0.0249867867855106,290.0568808618715,7,558,14.175466
8539,0.0387836589022481,291.63385084126526,7,69,0.92740995
8540,0.0365431774796108,291.56184639890233,7,67,0.92740995
8541,0.022837994385553,290.2238329892974,4,611,1.4648564
8542,0.051110671563342,288.2495548850917,6,406,16.273333
8543,0.0339779143334843,291.5249228006346,4,76,2.9529164
8544,0.0338812336570033,291.5523763895026,4,79,1.4776528
8545,0.0737352049427716,288.758128546062,4,24,1.2017541
8546,0.047006329245819,288.9562941647447,7,116,0.0
8547,0.0617392898357196,288.3993684299457,4,37,2.2082782
8548,0.0747950278948259,288.4095530030319,4,36,2.4054596
8549,0.0385886280578635,287.2940427204932,9,2045,18.809061
8550,0.0612840689829621,289.6583100814386,2,-5,9.487356
8551,0.0462171319550313,288.98245051165765,7,117,1.4780515
8552,0.0353421021321016,289.79319702836614,7,111,1.4742253
8553,0.0561726784456042,289.4974212311223,1,6,2.2012892
8554,0.0226144223806899,290.2872061289191,6,294,5.645275
8555,0.0215823012749602,290.6014634121996,6,503,7.909448
8556,0.0202756768082486,290.97569108147445,4,86,1.135224
8557,0.0185941711672035,291.43762283997626,7,91,2.2747574
8558,0.0233446660733362,290.0695804664516,7,758,11.069309
8559,0.02122931688765,290.6908019123658,5,89,1.1342312
8560,0.0656252942528321,288.59516926734204,1,16,1.5156778
8561,0.0183429925005311,291.5760281790393,7,77,2.2774894
8562,0.0477661211243524,288.5835049699489,7,121,2.3019912
8563,0.0381712257433325,289.15229308413643,7,130,0.92740995
8564,0.0797164213307662,289.2512530378309,4,30,4.036722
8565,0.038326460722934,291.7742959560197,7,70,1.1533929
8566,0.0675299713618619,289.5331587514719,7,15,0.0
8567,0.0386708802521308,291.58429387340067,7,72,1.4784768
8568,0.0341650710834614,291.2105511232982,7,67,2.473586
8569,0.067362967026272,289.54193741632776,7,15,8.001448
8570,0.0220458061172063,291.07497617555885,7,156,2.1765244
8571,0.0749680198946489,288.38592023953146,4,34,0.92740995
8572,0.0210489001222371,290.6797256023806,7,160,2.2706604
8573,0.053542186676771,286.807472624808,7,258,20.057613
8574,0.0708514304971362,289.23002100010603,7,24,0.92740995
8575,0.0203728786626932,290.91289473794586,7,104,0.92740995
8576,0.0213106067381702,290.6241319638886,7,122,0.0
8577,0.0594230704192495,288.40209686251853,4,30,0.0
8578,0.0249675015146873,289.6915198074375,7,429,14.094794
8579,0.0292143602017025,291.0562055570797,7,191,4.765897
8580,0.0378616753360116,289.2881182872564,7,124,0.92740995
8581,0.0405145164270079,291.53797518820426,7,79,1.4782945
8582,0.0632405351889632,288.7050546837218,2,11,1.1954371
8583,0.0353341201815585,291.5599456336448,4,64,5.16138
8584,0.0285429670144854,290.72331692065615,4,613,21.09994
8585,0.0392710956024986,291.5507442922402,7,78,2.480826
8586,0.0617235362091883,288.5595009827258,2,16,4.5316105
8587,0.0344215049143598,290.5540406807044,7,83,1.1465918
8588,0.0501772111996704,289.30161691741995,7,110,2.3063145
8589,0.0665561036913755,288.46224853540366,4,34,2.2094147
8590,0.0276473447786596,289.20035937250583,6,442,7.9170275
8591,0.019079895071125,291.2937848620485,7,99,2.4551916
8592,0.0648723076984298,289.2177279276372,1,6,4.4019628
8593,0.0670100538233532,289.63104605254085,4,14,1.5098127
8594,0.0312102255704147,291.4705402659238,8,62,2.471252
8595,0.0184213261662911,291.4693996791897,7,103,3.003659
8596,0.0465173232971208,289.0160838116192,7,116,2.1822417
8597,0.0653265033693299,288.7815619294348,4,16,4.405802
8598,0.0304484688911015,291.38789165464834,7,163,0.92740995
8599,0.0183346417709096,291.4945580774854,7,102,0.0
8600,0.023908326309116,289.9016091752754,7,689,0.0
8601,0.0397078662773689,291.7368174265316,7,74,0.0
8602,0.0254484428432739,289.5873142364749,7,411,6.7673197
8603,0.0735683306330978,288.2454173302732,4,34,1.2037522
8604,0.0191172630543506,291.316160235198,7,138,3.5893226
8605,0.0693303836964285,288.6203470132904,1,25,1.2016342
8606,0.0204294779732565,290.93358479582275,7,236,3.8746948
8607,0.0715345120942704,289.155193755493,4,15,0.0
8608,0.0396874014118232,291.6402754634668,7,75,1.4793041
8609,0.0382504841879955,291.67077712875925,7,67,1.152493
8610,0.0208195037088689,290.7703366907686,7,100,1.4659857
8611,0.04551975160204,289.7409749869408,7,106,1.4784544
8612,0.0257112300600195,291.7150205327048,4,66,2.7802885
8613,0.0592214540267295,288.37024244000764,4,31,0.0
8614,0.021338363702628,290.6757959382942,7,333,0.0
8615,0.0284142541437726,289.839786411027,6,381,3.005183
8616,0.0182706556387882,291.4949113160864,7,118,1.8543341
8617,0.0326211828919888,290.05254613631297,6,119,0.0
8618,0.0611540425690435,289.6615799213315,2,7,7.4974284
8619,0.019998475013375,291.5743430107314,7,96,1.4695711
8620,0.0248237164346247,291.2199717083045,7,88,0.0
8621,0.0549424127084093,286.20860556694726,7,311,22.246056
8622,0.0684519353755374,289.32562296951187,7,22,1.5094672
8623,0.0391718662217025,291.5484673779887,7,78,1.4775667
8624,0.0215175856923278,290.6216024442701,7,496,7.042849
8625,0.0423864010010747,289.4896089549737,7,96,0.0
8626,0.0181894659162202,291.5222900212078,7,111,4.3453465
8627,0.0287451774889992,291.13152512354714,7,271,1.1486273
8628,0.0664136292104502,289.08450805684726,4,9,0.92740995
8629,0.0761878975109568,289.37900657273053,5,18,6.2395754
8630,0.024749656414479,289.6963546524308,7,421,7.1541066
8631,0.0333702456101144,290.860690291432,7,77,2.4720287
8632,0.0218696778109629,290.4837666165547,7,135,1.4647008
8633,0.0686190863131834,288.590321664827,4,26,1.2018166
8634,0.0786494287967009,288.76081589388383,4,34,1.5183212
8635,0.0613741530163117,288.4036677266534,7,32,4.53896
8636,0.0681949453929172,288.4074039914278,7,32,0.0
8637,0.024573393530741,290.17278007288604,6,742,5.9926353
8638,0.038209350575803,291.59870151131514,7,70,2.1824536
8639,0.0206696299783461,290.795207256626,7,118,1.1361268
8640,0.0768144913457519,288.90280266512207,1,25,1.2011162
8641,0.0620884683990342,288.5227838651132,4,17,2.2066975
8642,0.0623250728567992,288.9027765472118,2,6,1.1930138
8643,0.0198177097207832,291.1128251953248,7,163,2.4585314
8644,0.0457318654895536,289.4814010765293,7,109,1.8543341
8645,0.0383263446790424,291.67841748455334,7,68,1.8543341
8646,0.0643423440847671,289.691996778966,5,9,1.1902919
8647,0.0273416637755308,289.336320761497,7,414,2.93764
8648,0.0210140814941825,290.70843609203075,7,114,2.1739247
8649,0.0365070844492103,291.6948948239042,7,62,3.5747018
8650,0.0369785925931368,288.5295563305201,5,477,24.058325
8651,0.021818897510471,290.5334154287371,7,135,3.3961513
8652,0.0213417851825517,290.6751488251546,7,336,4.906855
8653,0.0743714362528371,288.85400001068217,1,22,0.92740995
8654,0.0395655008397198,291.55086068734107,7,76,0.92740995
8655,0.0387884477819583,291.6041138059052,7,69,3.7047918
8656,0.019765825209435,291.0132703832716,7,166,1.8543341
8657,0.0459819674571494,288.8721359348124,7,116,2.1819997
8658,0.0317128625577966,291.311859953808,4,82,2.47572
8659,0.0413745350082195,287.74516883370245,8,364,5.159933
8660,0.029555326835932,290.8743889684603,7,79,2.4682968
8661,0.0433296383883658,289.7249735402329,7,103,1.1504024
8662,0.0184920158003506,291.6530120528516,7,97,2.278072
8663,0.0441856328424599,291.5085818525468,7,89,2.7802885
8664,0.0760956344089057,288.49462185017626,2,33,2.7802885
8665,0.0368310843750222,289.48715344754817,7,121,3.8772256
8666,0.0214860408694109,290.6403983747315,6,142,2.7802885
8667,0.0261202452569517,289.3048523389579,7,418,1.1387106
8668,0.0289051543646353,292.02089101731605,6,327,8.47342
8669,0.0260510706085825,290.73218359832896,7,130,1.4712365
8670,0.0441315754385548,289.4416974412548,7,110,3.6060739
8671,0.0667388363268584,288.5950293155128,4,20,1.8543341
8672,0.0247707128316193,290.2135864696615,7,592,11.487623
8673,0.0614676363649032,288.6768052732559,5,15,2.3877006
8674,0.034815995245809,291.5666834692681,7,67,2.4750051
8675,0.0400287113089179,291.554830854004,7,80,3.0086715
8676,0.0267214527083211,290.7703403108003,7,106,2.9411652
8677,0.0375383462456598,291.7182628262321,7,64,2.7802885
8678,0.0420464286083393,291.6078030277388,7,86,2.9577107
8679,0.0207284243899139,290.798488653656,7,102,1.4660459
8680,0.0397885027646694,289.2541769731046,7,113,1.4755908
8681,0.0319820679059862,291.577943480424,4,58,2.1798456
8682,0.0372848747507929,289.6845312490182,7,109,2.4733162
8683,0.0391732819481994,290.87160007657207,7,83,2.4778094
8684,0.0471301739007149,288.7244832575418,7,118,2.3016303
8685,0.0375423882790141,291.7128168596671,7,65,2.182955
8686,0.036974934227616,289.5886118688495,7,113,0.92740995
8687,0.0362740441952481,289.68800630970964,7,112,1.4745172
8688,0.0334083862505654,289.8482918334212,7,130,1.8543341
8689,0.0392284485306374,289.4646478428911,7,105,2.4747722
8690,0.0446505008290734,290.36434331385885,7,96,2.3028123
8691,0.0279751246404026,288.7643104156654,7,393,2.7802885
8692,0.0213237523687024,290.63199472386657,7,102,0.92740995
8693,0.0454966073378532,289.23582524037744,7,116,2.1820881
8694,0.0664461543464339,289.59400512776136,4,10,0.92740995
8695,0.0599282564020165,288.99452943233223,4,6,1.8543341
8696,0.0191463335682526,291.6011307154328,7,101,0.92740995
8697,0.0373188637101111,289.427712022804,7,121,0.0
8698,0.0454265937639992,288.9121931524266,7,116,0.0
8699,0.0318744397688596,291.55579567947336,4,102,1.4776591
8700,0.0395479059601871,291.632251935548,7,73,0.0
8701,0.0603580542298522,289.69396492020644,4,6,1.8543341
8702,0.0301710704761198,290.8058164007996,7,77,2.9440982
8703,0.0458822947148098,289.6151680576144,5,-7,1.4995621
8704,0.0211262296281377,290.72714025039124,7,90,1.4649583
8705,0.0300451155185938,290.4093078486775,7,114,3.0057936
8706,0.0632163452365297,288.73783656361945,5,10,3.5810306
8707,0.023311697275511,290.29106018764725,7,538,13.10289
8708,0.0425142877641857,291.5516562479436,7,87,1.4794873
8709,0.065558488433605,289.45930828623653,6,9,0.92740995
8710,0.07266910371849,289.4257264167777,7,19,1.8543341
8711,0.0225947663663959,290.3089225411184,7,658,1.1331801
8712,0.0175939825078158,291.8128078999759,7,79,1.4688458
8713,0.0202790555575188,290.97614128474646,4,92,2.7802885
8714,0.0244305641638746,291.12677207232906,7,98,2.1773362
8715,0.0621941566319641,288.4363792980651,4,29,0.92740995
8716,0.0451343263543442,290.09382170641203,4,-6,0.0
8717,0.0403005630266528,289.3751424893537,7,104,0.0
8718,0.030455289035302,290.34373316697986,7,121,1.1442094
8719,0.0380799178520277,291.63269934260325,7,70,1.4788067
8720,0.0204691012476055,290.84584938852254,7,123,1.466746
8721,0.060233286883425,289.10422111898856,2,5,2.5540183
8722,0.0331136504064723,290.21969903201904,7,101,2.1791887
8723,0.0410160198379978,291.5755130706046,7,82,4.957309
8724,0.0348936128942556,291.09476875307405,7,72,2.4740512
8725,0.0225866117079956,291.4863636912285,7,85,1.141433
8726,0.0403181358820756,291.54163899753144,7,78,3.008587
8727,0.0778118462332397,288.73869757913263,1,32,1.2023643
8728,0.0462096051038644,289.25511117730025,7,122,4.767261
8729,0.0771834965567307,288.6765621819972,1,31,0.92740995
8730,0.0697043241698912,288.56056671942105,4,27,1.5180814
8731,0.0632995890502143,288.51532559466204,4,21,4.408404
8732,0.0216142132648446,290.55539484268087,7,107,3.0020833
8733,0.0201615716692091,290.9700142244112,6,356,15.76374
8734,0.0388047453088921,290.30281043299163,7,83,3.4422448
8735,0.076657373959184,288.7876984424302,4,30,0.92740995
8736,0.0388632929278274,291.5993941794494,7,69,5.057255
8737,0.0449799673069635,287.672335379411,6,370,31.511131
8738,0.0299983156093547,290.1445935413902,7,148,1.472318
8739,0.0479444914406477,289.56200960609306,7,104,1.1527157
8740,0.0180083618851243,291.8348929530328,7,77,1.4690384
8741,0.0287205312833395,290.82552857296184,7,86,1.1438729
8742,0.0210838361121079,290.7655526224405,7,276,5.1483426
8743,0.068201551951953,288.75830968722124,1,15,2.3955443
8744,0.0766103394645205,289.3406835747296,4,21,2.2066205
8745,0.0368497742064876,291.6726532328697,7,62,2.4826074
8746,0.0221561896717698,290.42608476914984,7,958,3.5884848
8747,0.0727329182710188,289.40708172231734,7,19,1.5116174
8748,0.023299791197952,290.0848801099263,7,794,10.137871
8749,0.032808446074955,291.47055051872724,4,88,1.4771084
8750,0.0190979836935391,291.8175747090958,7,89,3.5395622
8751,0.0452150162228116,291.4637510384953,7,92,3.009372
8752,0.0223626586654154,290.37670182498226,4,623,2.7802885
8753,0.0417991586635568,290.47622248821654,7,94,1.4775635
8754,0.0275106842030078,290.95836743978344,5,129,0.92740995
8755,0.0461192587127619,290.6870594954662,7,91,3.0092108
8756,0.0262476298753141,289.35128842058595,7,426,2.175977
8757,0.0428677488842208,289.3367092468431,7,100,1.4769621
8758,0.0669286440556767,289.5325328883517,4,17,5.8342505
8759,0.0304472917256151,290.2652358539986,7,126,0.92740995
8760,0.0419766813524629,291.5174194934121,7,83,3.6078205
8761,0.0213620522799557,290.5883549889488,7,165,2.1739125
8762,0.0745785295500847,288.34632818763936,4,35,1.8543341
8763,0.0658911247025204,289.3807525313388,7,23,2.5525763
8764,0.063299558227176,288.57747811243496,4,11,3.0264337
8765,0.0605748558267788,288.4345133353144,4,20,1.1971854
8766,0.0634994538193028,289.6692519602635,4,8,6.000707
8767,0.039019285521272,291.68824872935267,7,67,4.359877
8768,0.0440311052062277,291.5025674572776,7,88,1.4796417
8769,0.0289120304114655,290.8238237665627,6,343,7.3315034
8770,0.0414958346994588,291.55696198969224,7,80,2.3039637
8771,0.0353558545365414,291.5063846839813,7,70,0.0
8772,0.022937963749756,291.0494104502519,7,139,0.0
8773,0.0459928708759868,289.4019172801974,7,111,0.0
8774,0.0205742133019721,290.84396305905835,7,108,0.0
8775,0.0187595156515981,291.34027464964265,7,128,2.2764437
8776,0.0746092978749804,288.7510003040541,4,28,1.517975
8777,0.0458069856965987,289.5008532099195,7,111,1.1514808
8778,0.0692546923471455,288.6367710346044,4,22,1.517375
8779,0.0211356729970388,290.6994125579478,7,91,1.134731
8780,0.037294420089457,291.5540381794058,7,69,0.0
8781,0.0193200416544379,291.19606912254955,7,113,1.137588
8782,0.0650687923601108,288.4800240099921,4,33,1.2016534
8783,0.0403296518919131,289.19364972171127,7,111,1.4757613
8784,0.0347899063628254,289.24329226661234,7,178,1.8543341
8785,0.0404099437268675,291.676074908496,7,72,0.0
8786,0.0396177358588368,291.5479304469956,7,76,0.0
8787,0.0451957756013582,290.39155468219326,7,94,0.0
8788,0.0193568010629156,291.3201344069823,7,163,2.2780168
8789,0.0214748342359001,290.59571885717804,7,97,0.0
8790,0.0386708737370753,291.6147362030548,7,72,3.4524138
8791,0.0544272155193316,289.6401277722703,0,0,1.5052999
8792,0.0376160761233696,289.4343263289413,7,116,1.4748441
8793,0.0186438584923367,291.3704977232371,6,140,4.5465674
8794,0.0273852566350817,289.6080733534139,7,317,2.1770637
8795,0.0772285578908942,288.8795798603493,1,31,6.573735
8796,0.0427671755181498,289.4327131495819,7,99,1.1497523
8797,0.0290539427615075,290.5451912536556,7,113,1.1437048
8798,0.0371406634128668,291.5554299827327,7,70,0.0
8799,0.0208403833758528,290.7866956137384,7,96,1.4656035
8800,0.046185326992926,290.2819703977397,7,92,0.92740995
8801,0.0184238809426927,291.76275876578296,7,89,1.8543341
8802,0.0236150505672206,289.9846430520683,7,678,4.763246
8803,0.0270524785622811,289.8938442669746,7,478,5.9820795
8804,0.0241216861404378,291.47918544694835,7,73,1.4711685
8805,0.0386544416277817,291.6693130108122,7,69,1.8543341
8806,0.0638525418880334,288.9373602297909,1,7,1.1937118
8807,0.0263820303883882,289.14827193023973,7,688,8.2891
8808,0.0435604684571898,291.517907229601,7,88,1.479587
8809,0.0264809208597856,291.0710021178755,7,82,1.4717441
8810,0.0406538026781443,291.5355929460114,7,79,0.0
8811,0.0463922335379188,288.9558355794584,7,118,2.182168
8812,0.0191260975591981,291.5080398334384,4,75,1.4690446
8813,0.0658984530233321,288.50745055282755,4,32,1.5177393
8814,0.0242633951118951,290.71014234847047,4,223,0.0
8815,0.0626752751318245,288.7751981352998,2,8,0.92740995
8816,0.0716964521697125,288.81300832040097,2,21,1.5161945
8817,0.0379532527404472,288.2387307683272,7,406,16.281256
8818,0.0390693141681522,291.0978501737566,4,35,0.92740995
8819,0.073658340910573,288.9073828406453,4,20,2.5706868
8820,0.0451678001512829,290.44521043351733,7,93,0.92740995
8821,0.0688441603423684,288.0398237709485,7,40,2.4070601
8822,0.0409982391950105,291.5943250384124,7,77,3.6089046
8823,0.0189646953805827,291.3560870554395,7,100,1.1389388
8824,0.0676871751615738,288.1021230232575,7,43,0.92740995
8825,0.0737353574884782,288.839142649654,4,21,0.92740995
8826,0.0739814578069078,289.42003872367377,7,30,0.0
8827,0.0192956753900819,291.22886400738406,7,101,2.1747854
8828,0.0366061198801566,288.1960487481145,9,712,26.07343
8829,0.0707257243378572,288.8853234460395,4,16,1.8543341
8830,0.0762083233190215,288.53678836431425,3,33,2.2098854
8831,0.0216644291642568,290.5346190112381,7,121,0.92740995
8832,0.0261503925831199,290.16966581179497,7,324,4.917387
8833,0.018880637021276,291.30096086749955,7,152,2.934783
8834,0.0636139343775814,288.54842545409826,3,18,1.5149369
8835,0.0302720376809658,291.5337345710021,4,264,5.9999537
8836,0.0591483029024129,288.4224360509755,4,31,0.92740995
8837,0.0593936719746183,288.3711967466141,7,33,2.3932886
8838,0.01801243844583,291.60121124430174,7,97,2.2764122
8839,0.0406124800383952,291.5430896800442,7,82,1.1516575
8840,0.0746393145636015,289.50852182900314,7,20,0.0
8841,0.0365086203249527,291.53340103374245,8,68,1.1500301
8842,0.0447391786997267,288.6122150256236,7,108,2.1814804
8843,0.0308407807633871,291.30265846761773,4,135,2.4767447
8844,0.020844862228951,290.75933150157067,7,107,2.1740139
8845,0.0683719969658673,288.55100251048543,4,30,2.4028356
8846,0.0253257080990946,289.55166544711483,7,459,4.7643394
8847,0.0430774437138159,289.5284463297757,7,105,1.4772292
8848,0.0464997925097048,289.9646698724927,4,-5,0.0
8849,0.038678789905813,291.5974979495793,7,73,0.92740995
8850,0.0280193720120495,289.71750572657095,5,569,3.7047918
8851,0.0406385750345987,291.5636756955525,7,79,2.1826727
8852,0.0382694929699135,291.5500219359075,7,73,1.4777803
8853,0.0288273265572355,291.1364879686696,6,70,0.0
8854,0.0318747225649059,292.11193905555626,4,81,1.1536535
8855,0.0190412094948004,291.2915975405874,7,102,2.1750715
8856,0.0427200982079518,289.1374494678545,7,101,1.8543341
8857,0.0386215633959881,291.2478749835457,7,81,1.1496625
8858,0.0787728910843119,288.9267597236676,1,29,1.8543341
8859,0.0606351028768078,289.0266530688282,4,4,0.92740995
8860,0.0453728204376283,289.003851628435,7,115,2.7802885
8861,0.0238041724749721,290.9765592903996,7,134,1.4705361
8862,0.0753585342331606,289.45891793170733,6,24,0.92740995
8863,0.0379630523600442,289.67092780320604,7,107,0.92740995
8864,0.0368323084038669,291.53785705567043,7,69,1.1501282
8865,0.0765513286718362,288.8845304303319,1,24,0.92740995
8866,0.0693406538504815,288.63912475652165,2,21,2.2089403
8867,0.020427894717467,290.95879412865645,7,218,2.2774107
8868,0.0635157092005987,288.5409260038024,4,17,1.1981533
8869,0.0234097411914598,291.02893982272155,6,146,1.4703575
8870,0.0377862843452489,289.9845037387605,7,94,1.1477172
8871,0.0412634292954029,291.58976272807524,7,76,5.897907
8872,0.0283505608198755,290.6687389256748,5,541,18.909628
8873,0.0182663930538802,291.5183307641066,7,103,1.4682997
8874,0.020943634969445,290.6818943559846,5,448,13.822329
8875,0.0201839084165994,290.9675921465573,7,105,1.4663805
8876,0.0385508149911039,287.82525347439866,9,821,9.794709
8877,0.0247322709241189,289.6739045223196,5,641,26.075144
8878,0.0767947724753246,289.3956910025857,4,21,3.6653438
8879,0.020460473755263,291.2926741366799,7,139,1.4694577
8880,0.0210997454854332,290.6515645265876,7,213,1.4663292
8881,0.0421163955607678,289.937564849026,7,101,2.1815598
8882,0.0210218284544514,290.606193273098,7,995,2.1750202
8883,0.0239170910471691,291.4822549163195,4,68,0.0
8884,0.0224974850129796,290.324276373066,7,211,1.4637426
8885,0.0611944499784669,288.4625993412257,4,21,1.5143069
8886,0.020761488473148,290.8167432168858,7,93,5.731859
8887,0.0756400762996154,288.8447759948287,2,26,2.5741343
8888,0.029975828443905,292.0679454308926,4,127,1.1530252
8889,0.0242286157781423,289.8015966555161,7,533,0.0
8890,0.0389179473116984,290.776384549462,7,85,1.1492667
8891,0.0344554344229309,291.5121789619507,7,64,3.8777828
8892,0.0283148991225179,291.83306779338807,4,446,9.264568
8893,0.0644593507600945,289.17948622711447,1,5,0.0
8894,0.0185145222948963,291.45564853211613,7,100,2.1752865
8895,0.0223569716230608,290.3577720969482,7,195,0.0
8896,0.0624702058724324,289.5880305213156,4,7,1.5083976
8897,0.035371621176255,288.7217854352488,6,432,16.24506
8898,0.0712743472987152,289.164691552388,7,23,3.690833
8899,0.0422670367844074,291.62137828316327,7,83,1.8543341
8900,0.0369839737296102,291.6924520926401,7,65,1.8543341
8901,0.0654946862416348,289.1966914137639,2,6,2.2044663
8902,0.0230625086995422,290.1734095597607,7,749,6.4711986
8903,0.0736204305992639,288.8212197956672,1,24,8.396218
8904,0.0616998233343479,288.51877864920834,4,18,3.892262
8905,0.0218102600556051,290.49221577759954,7,141,1.1341461
8906,0.0782029378456735,289.41483749637774,7,25,2.3927212
8907,0.0508793217933702,289.00494863484164,7,113,0.0
8908,0.0238161082546782,289.9325503584192,7,621,0.0
8909,0.029264261073388,290.6204217791318,7,104,1.1439089
8910,0.0277696260558498,289.0718506635307,7,500,13.548572
8911,0.0448721177928245,289.347489308597,7,111,1.4778186
8912,0.0682569534227048,288.1743768938878,4,38,0.0
8913,0.0448947606938856,289.3438275519847,7,111,2.3006716
8914,0.047433807923618,289.0023132333712,7,112,3.4516141
8915,0.0223046582039098,290.3646285905791,7,270,4.3849
8916,0.0215463486414056,290.61206174204386,5,117,3.5209105
8917,0.0377557135505601,291.57054312931496,7,73,0.0
8918,0.0715791074307704,289.1386360919953,4,17,0.92740995
8919,0.0300407954079865,291.7729438180119,5,189,3.5730863
8920,0.0295027526033107,291.87657296212666,7,202,10.299071
8921,0.030040548577884,291.9264268591319,4,148,2.9561386
8922,0.0378574707619141,290.686214582855,7,78,2.296259
8923,0.0207639097053221,290.8256652491717,4,91,0.92740995
8924,0.0189992290295093,291.26773749886394,7,153,2.1754978
8925,0.0365113060596179,291.5969492262228,7,67,3.0085335
8926,0.0396524905197233,289.70872149850106,7,94,4.5843887
8927,0.0211321791543211,290.70587367431415,8,90,3.8709927
8928,0.035753584156322,289.9864287096005,7,100,1.8543341
8929,0.0225541362597543,290.3287701092021,7,749,10.337334
8930,0.0424909749999304,291.0386792294668,7,86,1.478368
8931,0.0453243706102676,290.3832508599472,7,94,2.182751
8932,0.0512759661849428,286.99365022253926,7,464,7.910031
8933,0.0205445258484636,290.9156120037528,7,236,3.400025
8934,0.0609773349506322,289.47433715399217,4,7,0.0
8935,0.040713510277791,291.551504221086,7,82,2.1825728
8936,0.0357489055164515,291.56652160666846,7,66,2.476428
8937,0.0644833328691312,289.30221540782816,1,6,0.92740995
8938,0.022076937861307,290.83313247594344,7,237,1.4693873
8939,0.0380766873083638,291.00171780625345,7,77,1.4764861
8940,0.0407224106497016,291.55015528251454,7,80,1.8543341
8941,0.0205782864254912,290.8429035204741,7,107,1.1357918
8942,0.0230597762820754,290.1657246647652,7,671,1.4673394
8943,0.0205488589034206,290.8405491257211,7,107,3.5877962
8944,0.0426461713115782,289.4545472790789,7,102,1.4769781
8945,0.0209307214477069,290.7366031924508,7,102,1.8543341
8946,0.0411740033500277,289.6419897973548,7,94,2.181109
8947,0.0630469251388958,288.4636182018203,4,25,4.7790174
8948,0.0356620517864729,289.8644600989848,7,106,1.4744262
8949,0.0201372148320965,291.01908890320635,9,198,0.92740995
8950,0.0272287003191519,291.0252345810837,4,94,1.1438808
8951,0.0288888902391795,290.7952907308788,4,363,4.575692
8952,0.0220169951394172,290.47002754285813,7,111,2.172718
8953,0.0693734512805539,288.5993206577297,4,27,2.2093103
8954,0.0430445920635548,289.8319496192649,7,103,0.0
8955,0.02505257278575,289.81003922334213,7,515,18.292274
8956,0.0661770349387614,289.1122414550327,2,8,0.0
8957,0.0757652329467186,288.4637139215393,4,33,2.4052575
8958,0.0469995324973259,290.0246297579015,4,-5,3.651093
8959,0.0215687647812152,290.6027807877418,7,113,2.927042
8960,0.0447979960800919,290.06884953470114,4,-8,1.1767216
8961,0.0324596580407676,291.6833462266708,4,87,1.4783105
8962,0.0322159468360873,291.4543892423667,4,104,2.478384
8963,0.076048145762834,288.83659672168625,4,26,1.517785
8964,0.0375538851013071,291.56943749149343,7,72,4.5950894
8965,0.02806621535308,290.2373446561305,6,476,2.178651
8966,0.0692471409515441,289.62119849059366,7,13,6.464861
8967,0.0214879211940347,290.5496812039782,7,263,1.13529
8968,0.0396009843257232,291.543780174378,7,78,1.4777707
8969,0.0601543043890127,289.08597042798255,4,5,2.554096
8970,0.021738289608023,290.5552073348763,7,126,0.0
8971,0.0300630907584192,291.9486310530866,7,142,1.1524848
8972,0.0315435249653562,291.3978679431639,4,114,5.0523343
8973,0.0364373034726168,291.6999334615237,6,59,1.4789413
8974,0.0214248337302195,290.645123970097,4,519,9.262911
8975,0.0311689826447173,291.37945873751903,4,124,0.0
8976,0.0654618147023446,288.4950625082077,4,32,1.8543341
8977,0.0217937035711869,291.5106853010679,7,73,3.594042
8978,0.0361910253558637,291.5281007798449,7,66,1.4771497
8979,0.0448014247382242,289.26906711679146,7,111,2.4799297
8980,0.021622816839542,290.5860857782646,7,113,1.1335546
8981,0.0376516541016108,291.5577886966906,7,72,2.478263
8982,0.0616109322987511,289.6241076881729,4,5,3.8899992
8983,0.0698559612231771,288.2217939267175,7,34,1.5191602
8984,0.0334926800475522,291.08902115762425,7,70,1.1467333
8985,0.0268157380582093,289.6387903162196,7,449,23.865208
8986,0.044589176401206,291.49590904632873,7,92,0.92740995
8987,0.0406815325298811,290.6607139375261,7,90,2.1816008
8988,0.0610430453732123,289.4556783701871,4,7,0.0
8989,0.0182974627224012,291.5652796782308,7,78,1.1391474
8990,0.0733515508470111,289.4685032793287,4,22,1.512404
8991,0.0232945835547011,291.08638601114654,7,119,1.1412901
8992,0.0224902768037389,290.2709065547119,7,1226,3.5216014
8993,0.0381133475758957,289.5113272828735,7,116,0.92740995
8994,0.0475353642658183,290.360014156133,7,97,3.4565585
8995,0.0639847352871998,288.5892892755355,3,14,1.1976832
8996,0.0310862325201533,289.68460351140686,4,226,3.8763812
8997,0.0196374283479281,291.51531926733566,7,108,1.1399007
8998,0.021335483666809,291.1263702769061,6,184,3.5931215
8999,0.0694492625135485,288.40364871471195,4,30,0.0
9000,0.0790252591173899,288.74949182909535,2,37,1.5183897
9001,0.0461133431591298,289.11751803791606,7,115,1.8543341
9002,0.0710789317782604,288.7887143215496,4,18,2.570989
9003,0.0550712170331258,286.5722290451371,9,715,18.160378
9004,0.0395849683660543,289.1884471178645,7,118,1.1477375
9005,0.0185803250916816,291.47226981453684,7,84,1.1373414
9006,0.0712604196411739,288.7793507393851,4,21,1.5163833
9007,0.0238845984299335,290.65998116233504,4,316,13.70652
9008,0.0599820550499383,288.97898468582565,4,6,3.0239303
9009,0.0218416839451379,290.48359673003887,7,144,1.4648595
9010,0.0616473967066397,288.40348869555214,4,30,1.1996483
9011,0.0213468670539125,290.6708117775053,7,107,1.1337941
9012,0.0353600217432973,291.50114740599616,7,70,1.475812
9013,0.0206546450713284,290.8675496410724,7,318,2.273201
9014,0.0375004218713453,291.7789637158037,7,63,4.9597874
9015,0.0222652330092114,290.55452976817475,9,755,20.119017
9016,0.0216350229403709,291.6221191172725,7,80,2.1768932
9017,0.0210137868667986,290.7105215804412,7,111,4.532664
9018,0.0365090095559881,290.37608835472645,7,86,1.4752564
9019,0.0269988714868476,290.2842177325998,6,236,1.471187
9020,0.0415698304183384,290.17058077197623,7,95,2.2990284
9021,0.0414554140044403,291.577665695905,7,83,1.8543341
9022,0.0645597035409122,289.6117231050081,7,8,0.92740995
9023,0.0193269616267167,291.12432240093347,6,368,19.745653
9024,0.0210811672196682,290.69766238651334,7,98,1.1351619
9025,0.0218394245650937,290.4760792104416,7,211,12.073528
9026,0.0225990805861524,290.3022141039977,7,255,2.172337
9027,0.026250049944377,290.0493034005675,7,716,6.817081
9028,0.0459829450652519,287.44609081078715,7,380,25.611837
9029,0.0364385652720321,289.8522620116531,7,106,2.1798964
9030,0.0186173810011348,291.40200632147383,7,106,0.92740995
9031,0.0461034635913253,288.41167097974443,7,173,7.907442
9032,0.0637113162614417,288.4548981213605,4,32,0.92740995
9033,0.0410323925045212,291.48126271166194,7,81,1.4781603
9034,0.0618609230765274,288.4915523433993,4,16,3.0264459
9035,0.0359130533191759,291.5585129271197,7,63,0.92740995
9036,0.0238428946258486,291.3543650225302,7,84,0.0
9037,0.0384821563689309,290.2760629007765,7,85,1.1484401
9038,0.0240510573960861,290.37813078683746,7,373,4.346707
9039,0.0792190017498407,289.34117540948694,4,28,3.589454
9040,0.0383657560510864,291.62572509139665,7,70,2.303215
9041,0.0740724809750005,288.7741070551747,3,26,2.7802885
9042,0.0221011743581246,290.4282782612195,7,153,1.1333654
9043,0.0424142475460535,289.918846449136,7,98,1.4773088
9044,0.0286142767062025,291.0753036270206,5,89,0.0
9045,0.0622013903627954,288.43066387759507,4,33,4.0421996
9046,0.0284698398420994,290.8523613620093,7,86,0.0
9047,0.0433455159775684,289.218724992959,7,102,2.4783537
9048,0.0383024945682994,289.853585221297,7,96,1.147839
9049,0.029571220630109,290.43019655327066,7,119,1.8543341
9050,0.0282244176637108,290.4280694002285,7,150,1.1431092
9051,0.0174640899196165,291.7855188528484,7,84,2.1757095
9052,0.0376201669426298,291.74998048577106,7,63,0.0
9053,0.068949614811288,288.76273276531833,2,19,4.8726807
9054,0.0215459325276539,290.57615019878403,7,102,3.3993993
9055,0.0743694859777541,288.3268279716298,4,33,0.92740995
9056,0.042508090470915,291.5361665475712,7,87,2.3044496
9057,0.0678371148941365,288.39297546721,4,32,0.92740995
9058,0.0269277667445475,290.0089123550177,7,509,4.765027
9059,0.0288353258294084,290.8491338579421,5,270,4.7662153
9060,0.0623614743049055,288.8259188311728,4,4,2.5597246
9061,0.0632474507135603,288.4840818744387,4,26,1.5158173
9062,0.0433191075905092,289.6827816157288,7,105,1.1503451
9063,0.0531884612972045,289.56942192884,6,5,1.5048999
9064,0.0296795156948242,291.49992328939106,7,591,13.124737
9065,0.0210253428684723,291.7038716922342,7,77,2.9382958
9066,0.022276106357623,290.4122633180784,7,237,1.1324368
9067,0.0298260618970977,292.09329116159745,7,131,2.3052988
9068,0.0434828592510344,289.22611999938783,7,103,2.4785128
9069,0.029123996221101,291.90160556607094,7,208,2.3033383
9070,0.0627960578202327,288.7150473516015,2,11,1.5124784
9071,0.0387846760087225,291.5917464120357,7,72,1.478592
9072,0.0481093979553147,289.4994801768186,7,107,2.1830008
9073,0.023536324649917,291.08967337404664,7,115,1.141425
9074,0.0354100777700063,291.578154514115,4,63,0.92740995
9075,0.0379480691325792,289.5300897418106,7,114,2.180122
9076,0.0436108757055447,289.6197185786908,7,104,0.92740995
9077,0.0379081543831028,289.67597338401634,7,109,0.92740995
9078,0.072233219528691,289.54984924463827,5,23,0.92740995
9079,0.0289868449140714,290.8140414213749,7,83,1.4725388
9080,0.0601487861955852,289.09001128642143,3,5,2.7802885
9081,0.0238213473047153,291.630567927612,7,71,1.142268
9082,0.0375463486899441,291.1423273586317,7,77,1.4763942
9083,0.0214886079262177,290.6351342287033,4,120,1.133512
9084,0.0273109025455611,289.45989692071925,7,356,1.4700899
9085,0.0462184552379471,288.1125695587079,7,268,3.0080712
9086,0.0214555467930011,290.6354111365492,7,107,2.1730478
9087,0.0452891244393514,287.16225629101245,9,632,8.788169
9088,0.0470831351403376,289.35956565734364,7,107,2.4824245
9089,0.0226014129697465,290.3041320532241,7,263,2.445998
9090,0.0627594870688019,288.8729690801724,4,6,2.3860042
9091,0.0190015478387387,291.289041593143,7,107,1.1379683
9092,0.0367642848275902,291.5667275999513,7,68,1.4766192
9093,0.060673748353036,288.3953053000724,7,36,1.1983956
9094,0.0188569944088853,291.36568650035645,7,95,4.343676
9095,0.0198225376239893,291.5978017964084,7,93,2.4604142
9096,0.0224856393154498,290.3301201895511,5,596,1.1343706
9097,0.0646392520556884,289.215936048721,1,7,0.92740995
9098,0.0280018941625804,290.9104441922488,7,184,2.2881076
9099,0.0612857657092705,289.7567302652114,4,7,2.376043
9100,0.0640813558272187,289.41866875800474,1,7,2.2035162
9101,0.0202935457564339,290.99301190544537,8,268,1.4653542
9102,0.0414829830727513,289.28532756360846,4,102,1.8543341
9103,0.038108124632133,291.2462247367255,7,79,0.92740995
9104,0.0187185199324648,291.35922640179786,7,115,0.92740995
9105,0.0216123521928087,290.58937676863854,7,113,1.4644467
9106,0.027786104505403,290.30109720628644,4,492,11.620005
9107,0.0194717646136279,291.5484311428257,7,101,1.469326
9108,0.0343831734910606,289.6370170621502,7,133,0.92740995
9109,0.039630966173368,291.5531298139434,9,79,2.4812899
9110,0.0205298157100864,290.9058865522902,7,245,3.411565
9111,0.0385352473778979,291.5542203246607,7,77,2.2993631
9112,0.0259450668161912,290.7467561791508,7,128,1.4712056
9113,0.0679835769842453,288.62492162204563,1,22,0.92740995
9114,0.0751306912754978,288.8563348337621,4,20,7.227546
9115,0.0609378774645489,288.89192443409434,4,9,1.5102654
9116,0.0268786078846649,290.3448271609954,4,591,14.645297
9117,0.0690971512140394,289.1317569869768,4,13,1.1951497
9118,0.0216746714883615,290.54876293823423,7,102,3.0019696
9119,0.0333484385796316,290.08329511056,7,108,2.4702823
9120,0.0201886935306001,291.4239020402014,7,117,2.7802885
9121,0.0384750674301171,288.3109596171603,6,396,12.325098
9122,0.022288563685241,290.3314094600801,7,1211,4.5272207
9123,0.075243024812023,289.3382145220917,4,24,8.515796
9124,0.0206296276475933,290.8116725114587,7,109,0.92740995
9125,0.0459399550919884,289.4060033014672,7,109,0.0
9126,0.0205441911260799,290.82255585983955,7,133,1.4666976
9127,0.0280841676371674,289.321179137199,7,304,1.1413894
9128,0.029027169210952,290.316844320474,7,151,1.8543341
9129,0.0220171892037299,290.4872661516759,6,205,1.463823
9130,0.0213339567142326,290.68058906876826,7,118,2.9271731
9131,0.0640328411632067,289.4934287553208,7,6,3.5684693
9132,0.0377874930897088,289.97735586250315,7,95,4.673798
9133,0.025014983256067,290.43466536747,7,226,2.7802885
9134,0.0440184592309478,291.36351498123423,7,86,0.92740995
9135,0.0430976801209467,289.2184156194057,7,101,1.1496748
9136,0.0427630007895294,289.0680127780985,7,104,2.297707
9137,0.0294936874752459,290.43568017662585,7,120,0.92740995
9138,0.0407555389138563,290.6066734048327,7,89,3.0080698
9139,0.0772598326746435,288.6625410298305,1,34,1.518485
9140,0.0305016313324811,291.2681214512769,6,146,2.4765034
9141,0.0309406508723811,291.2240413069177,4,75,1.1475023
9142,0.0206390145863832,290.8071398493711,7,112,1.8543341
9143,0.0193853965530965,291.2304191043129,7,125,5.150657
9144,0.043691566133131,289.5123009692621,7,106,0.92740995
9145,0.0402711994364171,288.2087738826383,7,331,23.663776
9146,0.023330511660088,290.5172955526202,7,317,2.460407
9147,0.0230087823717892,290.17740113066714,7,656,2.4545262
9148,0.061589515399233,288.7937582096593,4,6,1.1933649
9149,0.0207199496817299,290.7998210293427,7,103,1.4660729
9150,0.0762091489089192,288.69779033849585,1,31,7.7523093
9151,0.0392841047210013,291.574469248313,7,74,1.4785216
9152,0.0317382697430543,291.53741327864344,4,106,0.92740995
9153,0.0742983728137534,288.9125156986281,4,19,1.8543341
9154,0.0187788982081638,291.4143972478581,7,100,2.7802885
9155,0.0194546401785042,291.1112574449276,7,169,11.383363
9156,0.0452862935627181,290.4993603183983,7,90,2.4831035
9157,0.0374837429444985,291.5879457915207,7,70,3.5722442
9158,0.0302901898230878,291.148577814798,5,106,1.1468748
9159,0.0373041198833539,291.5456477255044,7,73,1.1499157
9160,0.0333717557216868,289.6956111759792,7,148,2.4694262
9161,0.0210057517906445,290.74636388246086,7,88,1.4653242
9162,0.0359873269242454,289.51147874461424,7,124,0.92740995
9163,0.0637395259631263,289.03529555431174,4,8,2.3849003
9164,0.061292811829468,288.90425320352466,1,5,2.5573123
9165,0.0201675189325754,290.9155279407042,7,178,0.92740995
9166,0.0211165191629175,290.58951534485533,9,1116,8.11218
9167,0.0223766204140934,290.37145207354365,7,194,1.4636651
9168,0.033199628503671,289.7747891222964,7,143,2.178929
9169,0.0347313801579867,291.5608221052907,7,62,2.1806593
9170,0.041355138868596,291.5671542781789,7,83,2.3041284
9171,0.0215248873945871,290.6222481877948,6,385,12.309077
9172,0.0617622259439917,289.21505008819554,4,5,3.6579185
9173,0.0206806794297309,290.8630942345452,7,474,5.7371054
9174,0.0196910858936679,291.0958276230975,7,319,5.678531
9175,0.0651942454004711,289.149585932189,4,7,1.1930605
9176,0.0683276964484024,289.0827722010446,2,11,0.0
9177,0.0605952226748114,288.4238727774699,4,27,2.2069182
9178,0.0640608136811628,289.0116014171815,4,9,1.1933087
9179,0.0288491326785724,291.1115132795815,6,73,1.4735085
9180,0.0307126738042211,291.961776005408,7,113,2.4836304
9181,0.0621454734806675,289.6761535706964,2,5,4.8363223
9182,0.0364055440496356,291.53156591057586,7,67,2.2987425
9183,0.0291314504583558,290.9264432159137,4,383,5.6634765
9184,0.0192524409920624,291.2040846855438,6,290,11.392508
9185,0.0236144537418547,291.0136205740395,7,127,1.1413695
9186,0.0365097878484818,291.54988926438705,7,70,1.1505866
9187,0.0210586934113649,290.6993685112906,7,108,1.8543341
9188,0.0240350712020911,291.3469630455846,7,82,2.2831435
9189,0.025598264219458,290.7544880527756,7,138,2.46409
9190,0.0208051637559103,290.7197349695996,7,292,15.53799
9191,0.0398165013293986,291.6095997303253,7,78,4.4293594
9192,0.0387095157752166,291.5476575317839,7,75,2.1818118
9193,0.0622568648990375,289.57232873611053,4,7,0.0
9194,0.0329451824817178,291.5728446001814,4,88,1.4777676
9195,0.0200794445836189,290.90222512577725,7,583,19.519476
9196,0.0374406095523105,291.5539929874334,7,69,2.4800816
9197,0.0785861603294452,288.98846477069026,2,29,0.92740995
9198,0.0758653806484838,289.335226969069,4,18,0.0
9199,0.0399657231906241,289.3815587095313,7,106,0.0
9200,0.0209576561552779,290.7711062805308,5,88,1.4651952
9201,0.0243659688506027,291.1326781373731,7,97,1.4709307
9202,0.0599203058945106,289.72793162153744,4,4,1.1882786
9203,0.0429197562687489,291.58697616333643,7,85,1.4800056
9204,0.0379048456173483,291.6214502661121,7,70,1.4786689
9205,0.0209038547037774,290.7839027586697,7,88,0.0
9206,0.0235953547101627,289.99130746277865,7,905,8.722079
9207,0.062889392161273,288.48271883537933,4,24,2.207652
9208,0.035702081099219,291.53471109694505,7,63,2.952929
9209,0.0494436190812976,286.8993630534476,8,368,5.8904305
9210,0.0696708821222797,288.4585042831705,4,27,2.4039013
9211,0.0298569742149579,292.1507713559712,4,131,1.1533847
9212,0.0702478289039441,289.5650664943014,4,15,1.5110624
9213,0.0187635828942227,291.5436628670579,7,112,1.1394706
9214,0.0346185457683192,291.49850907680485,7,62,2.1809373
9215,0.0206685715229539,290.8006173925095,7,111,1.8543341
9216,0.0387592491357556,289.47596406395047,7,110,3.0071487
9217,0.0217448395861884,290.5340463842286,7,105,3.521434
9218,0.0211720796851669,290.57571400817363,9,1219,7.150175
9219,0.0367235569739969,289.0251705292571,4,161,0.0
9220,0.0255726247740257,291.07313464817526,4,92,0.0
9221,0.0385908982087046,291.554457569536,7,74,0.0
9222,0.0649858600328848,289.3088200008646,4,7,0.92740995
9223,0.0624921748911825,288.43673680944653,4,27,1.5161982
9224,0.0219473829352091,290.4858063616757,7,105,1.1332843
9225,0.0334022900235157,291.4311879637694,4,62,3.5652428
9226,0.0206496841584095,291.11586879641266,7,180,1.4693383
9227,0.0479389233929915,288.5175216397489,7,123,0.92740995
9228,0.0221171227545315,291.58036675295165,7,82,0.92740995
9229,0.0434540734513976,289.67807924837376,7,104,2.953088
9230,0.0348906730710681,289.9753423627099,7,106,2.471573
9231,0.0627897949058234,289.5503795559412,4,5,2.3791492
9232,0.0421890754293423,289.756896022754,7,99,0.92740995
9233,0.0390553735022215,291.5736818568583,7,76,2.302262
9234,0.0202505747419361,290.8619872376752,7,466,20.261753
9235,0.0212765103076712,290.6481138677516,7,92,1.1347775
9236,0.0456640613273705,289.17243095796664,7,114,1.8543341
9237,0.0502557940750709,289.89289123015726,7,0,1.8543341
9238,0.0294219172921963,290.7225236979389,7,94,1.4726322
9239,0.0206378439925519,290.83277727458204,7,102,1.4660007
9240,0.0256094595494812,291.0224131605927,7,93,1.1424551
9241,0.0437105552123128,291.5289247905678,7,91,5.8995376
9242,0.063753753392567,288.5298828976776,5,18,1.5153579
9243,0.0254650759432678,290.9220174617963,7,101,2.1774905
9244,0.0201784857437905,290.8612674100887,9,1014,22.941628
9245,0.0287235592152402,291.36104768201216,6,417,3.0079327
9246,0.0677397620806125,288.6491405735993,4,19,4.5402203
9247,0.0393084491257388,291.56988612631216,7,78,1.4784672
9248,0.0405918871512968,291.6097334772092,7,76,2.1830008
9249,0.0218733351865715,291.33748346191203,7,83,0.92740995
9250,0.0690093229150241,288.757738807445,4,17,2.2076573
9251,0.0272742467146347,291.0268700825708,7,80,2.1780674
9252,0.0353760540006426,291.5131294466365,8,64,0.92740995
9253,0.0622831301103962,288.4052187510984,7,39,0.92740995
9254,0.0180499690575912,291.5829222324758,7,99,1.4684765
9255,0.02205463511385,290.4752316755877,7,723,8.3486805
9256,0.0423308250283826,291.51453406888726,7,83,1.1521018
9257,0.049115110014462,289.6771902495452,7,100,2.4851682
9258,0.0452210052075291,288.9025656292213,7,115,1.1504556
9259,0.0194626821538475,291.2231232466878,7,402,11.254576
9260,0.0370237559831608,290.3918548217749,7,83,1.1477944
9261,0.0333505778466981,291.70395347523515,4,77,1.4785024
9262,0.0232058424639099,290.11794444187586,7,806,12.754908
9263,0.0382757112641351,291.7687427103982,7,66,1.1533309
9264,0.042252562595237,289.8350953987672,7,98,1.4771624
9265,0.0623814072679985,288.47273767145225,4,23,3.0268543
9266,0.0630262163013298,288.7889204377924,4,7,1.1944158
9267,0.0684229318948567,289.57116148399524,4,14,8.615702
9268,0.0188369373122999,291.399796879858,7,126,3.003132
9269,0.0650406759224416,289.1513832791279,4,7,1.8543341
9270,0.0423088293806868,290.8306590234161,7,89,1.1511524
9271,0.0198513113094047,291.1024366402976,7,160,3.8749635
9272,0.0274593055054327,290.05136956905267,7,351,2.1777954
9273,0.028093794442749,291.3908066806829,4,531,12.482988
9274,0.0223157049252953,290.736616481015,7,359,7.05362
9275,0.0598855966590654,288.4040669831901,4,29,0.92740995
9276,0.0288159906391316,291.4178362954124,4,543,8.795179
9277,0.0420977156349064,289.8220660029743,7,101,1.8543341
9278,0.038522281037555,289.72125107452075,7,102,0.92740995
9279,0.0395993283424198,288.54623332768193,7,150,2.9477425
9280,0.0614699006963473,288.94369710087545,1,5,1.1921911
9281,0.020302879782618,290.981136000949,8,365,3.002538
9282,0.0358032182864032,291.52480836831444,7,69,1.4760174
9283,0.0218723855750532,290.4830022223844,7,137,1.4646978
9284,0.0365199941675123,291.5372161473673,7,65,2.181375
9285,0.0262857565823493,289.2489058902695,7,524,7.8803005
9286,0.0214607203413501,290.5925154395263,7,107,0.92740995
9287,0.0215982969361546,290.55155553106783,6,116,3.002156
9288,0.0436292078566406,289.4804765328177,7,113,0.0
9289,0.0195901895711445,291.0978112815329,7,127,4.7639923
9290,0.0631544658678662,288.7326984456212,4,10,2.562392
9291,0.0392882111417757,291.6248709951992,7,77,2.9561386
9292,0.0196872987995421,291.1380032432047,7,119,10.157705
9293,0.040070631747572,290.6537697620068,7,92,1.1497401
9294,0.0213012248393585,290.6780288845073,7,616,3.530391
9295,0.049214515563178,289.6550468246178,7,101,2.7802885
9296,0.0279636487242562,289.29298188867944,7,282,3.5426233
9297,0.0395508844232664,291.5473651234918,7,79,1.4776113
9298,0.024255641234753,289.78884079257705,7,594,11.461678
9299,0.0279193878674058,290.1899974746834,7,422,3.0057478
9300,0.0655035504172408,288.510324209996,4,27,0.92740995
9301,0.0639197612882069,289.281711418509,1,4,1.5098898
9302,0.0365421587650162,291.53363301918546,9,68,1.1499975
9303,0.0615750273675505,288.5589906337501,2,17,8.482175
9304,0.0671032436274888,288.56917508557524,4,26,1.2009965
9305,0.0422090526735269,291.55417680917066,7,86,2.1830356
9306,0.0307195414183871,291.1965792274002,4,80,3.0070362
9307,0.0317993040165719,290.5474347742966,7,88,1.4734553
9308,0.0461123432882865,291.2155075542492,7,94,2.4855056
9309,0.0426134865060684,291.543969173356,7,87,2.3048203
9310,0.0442100911395357,288.7306614021701,6,108,1.4769685
9311,0.0618410070169843,288.868358870484,4,5,1.5108665
9312,0.06586554250432,288.61047249376605,1,19,1.8543341
9313,0.0468777722223742,290.4900632922968,7,94,0.0
9314,0.0185643448435443,291.4019652543176,7,121,1.468507
9315,0.0259152064996114,289.3935838823401,6,497,1.468797
9316,0.0213469226192599,290.6380008230926,7,88,0.92740995
9317,0.0403098571753715,291.55150915279467,7,80,0.92740995
9318,0.0342559687356661,290.4055167643306,7,87,2.179629
9319,0.0386835126942838,291.77738067222504,7,68,0.92740995
9320,0.029658142624165,291.4149485519212,5,436,7.3466024
9321,0.0644877218607335,288.65480503898203,4,15,1.1970623
9322,0.0456757642206662,289.0595518190686,7,118,2.3008435
9323,0.0356283737100638,291.06239644531746,7,71,2.1804245
9324,0.0408004775094886,291.68926950610694,7,77,2.9580839
9325,0.0462131249140243,291.07398096225586,7,96,2.9579616
9326,0.0369209826292716,291.5495233627455,7,70,2.1818724
9327,0.0685730490085852,288.5841808272896,4,28,1.5178951
9328,0.0421193298548038,291.60346848450746,7,84,2.7802885
9329,0.0217009385033951,290.5687988687322,7,134,0.92740995
9330,0.0779081832701674,289.3220442514822,4,22,1.5144905
9331,0.0702058336735393,288.75535257326175,4,20,2.2080967
9332,0.0215939570536296,290.61491210202985,7,172,1.8543341
9333,0.033033111094945,289.85149698581984,7,135,2.4694412
9334,0.0340147104709021,290.0840099674759,7,103,1.4739432
9335,0.0204092749935349,291.6848834889758,7,82,1.4698349
9336,0.0368943088288474,291.53825274931023,7,66,1.150071
9337,0.0221473480620689,290.4208535979179,7,162,0.0
9338,0.0185295877916523,291.62633659746734,7,95,2.7802885
9339,0.0629668812118323,288.91623425066047,1,9,2.7802885
9340,0.0403097762086975,289.7655240830371,7,93,0.92740995
9341,0.0463068395713512,289.33516104043395,7,115,1.8543341
9342,0.0282103924071816,291.8970488369709,4,506,8.2891
9343,0.0399377056244948,291.70143295188564,7,72,2.3058352
9344,0.0202728935602957,290.8881547401801,7,157,0.0
9345,0.0243448909043187,290.3608834303976,6,526,16.280952
9346,0.0400048171812484,289.9540842190515,7,89,1.1488755
9347,0.0227827189864141,291.2782648191821,7,104,2.462546
9348,0.0403526583531747,291.5562626151845,7,81,4.954897
9349,0.0315985016354968,290.92471140156374,7,70,1.145527
9350,0.0308272954208076,291.2084780829513,4,78,2.2940283
9351,0.0744627846036427,288.8564909613977,7,33,0.0
9352,0.0351786371082356,289.67535152539705,7,119,3.9007201
9353,0.0372286591296388,288.799932862757,4,283,7.0862727
9354,0.0649323775917535,289.22341057704875,1,6,4.8484397
9355,0.0334736337198698,289.7205704938973,7,143,2.1789713
9356,0.039507365435902,291.5730367549749,7,76,0.92740995
9357,0.0388344004743113,289.88073316421924,7,96,1.4757708
9358,0.0285557543681722,290.8587928843296,4,359,3.9045033
9359,0.0416661802706503,291.5637134765128,7,83,1.4792591
9360,0.038866246813952,291.55552375797635,7,77,0.0
9361,0.0241923342205913,290.8488763266779,5,174,2.2820241
9362,0.0673295075580065,289.53801636030096,7,8,2.3813956
9363,0.0279755372841487,290.12911088004194,7,423,2.178401
9364,0.0383816174074886,291.7791473632724,7,71,1.8543341
9365,0.0382289864238859,291.5820631804093,7,69,0.92740995
9366,0.0422258452054148,291.554894611142,7,86,0.0
9367,0.0292581404958249,290.91226738461853,4,249,2.9472656
9368,0.0673429450361905,288.49862902576774,4,31,1.2020279
9369,0.03541594794996,289.8380436072426,5,110,2.9466453
9370,0.027346878153403,290.18196784552754,7,453,11.987359
9371,0.0215289687893254,290.6163136135582,7,115,1.1336086
9372,0.041156016468763,290.7336009186672,7,90,2.4794822
9373,0.021215133728913,290.6906803986409,7,86,1.8543341
9374,0.0289606822332531,292.2320361814134,7,178,3.5786107
9375,0.036619430712205,291.680682558958,7,62,0.92740995
9376,0.0427117845144084,291.0016848137201,7,87,1.1515712
9377,0.0418245550041826,290.1123777613384,4,2,3.7047918
9378,0.0635613730882923,288.60508127342865,2,13,0.92740995
9379,0.0426659737160219,290.0086321403152,7,104,2.9530308
9380,0.0404571053710207,290.0418229819506,7,90,3.7047918
9381,0.0651221042424935,289.51801901455207,7,15,2.5526884
9382,0.0274835173902445,289.4680421296768,7,339,0.92740995
9383,0.0223997062266496,290.3528240119705,7,206,2.446823
9384,0.0627367486100664,289.3380696120961,1,4,0.92740995
9385,0.0281601718956469,290.5159455647476,7,931,15.686335
9386,0.0229758301819877,290.4683798257169,7,369,0.92740995
9387,0.0198081881711396,290.98433587567627,7,393,21.371675
9388,0.0361591038019783,288.51184306010896,7,501,12.322864
9389,0.0410865076530857,290.15309625250484,7,94,0.0
9390,0.030653520715132,292.052117205895,4,109,2.1831858
9391,0.0554137973533612,286.6630852399636,7,568,31.63021
9392,0.0267454441223632,289.3154102669311,7,491,2.176173
9393,0.0279237759933639,289.6523728554104,7,438,12.404671
9394,0.0676837688766336,288.60040302685445,4,26,0.92740995
9395,0.0272251014080645,291.2554873899592,4,60,2.1784093
9396,0.0213165010798771,290.6462653821813,7,88,1.4651921
9397,0.0503735464750145,289.1869799994863,7,110,2.9580324
9398,0.0329641426499074,289.9329655505291,7,129,1.4733616
9399,0.0220251116246079,290.4788417191123,7,174,0.0
9400,0.0633423948343419,289.71695412848754,4,9,0.92740995
9401,0.0225735593091637,290.30691838264624,5,621,2.4489057
9402,0.0371935967412347,291.5808346219196,7,68,0.0
9403,0.0209006046433154,290.7759916293232,7,91,2.7802885
9404,0.0472786944881685,288.9624251869824,7,115,2.9550002
9405,0.0454540601863711,289.22845196084654,7,113,2.1820707
9406,0.0438120813183919,289.0790529610361,7,102,1.8543341
9407,0.0212588271970466,290.62615211526463,7,151,1.1353638
9408,0.035855300656762,291.5446737711049,7,61,2.4796035
9409,0.0393904482583904,289.4935345086158,7,108,0.0
9410,0.0181098412527068,291.593564356592,7,98,1.4679589
9411,0.0314195348156464,291.609204080381,4,102,0.0
9412,0.0325645036146049,290.0264998420023,7,125,1.1449558
9413,0.0430318561202945,291.57479730475586,7,87,2.9579167
9414,0.0220658224224065,290.48948159357104,7,385,11.91017
9415,0.0197030634483026,291.68588833714045,7,86,0.0
9416,0.0755782485942336,288.5156599037683,1,34,0.92740995
9417,0.0397540551399738,291.63226085045085,7,76,2.7802885
9418,0.0200539045782472,291.04612027742627,7,301,0.92740995
9419,0.0444677926691064,291.4921875778938,7,87,1.4797479
9420,0.0273262861195948,290.53682656384143,7,144,0.92740995
9421,0.0461210331540648,289.4813486193767,7,107,2.182419
9422,0.0413544320711866,290.7744251521356,7,88,0.92740995
9423,0.0695533269640095,288.6286219567663,4,24,0.92740995
9424,0.0373712740369304,289.50844953981675,7,116,3.0068777
9425,0.0193184810227685,291.8039427370563,7,86,3.004301
9426,0.0467341736403258,290.5666593629494,7,94,0.0
9427,0.0627949233064259,288.4919097995612,4,22,0.92740995
9428,0.0385150410140295,291.56750383665667,7,73,1.151296
9429,0.0317966873025511,290.5324788376481,7,88,1.4734397
9430,0.0198335249989276,291.08793197452167,7,90,1.8543341
9431,0.0404088356568364,289.359103233467,7,105,1.1483873
9432,0.033667582785647,289.94491298397,7,116,1.1454505
9433,0.0215026830756441,290.5939546789478,4,88,2.7802885
9434,0.02025598995851,290.9087898181898,5,111,2.454223
9435,0.0352189009051289,289.21840713918715,7,165,4.4131184
9436,0.0223989089642442,290.3852682068797,7,782,3.5176306
9437,0.0468393837618013,288.8916807003274,7,120,2.1822567
9438,0.0605650793877647,289.6408692922236,4,6,2.2022328
9439,0.0207681126791689,290.8247419840732,4,91,3.8714302
9440,0.0439849143243536,289.26413009924784,7,106,0.0
9441,0.0264448052618849,290.94070722268765,7,93,2.2846873
9442,0.0282042115640752,290.8951025722686,7,85,0.0
9443,0.0282653441400786,291.1321346597365,4,80,2.4689653
9444,0.0396242756573573,291.5531027844387,9,79,2.3018517
9445,0.0482593504239596,288.4475162005375,7,119,3.0086465
9446,0.0179758440807931,291.7245889097496,7,90,0.92740995
9447,0.0220420019210356,291.64714512764414,7,76,2.1770222
9448,0.0215495710844196,291.7525679898171,7,72,1.4703852
9449,0.0609381319231331,289.77945570974265,4,4,1.1885926
9450,0.0426213682828764,289.39908505296575,7,97,2.7802885
9451,0.0269192576782295,289.5875449093952,7,391,8.578045
9452,0.0734028980562214,288.76801024662973,4,24,0.92740995
9453,0.0218395319211203,290.5513821399407,7,227,2.4467232
9454,0.0240596820512341,289.8488495479406,7,841,15.127114
9455,0.0591870479180982,288.96829963057775,1,9,6.618196
9456,0.0356159027433807,291.54673923284474,7,63,2.4796717
9457,0.0206845774871204,290.85877743839035,7,287,6.8467693
9458,0.0380991016616348,291.6746529838615,7,68,2.182868
9459,0.0333120642865594,290.1123100245462,7,102,1.4736742
9460,0.0679511542473863,288.764040926077,1,14,3.6671922
9461,0.0742502610264933,288.57948895469985,4,31,0.92740995
9462,0.018329138361729,291.54960115132536,7,111,3.5372624
9463,0.0225068276494246,291.31162095629605,7,104,2.9387379
9464,0.0451530036564774,289.90286516318093,7,106,0.0
9465,0.0262494823502453,290.0103402549766,7,655,14.901058
9466,0.0213181778317864,290.62798407758186,7,112,0.92740995
9467,0.0277856035257404,291.137557485618,4,76,2.1785984
9468,0.0198605491439569,291.06083570584696,4,105,5.8476834
9469,0.0491775821244874,289.66191537227303,7,104,0.0
9470,0.041078736831724,291.5790012832785,7,83,5.1648664
9471,0.0398823712110159,291.5920306138232,7,80,0.0
9472,0.0360452330855901,291.53799960663866,7,66,0.92740995
9473,0.0231474828722574,290.1299143301024,7,664,3.0019288
9474,0.0297592550306353,290.4741092457205,7,114,0.92740995
9475,0.0385062348179384,291.57034092816843,7,73,3.9149442
9476,0.028138893616485,291.9884376862813,4,360,6.0014052
9477,0.0806765930640235,288.878931722778,4,38,0.92740995
9478,0.0200612849018368,291.4186012847409,7,117,2.4601877
9479,0.0274223059403253,290.3311109010093,7,650,26.30901
9480,0.0438718955723925,291.51173326854075,7,89,3.9197357
9481,0.0742874108944614,288.91660660565765,3,20,2.57106
9482,0.0191282102026529,291.2524693873072,7,112,0.0
9483,0.0436287291753152,290.8516206569512,7,87,2.1825578
9484,0.0419933096857143,290.7993842802927,7,90,2.18206
9485,0.0227287773341953,291.225846197022,7,104,2.176887
9486,0.0353318357530202,289.6199631720451,7,120,0.92740995
9487,0.0299790645837394,290.5805332401537,7,101,0.0
9488,0.0227472227403638,291.049404386926,7,149,0.0
9489,0.0639435619595367,289.1394699016395,3,6,1.5104791
9490,0.0217138066291972,290.5966853439613,9,1217,23.245916
9491,0.0739741832397551,288.63941731271905,1,32,6.0607553
9492,0.0743771035025341,288.51583165417446,4,32,3.6733932
9493,0.0197656184872399,291.1405321863606,6,270,3.0025864
9494,0.0369871063222112,291.6243622443216,9,63,0.92740995
9495,0.0449411871292972,287.2450880396735,9,500,15.675428
9496,0.0217287396087631,290.55708865086416,7,123,1.4643152
9497,0.0381212709939653,289.83648789319017,7,98,3.5617461
9498,0.0371284135569018,288.8062602733901,6,308,16.198736
9499,0.0194520412682961,291.216050982164,7,133,0.0
9500,0.0449502957746092,290.5692356072784,7,91,0.92740995
9501,0.0706898271216125,289.1551731552613,7,27,1.1919951
9502,0.0211677966159812,290.667449379862,7,112,2.1737869
9503,0.0212726820511191,290.6449366140549,7,103,1.4654592
9504,0.0234151386354715,290.33139898012894,7,570,27.285715
9505,0.0315561575026164,291.59960089410595,4,56,1.4744544
9506,0.0677058511577963,288.58220076982434,2,25,4.779428
9507,0.0213150756566426,290.60311618905223,7,157,0.92740995
9508,0.0423740567611892,289.52195840230473,7,103,2.181375
9509,0.0380239911385366,291.6350222022768,7,71,1.478813
9510,0.0245202800991335,290.9575017868202,7,116,2.1772487
9511,0.06206273491766,289.3737744240012,1,5,2.5536897
9512,0.0704334046247724,288.791059406928,3,18,0.0
9513,0.0617519334390255,288.86712750937403,4,7,2.2044463
9514,0.0346322377397289,291.5287089756406,7,63,1.8543341
9515,0.0458022960478573,289.87822166329056,7,101,2.9554348
9516,0.0340612657525934,290.0018896938922,7,106,2.1793177
9517,0.0218770864187032,291.33407180276987,7,106,1.4700991
9518,0.0410241078791486,291.54341436558167,7,82,0.92740995
9519,0.020088547545516,291.03796841417926,7,304,2.7802885
9520,0.0292456782729006,291.01484478678805,7,280,3.6001475
9521,0.0650544324721249,289.27888878695944,1,7,0.92740995
9522,0.0224620690302864,290.3401155604528,7,231,1.463689
9523,0.0380695794077049,290.9948848201403,7,80,1.4764766
9524,0.0265799324965998,290.62630286115973,7,139,1.4713509
9525,0.0739092836716798,288.81965199732844,3,22,4.5428267
9526,0.0284666075185597,290.65244961846514,7,870,26.444931
9527,0.0427581392804916,289.5237536897209,7,100,2.1814847
9528,0.0214864223340491,290.57416564521543,7,124,3.5244274
9529,0.0280022766147412,290.5420331079455,7,131,1.1431332
9530,0.0225990998202046,291.1665998798932,7,119,2.4620912
9531,0.0712741616990875,288.9007119591426,4,18,1.1983433
9532,0.0220579607017707,290.4937011288818,4,442,21.662758
9533,0.0257673179464317,290.8490127929089,7,107,0.92740995
9534,0.0417041159038116,289.9850848087598,7,98,2.1814718
9535,0.0195473099765594,291.46661527980734,7,119,1.1397822
9536,0.04134182430189,291.53297024472965,7,82,2.48215
9537,0.0365011155126615,291.5497054058867,7,69,0.92740995
9538,0.0705519385449476,289.132568319519,4,14,2.7802885
9539,0.0630032205927751,288.55414940087184,4,16,3.6663408
9540,0.043397418380226,289.2785191933653,7,106,0.92740995
9541,0.0768310546202226,288.4705663270186,4,37,0.0
9542,0.0185058770621857,291.4368203698636,6,135,0.0
9543,0.0395323276668565,290.9298307966517,7,83,2.4782932
9544,0.0375434072601658,291.5889457599774,7,70,0.92740995
9545,0.0386799397144637,289.9341264420812,7,93,1.1481394
9546,0.0674590618163083,288.5813744729284,2,26,1.5172347
9547,0.0232370445523463,290.1199869810418,7,727,5.6713276
9548,0.0703897237913605,289.4213231067451,4,23,2.204292
9549,0.0289300212499343,291.47135864629263,7,735,19.94266
9550,0.0417560398411639,291.56734827957285,7,90,4.6016808
9551,0.0358872219195375,289.5012698771642,7,124,1.4741783
9552,0.0432991563356429,287.0880989101223,7,845,37.72448
9553,0.0661754301547825,289.4716561118546,4,10,2.556513
9554,0.0185704345084583,291.570514362785,7,107,2.1760018
9555,0.0304839060130504,290.22408435153443,7,129,1.4725978
9556,0.028883747789248,290.21524613058773,7,172,2.466119
9557,0.0392742019490609,291.6267453986282,7,75,3.4534605
9558,0.0451248516106071,290.79503769758526,7,90,2.4835844
9559,0.0386519874162167,291.6169461318566,7,71,1.47881
9560,0.0472121436041599,289.12117553527287,7,112,1.4786017
9561,0.0639154957443739,288.44813069182896,4,38,0.92740995
9562,0.0309412602139454,290.0620741057386,7,145,2.1784744
9563,0.029018558963865,291.4039080708673,6,441,7.9505935
9564,0.0212897705779013,290.5578418842612,9,686,25.234632
9565,0.0659479408762394,288.52279989575976,4,29,0.92740995
9566,0.0265548056780393,289.1720243370905,7,432,4.544551
9567,0.0373166989259847,291.6314339870915,7,65,1.4786273
9568,0.035890730726534,291.52222386682644,8,66,1.1496298
9569,0.0379145096062996,291.7205830792276,7,64,1.4794037
9570,0.02731023640464,288.9061568306434,7,481,4.3926096
9571,0.0288275818703507,290.77242491926285,4,384,3.8770988
9572,0.0205168192891564,290.931634755807,7,313,2.4498286
9573,0.0173974335509975,291.7995833879075,7,82,0.92740995
9574,0.0696163401680188,288.1704372469222,7,35,2.2102551
9575,0.0438063509826562,291.5094996747785,7,90,6.034846
9576,0.0795932605815242,289.2527239717555,4,34,5.6737204
9577,0.0212263459438607,290.70072159607065,7,96,0.0
9578,0.0584708535014988,285.2497445280489,9,520,26.666927
9579,0.0266519132558948,289.9968289809748,7,598,8.646759
9580,0.0325871000141614,291.5815315686366,7,65,0.0
9581,0.0681828648204883,288.6549556927299,6,19,1.5164135
9582,0.0464546176981869,289.89630431613847,7,100,1.4789927
9583,0.0304811931188892,290.1155225427359,6,143,4.4097214
9584,0.072898635189624,289.4107958926208,7,16,2.389044
9585,0.0176550798707412,291.7240642802838,7,84,4.638664
9586,0.0294779517224158,288.4989858059097,5,87,2.453299
9587,0.0428771316987383,291.50848501576087,7,86,0.92740995
9588,0.0415225065667135,291.5784326402012,7,81,0.0
9589,0.0355628528320205,291.5883787040862,4,66,1.47801
9590,0.0385898568004867,291.3331762148285,7,80,0.92740995
9591,0.0380954437401609,291.7544218788837,7,65,1.8543341
9592,0.0403674948515739,290.8717333862197,7,87,1.1501569
9593,0.0330610306593544,291.63735308322106,4,84,1.8543341
9594,0.0286597578169478,291.98346209929963,7,301,5.765107
9595,0.0664736670734339,288.76911187374026,3,14,4.0355783
9596,0.0664707037228001,288.7652049474836,5,18,6.63644
9597,0.0215073791271968,290.5612661120408,7,133,2.1736531
9598,0.0378969348857484,291.5812632872096,7,71,2.4812288
9599,0.077501912188587,288.520425258961,4,37,0.0
9600,0.0668755441215413,289.1891229822245,3,9,0.0
9601,0.0697370268485171,288.37004437673414,4,30,0.0
9602,0.0176847519746349,291.7449066074232,7,94,1.1391908
9603,0.0396088147788789,289.1153554250259,7,121,0.0
9604,0.0630304411439029,288.9392857026749,2,8,0.0
9605,0.0430002799809872,289.73134230889946,7,101,0.0
9606,0.0410614690210568,291.55335853474287,7,81,0.92740995
9607,0.0307521087643662,290.697708562215,7,82,0.92740995
9608,0.0191656184806609,291.2716038656235,7,276,4.7643695
9609,0.0392849220155216,291.5777898313045,7,75,2.481952
9610,0.0203469396776633,290.9241030186452,7,101,1.8543341
9611,0.0207359614874282,291.2136142869166,7,157,1.4694884
9612,0.0641115208540965,288.5884590612577,2,16,1.5147079
9613,0.0639416094515227,288.46107821404775,4,31,2.400661
9614,0.051863964636169,287.615124532006,7,262,18.283936
9615,0.0326373216335064,291.412557478335,1,58,0.0
9616,0.0778120062823646,288.5829538980298,5,37,3.7213776
9617,0.0396733652944645,289.5437166367798,7,102,0.92740995
9618,0.0695739564749055,288.86978042816884,5,20,2.394444
9619,0.0329418220218597,290.5194096252478,7,86,1.8543341
9620,0.0658303652051898,289.45291229293645,5,10,1.5099893
9621,0.0286139532418945,290.76767033840525,7,93,1.1437448
9622,0.0208373387029018,290.7960714455514,7,89,1.4654713
9623,0.0636802146577832,288.49583044711784,4,21,1.5159606
9624,0.053577310103141,286.989534333463,7,247,12.962245
9625,0.0362120718147809,290.29543201062256,7,88,1.147243
9626,0.0190057844582081,291.50122373513955,6,77,0.92740995
9627,0.0204828465535501,290.8124780227708,7,322,9.621702
9628,0.0225828598411289,290.32598507684315,7,803,7.0090733
9629,0.0805430017010708,289.3147635989039,7,37,3.7047918
9630,0.0294763294260203,290.45263789772264,7,116,1.4723958
9631,0.0185827260315996,291.45692361565835,7,89,2.17501
9632,0.0220915191235175,290.46329010716363,7,214,2.1725113
9633,0.0241651907984844,290.39007522713536,7,404,12.384224
9634,0.0460545319886128,289.21520361231177,7,112,1.8543341
9635,0.0246154107124192,291.21301016759395,7,91,0.92740995
9636,0.0731017535546926,289.4792891988817,7,18,1.5122814
9637,0.0487836688972653,288.3307645679243,7,128,5.056846
9638,0.0466860044009186,288.679981311606,7,123,1.4779718
9639,0.0219933667506212,290.9392313311287,7,193,1.4695159
9640,0.021202475585303,290.56099765573526,9,1291,12.336577
9641,0.0239681215540702,291.709200120415,4,64,0.0
9642,0.0180923919286273,291.57462154500547,7,97,0.92740995
9643,0.0555442062172553,289.712813571847,4,-3,1.1863004
9644,0.07859793265485,288.8831963070685,1,31,0.92740995
9645,0.0660915088025937,288.5279128526877,4,27,2.2089248
9646,0.0388157854024951,291.3751577843384,7,80,0.92740995
9647,0.0219678577463404,290.487923131156,7,131,5.6606703
9648,0.0369627040874699,291.57293890704216,7,67,1.1510334
9649,0.0186947047801658,291.3828041892651,7,100,2.4569533
9650,0.067925286341801,288.2007181904782,7,38,3.035974
9651,0.0372202907344878,290.6716897952532,7,76,0.92740995
9652,0.0209351059708809,290.7864983232858,7,336,3.5898957
9653,0.0186452711769036,291.3939095353687,7,108,1.1383765
9654,0.0287682456680167,290.7518358014864,4,396,10.096576
9655,0.0218880224032048,290.50799535849103,7,114,3.8674119
9656,0.0361992078585593,291.53530783175285,7,66,0.0
9657,0.0675181754569722,289.2277004748441,4,10,0.0
9658,0.0210573736737255,290.75825319077546,7,291,2.1757896
9659,0.0339604210457766,291.468087734884,9,60,1.4761503
9660,0.0212134466078851,290.64738268583085,7,129,2.4514136
9661,0.0387790899343411,291.76065502350014,7,70,2.485084
9662,0.0760943313344644,288.7376612669978,2,29,1.202172
9663,0.0214559612871496,290.60121999499535,7,94,0.0
9664,0.0216538031747609,291.7572734399588,7,72,1.4704344
9665,0.0383891439125638,291.6043193383655,7,70,2.1825209
9666,0.0668396011382794,288.5585383773728,4,26,2.5735095
9667,0.0645328954202255,288.7458136188458,4,12,1.8543341
9668,0.0380017261573088,291.78186477306144,7,68,2.1833208
9669,0.0670870781099936,289.4316972099536,4,18,1.5091041
9670,0.0638762483859626,288.7302074617031,4,11,0.0
9671,0.0432707880948046,288.90639348056004,4,106,1.8543341
9672,0.0415104329378202,291.5750371934651,7,83,3.009088
9673,0.0454802186879868,288.1641701486326,7,205,8.593397
9674,0.0259819933483716,289.2743846617598,7,569,5.6611004
9675,0.0204633011485673,290.84661165796024,7,127,0.0
9676,0.0279064654165687,288.9007327633876,7,372,3.5379903
9677,0.0300998976387338,289.94261892835857,4,198,1.1435168
9678,0.0246330621188332,291.0480771905919,7,101,1.4709554
9679,0.0407658164530601,290.4842104165455,7,92,1.477137
9680,0.0218629229165737,290.4799779414214,7,153,1.8543341
9681,0.045820631573152,290.4263987364976,7,89,1.479211
9682,0.0184514657175213,291.4779755282317,7,91,0.0
9683,0.0284992770373548,291.6479487087723,7,62,3.0060523
9684,0.0335178879888573,291.8669454319386,4,67,0.92740995
9685,0.0326719857057235,291.4157445736838,4,82,1.4766573
9686,0.0368270258432899,291.5865081669255,8,67,0.92740995
9687,0.041673396457509,290.24756558534403,7,93,1.8543341
9688,0.0684174588777067,288.7682926707726,1,16,1.8543341
9689,0.0774159028047218,288.67485378577146,2,33,0.92740995
9690,0.0670444985674889,288.58120274294254,2,22,1.2006278
9691,0.0469775468441512,289.5638329165944,7,104,1.4789093
9692,0.0458255341580801,290.1285395183203,7,97,2.955908
9693,0.0207277951250771,290.7066669323631,9,1221,18.893772
9694,0.0424473697348089,289.4450997921726,7,101,1.1495931
9695,0.0262336635116356,290.8430548344269,7,171,3.8761396
9696,0.0393474984139438,291.6261055937512,7,74,1.8543341
9697,0.0760179508162657,288.960307732472,4,22,3.6697638
9698,0.020715004839265,290.8089386038812,7,103,1.1355077
9699,0.0200981611840353,291.03263565511634,7,189,2.1758268
9700,0.0408436128225337,291.2488524169773,7,85,3.0083756
9701,0.0282555721113637,291.2647770146145,7,500,28.439268
9702,0.0439671584165085,291.5270113493396,7,91,3.5783
9703,0.0380181948740731,290.38997005678493,7,82,1.1483263
9704,0.0437824395646618,289.4505864077754,7,111,0.92740995
9705,0.0344129591518335,289.90025271470654,7,113,2.1793537
9706,0.039194362532203,291.2663326913331,7,80,1.4771942
9707,0.0222936350784623,290.3875370780121,6,192,2.4469154
9708,0.0290330398041884,291.06380494209924,4,210,4.3549004
9709,0.0569820949058895,289.51056176168714,1,8,1.1874307
9710,0.0700367979409897,288.7543393928005,4,17,3.7047918
9711,0.0350882815593011,290.77501056198423,7,75,2.1800942
9712,0.0664454466601796,289.4792302768398,7,17,1.5089356
9713,0.0293585997130714,290.4473726441125,7,117,2.4671326
9714,0.0459762727655373,288.88145541268074,7,115,0.92740995
9715,0.0283566248703627,290.91891519520243,4,453,31.254957
9716,0.0437588151573052,287.96772632660804,7,169,1.8543341
9717,0.0747989046397607,288.9378348702325,4,19,6.043753
9718,0.0280750782033948,290.94647315920645,7,207,1.1445824
9719,0.0195344808757109,291.45298715018833,7,118,1.1397547
9720,0.0277168076187884,290.63905516710145,4,244,1.4726104
9721,0.0380189086650688,290.7231638029932,7,78,0.92740995
9722,0.0749692418715199,288.537244595733,1,30,0.92740995
9723,0.0420984871185735,287.3621677900958,9,519,30.631828
9724,0.069211306217078,288.631641428099,3,21,2.4014745
9725,0.0695637482110072,289.19311962975445,1,12,3.5806928
9726,0.0652081633802741,289.23832296679984,3,7,1.1925695
9727,0.0468061303600888,288.8128304275476,7,118,3.00851
9728,0.0270535382513252,290.93115509034743,7,88,2.285309
9729,0.0187293133376126,291.5022316756996,4,76,2.1759298
9730,0.0422190175384663,290.86511760086177,7,89,1.1511441
9731,0.0402231541872961,291.5378721070909,7,77,2.1821141
9732,0.0472986505269815,289.0139166256447,7,117,2.9551086
9733,0.0457028112247896,289.2925674500407,7,116,0.0
9734,0.0656855783353946,288.4052466735981,7,37,1.2021912
9735,0.0306291901161406,291.8350255393008,5,129,0.0
9736,0.0667408786983285,288.5920425100338,4,19,0.0
9737,0.080739904147073,289.36844226781034,7,35,1.5149708
9738,0.0464799015587473,289.8168411030001,7,99,1.4789286
9739,0.0719054920975283,289.14742040627976,4,16,0.92740995
9740,0.0295815307210053,291.4529885292298,7,487,24.038893
9741,0.0575559338769551,289.49021673893225,4,4,4.8299646
9742,0.06590424930077,288.6011697267199,1,16,0.0
9743,0.0267750420889874,290.2139108404565,7,439,0.92740995
9744,0.0462534291090256,289.1743406640791,7,113,1.8543341
9745,0.0198991687897364,291.5988264139482,7,95,1.4695559
9746,0.0689124379787014,288.5448843889118,2,22,8.405626
9747,0.0601640348325904,289.7054220035793,4,5,0.0
9748,0.0202929564554493,290.975991263108,7,204,0.92740995
9749,0.0493851632639098,288.1716863303648,7,129,2.1825383
9750,0.0296733664086302,291.013119568864,7,295,2.7802885
9751,0.0281978846703574,291.34455404052574,4,437,12.769178
9752,0.0757341564405107,288.76217993693564,4,30,2.5753684
9753,0.0661535989130883,288.55201819700983,7,25,1.2005321
9754,0.065489320143429,289.5754123655841,4,7,0.92740995
9755,0.0185705064350701,291.4012567078628,7,119,1.4684827
9756,0.0207053513427292,291.6278138372169,7,82,0.92740995
9757,0.0225464716377481,290.313955687428,7,779,7.7197046
9758,0.0753673357141026,288.80782169006585,5,28,2.4025574
9759,0.0207983486257203,290.81383254314505,6,88,1.134797
9760,0.0214357965277687,290.65266719325274,7,126,1.4644197
9761,0.0409908458610661,291.1305066081774,7,85,1.1507956
9762,0.0407745710562417,290.46003862675724,7,90,1.1498913
9763,0.0190913278246978,291.2441017060264,7,134,2.934242
9764,0.0730107122903511,288.8785673152624,4,20,1.5160737
9765,0.0361239860987324,289.8301643205897,7,107,2.4724777
9766,0.0463688804957742,289.50244569997415,7,106,1.4785953
9767,0.0284135594890462,290.9823023007176,7,211,7.4652295
9768,0.0284692154288267,290.9190552714912,7,81,1.4724237
9769,0.0193467966084603,291.36380085584784,7,98,1.1393484
9770,0.0455778560841429,290.1442536406354,7,97,0.0
9771,0.0632542909074831,288.43425973475433,4,39,0.92740995
9772,0.0286367497859103,290.3739613073026,7,150,3.893684
9773,0.0637612208847941,288.5427471541442,4,19,1.5151435
9774,0.0240845549651762,289.84014730766734,7,837,11.846934
9775,0.029875126853602,290.1762856232967,7,147,0.92740995
9776,0.0225186930131433,290.31886118370574,7,214,1.1326138
9777,0.0220558747118741,290.4337747707023,7,162,1.8543341
9778,0.0609540339059337,289.6318171684959,6,5,1.5077515
9779,0.0414391078288885,290.2504808465089,7,96,2.4787095
9780,0.0398478105694596,291.61353231499174,7,78,3.0089889
9781,0.0205466427421295,290.8341186464376,7,107,1.4664953
9782,0.0212679133727089,290.6202823430509,7,155,1.4658833
9783,0.019036624991103,291.25668773105565,7,156,2.2758942
9784,0.0441501577868639,291.04696671157063,7,86,5.547545
9785,0.0393107160523971,291.56709224367927,7,79,4.6888466
9786,0.0684080062692095,289.52640455755864,4,16,1.5099524
9787,0.0245601649582725,289.69259145222884,6,695,16.801159
9788,0.0200220000943698,291.706395334987,7,83,0.0
9789,0.0461042193755165,289.20921488092233,7,112,0.0
9790,0.0416430294101381,291.5980009359433,7,81,3.455508
9791,0.0352868147216266,291.56111814168526,7,71,0.0
9792,0.0204454773264726,290.851384717368,7,126,2.1745303
9793,0.0655023790076125,289.27293573312306,1,6,2.3840318
9794,0.0429426428611734,289.8517360721578,7,101,1.8543341
9795,0.0186194818086004,291.45637764254514,7,80,2.4567428
9796,0.07456030510314,288.89819054001435,4,22,1.516508
9797,0.0203952658024496,290.9137501283796,7,99,1.4660609
9798,0.0682704235643209,289.3056814295752,6,22,3.5688725
9799,0.0374428126955278,291.61078600674114,7,70,2.4817388
9800,0.0468263925435392,289.0188001131047,7,116,1.1514643
9801,0.0636991179755245,288.5826757692987,4,15,1.5144905
9802,0.0275861930490134,290.4158376805157,4,550,12.488384
9803,0.0619051844120616,288.4836334236529,4,19,2.2070236
9804,0.0277813978817255,290.1404612482976,6,379,0.92740995
9805,0.028666766908264,290.7518242070855,4,424,21.753036
9806,0.0444897813799147,287.98404473604205,7,231,17.63327
9807,0.0184859353245698,291.41723757099135,7,135,1.4687054
9808,0.0753485801248167,289.295594292576,7,25,1.8543341
9809,0.0754207793851491,288.91908287466407,4,22,3.7047918
9810,0.0198583620432736,291.6962434101489,7,84,1.4696417
9811,0.0402489454243028,291.5782929074511,7,84,1.1521635
9812,0.0230210435406119,290.1761098497066,7,659,1.1371965
9813,0.0635728064534081,289.4076219239863,3,5,1.5093168
9814,0.0325928046874883,291.74944943504846,4,79,1.8543341
9815,0.0211751161088622,290.6121695994659,6,379,2.1743655
9816,0.0397274370570007,288.9995760934235,7,128,4.418178
9817,0.0554024585175679,285.7088613804774,7,836,22.949009
9818,0.0339079502233642,290.6659776059425,7,80,1.4744419
9819,0.0295570767813923,290.61281903980904,7,101,2.1784387
9820,0.069686667652468,288.5741048445927,4,27,0.92740995
9821,0.0210823596762256,291.5834344730776,7,88,1.4700284
9822,0.0739759008043164,288.45726293329045,4,33,0.92740995
9823,0.0242932895478114,290.87443266186096,7,152,1.4706378
9824,0.0249191159208142,290.85725397970475,7,155,4.4050803
9825,0.04638463691766,289.6947422713323,7,104,2.1826272
9826,0.0191182542567445,291.3015084701969,5,88,0.0
9827,0.0270735907924454,289.45426203773894,7,411,6.320266
9828,0.0686680483744988,288.30676980774257,7,34,1.5187861
9829,0.0327451683375866,289.2772528956778,6,260,7.465112
9830,0.0219896992576316,291.51932376020085,7,87,1.1411592
9831,0.0194720119204105,291.22192681266444,9,434,6.8474345
9832,0.0735744228409277,289.04566014032525,4,17,3.0266647
9833,0.0351948851938751,291.1084361356422,7,72,1.4753858
9834,0.0181841540375108,291.5358252068885,7,100,1.8543341
9835,0.050028302832012,289.1970819672512,7,106,2.9577558
9836,0.0317791663402471,290.50480412173783,7,88,1.4734054
9837,0.0635549844911745,288.92939976459945,2,6,1.511373
9838,0.0306343766164258,291.53148494045024,7,173,4.592531
9839,0.0281843953082093,292.0904372317693,4,422,5.7657886
9840,0.0209240315637141,290.74596919287126,7,101,1.4657899
9841,0.0222629660651908,290.3915306356767,7,185,2.7802885
9842,0.0227280281954463,290.2643899670574,7,247,2.9249237
9843,0.0710359900810318,288.82272249998647,3,19,1.5157871
9844,0.041570552925981,289.99245081455126,7,97,1.4770225
9845,0.0226863813111807,290.2775592967622,7,670,1.133377
9846,0.0669354367837597,288.709430939127,7,17,2.5680804
9847,0.0664471284578775,289.62139136796884,7,14,1.5093095
9848,0.0323057190963887,290.6626057779736,7,79,0.92740995
9849,0.0250322421989985,289.62190597770206,7,423,1.4686321
9850,0.0384591011879138,289.31301960411537,7,120,1.4750863
9851,0.040033913129934,291.56348210117886,7,78,0.0
9852,0.0681502807969151,288.1932982480275,5,37,0.0
9853,0.0212609651787101,291.3716096853468,7,109,0.0
9854,0.0652047752655892,289.3852335814103,1,6,0.92740995
9855,0.0215289791957739,290.91921990250705,7,295,5.033307
9856,0.0226876741935626,290.4245571751684,4,676,26.778078
9857,0.047137515890241,289.21290112943615,7,108,1.8543341
9858,0.0258161683882255,290.83140880853995,7,112,1.1423236
9859,0.0294588801880875,290.4602254053308,7,116,1.1438168
9860,0.0391572218103635,291.5787912468817,7,74,2.1824667
9861,0.0210404091263635,290.7551650092243,7,537,1.4666613
9862,0.0277856600953688,290.54368718941447,4,440,15.567955
9863,0.0349311625994158,291.53909339810644,7,64,0.92740995
9864,0.04890014677136,289.91981362136835,7,102,1.4800572
9865,0.0767348651717984,288.77645640813665,4,29,0.0
9866,0.0213149158778195,290.65640381022,7,88,6.2926335
9867,0.0346814885778555,289.72273746767536,7,119,1.4738806
9868,0.0217855288182214,290.57209328019087,8,392,5.018372
9869,0.0635399461383843,288.5838677623658,4,15,0.92740995
9870,0.0764639314050974,288.6483060157122,1,32,1.2025472
9871,0.0346465384195139,291.497450564006,7,62,2.2968035
9872,0.0221624123985836,290.4632218883266,7,510,23.128815
9873,0.0632208708874405,289.359228790728,1,3,4.019721
9874,0.0223389472005415,290.38900573675016,6,632,0.92740995
9875,0.0395803724304558,289.2299255910113,7,114,0.0
9876,0.0205087858538051,290.85866267208235,7,109,6.5622473
9877,0.0195848538470291,291.1789959089089,7,147,1.4686657
9878,0.0291476951672479,290.5609586180324,7,109,2.2866347
9879,0.0195570484245579,291.1027070010982,7,132,2.2747416
9880,0.0189368915995706,291.33172406986085,7,97,1.4675305
9881,0.0737947151365006,288.7973954722087,4,20,8.787904
9882,0.0189011350671788,291.333919834654,7,101,0.0
9883,0.067563686190103,288.7510315303119,2,16,3.6670873
9884,0.0208669588307427,290.81834837666884,7,206,3.8699052
9885,0.0660481904106951,289.60701518389874,4,7,2.2035842
9886,0.0466576663898902,288.98525627670995,7,118,3.878618
9887,0.0473064865321092,290.53410599690574,7,97,0.92740995
9888,0.0446045206243096,291.5021939642782,7,91,4.6047516
9889,0.03907017407935,291.65328531990923,8,72,1.4792302
9890,0.0213169707865363,291.1200917898546,6,181,2.1764498
9891,0.0188291350041342,291.78033807307395,7,90,3.539015
9892,0.0668649472623251,288.6527980523612,7,21,1.5156326
9893,0.0196405310722719,291.33586898460766,7,148,2.2783792
9894,0.0647477765895156,289.1959293533549,1,5,1.510564
9895,0.0295298708096415,291.5979660176455,4,60,0.92740995
9896,0.0364109157691089,291.54268391217937,8,66,0.0
9897,0.0379403471000087,291.60254702636155,7,68,0.92740995
9898,0.0279945190058123,290.8789068896323,7,89,2.178172
9899,0.0410381539229313,291.6345918303715,7,79,2.48464
9900,0.0420231657354883,289.8326681978629,7,101,1.4770638
9901,0.044679851615604,287.6544921884236,7,290,20.946386
9902,0.023568654736705,290.03615440965103,7,718,7.337537
9903,0.0316207110588321,291.5554834403301,4,105,1.1505826
9904,0.0783454340926961,288.87136151554506,3,31,1.2019366
9905,0.0378897846232156,291.76568475136224,7,65,2.9573832
9906,0.0415833668425063,289.7490345571273,7,96,2.1812913
9907,0.0702481315987197,288.7550068339435,3,18,2.57098
9908,0.0207730356132915,290.7813116194632,7,102,1.1356633
9909,0.0407407080536253,291.5498683787249,7,80,1.8543341
9910,0.0214956999212013,290.51460676503723,6,591,32.426174
9911,0.0662460833698147,289.08483653843814,4,8,1.1940213
9912,0.0449044843601397,289.28897902469424,7,110,1.4777771
9913,0.0369291125135524,289.36858641353047,7,124,3.558264
9914,0.0225807082185234,290.30390577299283,7,224,2.7802885
9915,0.0206174621437188,291.14093665868074,7,174,2.460005
9916,0.0640507021064011,289.5106011250802,7,16,0.0
9917,0.0185386575136007,291.7633820084706,7,89,1.1396677
9918,0.0396417819567047,289.27447528658325,7,114,1.1478714
9919,0.0183020925837752,291.5454188226853,6,76,1.4686841
9920,0.0219854394979166,290.5802901068319,7,366,1.4689039
9921,0.0459008552330154,290.3757884342237,7,94,1.4791981
9922,0.0487598581882424,287.2355919868384,7,266,2.181771
9923,0.080025458222659,289.1707578150315,5,33,4.0368357
9924,0.0296930888692366,291.22615666864885,7,198,1.1488308
9925,0.0729688809362419,288.8786468842728,4,19,0.0
9926,0.0270695625141124,291.5311964918334,7,65,1.8543341
9927,0.0699950981115864,288.50850689810403,2,27,5.160729
9928,0.0226884999408154,290.2802275634922,7,275,0.0
9929,0.0255562794904855,289.5359687464346,6,467,2.2777019
9930,0.0481448815434905,287.9136489807606,7,173,7.7217402
9931,0.0452234300264369,290.84496605235967,7,90,2.9567091
9932,0.0386965647575559,291.64263167234714,9,71,1.4790409
9933,0.0749113977544843,288.33076236415155,4,36,0.92740995
9934,0.0806798836133856,289.3414283041682,5,38,1.1983908
9935,0.0218239563331243,290.53398806866,7,583,22.25142
9936,0.0277053180036655,289.2161356701022,7,442,2.7802885
9937,0.0697707357816894,289.2765345953224,4,23,0.0
9938,0.0207883514375854,290.7905785358085,7,102,0.0
9939,0.0695975238101129,288.10890611663984,7,38,0.0
9940,0.0212654184351671,290.65234433317795,7,91,1.1347698
9941,0.0386597931503187,289.68547682218184,7,104,1.8543341
9942,0.0227280671128234,290.2494641084394,6,501,6.8265924
9943,0.0310660557775141,291.33351736523764,4,129,1.8543341
9944,0.0222220704266283,290.4003732590406,7,174,2.1726959
9945,0.0268642328913783,290.2078734726614,7,470,12.1458845
9946,0.0668931146272232,288.4923985188024,4,33,1.5180167
9947,0.0470675845967152,289.4614275033249,7,97,14.758654
9948,0.040955682935274,290.8590965717132,7,87,1.4775603
9949,0.035386997250669,289.9517547997759,7,102,0.92740995
9950,0.0201604482136552,291.6664017037068,7,88,1.1403868
9951,0.0180734318615722,291.56881564465425,7,102,1.1388916
9952,0.0354609154172331,291.27820913741,7,71,1.1480054
9953,0.0214267164309366,290.6034761531446,7,101,0.92740995
9954,0.0677540960968324,288.57647213582555,4,24,1.5175532
9955,0.0436957472809094,289.4332706551137,7,108,0.92740995
9956,0.0281995717794463,288.52558450439216,7,98,8.086409
9957,0.0619074017509918,288.96869841755944,1,6,2.55726
9958,0.0656869085978799,289.26756059760385,1,7,0.92740995
9959,0.0209903682132235,290.6641687837356,7,361,22.996609
9960,0.0179761507448282,291.77868792288166,7,89,0.0
9961,0.0422519504561191,290.5218577822428,7,92,0.92740995
9962,0.0456261072409805,288.9648746792239,7,115,2.1819541
9963,0.0624528622783947,288.41418529028334,4,36,2.208584
9964,0.0288816814284044,290.80788176372204,4,375,11.21815
9965,0.021458781063899,290.64900852178687,7,143,1.464351
9966,0.03083576260671,290.6191592250863,7,88,1.4731213
9967,0.0303164539869563,290.3917998950257,7,116,0.92740995
9968,0.019068447125208,291.59289560707555,7,102,1.4692067
9969,0.0696689808007628,288.57706742635366,4,25,0.92740995
9970,0.0323473058791658,291.64155553902805,7,64,1.4747026
9971,0.020085029964909,291.5686942787081,7,98,2.460597
9972,0.0544434972303243,286.7780442729024,9,734,20.364792
9973,0.0455281761906644,291.264194613774,7,95,3.578157
9974,0.0224991893109149,291.0782932192941,7,148,1.470093
9975,0.0380557215728993,291.560479679912,7,71,3.4493423
9976,0.0652017691828739,288.48346879088314,4,32,1.2016917
9977,0.0448248482382567,288.4999038109182,7,111,2.478263
9978,0.0440700215880075,287.4281665534789,7,243,1.475695
9979,0.0715825729198498,288.4681682592099,6,30,1.2026675
9980,0.0418036380518799,289.75216827943194,7,97,1.4768986
9981,0.0212485112340008,290.69244096378924,5,94,0.92740995
9982,0.0184140569974688,291.4656370185784,7,104,2.4575417
9983,0.0790505811580266,289.3614069319858,4,30,3.7061436
9984,0.0646264447028641,289.39470340921565,1,4,1.8543341
9985,0.0185305546806155,291.4166098408546,7,118,0.0
9986,0.0702033412575904,289.4334471018478,4,18,4.5232663
9987,0.0393946972549003,288.33810002944006,7,242,5.3493934
9988,0.0197342855613554,291.070803752547,6,123,6.4687266
9989,0.0225414382775149,290.3223773248703,7,254,1.4635313
9990,0.0188472953005516,291.3746525458923,7,90,1.4673394
9991,0.0479243598352195,290.10516333935203,7,96,0.92740995
9992,0.0347941183217916,289.8499790071491,7,110,2.2909758
9993,0.0418510228814088,291.5363663858734,7,87,2.1827638
9994,0.0671948011742297,288.6004367265239,3,22,1.2003074
9995,0.040650658184391,291.3882265284066,7,80,3.0083973
9996,0.0231137753765484,290.1526529703102,7,924,12.29597
9997,0.0384370773735755,291.77454968306364,7,70,1.1534301
9998,0.0448146207794443,290.5705701457799,7,89,2.4827905
9999,0.0196813607133189,291.10562859606,8,108,0.0
