sample_id,lat,lon,split
0,39.54511798633842,-120.8611363662997,test
1,41.96028722991464,-120.09932121452798,test
2,32.91805511393598,-114.28774936176865,val
3,34.84938704624378,-123.5719589293838,train
4,38.19060488719236,-123.28887687977854,test
5,36.461891472990246,-119.95133178105189,test
6,38.56765727599671,-122.69509792020024,test
7,38.0832490348243,-117.3794010437882,test
8,39.992260261008354,-120.7214146418251,test
9,33.20145065373286,-115.71560104037314,val
10,36.702634182222404,-116.72182523689068,test
11,40.67470938836241,-119.58598194768793,test
12,35.96535524363573,-115.7282624730129,test
13,37.300879985909226,-123.40055770824016,test
14,32.73434959100071,-118.44886926262319,test
15,34.652926786448305,-118.20107911219083,test
16,36.92081400138483,-121.9035223164148,test
17,36.308228155723334,-123.92840412388523,test
18,39.29778168433906,-118.92209869700186,test
19,38.32450342567193,-119.14398961903794,test
20,40.8662754848978,-117.70126276109642,test
21,40.62467854507439,-122.24470468104226,test
22,34.814351892056955,-122.5878769402915,train
23,32.69703876395076,-114.35768718074289,test
24,40.62183818909463,-123.26787161361602,test
25,35.64677458307466,-114.13609747812026,test
26,35.81712894650848,-117.01703945848854,test
27,34.029998738939554,-117.95168772302118,test
28,39.092778810414295,-120.93683216153957,test
29,35.18263145687673,-115.49295000925372,test
30,34.20375716705945,-115.05726477728794,test
31,37.29711031785315,-116.99737596006389,test
32,39.63643862907606,-117.1210487486782,test
33,35.08309871856145,-119.35557573540461,train
34,39.36770933936442,-123.63752253813261,test
35,36.904904288585044,-114.14001055590019,test
36,36.3537276890743,-124.27962401953923,test
37,35.93466262124952,-119.33245281233371,test
38,33.908651741575284,-120.65484523618817,test
39,35.68004177206218,-116.4380753819038,test
40,40.856511995042254,-116.85410444913319,test
41,33.4975207747504,-117.96480751598028,test
42,41.60510114301407,-123.66944562556333,test
43,33.54799211530964,-121.99808219379052,train
44,35.95843965257488,-123.46922658843822,test
45,38.27171946589115,-114.34675371070853,test
46,40.46435809216917,-123.12255834441909,test
47,33.88972928716082,-114.46824301228736,test
48,33.86623806183335,-123.27793750211185,train
49,38.480740840546545,-115.55040515209073,test
50,35.30231060887325,-118.51556289804078,val
51,38.63343485876037,-115.86490845980238,test
52,40.300922931742654,-117.90310989062449,test
53,33.25796373905205,-116.51328880714632,test
54,40.5273593455466,-116.90533239921365,test
55,32.885933324676564,-121.7574722682721,train
56,41.04188397468506,-114.79965210428675,test
57,41.7691038009523,-117.80400866544377,test
58,38.85080076730361,-122.35651273748864,test
59,41.85089773782133,-121.28470666773754,test
60,40.31426274495788,-118.94424411591733,test
61,32.95014128626721,-115.34836636736526,test
62,32.566089641597365,-116.22547533284077,test
63,32.72696169482886,-121.32588505081989,train
64,36.809558910436536,-117.34170612045423,test
65,38.433433327284284,-124.42291808192083,test
66,37.08953816097401,-121.01047080036831,test
67,38.942424185463906,-115.78377323884004,test
68,36.78773694504896,-122.88111564959104,test
69,32.93307921545538,-120.79649482999969,val
70,34.67179869493917,-124.42924340099944,val
71,41.930151520646604,-124.20150159281307,test
72,35.805330543006356,-122.93454420276252,test
73,35.60553153644259,-123.3897918998719,test
74,33.97694070421158,-119.39089046612314,train
75,41.878251048466545,-115.16095498560301,test
76,34.712449775481915,-123.56734400698673,val
77,38.65544759189399,-115.4719818752865,test
78,32.92818942870129,-117.55129268688475,test
79,33.159492965699975,-122.69869383433362,train
80,39.31763857362058,-121.45281674476189,test
81,38.54504250215848,-122.4379682948488,test
82,38.97113788652761,-116.30233291084981,test
83,34.717289755675196,-116.9642153268376,test
84,41.85689866448562,-121.30153963936175,test
85,37.81781278563859,-123.87981306188011,test
86,41.71162119138448,-122.70028276468385,test
87,34.08469513667685,-117.94597471472704,test
88,36.36629235819692,-123.50825636589431,test
89,35.70894186482074,-118.90904068631474,test
90,39.680559555904516,-118.12070188447015,test
91,39.60950149991521,-117.34926029669616,test
92,37.13756972273759,-123.14758226888934,test
93,32.682921599938176,-119.70043236833561,train
94,34.18919806593408,-119.66238082797413,train
95,33.00601586752852,-115.82823642525946,test
96,40.551227970789725,-119.60752762996886,test
97,35.27413674230986,-120.24593571017328,test
98,33.64672737144937,-123.16712277028827,train
99,35.88401229921667,-117.28007253994451,test
100,33.26192982409545,-118.0499704473167,train
101,41.7997770674935,-117.0482470425735,test
102,35.513124825763654,-117.67371964128836,test
103,41.36614163848644,-115.41582373623916,test
104,38.99544070244918,-115.39456164432508,test
105,37.89103317090522,-121.2677856132381,test
106,37.03295656274967,-122.55933167081353,test
107,39.03948961142808,-114.88801696162218,test
108,39.02902740868222,-117.08855857343991,test
109,32.62963444540444,-114.42922300378517,test
110,41.126712070153374,-119.31638669587633,test
111,36.01461359154457,-114.5192709935271,test
112,35.87549646101217,-123.17476923485611,test
113,36.38041245057195,-118.35334136564424,test
114,39.01962816627561,-119.31865900064318,test
115,36.09088796039054,-124.41273085948622,test
116,36.07018015645061,-122.45121425166003,test
117,33.13101241008136,-122.85770212088742,train
118,36.47559656212301,-123.81305623596138,test
119,33.94556117760435,-114.66458303079038,test
120,40.63243023594612,-114.48706432500936,test
121,35.6978199578783,-115.24605753498473,test
122,41.629414259644015,-114.2446382151039,test
123,39.01248018430932,-115.87585191893925,test
124,39.69075503481476,-114.82921316725154,test
125,41.505203687884006,-122.40242305450886,test
126,34.79271223228382,-121.79152741019759,val
127,37.90224548298577,-115.55209851727751,test
128,32.9156733685635,-119.49672895439552,test
129,33.484184774940424,-117.04801427470768,test
130,36.00157813210442,-118.64671726184163,test
131,38.993292525418184,-121.28886458954443,test
132,40.406138414780415,-121.50335271926389,test
133,34.95814779742379,-116.72626830756484,test
134,39.62376121314814,-118.95409938466801,test
135,34.65403726103303,-120.73473363277894,test
136,32.58734658992166,-118.0783207082179,train
137,33.04529134633081,-120.11044350287305,train
138,38.075240157970185,-119.5419783661191,test
139,37.237987261513155,-117.45075097910134,test
140,35.090926908491724,-119.7183787676826,test
141,32.59200822096877,-114.6461122814366,test
142,37.90905800742971,-119.43766395055133,test
143,40.2727348507768,-114.52360672041358,test
144,33.17911999393439,-115.70033512527552,test
145,39.504413111519355,-115.25453889966326,test
146,38.53911844059972,-116.57063135006716,test
147,37.069489692744746,-118.2073406416606,test
148,32.987792631623215,-118.94819641638425,test
149,41.27622131323504,-118.75243570316094,test
150,37.05136616513625,-122.36300161744,test
151,36.314277919545006,-122.22958886050775,test
152,40.68817205777085,-124.08779155079662,test
153,40.537625828475996,-116.75327328144579,test
154,39.417161224910224,-123.15265725351806,test
155,40.38403903806308,-118.43804245601972,test
156,33.70739071490845,-123.01801285491293,train
157,39.735870306610835,-123.75390319871354,test
158,35.63648276585969,-118.93864206027294,test
159,40.74517569414459,-115.43838134534332,test
160,36.036091982895556,-120.76949117408388,test
161,33.044258426577116,-114.96276438414152,test
162,36.454180842215365,-124.33373340546164,test
163,39.696678522173144,-119.63823082367367,test
164,37.273826617474896,-122.92685861241101,test
165,39.76161314483093,-121.18430316183114,test
166,32.864042326002036,-124.19532588226078,train
167,34.207745008101746,-124.0755674069474,train
168,37.86736710697526,-117.0908908869171,test
169,36.17892124893707,-117.6916918006465,test
170,38.97126429255679,-122.29206149698186,test
171,41.645388587650395,-115.14915404240784,test
172,38.77889276783387,-117.34695778951021,test
173,36.48242661453822,-120.97405533661096,test
174,37.66618725465844,-120.23709572747809,test
175,41.17446678166274,-121.42374973363603,test
176,38.90320816589116,-115.8765324373328,test
177,40.136109843735376,-119.34727307738832,test
178,35.385379334191526,-123.04497876715034,train
179,39.57872135525844,-122.36033128268059,test
180,33.85041506764849,-121.38226975337292,train
181,39.63037508735741,-120.28349076958862,test
182,40.87835987383896,-118.32988261286262,test
183,41.0552014629959,-114.49945905458095,test
184,33.63410787816858,-121.73951568270651,train
185,40.38898303787326,-121.05415923755488,test
186,33.571098870613305,-124.1930548748829,train
187,37.060419147587766,-120.59898934344811,test
188,38.99347888612798,-117.47995132312032,test
189,37.115839086016265,-114.51083891200734,test
190,35.748943932930096,-116.808645957521,test
191,39.00578636148575,-123.22345595444673,test
192,38.78852200026229,-115.2637020106207,test
193,38.04999344441792,-115.7932181812414,test
194,37.534219455435654,-122.49117860280084,test
195,39.21335684468854,-114.80692494344258,test
196,36.3467609269599,-117.07763885146028,test
197,33.181235306119945,-116.36915323405496,test
198,37.61969421151089,-119.70627006243193,test
199,39.381124079749135,-122.37095114479334,test
200,35.36304432512415,-116.2012252381053,test
201,33.86291327814728,-119.5175653013734,test
202,41.16513610871527,-114.46579313184608,test
203,40.70970932514648,-122.8591211083021,test
204,38.38657205668879,-120.7757897714209,test
205,39.9791697455776,-116.85650992685835,test
206,41.70458633091377,-118.5397765338305,test
207,37.92088254748318,-119.9729339897286,test
208,34.84240055316522,-117.20639536174401,test
209,38.57954955034393,-116.87915055193974,test
210,41.1912021126713,-118.48804717432031,test
211,39.06570346724361,-121.15004396229992,test
212,32.77849650418485,-118.06059002965105,train
213,41.21524575857802,-118.81854981962032,test
214,39.667304667255074,-116.21616662761252,test
215,36.33533969687336,-117.70284961501737,test
216,41.881548192135654,-119.31828328345938,test
217,39.36430328195263,-124.24715448916878,test
218,40.346927044984,-122.71884531246681,test
219,41.46178731609595,-120.9697128468744,test
220,32.90480806090849,-118.23978637006365,val
221,39.86375592302735,-116.27078126742975,test
222,36.188700742838385,-114.54287304417099,test
223,40.7601403721514,-118.25600638627199,test
224,40.85314375568772,-116.92561840761867,test
225,40.3770169156605,-118.03294117682799,test
226,39.909029546131954,-120.00383667875577,test
227,40.05185844389811,-118.15423336035101,test
228,35.33835218183363,-120.30906163419513,test
229,36.379822112016925,-119.76297791147108,test
230,33.61956981495799,-115.04754991206599,test
231,40.395701712029485,-118.62660688448878,test
232,38.64768132605952,-123.40476316826094,test
233,38.33242729215438,-119.03997589562884,test
234,34.86035903033901,-114.61188718439799,test
235,38.35439171596856,-123.40855802824767,test
236,36.83460483746553,-114.42705885326423,test
237,41.95519559912339,-114.25742798739516,test
238,40.70325654282354,-118.65904725581672,test
239,37.5110578916551,-121.01255669925482,test
240,40.18607422231845,-124.35097651273132,test
241,34.08786235812846,-124.2801433521877,train
242,33.490262726728915,-120.43873641093425,train
243,38.5022630729257,-116.36652980452598,test
244,39.41266179058131,-114.72412898269445,test
245,33.03244448035536,-122.8442356742064,train
246,34.43312293584336,-119.41127063847264,val
247,37.61792774145583,-119.2672087064161,test
248,33.12487319810617,-120.51907219967035,train
249,36.54578035960664,-118.87305295661734,test
250,37.09529551147011,-114.90302079006057,test
251,41.2595381633501,-119.91876445816645,test
252,35.51945642086899,-123.01949100337794,train
253,34.12729044342978,-117.57921495952169,train
254,32.601103210068686,-124.11652865206062,train
255,33.68162876423335,-114.74741162309104,test
256,39.640701008836366,-114.74975826570875,test
257,36.74341022695441,-123.49000975705998,test
258,34.411926154715275,-118.76035661938566,test
259,41.36577226522998,-116.21890530166662,test
260,39.98798787561472,-119.65019587381855,test
261,33.61303362708306,-119.50386444777999,test
262,35.07702615084002,-114.43723796385694,test
263,40.57421083952402,-122.06346156137852,test
264,39.08732789404157,-119.01374195246557,test
265,41.48431317906466,-123.25467825526955,test
266,33.252082178519494,-121.32184205062516,train
267,39.873144281040375,-115.66717535258593,test
268,33.25361610803856,-117.05341434140657,val
269,35.71818853100497,-118.13024095710567,test
270,39.638833234620336,-123.26580889538549,test
271,39.263264456172394,-115.66929795427333,test
272,32.550055785138106,-121.36649314568628,train
273,34.44239957409523,-118.92432687886706,test
274,39.90309271696223,-122.03287585918525,test
275,33.72461694446142,-119.07120597805128,train
276,35.620808239437416,-118.64434139580922,val
277,34.27143363030818,-120.92977036549249,train
278,33.58547445033882,-119.22394781984661,test
279,40.45284580820892,-120.25360000500709,test
280,33.11090632374688,-117.24882232097973,test
281,37.60639301061809,-118.83248035510532,test
282,39.089589745886514,-115.38703540581186,test
283,33.07537937065706,-123.92819141796474,train
284,38.528551518037645,-124.16535542914305,test
285,35.69360042933353,-122.49605617370885,test
286,40.42367326914068,-123.2174755021856,test
287,40.08383662240357,-119.01801458247026,test
288,40.048280702441645,-122.37661792814849,test
289,36.30534319501469,-124.27453867975109,test
290,40.31953135693641,-121.52616660853639,test
291,38.49592957798441,-119.19011668089404,test
292,36.11613336340544,-117.07602942357747,test
293,33.293944478162814,-119.92014954101639,test
294,33.162775103067645,-114.51441527443403,val
295,34.91077347813148,-122.38364305199245,train
296,35.3670665834592,-119.14002094142991,test
297,41.313692920004456,-121.8296757513806,test
298,41.99941337013952,-116.12325386146277,test
299,33.89059133535321,-122.50421026634638,train
300,41.45801523244696,-114.52589278760547,test
301,39.22093391065932,-117.05178703013438,test
302,37.25181935443099,-118.69872101340994,test
303,41.570882474634125,-118.95149139141591,test
304,39.28867443658272,-120.70293186789088,test
305,38.15190832446765,-124.22322131968849,test
306,34.51421845526704,-115.0050739733651,test
307,34.84488422421638,-116.24419606403016,test
308,41.161921440547346,-123.04961317047236,test
309,34.566417257912725,-123.18135926015269,val
310,32.83593795537041,-121.26348207324077,train
311,35.05117061696665,-116.57203274373813,test
312,37.08086266472783,-119.25236853877435,test
313,36.14720628413354,-117.6950961025234,test
314,41.39205439683723,-124.37613697323094,test
315,36.49389620085155,-114.91660610830208,test
316,40.9493289521858,-122.73177926843968,test
317,38.16145798487839,-121.15212785136303,test
318,37.49346064774024,-114.67487767286374,test
319,34.0470526412371,-116.88386765167347,test
320,35.09667222349871,-119.17090226674371,test
321,40.742069376476195,-115.5433358925319,test
322,39.91619479274187,-123.80838561776041,test
323,36.7670992613328,-123.65342089234873,test
324,41.13843980092071,-122.84029092682105,test
325,40.28762231823251,-121.71227264801982,test
326,33.591438634731674,-117.12990412343414,test
327,38.26816177630781,-118.95077424381304,test
328,40.095045167835465,-120.047480346024,test
329,40.18501889153663,-116.37151265847041,test
330,33.3950009548089,-121.17007423089039,train
331,34.657067775452525,-123.55893359877909,train
332,36.44148233018045,-120.34933858800036,test
333,34.9129464643581,-116.53829976963654,test
334,33.561644249230014,-119.55217627658132,test
335,38.48474006888931,-114.36560481595556,test
336,37.3357735860623,-115.6133275000528,test
337,33.997752973207305,-116.28526571938828,test
338,38.08303750474392,-116.46850801669765,test
339,33.117281608759214,-118.44861084342082,test
340,36.157398831318254,-115.14914657124045,test
341,40.03514511472746,-118.3584185196072,test
342,40.958770058272464,-120.5991486150385,test
343,34.852371972611806,-122.42025684032107,train
344,40.66954832642785,-116.05699144695318,test
345,40.97494617780833,-120.61357443810309,test
346,38.27717542459931,-116.2857876534393,test
347,41.831224690506666,-114.30524092366286,test
348,34.86128503805988,-120.32933496938173,test
349,33.18318597800872,-120.9269574951639,val
350,40.51740664833728,-122.6863433783487,test
351,37.17911334261978,-119.53912499226942,test
352,35.810918235094256,-117.69706965558127,test
353,33.05305491421883,-121.21516874018128,train
354,33.14199381443533,-119.43278757152586,test
355,33.38908478795752,-118.90277944744906,test
356,34.26909466966204,-121.6023030098302,train
357,41.71969675239708,-124.19759704699582,test
358,35.19489722532856,-122.21691741022197,test
359,40.26743793528294,-116.15952724961929,test
360,32.71384850038272,-121.57317724230936,train
361,35.57758862859996,-124.29749587352043,train
362,41.11164234037784,-120.05877934957559,test
363,34.28233621388769,-117.40372150231408,test
364,35.21970273831562,-116.68265867732589,test
365,40.35709592982257,-120.17270811440795,test
366,33.679579270701126,-118.54413998377184,test
367,33.033644816614476,-116.75380992674728,test
368,41.6777998697292,-115.27192011076481,test
369,36.36337795476756,-117.84263887794745,test
370,38.76004092479875,-117.31720486380704,test
371,33.7337876809708,-123.42265943208515,train
372,34.615079957799196,-120.10515753397351,val
373,36.88601777977448,-115.27483425798549,test
374,38.92370096905052,-122.78297622320795,test
375,35.307057718368824,-121.24431836810115,train
376,40.907481622349195,-117.45019565094182,test
377,39.927433714312215,-115.1396174313409,test
378,37.75325322643036,-123.8312938199616,test
379,36.878729907173465,-115.46522772315639,test
380,38.39706787977156,-122.16847281986749,test
381,39.45885018625352,-115.56457658961968,test
382,33.80797929640312,-115.2719813252971,test
383,40.60451370345159,-116.44477619473875,test
384,37.16464436123885,-114.91545137360123,test
385,41.38770758349645,-114.53046010317557,test
386,41.57898649120067,-114.90133128066807,test
387,32.820888295041264,-119.14963928529963,val
388,36.171034840531455,-119.65949257184626,test
389,37.51333572344213,-123.35532345960074,test
390,37.639969272566205,-122.21210210999352,test
391,40.318065184041174,-117.71411287244074,test
392,33.86625476095044,-123.12710580851919,train
393,38.42491107141092,-114.7240567405258,test
394,41.45639347489464,-122.09915578799078,test
395,41.96866560532659,-123.53343149614892,test
396,32.625510073078175,-122.0146208379818,train
397,41.74021216904825,-123.93572151207894,test
398,33.6873289630794,-122.72761596418383,train
399,37.614921592202364,-118.38097730455891,test
400,34.86312209391417,-121.45872494809407,val
401,38.27252312412149,-116.1800360132172,test
402,32.88064182340277,-120.26719519085361,val
403,34.78701048597136,-117.07902486875335,test
404,35.37645124639427,-117.13749001751668,test
405,41.20080001429461,-123.04012633520253,test
406,38.056971808654936,-123.85664593235276,test
407,39.236746070746584,-115.75904196331298,test
408,38.931863786012656,-117.2142261663437,test
409,36.244970547594264,-122.63594682619004,test
410,32.66277951928295,-117.42928354417893,test
411,33.54348662813092,-121.04318512953274,train
412,36.87491634730304,-123.85486539822514,test
413,41.44406155587902,-122.0814562784703,test
414,34.88573643639563,-116.6476519701337,test
415,39.14307827478676,-120.4116020701372,test
416,40.35786263416985,-118.82247257856892,test
417,41.11725664121074,-123.03225013172494,test
418,35.30931632171293,-123.48467072404152,test
419,41.34925166309034,-121.97330941754473,test
420,38.28759200729656,-119.56813684103474,test
421,37.34461224559532,-115.70752101983763,test
422,39.90137822372258,-116.5694324351295,test
423,34.79060844853308,-122.78973591925428,train
424,40.22513479269293,-123.70312772201915,test
425,38.68514671636324,-122.11501514455756,test
426,40.099997240165465,-115.65249332269443,test
427,40.63368918711838,-119.12161234230192,test
428,38.376280285435215,-116.12083438670201,test
429,32.87788147284021,-120.62960750834786,test
430,35.349670341446874,-118.35253169441995,test
431,40.84484698478622,-118.30830438957868,test
432,38.467278158797804,-117.97843333936893,test
433,40.958833754016865,-119.59274035849937,test
434,36.171484914406754,-121.97343971118802,test
435,37.309769006495365,-120.02232120584111,test
436,40.698750427358554,-114.39024031405638,test
437,39.746436957971696,-121.63452268847337,test
438,36.10493571329044,-116.96701988829933,test
439,32.74430880881258,-114.6998424290852,test
440,40.866815663103466,-118.60190400299017,test
441,39.9767993361923,-119.39494599979689,test
442,36.78355306688492,-123.19416233600103,test
443,37.70289741321756,-116.6738152757582,test
444,34.464834802259496,-115.04252764511277,test
445,36.43259732074568,-114.32913955340581,test
446,34.07546069379847,-122.36091116378526,train
447,34.524093861905214,-114.95422869181925,test
448,40.545119101772855,-120.62253739039036,test
449,35.96261341755926,-118.0565375875013,test
450,40.245429868112645,-122.13416194053742,test
451,37.01783171253246,-121.87910145832969,test
452,33.20026553782766,-118.0585413883396,train
453,35.953662476100725,-119.44137300350735,test
454,34.028849615166315,-114.49705320028653,test
455,39.09816864651147,-121.71337697650016,test
456,41.16090162336143,-115.38744201677889,test
457,39.75632559215337,-119.69250614001538,test
458,39.901804153878054,-123.05274758335088,test
459,40.69187619718997,-121.97460356067693,test
460,39.88501424290473,-116.64873694244449,test
461,37.91438870029137,-115.91740605023935,test
462,39.294196461186225,-124.03210197111586,test
463,36.46909151939505,-120.21259444706338,test
464,33.20036213176157,-119.34507997371381,test
465,39.21184066191513,-118.09900610317344,test
466,39.364129329933654,-117.73213727113382,test
467,34.64865293136268,-115.87693943326698,test
468,41.56382660942565,-121.6213535968729,test
469,33.027283267096,-123.28602095635418,train
470,39.499532187191555,-122.51732136376319,test
471,41.70149034030077,-114.78111535667921,test
472,35.45764839481882,-118.8037072553892,test
473,41.171047509486364,-122.18113165936575,test
474,40.35635131809254,-116.33773419450782,test
475,39.57671663611859,-118.3879537007153,test
476,41.56240614714045,-120.65285039248454,test
477,38.72392049843557,-124.25130091368477,test
478,37.21651977790349,-116.36947159351438,test
479,38.928699276465565,-117.0431774559484,test
480,36.429971315708336,-121.73768042121156,test
481,35.60668153222002,-121.70145806699472,train
482,33.30886606904856,-121.64095841579558,train
483,36.109741237546444,-117.52797207073363,test
484,40.136257203859444,-121.40703220285387,test
485,41.483276914789506,-121.24015999562027,test
486,41.76468676541671,-120.5570581729838,test
487,34.48579999799134,-114.3341243261287,test
488,37.94145878591228,-119.69638542443441,test
489,37.98233505974032,-120.54926008663371,test
490,34.19717024693904,-119.59406310048627,train
491,38.03801908022659,-117.02501186502901,test
492,35.96536409780945,-115.32914851906192,test
493,41.45458894859948,-114.22483327447911,test
494,34.94676483613753,-119.42867780241112,test
495,40.43708252146407,-119.69592531969997,test
496,41.023222800121474,-121.0344875731525,test
497,39.49871025989624,-116.40755514318414,test
498,34.562993821613226,-117.68090660793777,test
499,34.99569507743046,-120.69371186506446,test
500,41.72648618599845,-119.09383526274213,test
501,33.24810125616723,-122.31798782742996,train
502,33.638803541223076,-117.28492548261463,test
503,41.79705538455988,-121.84060622925954,test
504,39.88719351158612,-120.83618002837741,test
505,39.598255069540194,-123.73769743306828,test
506,34.04716749804978,-122.17313578473671,train
507,37.16025073455519,-122.43076090099547,test
508,40.4920218455288,-116.85898809303362,test
509,35.64440554045134,-117.28003710118551,test
510,34.35548580396447,-118.89173733070578,val
511,32.63365215926422,-120.44944736674675,val
512,38.425477331631406,-115.27015073705203,test
513,35.312383638368594,-115.32510068497433,test
514,40.70897788253978,-118.22476936431848,test
515,35.214916281612844,-117.65655565580823,test
516,33.965422941387246,-116.22859322433341,test
517,41.62543793868089,-116.98819017661503,test
518,41.6664383060502,-122.12126571864604,test
519,39.01717565450045,-119.25035116551261,test
520,41.321812603586686,-122.87405633283522,test
521,34.06256401442597,-116.09528340051295,test
522,36.88942794391869,-117.70162253371583,test
523,34.463384697431714,-114.34556954780955,test
524,37.064077455106926,-123.03258513284007,test
525,40.02245564813225,-119.1803773710172,test
526,40.5314667110906,-116.97545341252521,test
527,32.56943681371512,-115.49770055155537,test
528,36.2185971667477,-115.64146939092801,test
529,41.94383046695515,-122.35738556298848,test
530,38.110812688388386,-114.31227112241675,test
531,35.334975454239604,-114.32235585941098,test
532,36.21377564259549,-114.44900534085647,test
533,35.58467868062202,-118.11365193203838,test
534,36.76875713238822,-115.86274748513472,test
535,36.739288420112786,-123.6560935046047,test
536,37.32999550021998,-121.80620310373934,test
537,36.9288718881113,-123.49152226618635,test
538,37.417596596537905,-119.22766900729385,test
539,32.795055359579486,-114.49363205543996,val
540,33.045422709639496,-117.74704956510595,val
541,36.04473342627955,-119.68449067349356,test
542,40.91039661337144,-116.26586356253384,test
543,40.019181913213004,-118.76603374157966,test
544,33.57315498890251,-119.72165255374142,test
545,37.2160491792995,-117.95162645370068,test
546,38.25544145616314,-119.16333491841462,test
547,37.0868621296483,-117.82566886022849,test
548,39.13595605219171,-116.16481231602118,test
549,41.97408210710776,-119.67246514596472,test
550,33.44361001050501,-120.16113092580026,train
551,37.41210727789781,-118.68015831083562,test
552,37.38215775425538,-115.11199003231704,test
553,37.855727214509564,-120.07905265444563,test
554,34.11118180815861,-115.69970038692696,test
555,38.57524828066791,-118.07705080430529,test
556,32.949908536915714,-124.31218541863076,train
557,39.54843942124435,-119.53035148734597,test
558,38.81012070781186,-122.2693797377783,test
559,35.65911213986792,-122.88972282762114,train
560,41.89572924961747,-122.02294539202029,test
561,40.37853128389606,-117.09495653085422,test
562,37.6394024638669,-117.9716841062877,test
563,41.9101335820902,-118.90504424689655,test
564,40.39095839610681,-119.33378134827034,test
565,33.83664484289374,-120.42757475992461,test
566,38.12734392167388,-115.29948499862223,test
567,38.03072181938753,-114.82639680553648,test
568,38.713390776183665,-116.55864630738496,test
569,41.43896492223825,-121.46840492560054,test
570,37.189542219006334,-115.01806131012876,test
571,33.262802461085734,-115.99471426532233,test
572,37.06926798417506,-123.16128737530713,test
573,39.99041284408641,-120.91730445153925,test
574,35.92602509729492,-121.06238279644703,test
575,32.78668345907132,-116.91321768613494,test
576,35.40171331145591,-119.03860584031747,test
577,38.98995997633705,-121.68841993537814,test
578,33.3445092839733,-122.06050749953678,train
579,36.09038673828719,-119.72312300563436,test
580,33.79074900745791,-117.57398302316119,train
581,37.03704376369436,-119.19503561934945,test
582,33.87013276708167,-121.74874451891763,train
583,33.562580153341955,-118.04795391833667,test
584,39.13815455956292,-114.14121410744595,test
585,34.02627504439249,-122.61854517456084,train
586,33.995916174708846,-118.99220037469442,test
587,38.14115659166407,-120.56698529999372,test
588,32.94283339552859,-122.18813225147319,train
589,32.842440194737826,-115.41367511754842,test
590,36.6157961669291,-114.56538611922117,test
591,35.98745422613658,-120.82948148196601,test
592,37.68754573850724,-120.859434106829,test
593,41.938299325738654,-123.49393290204004,test
594,36.64667051736425,-118.07096434487558,test
595,37.985272834519606,-124.16631737035105,test
596,41.235237139915384,-119.32407058389043,test
597,37.105706105612505,-122.86448216807474,test
598,39.92721137716814,-117.50839848522838,test
599,37.725739515377676,-114.86293692951911,test
600,38.56435263689001,-123.52465048235894,test
601,41.360798109424806,-116.42149564285259,test
602,32.5366646859685,-115.87684286039097,test
603,41.06190075121621,-122.62331297288073,test
604,37.24314342615216,-114.92755787017364,test
605,38.27605857671752,-118.03833707590114,test
606,36.792048994484986,-118.924800133105,test
607,35.00089941996651,-117.51773707569359,test
608,33.15508809040726,-121.46959482122666,train
609,41.48034046880656,-124.17801396400112,test
610,38.438107673421754,-119.88245188425009,test
611,40.80176788376335,-116.77609857780125,test
612,35.28395444052971,-114.96871445206395,test
613,35.16265004891252,-120.00562964365724,test
614,35.70987869137803,-121.72179229958601,test
615,34.71793202805619,-123.0863433663389,train
616,37.245782655752464,-114.79505340848475,test
617,41.396207451616576,-122.05895626769143,test
618,40.82631350033593,-115.04685559444044,test
619,37.218601299020044,-122.54547354127932,test
620,35.83278055137246,-124.25305145920834,test
621,38.322683492170896,-122.12828844487001,test
622,38.32808452404653,-119.35933987476412,test
623,39.00524592286802,-120.84485150093388,test
624,37.602132244623874,-115.08139920581513,test
625,32.783372314157475,-118.82017842633265,train
626,33.25016051927887,-123.2257965991338,train
627,41.75164911178382,-117.99282721788863,test
628,39.596848244911286,-120.42995796299866,test
629,41.509898129763044,-117.44011472890074,test
630,35.745307441643334,-116.3345182584132,test
631,37.595970991426896,-114.27896460239407,test
632,35.57888467375057,-118.49477913397232,test
633,41.137614893028264,-120.65880058850135,test
634,35.254835138582905,-119.96958037627246,test
635,39.100393047662976,-120.28896981970864,test
636,34.18777629421903,-119.79496010647925,train
637,33.52673124169609,-124.1300951267858,train
638,34.003859323981054,-121.89004585877777,train
639,37.54394137485498,-114.25618610593662,test
640,40.527803653622094,-114.87217022532059,test
641,41.99317899738742,-123.94214074589401,test
642,38.42680842504908,-114.34052115124715,test
643,37.583225446592664,-116.27495258321967,test
644,39.981778131705184,-124.41167712952175,test
645,33.133657598191675,-115.02219074574518,test
646,40.19499181872605,-114.53859322515429,test
647,39.711854253192605,-117.95750483372039,test
648,37.54475825221392,-116.31232799167167,test
649,32.74768666031841,-121.01159863275937,train
650,34.44480540556857,-118.53936779343069,val
651,36.03117831635883,-116.897720024386,test
652,41.44337447954712,-118.65340019592647,test
653,38.57648916507975,-121.29952169091986,test
654,37.36057704746639,-117.74674520285,test
655,37.15539820124307,-115.79590087718773,test
656,39.91637017843335,-115.8207553048694,test
657,35.594778362994845,-123.07731733094832,val
658,33.42514989184531,-119.84771159136525,test
659,38.941600124769124,-124.04059861068336,test
660,35.645781594850035,-117.9161758958556,test
661,35.61336416621724,-121.94330756498628,train
662,36.836153285811406,-114.84804161979541,test
663,34.828691185833755,-118.06578123030513,train
664,41.25852295727349,-120.30963239200612,test
665,40.55080989797355,-116.89861451855735,test
666,41.91560649431489,-122.30179162300175,test
667,41.664277097463376,-123.49733808159785,test
668,35.507892119172325,-123.53909641771466,train
669,36.13426266870704,-118.43127880196863,test
670,39.14250316814169,-115.27576529409946,test
671,32.68006069717911,-122.14336393969857,train
672,41.942127744631804,-116.60390114280267,test
673,32.632683987166125,-124.05210145020125,train
674,37.56317171071889,-120.79706384533215,test
675,38.862591955874606,-117.7001827864563,test
676,41.18696553633514,-115.92135669981367,test
677,38.629970957768705,-114.71569274377849,test
678,38.18329453319121,-117.91819953727168,test
679,35.374402562953414,-119.66982866228372,test
680,38.12602561029048,-123.81483879829507,test
681,39.62967332803684,-121.59807276106704,test
682,37.41265319970552,-114.92271728197636,test
683,39.913146274779066,-118.43033664084301,test
684,33.189235553898534,-120.90699715745346,val
685,35.70602446096616,-121.874698035882,test
686,41.619437955586456,-123.26819604454026,test
687,35.5930185917315,-116.69095267153551,test
688,38.4189697081936,-120.18840203229003,test
689,37.453308655104756,-114.78417604297746,test
690,41.399829406166106,-119.75522145757279,test
691,34.07144966956532,-116.00253762932054,test
692,35.365205302357424,-123.0972501043563,test
693,40.69671308243026,-122.88414236277707,test
694,38.83893809900219,-121.62318515900866,test
695,37.6726774455359,-122.4683706612567,test
696,36.269706712156555,-114.36980454538156,test
697,36.42515715070423,-116.10805855073534,test
698,41.383717805779824,-120.84786977060872,test
699,38.8850859749352,-119.08062324955577,test
700,41.32856171935134,-118.94221191611956,test
701,41.73660245022229,-118.17967464298404,test
702,37.710165817797254,-123.37171132984298,test
703,38.30564831134053,-120.84201449866367,test
704,38.745775878303,-123.55406376753264,test
705,40.4769304572722,-114.96443759550945,test
706,38.77140911838167,-120.28039056307993,test
707,33.61571108806761,-116.94445427383641,test
708,41.454813137477956,-114.9462797180114,test
709,38.78904837455591,-121.24970116816249,test
710,40.76811656384696,-123.53427479531591,test
711,36.55226645255524,-120.97361051501596,test
712,37.02556390922415,-117.52211843886029,test
713,39.053469660282396,-119.28708812035775,test
714,39.882545750564496,-123.66722871564781,test
715,33.27300398353001,-123.71627679904702,train
716,36.38753663349164,-117.22751985082103,test
717,39.820539921382654,-116.84621755466247,test
718,41.92647425848556,-123.31097477846902,test
719,32.64025401282852,-116.24645853004526,val
720,35.03773391387323,-120.87728546542067,test
721,36.93211607062905,-123.73676378580357,test
722,34.641257915745605,-120.99789268665151,train
723,32.784953220340974,-116.90880162830875,test
724,37.639472438277586,-117.67892635506213,test
725,38.67980482760562,-119.47603525402194,test
726,36.470107717652134,-121.55678086944853,test
727,36.03274541464857,-120.13112950659568,test
728,41.863732004899724,-120.50559388380913,test
729,37.05219511489501,-120.41886571397929,test
730,40.08771772219879,-119.39126568123241,test
731,35.24953941069425,-119.74602363350547,test
732,40.39188275659025,-123.38354558203554,test
733,40.33043605672302,-121.44835177267227,test
734,35.06513909006543,-123.10888315942515,train
735,38.74094639678195,-118.2323880276097,test
736,38.988681829229215,-120.08077717369996,test
737,36.72156905909701,-117.51244595117059,test
738,39.85769719544935,-123.53681098904657,test
739,35.43620342353549,-120.88398745967766,test
740,37.11605431644382,-122.58057359152751,test
741,41.90673665420812,-123.4905756633714,test
742,34.2220586105539,-116.46576370742285,test
743,33.929502377503354,-123.09004343408185,train
744,33.87662156964861,-122.63662719466471,train
745,41.982094804273395,-120.65852192628246,test
746,34.04437872934135,-121.42161563398234,train
747,34.33156557279848,-114.95666932282445,test
748,39.10962896380829,-114.24705525565432,test
749,39.72243303690232,-120.08504876877885,test
750,37.52127056276456,-122.366299860639,test
751,41.83587655851734,-119.30446851432092,test
752,32.89846709664218,-119.32965669548327,test
753,38.409173629891974,-119.63514162728644,test
754,38.273264454733315,-124.23033348052346,test
755,35.57218813560229,-123.11643359943973,test
756,41.04770125163722,-122.98620145029297,test
757,37.765789756815174,-120.8133430428081,test
758,34.8628423394583,-118.45207707166362,test
759,33.36675514842103,-115.38943323382532,test
760,33.544415921806525,-122.13719770577138,train
761,41.02770796217709,-116.48892740397676,test
762,34.9004239793448,-122.10779696997476,train
763,41.1193402062632,-124.10372180962898,test
764,33.66751659632645,-117.73996059801658,test
765,41.847866883884265,-122.22713448367959,test
766,40.421815701066066,-114.95835686400858,test
767,33.630686182923725,-114.81644584373149,test
768,33.34495508167075,-123.35712226559386,train
769,40.138550117531764,-122.43245040790478,test
770,33.269287437593256,-122.27063569305191,train
771,35.01285393433997,-115.04306900138246,test
772,40.11783569375632,-123.63557456502737,test
773,41.12478271693863,-116.6954575345112,test
774,39.79966499170977,-121.47376529574794,test
775,40.95728501252968,-118.43509967192372,test
776,37.832142324464435,-122.612221983008,test
777,39.912917704608844,-116.1246792295529,test
778,35.789444530794846,-117.52434128925427,test
779,39.965977233392266,-124.22197713241599,test
780,38.967146393309896,-121.99516336548801,test
781,37.9736407028513,-119.63192878846512,test
782,41.927093506860906,-118.96358109246131,test
783,36.978812100564745,-115.91083104462025,test
784,38.39427133979312,-120.45039525159031,test
785,37.35880685460063,-114.88423417097654,test
786,34.997042385784326,-122.44104151260038,train
787,35.65856110475489,-115.59697914745892,test
788,41.79910122254276,-115.11667184543694,test
789,36.24328603739927,-117.97885737157667,test
790,38.963977352625975,-114.46482953423528,test
791,37.900411086942725,-120.20684497532406,test
792,40.95645592403609,-117.23039058500123,test
793,39.70532503925666,-124.33589292344276,test
794,33.29376881481865,-121.6080445165681,train
795,35.89603452252491,-118.60073554474849,test
796,39.27182124991645,-115.40912292369907,test
797,34.058048971870804,-114.6153363161003,test
798,37.29756904937102,-118.46604192994914,test
799,35.53927288767438,-115.61597480210733,test
800,33.14322255614447,-116.19991386239018,test
801,41.97297345183177,-116.4634211724299,test
802,41.331082757351616,-123.29086086175042,test
803,39.60907268129985,-119.50523196320262,test
804,34.43371465984919,-119.4266648333596,test
805,41.89134305329228,-116.32130561119533,test
806,38.50360291968822,-118.39723154727062,test
807,41.678734396603275,-115.98731866329666,test
808,32.933222252054,-114.5789945241103,test
809,34.17276769316407,-118.72141566563211,test
810,38.943528002953656,-116.27745924157551,test
811,41.12099186454953,-118.66062653999293,test
812,34.19465755514791,-117.98900536400771,test
813,35.53292032924993,-119.53237476645849,test
814,38.10003932938635,-114.546571799545,test
815,41.99678986087951,-116.01077795191206,test
816,40.10282837183577,-116.68748435132105,test
817,41.27613951696798,-121.04199591688564,test
818,38.922368702640625,-119.43537144530984,test
819,40.8387059332132,-115.5434084705696,test
820,37.33171645604253,-114.78588882543758,test
821,33.70578227290256,-114.15525939221052,test
822,39.24950876012227,-116.86803453595655,test
823,38.22596751512701,-116.9050545250764,test
824,37.12626510716771,-123.47214513543878,test
825,35.13416396995331,-116.69161401451068,test
826,39.95640252546163,-120.86509704698291,test
827,40.299283471014135,-115.52573134591347,test
828,35.978837891810386,-124.32400446748998,test
829,41.31594931936048,-114.80648403191792,test
830,36.03145384567074,-119.45118853505491,test
831,33.54861682587705,-123.1207761643652,train
832,34.10702364032519,-118.24370460036424,test
833,37.21306150477245,-117.30511034755004,test
834,33.28630254703527,-116.40027935437384,test
835,39.333366791806334,-117.20395204033504,test
836,40.05955774967057,-118.73470071745547,test
837,37.7334651106246,-123.5951570994986,test
838,40.99000984972258,-115.54351774927268,test
839,41.56709284008701,-114.3010996631804,test
840,36.768592900619936,-116.41874797363644,test
841,33.374034283072774,-124.08180817142214,train
842,34.720071118310436,-116.64875490437409,test
843,38.75762393396676,-121.6600009097044,test
844,36.37277810748163,-114.52074709444094,test
845,39.017038962597134,-123.78523705625248,test
846,38.84398221286691,-123.48881596992565,test
847,38.26283625371293,-122.5700718216705,test
848,34.02467440853338,-116.6749398760935,test
849,35.23761785366095,-117.72401483963415,test
850,36.108349603388845,-116.94218956631173,test
851,40.33723836465215,-120.7914534428949,test
852,38.99065026415003,-115.3715739469285,test
853,38.63752749904604,-119.83909985421298,test
854,38.89514065441291,-123.05728010245546,test
855,37.29532371134472,-116.52734267509236,test
856,32.905312345482564,-118.9804593309145,test
857,34.434612910615165,-118.32193248177413,test
858,33.8586614154298,-120.4694044256207,train
859,33.13604841180844,-117.1124815413675,test
860,35.55544385640184,-124.07329439200286,train
861,39.98980491536442,-119.37597785527939,test
862,33.62029818050683,-120.03599507145313,test
863,33.5851712367658,-116.74381149372886,test
864,33.706780261743674,-121.69888845017364,train
865,35.0852114161985,-122.03043513725511,test
866,34.444901597310995,-121.14252929020326,val
867,32.662211773004934,-119.48559558081448,val
868,35.14847690964384,-122.27616401689001,train
869,41.964908580293425,-117.38582569021243,test
870,35.716526613845645,-121.02108790599027,test
871,34.5306230327921,-120.094054500471,val
872,37.22441091229087,-118.691211766739,test
873,34.702119356442545,-120.5544153031999,test
874,37.82984005650715,-117.21034892000398,test
875,36.324210865415864,-117.67462750741106,test
876,41.02308728410638,-116.63703233056559,test
877,41.31739541315948,-119.0478228030627,test
878,39.282690113512345,-120.65188067958152,test
879,34.57262452610004,-122.36637329904518,val
880,37.017819248361555,-119.93570417944525,test
881,35.42235739187588,-115.43921866618078,test
882,40.0896876324705,-123.19222092124376,test
883,32.80627881368557,-122.2192078949914,train
884,38.80379634544553,-117.58131571276877,test
885,35.59095804358489,-118.51224800906476,test
886,37.08511339578617,-114.9941272252744,test
887,35.588762378107454,-124.14066697129479,test
888,35.98456155813671,-115.38249708724423,test
889,38.91621418936826,-116.96019893276143,test
890,38.169331337579735,-116.44442295569958,test
891,34.8415251567301,-120.53594241279315,test
892,32.94324833855803,-121.27147694555465,train
893,40.636526539308576,-124.29176453162074,test
894,37.19214427497484,-116.32185275420547,test
895,38.38937522363977,-122.77438634936566,test
896,37.15608811023368,-122.1086082063743,test
897,38.39136375965608,-121.58865147682343,test
898,38.467429307932484,-115.47365771936279,test
899,32.67243388306421,-121.47174690533069,train
900,37.579963834198296,-120.05120586384284,test
901,37.28496246552151,-116.73487796526828,test
902,33.43739187925736,-115.24068598202689,test
903,39.593501223635016,-116.28290814604082,test
904,34.76358822957954,-118.91988303271275,test
905,33.046355043230236,-124.41753246524553,train
906,40.135915484569885,-122.8126460964595,test
907,40.722797684927244,-121.82535544947022,test
908,34.8093793423033,-120.17407713830593,test
909,39.04105604551989,-120.70582507321684,test
910,32.576882883371844,-119.13647060151472,test
911,39.359290105880426,-120.19199619008363,test
912,36.93184959938289,-116.9542522794303,test
913,40.0348150182548,-123.90150139423795,test
914,36.252031721146324,-114.18435250675029,test
915,35.8546871396218,-115.74806323034065,test
916,40.49223276755185,-120.98649366077125,test
917,32.89598422925662,-120.34897026371652,train
918,34.30245242571967,-114.50418382656484,test
919,36.43286038836544,-114.79185773689115,test
920,38.17732238837694,-120.38638053926736,test
921,32.57841549921837,-123.82536080534423,train
922,37.97664866850004,-114.25406675862541,test
923,36.11432435033209,-117.69980264914491,test
924,38.49611935383865,-117.29515133444221,test
925,41.11904226091001,-121.60892079624817,test
926,36.70505795010391,-115.99915691694137,test
927,37.78185975204694,-118.69236185475083,test
928,36.912620528127356,-119.59180153829482,test
929,33.652403370413914,-116.79820747341195,test
930,40.04077999396523,-120.60571640376013,test
931,40.912803473833804,-120.01283632777438,test
932,40.214588524754554,-117.71451040324347,test
933,41.50373955911415,-117.84586400848585,test
934,36.962230063536495,-114.42707268008589,test
935,38.70748702461094,-118.63700300144843,test
936,34.12419499923738,-121.13064001785742,train
937,41.780372907577075,-121.47650517328702,test
938,38.02784685230649,-118.93426404397798,test
939,35.00794963371533,-123.20734731000846,test
940,40.15689441615332,-118.37670025602448,test
941,38.08407087996511,-120.41647156053337,test
942,41.52342207924477,-120.81091012048674,test
943,39.821685779590666,-122.45555848014888,test
944,40.837697875810036,-119.33228823329446,test
945,37.706775584049424,-124.05200437600963,test
946,37.42891078802138,-118.17993372448733,test
947,39.70188168236506,-121.4959889411009,test
948,33.52448234794102,-115.10872802552335,test
949,33.04167917134934,-119.0132088644553,train
950,41.84566027029575,-116.39214558634542,test
951,41.20731865685317,-115.66424282751538,test
952,41.580109113589266,-115.37768339542507,test
953,33.120587681310866,-115.46379449370892,test
954,35.08028437078816,-122.11541732790484,train
955,41.06760633096735,-121.31281667250528,test
956,33.377371593016974,-117.14115806632195,test
957,36.80508482966653,-118.89715442498981,test
958,35.76202911396851,-118.15778411251651,test
959,40.86218403140071,-117.45261076246639,test
960,37.43618097323279,-123.26205553959215,test
961,35.27984350549938,-122.70476061135544,test
962,37.49513213471244,-117.86390851973783,test
963,33.59486556714723,-117.99242169220355,test
964,39.45448987730971,-116.01228006761554,test
965,38.38565664073535,-117.28710923728515,test
966,38.21871215664706,-122.2988538682664,test
967,36.67638602298964,-123.71755389601098,test
968,35.316492129800096,-120.40853459468453,val
969,33.14915478139592,-120.61218209348662,test
970,41.49839781409267,-116.52794068232372,test
971,36.4747656371628,-117.51700658290866,test
972,37.22637853639595,-115.44759265698904,test
973,36.08851116789067,-119.24106105410952,test
974,41.88519851087973,-121.46351249541057,test
975,40.06974894055909,-119.24117863839537,test
976,33.436849328679564,-122.21817425053311,train
977,38.28941786277778,-123.81592943633096,test
978,37.11948941248858,-119.28826774185873,test
979,40.043043773529995,-120.17573127395032,test
980,41.9745826351254,-124.10771846031538,test
981,39.57858483350484,-117.00366766806228,test
982,40.72087593302329,-117.79673991108709,test
983,37.28995820730957,-123.67909962389123,test
984,36.06797296871832,-117.11965692565616,test
985,38.6218585838558,-123.58610213488416,test
986,39.62699237808084,-119.10296011325218,test
987,34.68474634744217,-118.02463487734718,test
988,37.297079434272135,-119.29545898417075,test
989,33.607600644909496,-116.73424556145105,test
990,34.57886114175435,-120.46480812779664,test
991,40.88120368965639,-122.24442806534834,test
992,33.90061187551298,-119.42513370525224,test
993,40.21346794456695,-120.91153719773924,test
994,36.05848168860629,-122.88034083145483,test
995,38.81354742639978,-119.5831296495241,test
996,41.150790739453576,-122.36325255039483,test
997,39.925110500383724,-119.59124616398229,test
998,40.351662404491385,-118.33103609326938,test
999,35.003081693878656,-116.37554265190087,test
1000,35.955058496348165,-115.64385870009396,test
1001,39.46954043451057,-117.55123629511351,test
1002,39.89041153530358,-115.22757996959606,test
1003,40.01179497418032,-118.68919344940927,test
1004,39.53882258389861,-117.11544343632764,test
1005,34.7234661284669,-116.49756153025744,test
1006,35.267650482276636,-115.93583834634089,test
1007,41.45112834163161,-116.68841155105888,test
1008,37.77505781512825,-115.13611036166137,test
1009,39.67464530009673,-119.5648667789847,test
1010,38.20438308542772,-114.60959944760728,test
1011,41.285032663887364,-120.31304520317754,test
1012,40.75736381737212,-123.7163364788263,test
1013,35.00521927413776,-122.56238930966863,train
1014,40.908198699422265,-118.68427866633367,test
1015,35.371372727649565,-124.28959867119113,train
1016,36.70608487504837,-122.81726633810668,test
1017,40.59118198478601,-120.58326253223076,test
1018,35.5984606434604,-118.00349675976524,test
1019,35.28361006523562,-122.73317825341925,train
1020,38.86218036377936,-118.51315015004765,test
1021,41.99693515206035,-117.60296850935121,test
1022,33.771109610936016,-116.5666712604705,test
1023,39.16904432254159,-117.63046401201134,test
1024,37.520267523462415,-121.86164663781321,test
1025,36.41854763322342,-114.1572162840892,test
1026,39.63116235973302,-115.28215612833185,test
1027,37.784300039509,-120.589019502269,test
1028,40.08527157195202,-124.13905458572773,test
1029,39.57429685677382,-118.98901820240681,test
1030,41.85907677786093,-115.51989438973597,test
1031,40.20889958557954,-115.9657649332752,test
1032,33.16259408164881,-115.18618693070368,test
1033,39.912615928802865,-114.44428738972594,test
1034,38.682689495369296,-117.08867986561884,test
1035,33.38031461664917,-122.76568134219184,train
1036,38.263982994066346,-124.06458055398816,test
1037,39.6401100973746,-122.87899092122798,test
1038,34.39743204042436,-122.36666028487922,train
1039,36.64861330630977,-123.80706601416871,test
1040,37.667345149669806,-119.76491271653529,test
1041,36.4425562451026,-116.35822077622845,test
1042,40.825765483948565,-124.39616398938396,test
1043,34.12951335536114,-116.15461266812697,test
1044,39.83663108271342,-114.90008134490172,test
1045,39.89852359333548,-122.87302478316634,test
1046,36.77284372965348,-124.21992110489265,test
1047,37.63885658330228,-119.497747430096,test
1048,33.98423639499366,-115.48545352895049,test
1049,34.37814220798259,-116.84326804320493,test
1050,37.56486577060706,-124.08225236260364,test
1051,34.657727014380164,-117.49864388507483,test
1052,40.16722719243274,-116.00904982888682,test
1053,38.36558524962777,-121.64547812320367,test
1054,33.0658000844897,-117.70330833802421,train
1055,35.91909204916378,-119.34738622682546,test
1056,40.65929357005727,-122.31996432389427,test
1057,35.157395134878385,-115.14543809249768,test
1058,39.34572840645467,-122.14078375861807,test
1059,33.41828730682247,-115.77469837348232,test
1060,41.342153702900575,-117.20593493069995,test
1061,36.785303602231025,-122.16242809212733,test
1062,37.185126569053864,-117.10625744917053,test
1063,37.926291342740235,-124.17188929192261,test
1064,35.97170425601318,-122.00404001540579,test
1065,39.398451802380684,-121.49747437430337,test
1066,32.668106367238764,-115.27245175692255,test
1067,34.06607441459699,-115.00235498294073,test
1068,34.3181340897679,-121.64607181136145,train
1069,38.54667154184359,-119.54627015498443,test
1070,40.96398971402962,-114.31946225756548,test
1071,33.13266835182823,-117.57377167047672,test
1072,40.60278294173912,-123.72126519472303,test
1073,40.29079375177646,-120.40433606598758,test
1074,33.25564502067395,-120.0949714408766,test
1075,33.886373173186364,-121.28105038511,train
1076,35.8449292204627,-119.0796948685026,test
1077,33.61592124794275,-116.85162637003047,test
1078,39.71096969940158,-117.31062803578938,test
1079,37.3035364013497,-120.81553837352021,test
1080,36.419940840473345,-116.84524434399782,test
1081,39.39525401121023,-118.93369746596501,test
1082,35.303719182918606,-116.50631873774944,test
1083,40.78340250113584,-123.26580427956218,test
1084,38.723065015307256,-120.26692429557637,test
1085,35.811405305068284,-120.37116118323955,test
1086,37.64259437734489,-120.81291299232201,test
1087,34.98697706861389,-117.24327072493962,test
1088,41.857767615012996,-118.6960049700616,test
1089,36.65517297330332,-120.46145293763769,test
1090,41.02245122593051,-118.91072319409818,test
1091,41.79185373039115,-117.17770896154721,test
1092,37.60395459595283,-117.47943601826778,test
1093,39.443058048818735,-116.59744982706039,test
1094,37.94917707233324,-115.66129183996458,test
1095,33.39714548243344,-116.81686982288416,test
1096,41.549398958286346,-122.58276551658497,test
1097,36.854347191114556,-115.71177174364611,test
1098,40.99677778012769,-121.01684049780782,test
1099,38.73858262603818,-117.57379230113588,test
1100,33.526157738093104,-114.22310199756954,test
1101,36.479491635050984,-121.4022403708745,test
1102,34.384682024969415,-121.65412528843146,train
1103,34.13857291669719,-122.56189481153582,train
1104,39.30189040268174,-114.29415628855153,test
1105,32.81428927993424,-120.03829447494083,val
1106,41.67935118742598,-116.3583470999964,test
1107,36.79077437020942,-123.93234071568659,test
1108,37.16800523962619,-122.57982854787132,test
1109,35.36559164484684,-123.78856851462172,train
1110,33.340784209533695,-116.03080285776377,test
1111,38.10065816408345,-123.34143344765937,test
1112,35.7948251008464,-114.92220410012473,test
1113,38.43996767394063,-117.59666054953952,test
1114,37.79314007993564,-115.06266413383725,test
1115,34.58414571928497,-120.22466733324099,val
1116,36.90186264520024,-119.02046760396638,test
1117,35.44735669891937,-124.15572976907592,train
1118,34.80018704921178,-119.63651006250281,train
1119,39.81910028254166,-118.34970836907175,test
1120,32.642755426232505,-123.40291627159145,train
1121,35.076320671179936,-114.32346435854848,test
1122,37.559381424373726,-124.39472864209148,test
1123,37.039102510436436,-121.68258420215005,test
1124,41.43336564592825,-118.09294150108785,test
1125,40.5194363475061,-119.30934909641056,test
1126,39.6476768794728,-121.97386155917,test
1127,37.3983199220703,-114.26656959431412,test
1128,36.59174675567773,-122.49267396986035,test
1129,32.8763138144412,-118.58029194074209,test
1130,40.31119832407961,-123.24523515537567,test
1131,36.6088512024152,-123.86119919643674,test
1132,35.56956119961355,-119.41004213588833,test
1133,38.27482757807235,-116.14354232107456,test
1134,39.671685144980565,-118.96214205571137,test
1135,37.48329600544501,-121.41267020973915,test
1136,33.94655267175196,-124.26751686446465,train
1137,41.25799207756731,-114.74311406916269,test
1138,33.59868466960282,-122.25546984034095,train
1139,41.711843350274165,-118.51616416928208,test
1140,36.72025815528339,-124.27992428087427,test
1141,41.49452164932282,-123.43782094037014,test
1142,41.191733224718156,-122.68555230456313,test
1143,36.377351004192796,-123.28204403510334,test
1144,40.106239501275546,-118.96792965009801,test
1145,33.380145876399475,-120.3463792915479,test
1146,33.313493530003946,-116.17875147560407,test
1147,35.90090903724124,-123.24193497990854,test
1148,38.3046648983558,-119.99568879902122,test
1149,32.618270531190525,-120.02473293980363,test
1150,37.40870843384235,-122.06033034225155,test
1151,41.769376178498675,-123.45063709337082,test
1152,40.65947820884385,-124.33006639623663,test
1153,34.7314967690538,-124.245884493215,train
1154,37.53081117547781,-120.3301759152859,test
1155,34.15324104353494,-123.88040115806581,train
1156,35.0230735955276,-120.37211157142113,test
1157,41.27081794037979,-119.93030767666211,test
1158,41.9789589361868,-119.84807081922574,test
1159,34.82705255747601,-122.46403209041586,train
1160,34.53828275738451,-119.2982453368787,val
1161,36.165147801514706,-120.39520881826299,test
1162,36.752260319673866,-114.23797683656655,test
1163,33.37518488246451,-123.97224542421772,train
1164,33.92880104748712,-123.88451258601665,train
1165,36.5531142225016,-115.93909690191191,test
1166,34.759432779589595,-121.697344039543,train
1167,40.531532266960426,-122.54516144719823,test
1168,39.64714594349243,-115.4240569544303,test
1169,37.60912494044048,-118.94756299567801,test
1170,36.62699965157776,-118.09120857361853,test
1171,40.3994544964365,-124.35792537618721,test
1172,34.10197590364537,-121.75165714548179,train
1173,40.93356302347459,-121.76761727778964,test
1174,32.994762820500306,-116.59520144410824,test
1175,41.274545553140214,-120.46495628727963,test
1176,33.8445311958917,-118.48664224542215,test
1177,40.22057794703199,-114.83207405394141,test
1178,32.70088689239384,-114.28797859431239,test
1179,40.24879027376777,-123.12723448218925,test
1180,38.06115022163471,-118.70901013481952,test
1181,32.71025435626445,-117.2318465643776,test
1182,39.861766422694615,-116.37703576405707,test
1183,33.491747640919684,-114.9536845202653,test
1184,37.64290438330045,-116.9308432545901,test
1185,35.6740773159399,-117.32676811459899,test
1186,39.719323434491955,-123.8822529920164,test
1187,40.61000828374,-118.82291447056461,test
1188,36.92670035849736,-118.26672845010228,test
1189,39.7076938223844,-117.25910977804173,test
1190,41.210438110178856,-118.42552442333,test
1191,39.05672908988176,-120.2185694596526,test
1192,35.57924990331162,-119.41431349113134,test
1193,36.91756539339249,-114.46693503175005,test
1194,34.70807859906866,-121.04693937576593,val
1195,36.87112697609921,-116.35224868225882,test
1196,34.85858283667451,-118.17729238140274,val
1197,40.174654894400135,-119.86410304334854,test
1198,38.30591803618827,-120.16837616843024,test
1199,38.52683948476335,-118.90119347294981,test
1200,33.574193341818926,-116.19413931119658,test
1201,32.54382911248573,-123.18063190936047,train
1202,40.00359743247982,-115.051122411517,test
1203,37.66564175694677,-116.45854598351212,test
1204,41.35181045974886,-120.84151856605435,test
1205,37.617655593231596,-124.33502791760229,test
1206,34.56300562525963,-123.35512277448332,val
1207,39.144573262377506,-122.95128401639406,test
1208,39.1683088235618,-123.37208991463704,test
1209,33.150593761400415,-123.38034872143123,train
1210,39.098873997630314,-114.54090320592817,test
1211,34.542642267306256,-117.65127721992108,test
1212,34.940310231492084,-115.97921472796654,test
1213,32.82749717354224,-118.63739011088923,train
1214,38.47121494965905,-118.05311275856073,test
1215,39.459477356118356,-115.35690731869803,test
1216,34.71275605003527,-121.73909757602371,train
1217,40.03534368748963,-117.27945094313817,test
1218,39.74643627975203,-115.1681244263905,test
1219,36.410485991364695,-114.78682675968228,test
1220,33.17609228608717,-119.86186265117212,val
1221,35.18335505116626,-115.60729714582993,test
1222,34.09661404035856,-119.24520790927339,test
1223,41.61000870559441,-121.78119555588393,test
1224,40.27403818178093,-121.85261197536026,test
1225,33.272225184387274,-119.7822872323601,test
1226,37.3924664769289,-121.7811693127085,test
1227,35.05741354108216,-124.13092018773823,test
1228,32.83415723752327,-123.35181050362917,train
1229,35.582193035320444,-115.6845404014319,test
1230,33.73823273241852,-115.34133478097621,test
1231,34.63927223868028,-115.43891785448521,test
1232,35.62233817446308,-118.7312257510077,test
1233,36.40219256290001,-114.79790905547036,test
1234,36.96615003174067,-119.29435517150155,test
1235,37.45626815983971,-119.671163964506,test
1236,36.03390723927817,-119.54911996671812,test
1237,37.24937062638388,-121.82010596824554,test
1238,36.487119610694336,-118.11478026626884,test
1239,41.66323711784315,-119.81131379526869,test
1240,33.17055904453972,-114.39127945457265,test
1241,38.07895919404776,-122.66687180513854,test
1242,34.363838712974086,-123.64917909464948,train
1243,36.08539647032118,-120.819748461705,test
1244,37.70503121962908,-122.21768040001974,test
1245,39.72539546709286,-114.21346373014946,test
1246,41.78911362863876,-118.68105814288619,test
1247,37.20459715006873,-120.73131123237566,test
1248,34.96359222824564,-117.81333887670884,val
1249,40.026217315725916,-119.7684203915916,test
1250,34.628291100054625,-122.28701281465516,val
1251,37.33925116590227,-120.37250594179288,test
1252,40.54835598874136,-121.48768657411608,test
1253,36.353971879858484,-117.86642052270261,test
1254,37.804579450019006,-116.02117771554917,test
1255,33.66213868062837,-121.73283011858132,train
1256,33.06001481478862,-118.03412200973979,train
1257,41.870094997843594,-117.13557262235354,test
1258,34.22414220426222,-120.62518848450539,val
1259,35.707649379966206,-119.41350747503373,test
1260,37.30936588153952,-120.74060009010056,test
1261,36.07624612962946,-120.59534977687095,test
1262,33.45180089842888,-119.83950745278852,test
1263,34.39477675331693,-121.39418963582554,train
1264,37.20294941504434,-119.40531804572247,test
1265,36.68545092294049,-116.68435175837874,test
1266,40.08889570055473,-120.37479040695598,test
1267,35.48263195518871,-114.69253626730814,test
1268,41.43478418854781,-122.19246609940302,test
1269,35.20821408221213,-119.80560604022376,test
1270,35.66739828909426,-118.23662754689904,val
1271,41.519997227994345,-118.83894381468636,test
1272,40.489377586454104,-114.67704169420779,test
1273,35.53168663691486,-121.09617794764259,train
1274,36.27334602472807,-120.54661177736422,test
1275,40.50620480727156,-118.29852301811424,test
1276,33.34526694200508,-118.29145732641267,train
1277,35.32058466571074,-116.32148357372616,test
1278,37.56383624675826,-116.24854265366115,test
1279,40.379722555170076,-124.32792041845964,test
1280,37.8769199029682,-116.56110437433117,test
1281,37.16820568343271,-117.03877396993597,test
1282,41.64125337514547,-118.40070944378205,test
1283,33.63240643260926,-121.17186659516884,train
1284,39.91722431620828,-115.08825195294062,test
1285,33.73302010076485,-116.82895565285975,test
1286,39.469875853996236,-121.7873668699923,test
1287,37.67305868778897,-121.2931797386304,test
1288,35.03619961599737,-117.11520163578248,test
1289,37.67540221617943,-114.97898397355587,test
1290,40.85807034439152,-119.38252045113946,test
1291,37.00157937437767,-115.37545119255672,test
1292,32.59229901872062,-120.50039960835835,test
1293,33.066055108387395,-120.36586176166023,train
1294,38.52107217641638,-117.36794620990598,test
1295,38.95001189138953,-123.91895646942638,test
1296,36.33480818711301,-123.00771592431235,test
1297,34.8291302662128,-116.92993814319067,test
1298,39.31020359059183,-121.94409857696111,test
1299,35.41040632289332,-122.634934904843,test
1300,33.23088971788242,-123.52186641155583,train
1301,36.40901180910054,-122.12175039225806,test
1302,37.635642496151476,-121.85764492981865,test
1303,41.674504710739846,-120.92262693212594,test
1304,38.13833962053489,-114.76582230341408,test
1305,34.502791783850164,-117.79398319565058,test
1306,40.41087324984951,-117.29193680147347,test
1307,35.29033446239373,-123.07136410559433,train
1308,41.61436439845312,-122.45360644061638,test
1309,35.610707165406545,-115.17470095397795,test
1310,41.14313503818381,-117.90027290156156,test
1311,40.85369407862592,-116.09249823819638,test
1312,40.71201131929572,-120.75456025752021,test
1313,32.90297860500207,-118.48899713751646,train
1314,40.57826860120058,-119.26223952168114,test
1315,39.360712126472755,-122.32220217521756,test
1316,35.69580467750342,-115.93662634109266,test
1317,37.17123209948274,-120.99897316542939,test
1318,38.58999543047816,-119.62639033816711,test
1319,41.46529518408297,-123.06884116968999,test
1320,39.91740009886689,-117.85854246739873,test
1321,36.58790202953531,-116.28339357586856,test
1322,38.64213408993544,-120.20889655106912,test
1323,34.29019719045283,-114.35545897631438,test
1324,36.54473448759055,-121.78430938959093,test
1325,40.023623626374516,-115.43853926384546,test
1326,38.27440459627515,-117.00426822718859,test
1327,39.94736942844617,-114.87993263183036,test
1328,37.35796448492195,-116.80391691939315,test
1329,36.12995832277204,-119.33807301666404,test
1330,39.56185738049285,-120.17711952099434,test
1331,33.41785850980523,-115.88889129148747,test
1332,41.79740672015506,-115.7758525961522,test
1333,41.511099639818205,-118.36840060761241,test
1334,40.86709070074112,-117.20109819290886,test
1335,40.90411359610614,-119.6679388023942,test
1336,37.3697014611485,-122.18859182811173,test
1337,37.24554597269817,-123.92470126227037,test
1338,40.29617816394641,-117.70029750882101,test
1339,35.21243917054163,-117.54041363340396,test
1340,40.57868349097468,-117.58113267878193,test
1341,34.432335606728834,-118.64157903052174,val
1342,40.855145857108006,-120.9098471190917,test
1343,37.65407703137012,-121.9446022339576,test
1344,40.51520843192508,-123.7625832551223,test
1345,37.20006216039835,-122.91402996441828,test
1346,38.291852802002495,-117.9622457197128,test
1347,41.306664652748495,-116.52118442748466,test
1348,36.490470029357695,-115.08240854397091,test
1349,34.61611209474492,-123.57481818955956,train
1350,33.391583805248295,-116.04738948567395,test
1351,38.11710173282436,-118.28060208222867,test
1352,38.316976089619914,-121.33342805440623,test
1353,38.40807738546081,-116.95707679777615,test
1354,32.88196316357926,-114.23975991890464,test
1355,32.78962466099412,-120.52820411749205,val
1356,41.009599179901215,-117.97111514856331,test
1357,39.11640378114421,-121.75081589992531,test
1358,33.60311395963347,-122.32616049925905,train
1359,33.23681043672976,-122.90245653504999,train
1360,34.06278592344586,-124.10849629547144,train
1361,40.17152274117679,-116.97751413859848,test
1362,39.377624682731984,-122.93516308211244,test
1363,38.57804569974891,-117.46762604672645,test
1364,38.598288753902736,-115.47433250027274,test
1365,40.66353551652911,-115.71155783015494,test
1366,35.68785425229883,-121.35767052406696,test
1367,35.581518296790236,-123.15737211603,val
1368,36.55879207699332,-119.87200517796721,test
1369,41.90223183451894,-122.57090826043547,test
1370,37.7848929864457,-120.5891335779711,test
1371,37.709153748893954,-118.57545168593995,test
1372,40.196853157216886,-117.7967828326282,test
1373,34.21627080944673,-122.18908204791879,train
1374,36.36914754749797,-122.0965771010343,test
1375,38.603701986640495,-115.511875783764,test
1376,41.88651879694065,-114.69820725425,test
1377,33.992827080730805,-117.81638093168047,test
1378,36.810693608747435,-118.69915278534373,test
1379,41.10585966593331,-117.65526474194314,test
1380,39.40077921770489,-123.11392291329919,test
1381,38.34249884623583,-115.19152748360331,test
1382,34.96481619776483,-122.28937865086164,train
1383,34.30288565279913,-117.5355929149268,test
1384,36.07379041974458,-122.15148243413498,test
1385,34.94587187321649,-117.16328929135479,test
1386,40.18626676220117,-116.67209737379055,test
1387,39.35506146120153,-116.79981605705005,test
1388,40.43932620477468,-120.02011821205996,test
1389,34.15014948237161,-118.18149470347264,train
1390,35.46540982376118,-118.27473710977104,test
1391,39.80818235437023,-117.01357447714682,test
1392,34.078803504833935,-119.29530107763802,val
1393,33.908879890947404,-119.20980184417144,train
1394,36.15756759869278,-117.3837487249981,test
1395,34.29555732889756,-122.68574413689184,train
1396,33.277208171631266,-117.71293294335145,train
1397,35.49197474753578,-122.9117387310858,train
1398,40.8219274074272,-116.96695098369777,test
1399,33.065366834217116,-120.43030578398495,test
1400,37.891015493248304,-115.78390221580666,test
1401,37.861646780667854,-123.5284735518047,test
1402,37.55706011070064,-119.69200314292381,test
1403,37.31716760695245,-122.71598817118863,test
1404,32.69322936862653,-115.48202046136586,test
1405,32.979362763110025,-123.14869301118256,train
1406,37.37113040984907,-119.43763666413086,test
1407,41.699888812592675,-123.35485983173189,test
1408,36.39353064138945,-116.21558460035627,test
1409,37.00293444081285,-121.53217197375909,test
1410,41.83013770223765,-118.31524968190857,test
1411,39.90820394947633,-122.68581847723414,test
1412,39.822940252204205,-120.81494337290347,test
1413,37.309844683466636,-123.26778214803528,test
1414,41.03323282578829,-118.76093184412187,test
1415,38.03373961207233,-124.4043984660513,test
1416,38.74892367631425,-114.20143292444395,test
1417,39.98815077716718,-120.14816492531413,test
1418,36.38035881459496,-117.95039939816508,test
1419,41.557469594623946,-121.48328784335253,test
1420,41.88642849508078,-121.8290114512935,test
1421,38.09019526956404,-115.71634881879464,test
1422,34.63286451733536,-116.62313442672743,test
1423,39.86832210407191,-117.80765919382299,test
1424,35.5806525749551,-116.68373639928251,test
1425,37.9951701600466,-122.63252139279538,test
1426,33.35108233874028,-114.80950893151312,test
1427,40.17598997663553,-119.75157399677397,test
1428,41.612553500505314,-115.4835827046687,test
1429,33.42227783828064,-116.8512531417302,test
1430,39.4582431024318,-121.49215186330018,test
1431,40.68214403795815,-118.57034276979267,test
1432,33.567023897864814,-114.47388181981131,test
1433,34.86716256676625,-124.05762129580279,val
1434,36.24102071908135,-120.04297336391737,test
1435,40.45412034126327,-118.0422367558069,test
1436,37.20279408431386,-120.93567161686154,test
1437,33.827042475069305,-121.16228503329243,train
1438,34.95783392908123,-116.72098928671561,test
1439,36.95606815303954,-114.99266971753732,test
1440,32.901832411089934,-118.89705189606768,test
1441,38.50554224313852,-114.66395761480362,test
1442,32.76979835904745,-123.39581662871745,train
1443,39.92485163026235,-122.09478047216496,test
1444,39.479568378176864,-123.53568985075677,test
1445,40.72571672398098,-119.94964152139535,test
1446,34.02353965256491,-117.97857124384768,test
1447,38.23648194776731,-122.37313449908885,test
1448,39.926331216566595,-119.81556618949394,test
1449,37.414140952190834,-117.38389172537516,test
1450,33.76871697681155,-117.84688619220637,train
1451,33.4668255899324,-117.95210311340362,test
1452,38.26784845320369,-118.19180734198015,test
1453,37.24234405035394,-114.2680475885936,test
1454,41.33293449485346,-117.0794693059457,test
1455,40.42647210159038,-115.08189136551393,test
1456,39.38390484496163,-114.62766150279411,test
1457,41.83329732238333,-115.57671132637367,test
1458,39.1079631729647,-123.45881697889894,test
1459,33.40467508813054,-118.98348900376895,train
1460,33.264521396995015,-120.50660631699702,test
1461,40.256281261592115,-123.43922420217311,test
1462,35.945862936721085,-118.6230055982168,test
1463,41.28296745874541,-122.24577911716166,test
1464,33.64980320993747,-118.44228930296858,train
1465,34.41251300302674,-116.0127205533319,test
1466,39.85189621846589,-120.37952953563163,test
1467,40.55558296316453,-114.647267419558,test
1468,40.74234938038683,-116.53770950291367,test
1469,33.46884884193144,-116.14785169789214,test
1470,36.145667804565804,-123.28227578404588,test
1471,38.65127876388714,-114.72928851010154,test
1472,41.23099448997441,-124.08400431044741,test
1473,34.79347234396552,-115.73944044791986,test
1474,38.21524710655923,-124.13430166529682,test
1475,33.88912772789736,-122.76506384726758,train
1476,39.60672939716744,-121.18879207682349,test
1477,33.73765660466068,-116.8336885490222,test
1478,41.999834165548,-115.16697551080478,test
1479,33.40376754004006,-117.56839774924303,test
1480,39.020142867680335,-116.93670623877264,test
1481,39.88855775954144,-121.45244216670216,test
1482,34.973163249334405,-114.38386819402217,test
1483,34.9432274984248,-120.23626021245792,test
1484,38.17551257865219,-115.02785868463631,test
1485,38.500594318813356,-116.40588842652078,test
1486,39.353380994290106,-120.65348181494846,test
1487,38.025384063347836,-120.90227548252865,test
1488,34.18220034949999,-117.43455083931248,test
1489,41.281638704975975,-114.74374089661785,test
1490,34.10781162200634,-117.50812859017914,test
1491,37.88280876898173,-115.59992734375992,test
1492,41.242426938942344,-114.47762416313748,test
1493,41.17582203104405,-121.03767289565144,test
1494,34.120074316456844,-118.88815237680005,val
1495,34.78956752857216,-118.16009510067242,train
1496,38.22952496475363,-122.2009086799904,test
1497,35.72294623425005,-116.21727221062747,test
1498,39.45146427785934,-121.74127394316541,test
1499,37.47716891924562,-117.15212243109086,test
1500,35.04987282979147,-119.03937242946583,test
1501,36.42252907978889,-115.81392146761993,test
1502,39.074821843110925,-119.16586731500989,test
1503,39.96528867153626,-118.39146011184471,test
1504,36.02974257666905,-122.57314423719508,test
1505,33.52421158046244,-116.10759449666904,test
1506,35.87553325852441,-120.29409778135772,test
1507,38.50055771450313,-118.46283442516044,test
1508,39.725610563215426,-115.71713412119436,test
1509,40.86037298988277,-119.49749785210648,test
1510,41.639589624988375,-121.6102695174174,test
1511,37.54307873246067,-121.70364944848303,test
1512,40.86556448663882,-118.60117886798267,test
1513,35.01187882691474,-121.4376861865318,test
1514,37.8299017356082,-120.94955027910859,test
1515,37.63797524793657,-122.01915877717701,test
1516,39.80953351695091,-119.8387827269984,test
1517,39.85147338478632,-119.63469260677932,test
1518,35.23219781531842,-119.01775952419882,test
1519,40.91910778064077,-118.32766907295817,test
1520,40.97243855215278,-118.37869948394193,test
1521,41.50984724891177,-120.65363300670326,test
1522,36.863891781322444,-115.15399890642023,test
1523,41.88081364966827,-119.16482121688821,test
1524,39.9631103023379,-115.86088270116639,test
1525,38.71568450956165,-118.69342569813404,test
1526,36.623482978780594,-120.618977939849,test
1527,40.50782366105413,-116.82453875458901,test
1528,39.766382645611976,-122.61554154974951,test
1529,38.0752367718274,-114.44259589939709,test
1530,41.97297154995382,-118.53956059823969,test
1531,34.89239913217578,-123.3660519500973,train
1532,38.607411244484226,-120.09579628882491,test
1533,35.571074257774356,-117.09373064561562,test
1534,36.86577548603424,-123.7377888127141,test
1535,35.73982329954235,-121.74516743626873,test
1536,35.69823779375138,-114.90970234841646,test
1537,36.098543247244756,-120.76754726455825,test
1538,33.066755589170896,-122.79903330147907,train
1539,32.90748445930515,-123.4256744057506,train
1540,39.39501382279067,-118.05746403648853,test
1541,35.47430399656489,-118.68564741927122,val
1542,32.7309023644983,-117.7617837969676,val
1543,33.3016265527817,-114.5626410212348,test
1544,34.384692314505294,-123.82018070182141,train
1545,32.986570066688,-122.40201180255215,train
1546,41.49001402566557,-122.02927121815435,test
1547,37.912377535108796,-120.03671375619474,test
1548,36.26141078183492,-123.1922184355132,test
1549,37.57478485458496,-120.21424110099251,test
1550,33.59840635513582,-116.02503337787152,test
1551,39.17647764270307,-122.75268779932783,test
1552,41.71202198038289,-114.99005539165569,test
1553,33.76732307393456,-115.04497729068636,test
1554,33.97512316093476,-119.1511016525561,test
1555,38.48344225439158,-115.57177557630267,test
1556,33.96877641203122,-117.10442659847773,test
1557,33.723719904725286,-120.7620265295279,train
1558,38.879481752389225,-118.64834205159954,test
1559,38.38868621613169,-123.23768331254813,test
1560,34.59196949233894,-119.32868993747522,val
1561,40.32550464539099,-115.88291596130212,test
1562,33.52672550518604,-118.4061756237901,test
1563,35.67948429592154,-120.50126437309447,val
1564,39.52707658682036,-117.59870010194422,test
1565,38.34364446071155,-114.36862037523224,test
1566,38.212671926363946,-123.74426543303942,test
1567,39.02901600112944,-121.03394383590431,test
1568,38.65200200422295,-122.83226621452539,test
1569,40.80934390581399,-114.5738710948564,test
1570,37.91622678148786,-118.8117517446332,test
1571,36.330164047964125,-123.10311122762802,test
1572,39.78486592854468,-118.12852669702242,test
1573,34.98499990686677,-119.28066784138461,test
1574,39.72333657857002,-123.82840596162913,test
1575,35.18144828052901,-115.5268538153416,test
1576,37.07920578253095,-117.12818653487348,test
1577,39.53016072373859,-124.38598802016561,test
1578,38.47393307686999,-114.54577908253047,test
1579,33.3414752589531,-122.7979455148311,train
1580,36.75892014011025,-124.43729870699427,test
1581,40.218272152899246,-120.0348302720935,test
1582,41.96936428835542,-122.98853278183557,test
1583,36.950576887020354,-118.56177485215825,test
1584,33.34371659259685,-121.22916066735876,train
1585,35.99777867744006,-122.53081392762557,test
1586,37.16957078770805,-114.28109332360809,test
1587,33.225368162976075,-121.00956384328846,train
1588,40.714532571442795,-120.16410004068901,test
1589,37.632351763470474,-121.40638416924989,test
1590,36.47061470776974,-115.81066422460485,test
1591,36.29133725866614,-122.41115615855006,test
1592,32.79808184391779,-123.12385088682461,train
1593,37.443752134660805,-115.35217050171951,test
1594,37.033705493236596,-122.54956080764163,test
1595,35.805533384176535,-115.59465913323575,test
1596,38.767673954348275,-118.47898728247819,test
1597,36.42247536174143,-115.95103769817173,test
1598,37.944605116352626,-123.71667029753854,test
1599,40.91135176276481,-114.50506842297858,test
1600,35.97600705769406,-121.34944647899219,test
1601,36.29833876185056,-123.83555617646958,test
1602,40.73011060789702,-116.55402747008274,test
1603,35.921149519352426,-122.60014194256324,test
1604,36.69076665418044,-120.82003657142286,test
1605,40.11369174573274,-118.30909394808178,test
1606,38.134979565646844,-123.7325649916756,test
1607,41.3738989878544,-122.35806504932903,test
1608,36.98717804343101,-119.39766527754081,test
1609,37.066380087360095,-120.0901803753931,test
1610,32.936531670685056,-118.69141835831998,train
1611,34.398460959877404,-116.92779526240577,test
1612,37.64379352301046,-120.8006496706995,test
1613,34.30193773211682,-120.27057729028292,train
1614,36.82543475711137,-121.63174816037778,test
1615,35.21301369580804,-120.93772387406193,test
1616,32.72710224182912,-123.91388922624903,train
1617,37.029286278793535,-118.45892019248788,test
1618,38.65017673194334,-122.6586513410638,test
1619,35.73307310550903,-117.05508373343217,test
1620,39.88371032568165,-124.00498536308655,test
1621,33.91313072462485,-123.82267906839563,train
1622,33.39453273444731,-121.50485195038156,train
1623,41.38294894861622,-119.92005223305526,test
1624,41.2580875067854,-117.2888978896344,test
1625,36.37997403334461,-117.3035890904017,test
1626,36.506754979813635,-114.40446163772985,test
1627,40.58930694068073,-120.81454534295924,test
1628,37.554034987895236,-123.82809153312873,test
1629,33.63906757489037,-115.5603641280307,test
1630,33.61785150253947,-116.907125642863,test
1631,33.77180809179282,-123.73766293779371,train
1632,39.92384648505772,-123.58078069475138,test
1633,38.2299576351699,-119.5258831015699,test
1634,35.36878582980291,-120.9176405607553,test
1635,34.06483529121877,-118.29140419629566,test
1636,33.69919954040397,-122.1804509721856,train
1637,39.55093970818743,-114.54921362522182,test
1638,40.91911853419823,-119.15988763681935,test
1639,37.559312321776446,-116.70008881207595,test
1640,39.84756462034289,-123.14316204957767,test
1641,35.21122599527086,-118.07950282076833,test
1642,38.07623612401019,-115.51999636046523,test
1643,36.6782278890935,-124.20296658053266,test
1644,33.36046399994737,-118.87274232582627,test
1645,37.14536335427596,-121.8958876579047,test
1646,40.549070513020126,-119.50781149628176,test
1647,33.02038044381217,-116.0270902143222,test
1648,37.04819360191684,-117.32537109048648,test
1649,40.799801330298,-116.66111397176303,test
1650,40.01198117214381,-122.25754979631667,test
1651,37.20297130744317,-115.85671953020734,test
1652,34.15263373382712,-118.10974128284079,train
1653,40.5655430788805,-123.72549517001151,test
1654,33.98018449489827,-115.54546661300165,test
1655,35.151492153976555,-123.86516347101808,train
1656,33.70688606305266,-124.14337492015359,train
1657,36.87681631363222,-115.84406659950926,test
1658,38.488504377901,-124.30572558537264,test
1659,40.36281040503497,-123.52824448770374,test
1660,36.89886715137618,-124.26521455251836,test
1661,41.72272097191175,-115.36432616461032,test
1662,38.17276567120092,-123.97918951386055,test
1663,38.25376303405497,-120.59767111266886,test
1664,34.189977640561395,-122.20280866595068,train
1665,34.33039884690531,-120.9174749576407,test
1666,37.99064970758075,-121.4439901448558,test
1667,39.35672795356395,-115.28604250709714,test
1668,34.46857233202464,-116.51464572121372,test
1669,37.113647407748864,-115.31547600951663,test
1670,35.90321458058831,-117.01636063409359,test
1671,36.685092770094556,-121.03411118992693,test
1672,34.6335799830054,-122.52393681737452,val
1673,33.86264552238633,-118.977973557138,test
1674,35.56514474514016,-120.7627492685372,test
1675,40.75864083496679,-117.80641199186695,test
1676,40.155487942548014,-124.0386049753388,test
1677,33.492664646259385,-117.08915528263589,test
1678,33.36154661129502,-121.3515448851527,train
1679,37.19824813691635,-119.67430039652226,test
1680,35.15680945426085,-114.35049011603923,test
1681,40.327842278756634,-122.21741716606562,test
1682,37.13413577061693,-123.22697094205478,test
1683,40.60514230207916,-122.27681909478359,test
1684,33.554642812543314,-120.81599865051459,train
1685,41.71662991661838,-118.91141416555067,test
1686,39.79444970947341,-114.3338675098283,test
1687,39.46087105223536,-115.47150232224836,test
1688,41.43384704686416,-117.06879904765213,test
1689,36.983766949932395,-117.01134039240173,test
1690,33.93997801616573,-121.5141931828473,train
1691,37.23565006311499,-114.87263816067916,test
1692,40.250169759218,-118.87721722196935,test
1693,40.669871821404556,-122.76441242105496,test
1694,37.15652783229558,-114.64238105966734,test
1695,39.46490202505056,-119.21771781139563,test
1696,34.86864207126511,-122.83666977154023,val
1697,34.71328048688653,-116.85975636550579,test
1698,38.081877961067654,-122.02962400188888,test
1699,36.52398356813447,-122.50515385777207,test
1700,34.05516631722726,-121.68113188388818,train
1701,39.74010280708475,-118.47796981986234,test
1702,37.56943632996486,-121.42340267149723,test
1703,37.45811515123481,-124.01921308553358,test
1704,34.32276115136657,-120.44490536719671,test
1705,34.81360182543833,-122.02346381928996,train
1706,39.08994366510385,-119.16697790444705,test
1707,40.59752219128777,-119.70191986611195,test
1708,34.20819903033155,-123.63496349764698,train
1709,40.2229139797089,-121.91081217123792,test
1710,39.99326123047434,-121.53789708960966,test
1711,40.24721492190835,-119.44236532214445,test
1712,38.03911391755564,-115.9629238344692,test
1713,35.86194391700141,-122.18620617746382,test
1714,39.83156812773234,-122.8090954135507,test
1715,37.075083142287184,-124.42946753579339,test
1716,34.63105285090774,-118.18695211962503,test
1717,36.3406026186887,-121.08265308457985,test
1718,36.864578486924906,-117.53069831557566,test
1719,37.31561859693739,-117.32463191348252,test
1720,41.02992705912119,-123.97910666378148,test
1721,36.42373266909726,-120.12617540233109,test
1722,35.227158437378456,-114.46009839021067,test
1723,41.64343515933662,-121.60326745209736,test
1724,34.82124936811743,-118.98033501792902,test
1725,32.63527127332761,-118.89514208673137,train
1726,40.577805041608,-121.75371653631507,test
1727,41.56860144917445,-116.40586683653085,test
1728,38.98978954256854,-124.40202967784224,test
1729,36.390442225199386,-122.10178987452241,test
1730,37.67935686879005,-118.33104380921709,test
1731,40.40905487828533,-114.9827022962794,test
1732,40.914172924594254,-124.34173381129217,test
1733,33.500920147152414,-118.24505234593884,test
1734,40.74992891227231,-124.40528918871539,test
1735,38.37630275956852,-118.01875200087943,test
1736,32.83567788872789,-120.1964513136433,val
1737,33.55735960334166,-119.96077618216425,test
1738,32.96120900386863,-114.4649757764971,test
1739,41.512849682384136,-117.40604019692015,test
1740,36.569124538253504,-122.41496513704274,test
1741,39.30688002422385,-114.15745331506083,test
1742,32.54626322256472,-121.79365258446819,train
1743,40.041338523470365,-117.3683006583766,test
1744,37.09487511785711,-117.42615859695027,test
1745,41.27651728265256,-115.67933507072715,test
1746,37.46289924218665,-120.32768251627488,test
1747,39.99993741315175,-117.26460586967742,test
1748,38.491049567182195,-117.98654752830065,test
1749,37.45949933589718,-119.94051030482781,test
1750,41.50987246858471,-114.99647897500874,test
1751,37.2233246335273,-121.84260589251774,test
1752,40.98091781630546,-122.1277394280094,test
1753,32.87165515737721,-117.94069708883579,test
1754,38.75575646450915,-122.47835095935,test
1755,41.16343515534736,-115.8827535418244,test
1756,41.046137370235016,-120.9379481094194,test
1757,37.12345788088567,-120.0984644108768,test
1758,37.00076016173287,-117.40532350822882,test
1759,40.205562225882076,-115.31460154516306,test
1760,35.70260043195575,-117.32643527270768,test
1761,41.40491869623248,-123.46874413054269,test
1762,34.90397862164884,-120.95459121874592,test
1763,33.23454742465525,-116.70685133878739,test
1764,39.84011983124375,-115.0810908772625,test
1765,36.362738699701005,-117.90524241314078,test
1766,35.89921168029483,-118.29364164709452,test
1767,35.56901727176268,-120.53024635897779,test
1768,41.814787957741785,-119.51128738833738,test
1769,37.94377790460335,-119.98373399314168,test
1770,41.923429771410554,-123.87113052673902,test
1771,35.78371195961266,-124.21469673602657,test
1772,36.45028869011314,-118.07456646902183,test
1773,34.535392751089084,-119.1835621394836,test
1774,36.6055481817351,-121.9151758131454,test
1775,33.11719059729724,-115.2357375707801,test
1776,32.53528285780539,-122.31000658066408,train
1777,36.820605818717695,-117.21785710921924,test
1778,39.594846565894045,-116.31197838774007,test
1779,36.669007126395655,-115.77725988495365,test
1780,37.435511130077586,-115.78444633365565,test
1781,36.74998253100549,-116.25198610081577,test
1782,37.518836530854635,-119.72008021433922,test
1783,39.87497033218944,-118.00747181677126,test
1784,40.14185617215668,-115.59699568299081,test
1785,40.466409673957095,-120.10681645919593,test
1786,34.54171122941927,-117.52348520479543,test
1787,36.86578700157689,-122.79518042783963,test
1788,40.39962394304782,-118.61801917487156,test
1789,41.449594318237985,-122.98581673726383,test
1790,37.67205263136696,-117.632399861387,test
1791,37.19870979167618,-120.55487287210231,test
1792,39.77071248276645,-122.09093934693718,test
1793,41.92134514981606,-120.720737118092,test
1794,36.56357791838705,-117.20838946615895,test
1795,34.093493952883875,-115.07817539760741,test
1796,40.43088540629337,-124.32369341894669,test
1797,39.257726724305414,-122.70948766763155,test
1798,33.90386756079531,-117.16388926182533,test
1799,35.59363304010935,-118.57634357550656,test
1800,37.769025524418225,-121.14922278067311,test
1801,39.45697885629552,-117.72032086084698,test
1802,39.92272314626646,-115.49929622921819,test
1803,34.00477607228929,-121.78023988620332,train
1804,34.58262885027087,-119.43271985195975,test
1805,39.57684021160518,-124.22588871122727,test
1806,33.629584170170595,-114.68678145089926,test
1807,37.2475774626156,-116.17505311559796,test
1808,37.700545702089116,-119.23251656520019,test
1809,35.74368756127958,-114.21250071346067,test
1810,40.071303947781566,-122.16954593002059,test
1811,33.05478772776264,-116.76966363995493,test
1812,39.89239936557414,-116.50638731041832,test
1813,38.647930126542946,-115.87387657646597,test
1814,37.333350441627076,-117.37665711005411,test
1815,40.791369445122356,-122.47501088831473,test
1816,34.44527376817832,-123.4983452278411,val
1817,40.11333011262759,-122.58051718693494,test
1818,34.30822490101185,-115.59073603492537,test
1819,41.90952454070182,-120.29543048521192,test
1820,32.84028237085651,-118.80902762344611,train
1821,37.76877804441614,-124.17840442083413,test
1822,34.1211192306758,-119.37337186654199,test
1823,36.39352387950283,-120.2204338434842,test
1824,33.9310549665531,-118.92868388423202,train
1825,34.36552702845641,-120.57093088392327,val
1826,33.10748541763984,-123.66219090464843,train
1827,32.60579357374337,-123.98676910680763,train
1828,39.341826741430125,-114.64759322685639,test
1829,36.82427124510624,-118.21462964869491,test
1830,32.961757993636816,-117.80658443621664,train
1831,41.42204418483026,-115.00203218059694,test
1832,38.83332807753018,-118.76061788778244,test
1833,35.032666560357185,-118.09365025075421,test
1834,36.68444304322733,-119.04747217455039,test
1835,37.16335548711635,-122.62570330967091,test
1836,37.92721640588009,-121.22832254341456,test
1837,40.65005412953075,-115.32245551151455,test
1838,38.11635567749242,-119.86375875964394,test
1839,41.79853663145485,-122.33521829134,test
1840,39.41288207564,-115.90290352936204,test
1841,41.89125786762456,-123.53988660469571,test
1842,37.74559446258827,-117.84644275090292,test
1843,38.95491381474546,-117.22171660192427,test
1844,39.517899477452204,-121.30814882775424,test
1845,39.6774544173684,-122.7194177857662,test
1846,32.761348580344674,-119.81810157842644,train
1847,33.73718181736195,-116.65561693797,test
1848,34.68653099569548,-115.29821003776767,test
1849,35.10105282859968,-116.03387657681219,test
1850,41.103836752626705,-123.31075396813995,test
1851,39.37305252628396,-122.1431734098544,test
1852,33.886876851760476,-118.07887707134668,test
1853,36.56758216327783,-117.12082675424844,test
1854,34.83236103237241,-124.34990877733065,train
1855,40.38880873302557,-122.97006485520848,test
1856,41.221537457605194,-123.47068567882039,test
1857,34.08582759562469,-120.92316369026106,test
1858,36.47492530532703,-117.42092823347399,test
1859,41.55336625034745,-114.71566816127665,test
1860,38.75263702228935,-123.51701468636435,test
1861,40.750877343207584,-119.22219824395764,test
1862,35.91735963260934,-120.59986939631409,test
1863,34.51588140826032,-120.33330474084205,test
1864,39.07664631343145,-123.73844245772558,test
1865,33.83142739128963,-121.46741162696738,train
1866,40.48387096199768,-121.83717868065523,test
1867,39.67830787542075,-117.03434097193924,test
1868,35.41746583370383,-117.82244059468758,test
1869,37.252798091738626,-117.87963928977064,test
1870,40.09836622939548,-119.08644741218829,test
1871,41.38360072824487,-120.91310171205346,test
1872,35.86495989605205,-121.92650397758919,test
1873,40.011222520108454,-124.32366403194828,test
1874,34.37160325796287,-122.91486185659483,train
1875,41.08652511809676,-122.17302131520778,test
1876,39.02878759659359,-114.38193997452981,test
1877,33.9764413610643,-114.43464342289934,test
1878,39.53617988764604,-116.52536188112677,test
1879,39.38682614691062,-118.14753869457563,test
1880,39.55955691700483,-117.54458535168379,test
1881,35.79598914301173,-118.24833925958788,test
1882,39.535908366807135,-117.77118122486745,test
1883,40.35761843799124,-122.17966747271694,test
1884,35.81731077335405,-114.37020323945094,test
1885,34.49935910252248,-116.63905686447097,test
1886,40.93822285653794,-122.02494716391088,test
1887,38.40797279537166,-119.14428974255654,test
1888,36.889866490855674,-116.30316953066199,test
1889,40.86117478925168,-115.04593929178999,test
1890,33.81797344468506,-120.48256320931351,test
1891,40.20623621750343,-119.4527407945596,test
1892,37.17807748261488,-121.24510944112296,test
1893,32.93270475657576,-120.55746686139962,test
1894,41.74064213337576,-122.09231661131162,test
1895,39.89829205383154,-124.13161031982699,test
1896,34.56373765190285,-120.14762947815979,val
1897,41.277397142611996,-119.5883347016813,test
1898,41.38772244047024,-116.3992628315902,test
1899,40.11040923291402,-119.0517716875877,test
1900,33.73430400185545,-121.07484461697562,train
1901,34.295031225720045,-119.66396644980829,train
1902,39.670691893543236,-116.2318707703527,test
1903,41.183740646284534,-119.48139570147451,test
1904,34.56622176586016,-118.71606315770175,test
1905,36.89403959956749,-122.65638088202294,test
1906,33.995898798192826,-124.36128022223686,train
1907,37.05673427160667,-114.85503378648735,test
1908,38.61475086142884,-121.6772821564909,test
1909,32.70571479323664,-120.85650164701893,train
1910,38.61852050534499,-123.25593189343225,test
1911,38.5884318151839,-119.15099091343848,test
1912,36.838930370617575,-116.84051089291171,test
1913,41.009459426767194,-117.36664835242408,test
1914,33.806736095914914,-115.61874219648024,test
1915,33.015923034396764,-121.48546233850723,train
1916,37.22552108495999,-121.19582158073536,test
1917,37.57783690517758,-114.48493677197126,test
1918,35.0555465937277,-119.7324560831297,val
1919,41.63661438201041,-115.83616357127912,test
1920,34.932796962640424,-118.13541396752451,val
1921,35.08843251810272,-122.57528390526299,train
1922,40.21004172715683,-114.5688126975531,test
1923,41.269140210098406,-121.09499482906409,test
1924,37.60724339466602,-117.82312943124346,test
1925,32.710441256383966,-121.81594366647153,train
1926,35.895968337804,-118.50486178250222,test
1927,34.65071017699187,-118.86110885834923,test
1928,37.36934090825919,-121.7486958971136,test
1929,38.993954844375345,-114.24577218222807,test
1930,36.246371622813875,-122.98955291107664,test
1931,37.618799017474494,-119.87254068927426,test
1932,39.72587717748383,-124.11649809649725,test
1933,34.86101217024088,-117.40113022331458,test
1934,34.38581599655781,-119.67571198088379,val
1935,40.15936294645341,-118.66544571471279,test
1936,32.88061371777271,-117.23839076656978,test
1937,33.95614964773905,-116.56306987918487,test
1938,32.6470183795277,-114.48231650364279,test
1939,37.78949399402744,-115.53220005271237,test
1940,38.21281188021578,-121.10157358694269,test
1941,37.5588606756792,-116.94190060048075,test
1942,36.453127707568356,-123.6568067972469,test
1943,37.53990579877286,-123.0357073008447,test
1944,34.366590980356165,-119.70139391725357,test
1945,40.354518604198404,-119.70127095011054,test
1946,41.81792034509843,-119.22571076904616,test
1947,37.649698698658135,-119.54071884187722,test
1948,36.07514694787515,-117.82738581755333,test
1949,40.02818232581535,-114.60069843835163,test
1950,34.35839118736733,-122.6595750644018,train
1951,35.56772567092756,-120.7545620280403,test
1952,41.43161612513254,-123.67432293632275,test
1953,34.29420581469185,-122.37817326547045,train
1954,33.59173452211243,-114.26088442213374,test
1955,37.70396949775364,-124.0321702560193,test
1956,38.09284217838572,-122.23698164348251,test
1957,38.18501148498341,-120.04274047387466,test
1958,34.08760882901745,-121.42257902962096,train
1959,39.35924056742273,-118.81874883573089,test
1960,34.82440228152302,-114.22849575328081,test
1961,41.50853115746713,-117.18244790642373,test
1962,34.6887544694923,-120.25557984532246,val
1963,32.69393970708568,-117.39892222142264,test
1964,37.907493980715934,-115.44703426162704,test
1965,34.45096935832056,-122.0789810765469,val
1966,38.48259412604,-117.04845731489921,test
1967,34.70065052460688,-118.11017207846433,val
1968,36.58395892887742,-116.87431278043479,test
1969,34.23000137546248,-123.57230882784091,train
1970,36.59084355152311,-116.88337202319737,test
1971,33.822847607710564,-116.31545423117102,test
1972,35.730604856663746,-117.35463619922753,test
1973,34.413882411264595,-122.40645016719594,train
1974,40.25848473525603,-122.77653898289964,test
1975,39.436983171640016,-116.82733667879981,test
1976,34.10977970061207,-117.76212636811385,test
1977,33.31510611243711,-114.29871819331,test
1978,32.773801418943385,-119.7515757700651,test
1979,34.67658190939316,-122.07574724282931,val
1980,37.07727965598885,-116.5041653958805,test
1981,36.31689387430398,-116.7227042534967,test
1982,41.730095830791434,-119.05093087169742,test
1983,40.03256625996779,-116.74823320917004,test
1984,33.270427885622276,-121.23779214858966,train
1985,34.03508966259033,-122.21592341837734,train
1986,32.781893021254895,-123.13995704293637,train
1987,33.83900364282029,-121.44517269774957,train
1988,37.54358039938497,-117.69141900779434,test
1989,33.25670919452973,-121.77558504817557,train
1990,33.0969494610269,-115.3317447624014,test
1991,33.648989445682496,-121.86494224192144,train
1992,38.86934721884333,-117.38334353730811,test
1993,32.7133214428798,-119.00080808839093,test
1994,41.71235916883777,-122.25894931339522,test
1995,36.13604591548281,-118.70560865187215,test
1996,35.71748230889463,-114.59670159204636,test
1997,37.02647753767566,-114.70552963922616,test
1998,37.434151195019496,-121.43366532471919,test
1999,36.50752679348751,-118.90880307446,test
2000,37.13550609131153,-122.88467553273088,test
2001,35.74728004009574,-119.60424241752669,test
2002,35.579410274250904,-121.12538745570028,test
2003,32.78867556064152,-114.85702880200212,test
2004,38.89195105770964,-117.91705239029076,test
2005,38.375565646482805,-122.53339817939464,test
2006,38.86372897371474,-114.20898442863677,test
2007,41.441791361995286,-117.28305095479115,test
2008,37.01011248466355,-123.0514962394065,test
2009,40.88036601284223,-116.19662204692209,test
2010,36.73414254774382,-118.6915730059769,test
2011,37.05300484006099,-120.31330637870118,test
2012,38.52406034276,-122.41596947560456,test
2013,34.57458625218181,-121.57456542515727,train
2014,34.58836248061577,-122.71557311135443,val
2015,37.35810756475975,-116.15740999468325,test
2016,33.179734973811186,-121.62562786746514,train
2017,34.771151728045226,-119.59469310011875,val
2018,40.04361309441152,-114.46080347684108,test
2019,36.92155555677949,-114.18611516010158,test
2020,32.78210971071013,-116.28202568363601,test
2021,33.10522123189088,-116.20323139879721,test
2022,41.23781063508282,-114.69862840114506,test
2023,41.590123705782574,-116.22475577921224,test
2024,38.601253344170395,-119.7906919122012,test
2025,34.28143017789034,-123.81819455581285,train
2026,36.015776384575396,-122.29170629741587,test
2027,35.42277302525675,-119.85669704735018,test
2028,39.96543035817901,-121.70362119890905,test
2029,37.616239318141,-121.04612693838021,test
2030,39.91334751538118,-123.83242378422028,test
2031,35.94403547873605,-118.74755218191457,test
2032,40.76427355912441,-120.81521046280626,test
2033,36.59416768868815,-121.77135643371216,test
2034,36.48253242757038,-118.14705321901171,test
2035,37.16176220807296,-121.58642710311011,test
2036,38.13440048758079,-119.52972618072747,test
2037,40.99723924940747,-121.89959361363272,test
2038,36.864945009231256,-117.42389899644436,test
2039,41.3383901664164,-115.63368329697053,test
2040,36.258039135924356,-123.59756378500627,test
2041,35.60370341731005,-115.98734334978022,test
2042,35.324081901308915,-115.65899192505964,test
2043,32.730309484507714,-114.49159446899235,test
2044,40.57139311761322,-115.90499106551118,test
2045,33.28034349661215,-118.7448505741349,train
2046,35.69611790900144,-123.71568040339821,test
2047,34.90182576708708,-123.67243341097972,train
2048,39.57981587280981,-122.41201506797964,test
2049,41.36160055360341,-119.83040191688065,test
2050,40.26424165380615,-114.58941733060274,test
2051,35.56038418280119,-122.6321038596091,train
2052,36.8460220432379,-118.88499958091268,test
2053,34.869439409235746,-114.14988917657962,test
2054,41.28009241181337,-124.29794970473071,test
2055,33.65451112136616,-123.95561312916469,train
2056,41.54500869495537,-121.65720317396217,test
2057,40.23533015562956,-122.11872167989296,test
2058,39.268640937624156,-119.29941932916765,test
2059,39.85971992847583,-120.1051398549945,test
2060,35.74361426136239,-118.42263669123568,test
2061,35.33204522514535,-122.92363182039493,train
2062,36.142055596925665,-117.36896197911513,test
2063,34.249877462544546,-122.22650786372188,train
2064,39.5980300068071,-119.77996368399533,test
2065,37.02866513644701,-124.09616017577835,test
2066,40.91862030528772,-116.21405748426456,test
2067,40.848272892851796,-117.97452671752379,test
2068,34.0059362301767,-122.28755338013872,train
2069,34.60220900434076,-118.23594153323828,test
2070,36.41876293701087,-119.93445364527238,test
2071,33.65517293257899,-115.92117946831212,test
2072,39.05893888868082,-114.29784209834617,test
2073,39.5150308560367,-123.1561941707395,test
2074,39.36118789779747,-119.38700083753164,test
2075,36.98289167375111,-121.7797829721632,test
2076,40.51525762108366,-116.7107768314897,test
2077,38.26735922161455,-124.08468309390996,test
2078,41.93950352048719,-118.82543103480212,test
2079,40.252199925493926,-115.60334809694182,test
2080,39.3697909854656,-120.42645787683965,test
2081,33.69767753984064,-115.8012825872307,test
2082,40.41472235637202,-122.92555980623568,test
2083,35.42376888228173,-114.97206236944609,test
2084,36.49711837880983,-116.28012538280316,test
2085,36.9123398953541,-120.40777463759325,test
2086,35.667510709428385,-123.09322768474036,train
2087,33.55691543722595,-119.07444210193594,test
2088,34.41797563950271,-117.52790503699762,test
2089,40.13882732347353,-123.11076736489841,test
2090,38.70699815223434,-114.8189726300464,test
2091,41.45870891944896,-116.57654509652423,test
2092,40.30551730907936,-114.62868085797604,test
2093,36.33902554067565,-121.35480086724826,test
2094,39.97537224453774,-119.97133403640889,test
2095,37.98878445262572,-121.9644735886643,test
2096,35.2412712543525,-121.61729222312046,test
2097,41.76409579728945,-122.94209416649828,test
2098,41.32280970706359,-123.14881701530777,test
2099,33.592519357414574,-117.52421243134117,test
2100,40.47932143135477,-122.82191428865534,test
2101,33.265693236129124,-123.06428390395413,train
2102,41.325917765019945,-118.92842117519105,test
2103,38.44085242544356,-117.18177982324488,test
2104,34.10753385491623,-116.41842344054169,test
2105,40.26947526710117,-118.45773551336524,test
2106,37.41445403203042,-122.36190181021972,test
2107,33.09393731322361,-118.52999757768092,train
2108,40.09110733397772,-117.98802945526869,test
2109,39.995562649727596,-121.77901551637196,test
2110,37.095107696670894,-122.95035650726301,test
2111,39.45360854170067,-114.89654125669361,test
2112,32.910204675753754,-123.45078473698992,train
2113,35.54246947183584,-121.58225968595026,train
2114,38.90541596285259,-122.05376805733101,test
2115,34.71383622071894,-115.24364170371389,test
2116,36.79539576548738,-119.26479921265476,test
2117,41.355535805731925,-114.57766570468513,test
2118,40.35933934308669,-115.90105970712929,test
2119,37.81422730636582,-116.65727854408041,test
2120,37.99150365328687,-122.6174034562632,test
2121,40.92994698385897,-120.88971268972294,test
2122,40.70316969691266,-115.983012344162,test
2123,33.366170074606714,-114.29979763689619,test
2124,36.939017793314655,-115.38863663677208,test
2125,34.33738409932155,-114.66187057148727,test
2126,33.318091099621846,-117.82252879881273,test
2127,35.29898546717589,-119.46215400467536,test
2128,38.312796836620066,-119.13322101114493,test
2129,40.05268693851134,-119.71294950290871,test
2130,41.17115121940874,-122.84328650514941,test
2131,36.535394596444064,-121.28759290787364,test
2132,36.52939950425607,-123.50824313844628,test
2133,33.98130162813195,-123.5269447290537,train
2134,34.375146957835874,-121.22498635955586,train
2135,33.500626614936714,-117.57224248617315,train
2136,41.77177817366866,-118.11264920904425,test
2137,33.73834772285417,-118.6719358246454,test
2138,39.69540400702895,-116.71850823466897,test
2139,35.53922782787943,-120.08204961797254,test
2140,37.616789660983855,-119.88192958892664,test
2141,40.794565708627374,-119.09923023236591,test
2142,41.395505765460676,-123.75345152951088,test
2143,34.80498111965952,-118.44275420549286,val
2144,41.159721249819995,-116.70503211709702,test
2145,34.91693655376024,-121.72184707152067,train
2146,40.151429508907114,-115.62686891203191,test
2147,32.67442106884988,-121.69530928160717,train
2148,37.59864208026785,-119.14876881125114,test
2149,39.40344614268875,-115.42416964411076,test
2150,40.47475203546635,-116.82989447538162,test
2151,40.49549055415777,-118.50012621175743,test
2152,35.36027838248832,-118.01963908422883,test
2153,40.609326801784974,-123.31737972381502,test
2154,35.5949373528262,-117.22999700504361,test
2155,34.74377697339308,-118.13104523459931,test
2156,32.54395186425038,-123.56845189434107,train
2157,34.76222346611334,-123.15837582195664,train
2158,33.651615661285604,-114.42893339466329,test
2159,38.92164962661249,-122.60367047283553,test
2160,33.90113883489559,-115.20458008754152,test
2161,38.07358191304104,-121.59615268106688,test
2162,33.72764968459786,-120.35598776087984,test
2163,39.20084350620167,-118.71290541358346,test
2164,35.234115900605296,-117.98729808282117,test
2165,35.45335479069881,-119.30789755541997,test
2166,38.59444893413958,-120.84760757072561,test
2167,41.42181221553503,-119.29853307390135,test
2168,41.92046194309255,-117.21591334371234,test
2169,35.913286401535544,-120.35225947550839,test
2170,41.491712648364,-118.81851442149791,test
2171,38.32868430482131,-120.53072378584163,test
2172,41.11425741532727,-121.03845498799345,test
2173,32.79375984308884,-121.3591801857442,train
2174,32.84414690699986,-122.13103439170712,train
2175,33.23621556885769,-116.59646072628598,test
2176,40.14760172831314,-114.29602730282711,test
2177,33.83644784632426,-124.14107374868564,train
2178,34.2022600602287,-122.41859263856601,train
2179,38.073737071809745,-114.49858450241064,test
2180,41.597012313793016,-120.91629768838592,test
2181,37.90055525265176,-120.42967261132283,test
2182,39.46768223423295,-117.60480217780814,test
2183,34.30784347525199,-120.8038157044213,test
2184,41.18722828331765,-119.36025830658932,test
2185,33.0591518619219,-115.15358155640429,test
2186,35.208296008704664,-118.61707891335016,test
2187,36.82676809188944,-117.56446323912392,test
2188,34.67185030544577,-122.20186633513657,train
2189,38.81581490964976,-121.74442628324378,test
2190,38.958164342439154,-115.24804138048611,test
2191,34.53629543628766,-114.97972576086997,test
2192,32.61135931489081,-116.12004491330296,test
2193,33.23378433847148,-123.18150678102015,train
2194,32.5340520712083,-116.00093005142503,test
2195,41.10407848575996,-124.24176213595251,test
2196,38.417174133752745,-118.28952357780108,test
2197,33.840982057755745,-117.47804520018147,test
2198,33.40609737321923,-120.04378886572198,test
2199,40.27262336661188,-119.49930921273868,test
2200,40.210544972001856,-116.79153362062915,test
2201,41.31228519282921,-115.21382170568077,test
2202,34.038319867479856,-122.48792733120855,train
2203,37.47594197871067,-123.01222277340933,test
2204,33.680378256972055,-117.94478171125611,test
2205,40.06470667841543,-122.06086854261902,test
2206,36.43623090265366,-122.43754322627325,test
2207,39.11946802079053,-122.3420043361773,test
2208,32.81707057072487,-122.41059434019317,train
2209,39.89700654245935,-119.52091223109487,test
2210,34.70323511658697,-114.49713967423519,test
2211,40.51135726842911,-115.90259843551995,test
2212,34.29007984270618,-118.83821003752288,val
2213,40.01222084002451,-123.60318624175144,test
2214,33.79998127900872,-117.5020766773331,test
2215,38.81256124686255,-119.78872127331728,test
2216,39.90958012773379,-116.41510908712382,test
2217,36.18762510003224,-119.34729974473532,test
2218,34.84382985367665,-117.55009775772245,test
2219,35.79267632127386,-122.37748932189962,test
2220,35.338723010587486,-115.84954888392603,test
2221,38.52514098946149,-116.4041379290439,test
2222,32.95199972022609,-120.58391005583883,test
2223,32.92240257013618,-114.5048287681815,val
2224,35.2552063312196,-122.78632986199506,train
2225,35.15293773524055,-124.23366330528027,train
2226,34.206855155510475,-116.57205287860089,test
2227,39.318237544195156,-118.24815213670244,test
2228,32.75503488809048,-123.29639787903407,train
2229,41.282503266127414,-122.795486489634,test
2230,39.703400246605035,-123.09063933456594,test
2231,36.34600943901424,-122.71974398723894,test
2232,40.66410895678225,-119.68289061876958,test
2233,38.383913809717825,-123.91457869857024,test
2234,37.930073948346774,-119.08512514404997,test
2235,35.494279143159254,-118.19860040092159,test
2236,38.80960125916858,-116.94083414690618,test
2237,33.85290891397027,-114.68639770363316,test
2238,37.50079631776288,-123.58966082525473,test
2239,33.629562275204414,-124.07752231403299,train
2240,36.745541533672736,-123.00548082592124,test
2241,38.366088355879626,-120.96228539988444,test
2242,34.00261755349438,-119.02352072621694,test
2243,34.63347272637495,-124.39581242597927,val
2244,40.231550656858715,-117.30166868173413,test
2245,34.951600852707664,-114.57454221425434,test
2246,33.43491586990844,-121.86477929337877,train
2247,35.661635448436314,-124.34930252561352,train
2248,41.38577523470778,-116.67404055612951,test
2249,39.10012085806223,-116.50078120313941,test
2250,37.97936301277299,-123.9914182019709,test
2251,40.488773815583805,-118.07540716863626,test
2252,38.78197325780176,-121.93632242298175,test
2253,40.21154740019056,-117.91506224983016,test
2254,38.75327681077295,-116.95103723571533,test
2255,40.71452155701725,-122.14351745780363,test
2256,38.43935742213013,-121.7515687369843,test
2257,35.03836501282862,-118.13466858216235,train
2258,32.91938881280086,-118.43687242158774,train
2259,33.52738273833296,-115.3036210156839,test
2260,37.382861589801735,-119.17810137902877,test
2261,41.73264656423445,-116.19439834533372,test
2262,39.72210216854813,-116.89300698994516,test
2263,39.87344208685566,-117.57663300515821,test
2264,38.81606404483772,-122.46282059837996,test
2265,41.08603261609059,-121.59072390843384,test
2266,39.49479975606337,-118.59660662952878,test
2267,34.976701500950085,-123.76012081539574,train
2268,37.26009724056708,-123.97554078062689,test
2269,36.359128175120745,-123.9263866284624,test
2270,34.09625104748982,-114.94131769328729,test
2271,34.635910803094404,-117.33766208334553,test
2272,35.23043478456369,-115.8129888795373,test
2273,34.174405507476955,-114.50717244354014,test
2274,34.58791054076238,-117.21300821320465,test
2275,41.2082451288952,-119.12703746649792,test
2276,35.7804753017425,-119.50132536120374,test
2277,40.36658305035481,-116.74845956022088,test
2278,33.13977277278241,-115.49197936049259,test
2279,41.827734919444104,-115.88665775040576,test
2280,39.77257779001288,-119.35773375374308,test
2281,41.116601155187084,-116.46512183123913,test
2282,37.510380688858476,-119.52639372252803,test
2283,38.5390740853572,-120.47698442547794,test
2284,35.94695620784286,-121.37100618948755,test
2285,36.621335662622215,-123.8776343233755,test
2286,39.63953445169144,-122.36601422466691,test
2287,33.003203020789634,-116.91362726497877,test
2288,32.87614114623409,-122.66966145871721,train
2289,40.81550232198891,-115.14886455711525,test
2290,33.571772351268436,-123.6298129341315,train
2291,39.3581536202486,-123.91288190265887,test
2292,34.419670290407474,-119.48003962558671,test
2293,35.997998154383446,-122.14433471803768,test
2294,35.30991679010472,-123.37855518725742,test
2295,37.173477089072605,-123.82276147004534,test
2296,40.35848427797707,-119.00357276451548,test
2297,40.821307840327954,-121.76492403550711,test
2298,34.632761653586115,-118.71004825259304,val
2299,35.727531287040364,-122.9110498237414,test
2300,40.45560265651312,-124.18818826436117,test
2301,33.37884346832931,-124.15895747139304,train
2302,33.637013060929185,-123.27834293829555,train
2303,37.071636044446805,-116.2328026544675,test
2304,40.0126670523804,-119.8158205720595,test
2305,35.711694434873856,-118.007998859787,test
2306,33.18752018287269,-115.41885888495906,val
2307,41.695705672045335,-122.24804380804561,test
2308,41.42149022177479,-115.4563959025554,test
2309,38.70350641244245,-116.75249833188334,test
2310,38.987369632168885,-116.92382327783015,test
2311,41.372094977304684,-115.46270420954795,test
2312,38.6273865375316,-123.14220104426373,test
2313,39.9962657055941,-118.86743331917947,test
2314,36.91949527616681,-119.45477145300467,test
2315,34.6891846044694,-117.59416475975002,val
2316,40.41407947744727,-121.98633479530844,test
2317,39.0110968721571,-123.12726625955035,test
2318,35.272153762143326,-114.40379201011693,test
2319,38.43241946949307,-119.63882348249177,test
2320,40.26210331090863,-122.0478708438643,test
2321,35.0901692934181,-123.11355531585423,train
2322,39.80440046959646,-118.320001778404,test
2323,33.21509189375255,-122.91657102432596,train
2324,38.44826536461458,-122.55283042967943,test
2325,41.98990143068468,-114.6233052716871,test
2326,40.734568763168056,-124.13930201759963,test
2327,40.822481755186004,-122.51378039629726,test
2328,38.972982237378446,-117.51973202465996,test
2329,36.897442098332654,-122.20382264651343,test
2330,38.94323108765504,-122.5641985546146,test
2331,35.57169143245187,-118.70248237320365,test
2332,37.76471804935748,-117.26468931995096,test
2333,37.640768751954944,-120.00017639150771,test
2334,37.67912642324551,-116.38492220594702,test
2335,36.43152248157916,-116.03518432119232,test
2336,35.87103333352158,-118.01600118169951,test
2337,35.65845725093201,-118.48268582369185,test
2338,34.65820122790661,-116.023894316819,test
2339,36.68304240956142,-124.28504130708471,test
2340,33.64505133992799,-119.17535495327901,test
2341,41.067901445779285,-123.11276717199212,test
2342,33.18990558328797,-122.15574977649678,train
2343,40.460355228668924,-114.65581785111065,test
2344,34.814622427210686,-124.40174743915654,val
2345,40.609985629655895,-121.27468548014862,test
2346,39.35092086425625,-122.84853796116086,test
2347,41.25163439835171,-118.55900152891574,test
2348,40.77110626513951,-115.73568020608582,test
2349,39.16929884819284,-120.40993656429264,test
2350,33.96639845468007,-115.80861846808473,test
2351,37.72945917854985,-119.90116216908052,test
2352,35.74817166783303,-115.06775686889696,test
2353,40.918295269514815,-115.70799743104416,test
2354,40.79000383869881,-122.5963709180175,test
2355,35.50393467421579,-115.31498987110903,test
2356,38.89099501576261,-122.45466428847658,test
2357,35.73355731223181,-119.38403015650188,test
2358,38.95246399135579,-122.4191996993801,test
2359,38.343358790408196,-120.45557188756182,test
2360,37.36867710972119,-114.27841979442549,test
2361,40.84850495322043,-116.55140463602291,test
2362,34.860096016010885,-118.7274994227265,test
2363,40.082009310910756,-114.7952163536652,test
2364,39.05963813654761,-120.73145673204476,test
2365,35.19360672672849,-122.65424757895181,train
2366,36.52336409616522,-115.8934985817004,test
2367,33.183564194853574,-124.31447202874244,train
2368,38.18905094845012,-116.14462145965652,test
2369,40.938327258388085,-124.21465260506466,test
2370,33.64574046957926,-121.508037753459,train
2371,33.780025416256656,-120.77479844829242,test
2372,37.024148092774084,-121.15596470190735,test
2373,35.19324908542772,-121.93021567468521,test
2374,35.15251679108868,-123.32468006951152,test
2375,38.578206170086176,-124.40721346440083,test
2376,36.41512789458682,-116.45272084093784,test
2377,40.528812382681956,-119.72919863121683,test
2378,36.59174096344174,-122.77035650449908,test
2379,38.356658811140946,-123.59275482601994,test
2380,36.29803135788313,-121.56930627577606,test
2381,34.9545425181973,-120.78640278748095,val
2382,36.993515048145454,-119.68277601862539,test
2383,39.35294963508148,-123.39813829565614,test
2384,41.55310256219669,-114.33699037386963,test
2385,32.92931984132601,-121.66922553492975,train
2386,37.56640119453887,-119.8902393284992,test
2387,38.552598106990786,-117.13005091060217,test
2388,33.341773388216936,-121.24193801283336,train
2389,40.382249596544725,-123.58945633103723,test
2390,35.14326542729173,-120.55786790303412,test
2391,40.815416128220534,-118.73988228776821,test
2392,37.763187927774545,-115.76151708630898,test
2393,33.970187445148085,-120.64668212668712,test
2394,39.530421830374785,-115.26903889694007,test
2395,34.01895391981191,-118.80996309551652,test
2396,39.351983815893384,-117.04271272928554,test
2397,40.183637137617566,-124.12898971837588,test
2398,37.98026100436279,-115.20505130226817,test
2399,35.09724546355506,-122.23936060560486,train
2400,36.67158862172204,-121.08029408839634,test
2401,37.53035370857543,-119.0411140997268,test
2402,38.83494701437513,-114.5441539035999,test
2403,38.53327484738757,-120.87608961889937,test
2404,36.322018399063474,-122.16662705118516,test
2405,39.70983549985074,-114.53490263564588,test
2406,39.835312975939225,-116.10473268052225,test
2407,39.12425645531597,-117.60013753976061,test
2408,35.107305048839194,-120.21664920845278,test
2409,36.97518283518785,-120.10510915700957,test
2410,36.628208810297046,-114.63858773883219,test
2411,40.265022474397874,-123.7290378688858,test
2412,40.18346441944954,-116.63017288093175,test
2413,40.73178616680614,-118.24213857780249,test
2414,34.71923464960697,-114.45543267219395,test
2415,39.61786474937051,-118.68284121238572,test
2416,40.77268050615891,-121.54763229580475,test
2417,34.10666731787004,-116.39903740672193,test
2418,32.90820396411782,-114.2781693539617,test
2419,33.52916595387759,-115.08415281350607,test
2420,38.27073650736668,-121.40123866515614,test
2421,36.52300533321439,-120.86912849618835,test
2422,34.37713641639712,-116.6578038170328,test
2423,37.53303482453717,-118.27265605985801,test
2424,39.96889821018085,-124.3202724259206,test
2425,40.6345934362004,-122.97740640989376,test
2426,39.64879770707335,-123.55857692779385,test
2427,40.91579290877669,-122.59730693276686,test
2428,38.25163572586319,-121.29638041109469,test
2429,40.457087757016566,-114.46817266758877,test
2430,36.480761764673275,-117.46560116799083,test
2431,40.6029725092183,-123.87541111918507,test
2432,41.01335089809716,-118.1780655015073,test
2433,39.03028433500334,-119.93799109554587,test
2434,36.61200850502955,-116.66585128378743,test
2435,35.19745195574138,-115.32670174828638,test
2436,35.60944960881345,-123.76765163893167,test
2437,33.7834028166355,-114.33689573880682,test
2438,32.976622295819695,-123.84299681388993,train
2439,36.454538896549124,-116.88923077191625,test
2440,32.934072452234695,-115.12870925503553,val
2441,40.86916861283221,-116.68977530970636,test
2442,38.685103114408484,-122.88536126878986,test
2443,40.51952882177224,-122.29559498095546,test
2444,36.73862577729504,-124.01544379496376,test
2445,34.650834376605566,-123.08864849683161,train
2446,35.278940510014074,-123.81092002454547,test
2447,40.624322652310624,-123.88698437804042,test
2448,33.68432889274991,-118.64462666442606,train
2449,39.14257744975926,-123.6492211614418,test
2450,34.667286597139615,-120.05761447891578,test
2451,35.874518765159046,-117.12337470294588,test
2452,32.55885275063403,-124.283960653899,train
2453,37.066970645555735,-117.8531719534702,test
2454,33.74550117831852,-116.63343433785914,test
2455,40.67086095550174,-118.90693132812603,test
2456,33.455483392991916,-119.53664910351586,test
2457,34.90099004875801,-116.90503069306685,test
2458,32.67014090372854,-118.97845666838076,train
2459,41.93254877177255,-119.18929187782165,test
2460,38.60441528372988,-116.17327315603245,test
2461,38.624672494906385,-115.80481042649866,test
2462,37.44361223576385,-120.64160790848562,test
2463,40.7504855774875,-120.15641054991212,test
2464,33.89546116347629,-116.18416203579532,test
2465,40.03830708073349,-118.8224100042361,test
2466,40.17345931726521,-117.35895360303611,test
2467,32.87213555006962,-123.66494537216725,train
2468,33.78645070903846,-123.45674829515114,train
2469,37.71150009126369,-118.95712711529008,test
2470,33.384113698597226,-115.99376401903125,test
2471,35.204008162302145,-121.17645102212096,train
2472,36.35278435160546,-114.53588136427355,test
2473,34.01885028155509,-116.60104588519195,test
2474,39.19826913628987,-116.38055278656729,test
2475,37.21823080418777,-115.84111006749603,test
2476,38.58906169468381,-121.81622666674684,test
2477,37.021616539546024,-121.03434306720715,test
2478,36.43622723799111,-123.2189681990721,test
2479,37.192924336532634,-120.51853147389049,test
2480,41.0484048532724,-124.07057039487543,test
2481,36.28048770393414,-116.69216396096523,test
2482,38.612226791826004,-116.16563609626016,test
2483,40.42762502855274,-122.23755227376361,test
2484,38.411700047666905,-119.38914096299155,test
2485,34.670829684975594,-117.51175444985155,test
2486,33.684958193345366,-116.78440711804842,test
2487,38.12560641776869,-114.44509089745445,test
2488,39.41843341122181,-122.37126452241358,test
2489,39.80994081235317,-121.89627650101693,test
2490,39.10030681003871,-115.63650618245546,test
2491,32.562711509397,-123.43773173864051,train
2492,39.85826759220049,-116.33755387176173,test
2493,38.2557768689038,-123.06525715896437,test
2494,41.88807769162636,-119.6513069584508,test
2495,39.77064154475113,-118.33397309570124,test
2496,36.604061812498486,-116.52318218365053,test
2497,38.9331401133202,-123.25919908338116,test
2498,38.36291140966049,-115.94396107074043,test
2499,35.72511623846823,-115.67075172336874,test
2500,37.582520997803094,-116.25902047305391,test
2501,34.4654878756955,-114.77632102527451,test
2502,33.36175172867724,-115.4473587511456,test
2503,39.47174147922606,-116.52213935324947,test
2504,36.16769873460208,-118.46704769946882,test
2505,39.68660516248846,-116.1030805955368,test
2506,37.15455155289007,-114.38431810995874,test
2507,40.19870537885156,-117.86923854496929,test
2508,39.534095541143586,-121.93874117837589,test
2509,39.766320283264534,-121.88470908113997,test
2510,36.5957691907706,-116.23337152731764,test
2511,41.63236758980109,-114.23877095027346,test
2512,36.36776088659707,-122.27168498624641,test
2513,40.04107139066274,-114.43842677791919,test
2514,37.166405987148686,-121.67393883610461,test
2515,34.75626123429638,-120.18400179908713,val
2516,38.485814980586404,-115.07693970981806,test
2517,36.972466212195556,-114.52369284146152,test
2518,35.030741596023304,-118.59470003584633,val
2519,36.15257500676563,-114.64456725984259,test
2520,34.04460658766533,-115.75465930007508,test
2521,41.87732007762317,-115.50746205889794,test
2522,38.62094983578532,-115.488359654432,test
2523,34.1734697018403,-120.45777478161695,test
2524,39.77065154356569,-124.12383282758141,test
2525,38.2297893711398,-122.74243512932908,test
2526,39.37255991696551,-123.67223112978878,test
2527,38.065085956223164,-121.94087460453176,test
2528,33.10262456758925,-123.86991986201593,train
2529,34.45468026078292,-121.58474100182,train
2530,39.810008820692204,-118.36782162918904,test
2531,39.67369764502573,-122.98567273097011,test
2532,39.66919938755406,-121.18469159861468,test
2533,32.674083374033266,-122.1291577515641,train
2534,40.15477799416604,-123.45949625266068,test
2535,36.68854400458975,-117.4694235541118,test
2536,39.09897394422168,-115.23289844922726,test
2537,35.1065945532554,-117.05811289185765,test
2538,39.81743619068429,-117.38575088008837,test
2539,41.83220835063575,-114.3050818774709,test
2540,34.93101196912255,-116.90055367952606,test
2541,39.95635165474785,-123.95437206771135,test
2542,38.258880790183845,-122.18987909453425,test
2543,35.116217386286145,-117.86776557358179,train
2544,35.317561205076224,-117.85145287232052,test
2545,39.458608752160565,-115.85591031895922,test
2546,35.22275641730557,-122.80241307626194,test
2547,32.98260508126518,-114.32365467895949,test
2548,40.806404039581395,-119.11704003124512,test
2549,38.10734943261484,-114.95054766842249,test
2550,39.71274530361899,-118.98247341617605,test
2551,38.242528804670826,-122.51290837164076,test
2552,37.420851915894744,-120.82099588183735,test
2553,39.821733149839375,-122.15977524417909,test
2554,32.83452043944678,-121.71583497169614,train
2555,35.483565036578256,-115.26041065231725,test
2556,38.472128830898534,-120.54906174276503,test
2557,41.469440359918785,-122.55666245653099,test
2558,36.25787234793571,-120.68156852422366,test
2559,41.766004872841094,-118.07607365951561,test
2560,39.682519233484555,-122.36886410179712,test
2561,37.12196937437265,-123.91438536802353,test
2562,36.59413010395635,-115.4484424561937,test
2563,33.755820654325234,-121.97363847111347,train
2564,38.35588851163103,-114.78609887999016,test
2565,33.02578923145156,-123.95394487726595,train
2566,36.59333386171309,-117.72985805292355,test
2567,34.78110198301327,-117.58134953312944,test
2568,41.58602933580667,-122.83134936439889,test
2569,35.97010965948188,-117.58145754490285,test
2570,37.16323280207147,-120.4434565767318,test
2571,36.08591967144365,-120.50396187212246,test
2572,33.82937682578298,-115.39318630065911,test
2573,35.868951975274875,-114.62060592847311,test
2574,39.90711900707372,-122.68612535635003,test
2575,38.412723050349705,-117.38693935998334,test
2576,36.672320077698615,-122.84493829453436,test
2577,40.300804242156666,-124.07914473182012,test
2578,32.56928864865518,-122.89833698185681,train
2579,40.35790957896661,-117.89669816475921,test
2580,33.093801967401426,-116.95043064462563,test
2581,40.771474977387484,-119.21245199638848,test
2582,41.50350728377683,-114.62832715164382,test
2583,40.28753515684888,-116.56137769294008,test
2584,32.71555300723068,-122.77371611373995,train
2585,37.513189423805684,-122.29616327182801,test
2586,40.37870079765621,-118.29439501977208,test
2587,37.69130494903793,-121.00367077706844,test
2588,35.938600606252905,-124.43079232407436,test
2589,36.98748569116752,-124.18952583188532,test
2590,33.29417133607374,-120.23249947251486,test
2591,37.23009021669037,-119.04152579828734,test
2592,32.79370946024306,-117.70428373118312,train
2593,38.62977329095482,-116.57202845362696,test
2594,36.22758283667343,-114.45209601812515,test
2595,34.34201802554814,-115.79129861548476,test
2596,32.694616073391515,-120.77025479035554,test
2597,41.26246706475265,-118.92730653730034,test
2598,37.798341186484414,-122.2138646615464,test
2599,38.65664856209259,-114.45215521673111,test
2600,39.910517556502896,-118.91958336768295,test
2601,38.46381129804282,-121.8658997110433,test
2602,36.44209519736893,-116.9751088086612,test
2603,38.473260282722244,-119.40985075988502,test
2604,34.92133200990128,-114.16376451948511,test
2605,37.845999972594626,-123.66973385015181,test
2606,34.47691174332877,-120.98128187221398,val
2607,41.217993964663634,-114.72950696746528,test
2608,37.35560591863612,-119.68502868292246,test
2609,34.744467459425415,-121.22539849602946,train
2610,38.58732001996912,-118.20376750036645,test
2611,33.385326645060324,-117.58907150056885,test
2612,36.640160106243094,-123.48315480960467,test
2613,40.73068494139029,-121.76571634263209,test
2614,39.801620022930244,-121.25446456978953,test
2615,39.19157231000977,-121.9056934115618,test
2616,36.98661365483825,-120.49253178277579,test
2617,36.761945246475,-120.98915536767215,test
2618,32.637102173106896,-116.89904281088278,val
2619,38.21235935650993,-118.26498525579781,test
2620,37.99426889732931,-120.01500668295232,test
2621,32.57999232845039,-122.37795853017771,train
2622,33.82780231558043,-120.1032074245472,test
2623,32.647770396166834,-122.57920968470017,train
2624,34.927604618230006,-114.62337619602602,test
2625,32.56648906515294,-122.64839386818359,train
2626,36.48248687543042,-115.58703634309104,test
2627,37.04144285902288,-118.09336236983106,test
2628,36.66916332644827,-116.08046808867772,test
2629,34.41821577735653,-115.27893229501919,test
2630,37.488105906820515,-116.15091518626636,test
2631,40.239476067030274,-118.36436962089202,test
2632,35.2878084228271,-121.68729327938945,train
2633,35.49008936304158,-117.63533954420166,test
2634,37.67056072876958,-124.39006299014993,test
2635,34.74365409671671,-120.54832247422694,val
2636,35.72883652140101,-115.59439437743062,test
2637,36.814580513070325,-118.45467186202956,test
2638,36.18828374955727,-121.75296968982427,test
2639,40.278659916812394,-115.24161563558111,test
2640,40.56996901874161,-124.28257599180445,test
2641,36.34525915743296,-115.33704244642064,test
2642,36.77053862724243,-116.61002679982514,test
2643,41.59178737513053,-122.93086089836612,test
2644,37.29423873789449,-123.79145644666072,test
2645,41.93401352647054,-114.63276321279062,test
2646,39.75374225735193,-123.74888788302498,test
2647,35.03227913159081,-114.40051770766914,test
2648,34.6995075405132,-120.10331461143431,val
2649,34.036340701476135,-120.79537042551696,test
2650,40.1642000271442,-117.7380462105866,test
2651,35.43598353940418,-119.32575806668224,test
2652,38.92975507175951,-120.41860720559337,test
2653,37.64508933616474,-117.83993248616687,test
2654,40.35219445852635,-120.83081402464992,test
2655,39.64024109657968,-124.08581336174906,test
2656,33.13370231368693,-115.93796792677247,test
2657,35.73490946106682,-119.13406829995083,test
2658,37.45533480397004,-117.36028279182946,test
2659,40.14046049904847,-118.50995724386995,test
2660,39.291840783805256,-118.10767691466188,test
2661,37.73285541282931,-122.18273135323084,test
2662,40.18531447474084,-114.80364892774678,test
2663,36.64877266875898,-119.82397875522014,test
2664,33.057096165077965,-114.95380218303937,val
2665,40.77397334998585,-116.1206751912024,test
2666,37.51683904245967,-117.01595619035834,test
2667,40.18557723733697,-119.69618484521669,test
2668,36.24301386902128,-124.20654402500325,test
2669,38.10358982529872,-121.19016273764178,test
2670,35.665450761733474,-117.58531822069996,test
2671,36.408675007997815,-121.03096407488704,test
2672,33.925861159338076,-123.41799682276931,train
2673,39.55298577864147,-119.10190671999253,test
2674,35.184292377804525,-122.84731587663936,train
2675,35.387393937947785,-121.28286652260421,test
2676,35.884169475422496,-119.26527668428699,test
2677,36.6222343222815,-123.24115496299966,test
2678,37.98627224684232,-123.27983077002636,test
2679,38.99617880215607,-122.27398425264033,test
2680,38.9287796466712,-118.33848346863874,test
2681,36.54225827384094,-114.81872977642702,test
2682,37.093504621993574,-121.97553209295722,test
2683,33.85883530504195,-117.01861753123111,test
2684,37.46866260315267,-122.487507619489,test
2685,40.835726969540325,-117.88784051853433,test
2686,36.890460375545516,-123.0201131938195,test
2687,41.41298872665084,-115.7241210301819,test
2688,34.00527012313488,-116.78473235628424,test
2689,39.508532578030476,-117.42171035557459,test
2690,39.23465498129401,-124.28883708734305,test
2691,38.98407919036114,-115.81661442981255,test
2692,38.807257677941934,-122.8847311899319,test
2693,32.74125935077293,-118.93972825234971,train
2694,39.55789772693343,-116.43261851095801,test
2695,37.26201008228876,-117.92747697086895,test
2696,37.494043216458905,-115.99585499535326,test
2697,33.01176390280004,-117.13173447452638,val
2698,34.313969285120535,-116.64485514663201,test
2699,41.15723541462312,-121.35969350839211,test
2700,35.518053349258075,-120.53141907033313,test
2701,36.26004568922811,-119.27002028494455,test
2702,34.32175732677268,-118.39668271506035,train
2703,38.51684670688742,-117.30887185409804,test
2704,39.54443729389065,-118.71202450939597,test
2705,41.254349638472114,-117.11518592137138,test
2706,37.85274242260777,-122.88576443167113,test
2707,35.14022254732415,-120.37119340737715,val
2708,33.202022591644635,-115.02382086887162,test
2709,35.05005637813656,-122.20317244147513,test
2710,38.38591221557629,-122.95885644724184,test
2711,41.75476079481,-116.7610311876199,test
2712,33.28000333427258,-122.4354355137831,train
2713,36.2078301686816,-119.72204580567156,test
2714,38.84872216815357,-117.10101517511241,test
2715,37.97118684162111,-119.44119561949049,test
2716,38.701528952277606,-115.14542184865408,test
2717,36.916584226906004,-115.38628946194108,test
2718,35.058837600497704,-119.25457967165393,test
2719,37.10166394209463,-114.53364305134475,test
2720,36.14314715050224,-121.43181140943302,test
2721,39.24704762262837,-122.02857408961817,test
2722,34.155287067832425,-117.52977492188128,test
2723,37.22852092524243,-118.53461676380951,test
2724,41.61232243418003,-121.85108778079126,test
2725,37.56608877948045,-120.61363465925609,test
2726,34.77637372621485,-122.0374915648927,val
2727,41.392502301232575,-121.99676562695278,test
2728,34.84217045351037,-120.65034383355545,test
2729,39.6436759068002,-114.91129504756648,test
2730,33.5672610328908,-115.83220298464968,test
2731,40.59928860485651,-119.15696851125183,test
2732,34.24004134462167,-119.51419631192186,test
2733,36.26287956323775,-124.11545644207307,test
2734,41.67442456871015,-119.67372653701233,test
2735,38.01686807137661,-118.00886068442311,test
2736,35.030041513210854,-116.41273496516885,test
2737,32.53593929006985,-120.7698493753409,train
2738,32.594293945409504,-114.9611018436915,test
2739,35.130345329798054,-115.77761240195696,test
2740,37.51931488981781,-123.59217321031026,test
2741,37.121920314078174,-115.13060555705538,test
2742,41.26021904827855,-122.142630147102,test
2743,39.76597126754591,-114.92059112872522,test
2744,41.287246472295976,-117.93769107993707,test
2745,37.37653944338958,-120.19310226794084,test
2746,36.75993092301411,-119.94018891677302,test
2747,37.89085617372996,-118.63764906959894,test
2748,36.0542234506144,-115.73967075016233,test
2749,34.52638482296296,-115.81132884938273,test
2750,40.45317548868989,-120.16234948331848,test
2751,38.9746340963244,-115.6865291619087,test
2752,35.61398213337289,-119.57415317369258,test
2753,36.756283332387085,-120.13504993559194,test
2754,34.66499099528265,-121.93205713602813,val
2755,37.86008586657125,-115.90404152458166,test
2756,35.923651615940926,-118.04714492539408,test
2757,40.82169825642406,-119.99517541344967,test
2758,37.53359704612271,-117.61089670263617,test
2759,36.429089139048635,-115.56296639452268,test
2760,39.62889916387971,-122.40043625476095,test
2761,41.101309220748675,-120.39392226860673,test
2762,40.27095885451619,-120.5191029528233,test
2763,37.216864891507626,-123.6562146249526,test
2764,35.90551840167629,-120.99575629531135,test
2765,38.800364879543935,-116.58591412656745,test
2766,40.26574037186113,-121.82806315562475,test
2767,41.79771679737669,-116.07946595574438,test
2768,36.860169204529235,-114.59133575097943,test
2769,38.85823416071819,-122.13086457813817,test
2770,35.30568780789577,-120.21634050341581,test
2771,33.35827741741288,-123.08594606562866,train
2772,34.92645668241103,-117.30399451342042,test
2773,32.66722157082468,-119.46851820315193,val
2774,37.35427936145728,-118.37038674854372,test
2775,36.063788386434915,-116.41167166610545,test
2776,38.953262449397386,-116.4375933861748,test
2777,38.35702390498586,-119.12029117209906,test
2778,34.11969513418863,-115.34327238945195,test
2779,38.91109049974253,-114.8317885245662,test
2780,34.30468012747425,-117.9373457993105,test
2781,32.58637627603961,-124.0440299966758,train
2782,41.717724518226134,-116.43979354959596,test
2783,32.78554839553432,-115.2443335624092,test
2784,35.76636375641041,-118.701055664461,test
2785,38.56723145180228,-117.21931041302543,test
2786,36.03744686689129,-120.76918388516366,test
2787,36.14005069540119,-119.26330356514073,test
2788,39.37422980811164,-116.21152318453058,test
2789,38.23239775936016,-115.40884041033432,test
2790,37.4390344162386,-123.25212029382389,test
2791,40.92341946987934,-124.26281310920572,test
2792,33.55383622797236,-120.58826769394594,test
2793,36.978698623819646,-120.40963937780731,test
2794,34.79396205168181,-116.46696382958773,test
2795,32.87857032214538,-124.35136257773063,train
2796,41.80144915966632,-116.56312648878074,test
2797,39.481234054143954,-118.91047436441748,test
2798,34.57727683643816,-117.2454202408057,test
2799,36.34105239631675,-119.18954391208902,test
2800,34.67044958835019,-116.28762625272142,test
2801,39.0155795582666,-119.93381460050384,test
2802,35.848733766527175,-120.8743807379634,test
2803,41.241098650271624,-117.87748857625945,test
2804,34.495547925359645,-119.85777247001582,test
2805,35.84285396556097,-121.31167343428224,test
2806,41.354283182832496,-115.02133659299321,test
2807,40.9079267413467,-116.98304912511357,test
2808,35.306321282459535,-122.41019358769573,train
2809,37.10466037769749,-116.80950744878,test
2810,40.89868619330065,-121.83778883883762,test
2811,38.88090928958844,-119.99357213889844,test
2812,38.56503858222622,-122.1983787757648,test
2813,38.7854896587844,-123.27189921435676,test
2814,41.251691341091345,-120.3256537086292,test
2815,37.427636271524584,-118.71711081502997,test
2816,34.25145527952012,-121.32512530022291,train
2817,37.00669394922784,-123.66671907999176,test
2818,39.4325722181259,-121.86623932424726,test
2819,37.190511953937964,-121.90727237186108,test
2820,35.49659799968532,-118.34934472154798,test
2821,38.840144266202685,-121.53104712107998,test
2822,36.793675759390496,-118.93677076061348,test
2823,41.64790787472287,-119.59079840297063,test
2824,35.86477101719295,-121.69385116396367,test
2825,39.32460116676484,-116.79805092098154,test
2826,37.78653174454134,-117.55713451441409,test
2827,33.26453840409255,-117.42638575013846,test
2828,36.978607478585594,-119.96977796699372,test
2829,32.80618063830675,-121.17589167570142,train
2830,40.009706228417855,-118.3494603858526,test
2831,39.485999907102105,-114.55177862912318,test
2832,33.00834710529092,-119.96587051818224,test
2833,37.262108937752735,-117.58092844644753,test
2834,41.63577871041719,-119.87937491423617,test
2835,35.22552924874895,-114.82487688189472,test
2836,41.09375222569048,-121.71077095826645,test
2837,33.96084748799554,-119.71389656610886,test
2838,32.59252523729167,-119.35044507569353,test
2839,37.5540375180903,-116.92763931120896,test
2840,34.795634126412715,-117.00330544741888,test
2841,40.8562531934579,-116.81635401218901,test
2842,38.912041382285594,-116.88338607136333,test
2843,39.034851650565614,-119.59679228125162,test
2844,38.90596541440779,-122.836130031468,test
2845,38.959729140917176,-115.46578307681865,test
2846,39.60517769065203,-121.09096966461021,test
2847,38.87383607689921,-123.30262071103922,test
2848,40.43058685967374,-123.11225788365486,test
2849,37.815416637624025,-119.3390370188755,test
2850,35.851017479970956,-120.04862080719768,test
2851,36.95104271584919,-117.59904029776537,test
2852,36.69902575334346,-118.13166643132098,test
2853,35.67883470672071,-123.33258268605213,train
2854,36.46448312009567,-121.38052032053658,test
2855,36.175824539350636,-115.19961303062888,test
2856,33.58249845841511,-116.5355019539311,test
2857,40.39533029103299,-115.46472020125205,test
2858,39.69373047476503,-124.21330761054446,test
2859,35.726491793282214,-115.03636554818112,test
2860,41.480400409925075,-115.56228562941132,test
2861,41.520463260083034,-119.77702285324125,test
2862,40.643135791197,-117.49530733315716,test
2863,32.80816078400848,-121.63574584820337,train
2864,36.04543440480876,-117.6499555131444,test
2865,36.86097728732993,-116.20466831717704,test
2866,39.336243195013324,-119.45453898439479,test
2867,38.541672807110736,-124.14850018347164,test
2868,38.95424547069139,-120.14747910446862,test
2869,39.795511028700965,-116.96545364380087,test
2870,41.51168351328448,-117.18427433236843,test
2871,37.752784237857995,-119.4262110966593,test
2872,41.09128213872144,-114.27733943255177,test
2873,40.24633484164741,-123.23325708528515,test
2874,35.730142631519115,-122.80804880828501,test
2875,40.23545932428396,-121.7766450293958,test
2876,33.64125972558483,-116.15545182350687,test
2877,34.03345363841986,-116.57534340023035,test
2878,41.927824257619164,-116.47282543125526,test
2879,36.58968105361213,-115.37108842529055,test
2880,36.892052687306695,-119.87358958304117,test
2881,41.53626231645726,-121.15551267989137,test
2882,35.95662277496732,-118.25006051057026,test
2883,34.77407367735151,-120.21422242403858,test
2884,33.26697185353169,-119.03920326899113,test
2885,37.479209526874556,-122.99435941811088,test
2886,34.42105618458569,-120.35329633108232,val
2887,33.14371314877678,-119.56714302129974,test
2888,40.229767781007624,-123.53848912054225,test
2889,35.64181279775493,-114.1867539046052,test
2890,38.01682502380895,-124.0504271042791,test
2891,33.520994208727,-114.95979401206844,test
2892,37.31786753499105,-123.61315691683878,test
2893,38.513525865651346,-115.58064128815307,test
2894,36.79020839564152,-118.78762727964987,test
2895,35.72595280146187,-122.41578751044376,test
2896,35.47474417576167,-122.05500431068556,train
2897,33.56586414000526,-120.81491778347613,train
2898,33.62559575612913,-116.25362571615439,test
2899,37.22424266266406,-122.92292252239601,test
2900,33.84471303428873,-121.94259401581404,train
2901,34.646079473457895,-117.29849053527212,test
2902,34.09082335786438,-118.10974946507768,test
2903,40.12952690183472,-120.1012986665908,test
2904,36.78882063085291,-123.81587148121865,test
2905,37.76302286235113,-118.68187748273172,test
2906,38.05061366219738,-122.07672877096684,test
2907,36.283764745574764,-118.12924562904352,test
2908,35.356142049592314,-121.60974096796365,test
2909,36.151758979110554,-114.33278778097502,test
2910,37.59477567956575,-118.3509761660828,test
2911,35.925726657628864,-118.54983981347597,test
2912,33.823752803876054,-115.81291795667133,test
2913,41.18261534210015,-114.20047108086487,test
2914,39.465887110734386,-116.40673675445704,test
2915,33.157575578605815,-118.3169374363867,train
2916,41.106978527820466,-115.537059396926,test
2917,34.14430534947462,-122.57173454970325,train
2918,33.455504837670226,-116.56079518182094,test
2919,34.170364021555976,-117.43024260976301,test
2920,41.365831086595435,-118.63288135962699,test
2921,34.625656807011325,-115.50374398293098,test
2922,39.982813536397984,-117.12343490413575,test
2923,38.619571992726755,-117.05047802173006,test
2924,37.43757255212559,-115.06056553390312,test
2925,35.99217174393756,-117.22906163938754,test
2926,33.41008598282289,-121.80657943845011,train
2927,39.25990074578069,-122.54682402688704,test
2928,36.268580566552565,-119.14894072437377,test
2929,37.596318747403096,-122.01805566200507,test
2930,33.02018439715769,-117.22675456377726,test
2931,39.87813124866459,-115.7516641807345,test
2932,39.08581122709445,-121.43137694994657,test
2933,37.54247450307898,-115.02207882357585,test
2934,37.23003134228383,-116.73942360241749,test
2935,35.72168131215699,-114.2522672000792,test
2936,35.77256488944552,-122.39135852233258,test
2937,33.17837224957909,-119.68144974022378,train
2938,39.033177732868666,-117.83842538218943,test
2939,32.95589381399894,-116.57432004015895,test
2940,32.54343584031993,-115.03797399818788,test
2941,32.823391828819645,-115.25100597081128,test
2942,34.456647557634135,-122.0055830410126,val
2943,37.929753419248065,-120.08432277582111,test
2944,38.980577632821905,-117.03427659384366,test
2945,36.514392483374586,-123.07584015310668,test
2946,36.399808480053146,-114.54894439171764,test
2947,37.99216236281467,-116.73891697912785,test
2948,38.18195706863657,-115.8946401776432,test
2949,40.53212711728979,-115.08424838600162,test
2950,40.28676492380768,-122.605316254964,test
2951,40.32879315732798,-120.08782952616865,test
2952,40.5243163946,-117.72128455352177,test
2953,40.861994712094535,-115.96042581513836,test
2954,37.78884998179154,-116.8311745475443,test
2955,38.166233042408365,-123.1870143592798,test
2956,39.41683019356486,-117.78312212734939,test
2957,34.41460155170142,-121.40830646065163,train
2958,35.94356595476588,-120.24900758456269,test
2959,41.17282372646452,-114.18949005946206,test
2960,37.48056021796958,-122.82075458435547,test
2961,33.02042874171872,-123.36383669207105,train
2962,36.37065116004111,-120.22172405048286,test
2963,34.052673754658635,-115.53083978920884,test
2964,35.9040365819134,-122.7676327145017,test
2965,37.69092234399405,-123.61568637471171,test
2966,37.31364172463667,-120.12166748770221,test
2967,37.17474171575441,-117.92100685503236,test
2968,32.703669832328494,-122.84512022417431,train
2969,36.745143197799294,-116.1446889665553,test
2970,32.804286876265486,-115.71860717547638,test
2971,36.36403154640834,-119.05203600435772,test
2972,38.65708915623677,-124.12591762964509,test
2973,33.72231521921734,-119.1189854878348,train
2974,41.2118378546583,-122.23178103286239,test
2975,38.50094380991548,-119.8407398436807,test
2976,34.59065907904574,-116.6071091755412,test
2977,36.262010213879876,-123.87894154820704,test
2978,33.447711783545444,-124.43843257683389,train
2979,32.738939334192565,-123.06413994897692,train
2980,41.203208217902386,-123.97224227234949,test
2981,38.92399296035073,-121.75506899828116,test
2982,39.91324858102435,-120.27199633961794,test
2983,38.421976869043945,-116.40120556458771,test
2984,41.11706954645181,-124.12732627224612,test
2985,41.014351234734264,-120.82129151151034,test
2986,33.08076149226181,-114.85743213897717,test
2987,34.3242807444856,-118.49752047745224,val
2988,36.27813029818664,-115.91606898158258,test
2989,35.76011808220523,-119.45496966611222,test
2990,37.50717187447193,-123.43745335437877,test
2991,35.05405616228351,-122.51265774353229,test
2992,40.08193784704951,-116.62417113193466,test
2993,32.60096674186804,-115.53105141578915,test
2994,40.0256288910841,-119.61964391353223,test
2995,36.25521651922498,-119.36277219964163,test
2996,32.57862853286038,-119.79923917983774,test
2997,40.551698626869054,-124.25067630896305,test
2998,36.76076508784752,-123.45529352203141,test
2999,39.39316130891671,-114.21363393743246,test
3000,40.848909421021155,-124.00683942882236,test
3001,32.85494167737553,-120.84212901928115,val
3002,35.012674629559655,-117.31902487034169,test
3003,33.65590335991951,-120.0599929667205,test
3004,33.458156218946336,-114.30873612041927,test
3005,41.485221139354636,-124.10246410987351,test
3006,40.15874202164514,-115.42329712479963,test
3007,35.98394726524449,-123.05078656946279,test
3008,39.038665115351534,-122.32828424323229,test
3009,41.23714674274363,-118.99318800973694,test
3010,34.62110378698479,-115.45530230858972,test
3011,32.6640074848337,-120.17082418492151,test
3012,40.33430599122974,-121.41325330673897,test
3013,39.37395317684268,-120.29876161898825,test
3014,34.04763639824624,-123.4673203079719,train
3015,37.16694615674392,-115.79780412248228,test
3016,34.04930889137554,-115.00413232993715,test
3017,38.23675327152205,-117.47276313220883,test
3018,38.66248738219815,-119.85545614151737,test
3019,35.150185240157626,-118.10810527531282,test
3020,39.9245275919052,-118.75025321593333,test
3021,37.01495742431163,-123.90846637790153,test
3022,39.21920941996848,-120.37351605829338,test
3023,38.58901188807851,-117.66809628023755,test
3024,36.798687087087515,-115.69919149830275,test
3025,35.302032471874824,-120.73898841524695,test
3026,34.46476270451232,-115.99330453060442,test
3027,39.59408998708547,-116.6361964921419,test
3028,38.60920472805285,-114.85881248515652,test
3029,35.19052006150469,-114.2389676818558,test
3030,41.68842916644903,-124.00974043886706,test
3031,40.20390967389311,-119.9296771002717,test
3032,33.7308174108864,-116.46459441806674,test
3033,34.069475524537665,-115.95315272802164,test
3034,37.68213276896923,-123.58577296124488,test
3035,33.49953434307289,-118.18605093268094,test
3036,41.66228090924479,-115.17695404240816,test
3037,38.572081646443095,-122.0990209756153,test
3038,33.1566681278376,-120.85872796530413,test
3039,36.729809866532776,-120.36911761276967,test
3040,34.63204149314333,-120.37231576524,test
3041,37.17456846995321,-118.64880836354564,test
3042,34.86933148264907,-123.81308575466954,val
3043,40.40710958129166,-116.40655342642758,test
3044,39.358809515307215,-123.17313731067534,test
3045,41.115295097366,-116.0547123903012,test
3046,34.40465861158512,-124.26375713481062,train
3047,36.17966448769992,-116.32576213519694,test
3048,40.1577682002537,-120.77719599190631,test
3049,36.070327308207084,-117.67810105004037,test
3050,36.11996698816028,-122.59273643874435,test
3051,41.86778405890225,-118.90343080144186,test
3052,39.830074380038766,-121.35616184957023,test
3053,40.681941836091276,-124.39953667649749,test
3054,36.384032757980286,-116.96379613713842,test
3055,38.07864841252555,-123.08757659448727,test
3056,36.796742313124874,-114.7516495295899,test
3057,36.79428020174363,-118.8342003641064,test
3058,33.739310814953726,-124.42273779814397,train
3059,40.50499810277985,-114.69784396916445,test
3060,36.22843684687469,-123.07100006115503,test
3061,38.0398770108446,-115.84206642905795,test
3062,40.64647038280018,-121.04514548536815,test
3063,39.854829586069094,-118.58328046574808,test
3064,34.40731364256457,-115.82367263484443,test
3065,38.387302632296844,-123.92286937063089,test
3066,37.22457341540156,-117.42860195429004,test
3067,34.99364087560934,-122.90811590230285,test
3068,32.91692434624061,-117.05395799164648,test
3069,38.494123686974596,-122.7831416749543,test
3070,39.915226043832924,-124.21376080586593,test
3071,41.4480733588295,-122.8374328429218,test
3072,35.89169619535738,-117.9886434035588,test
3073,36.310586425041144,-114.27715677329326,test
3074,34.07366332012375,-114.43804226886928,test
3075,41.8543137409625,-116.751923156219,test
3076,40.5755888550239,-115.93857550165725,test
3077,41.598507313373766,-115.42942570017645,test
3078,37.22093739804798,-118.99267269929716,test
3079,34.51662970825492,-122.08310832064305,train
3080,37.958057723825505,-117.62410295735033,test
3081,36.053710442710056,-122.9801777211985,test
3082,35.82427615977452,-115.85836159239854,test
3083,33.30998976969873,-120.19134146502918,test
3084,33.22272306322805,-121.69246979091332,train
3085,36.11722229677278,-115.74394797002928,test
3086,41.30110021150301,-123.29360516306858,test
3087,39.37703453823824,-114.38953973213322,test
3088,39.7324897542663,-114.64125416177617,test
3089,34.74873270603148,-118.16339493436257,val
3090,39.485995416953266,-117.0979676281012,test
3091,36.377842126922275,-124.05698933672123,test
3092,33.09242908118124,-119.93367393102888,train
3093,36.26888448439835,-115.31960264157026,test
3094,33.77297336698454,-124.32120658551234,train
3095,40.61453391396082,-121.44370854755132,test
3096,40.48758479057737,-120.79190278435188,test
3097,35.252330751000294,-117.47992893570175,test
3098,38.32490420728479,-117.17311010865038,test
3099,35.97480453284326,-123.76789504632264,test
3100,33.99052187103403,-122.19741732717854,train
3101,38.67988723903963,-115.9291228393979,test
3102,39.72820991215443,-122.4623589942681,test
3103,39.86662435789268,-121.48583616240586,test
3104,33.943118948408284,-122.76726106728825,train
3105,37.38411857014896,-116.6629980688494,test
3106,32.756326912678794,-124.16053241495352,train
3107,33.38390514254188,-121.32727669217329,train
3108,33.29755441971862,-118.951830857341,test
3109,33.07159681492325,-124.37792941517075,train
3110,35.690795735577694,-114.60440317020601,test
3111,35.91722582007953,-115.47762882713916,test
3112,39.13883213940506,-117.76616964926002,test
3113,35.65396096131474,-119.91256107103,test
3114,33.85954826556328,-122.83878577369954,train
3115,41.496912225476905,-118.7319783343494,test
3116,40.820761545744574,-121.97376580465298,test
3117,33.70641790367376,-117.86204099304172,test
3118,35.96551428870784,-122.93900738867225,test
3119,34.121761644827686,-117.04650051052232,test
3120,41.612785217790204,-121.11084781909366,test
3121,35.901107797230196,-119.2645684368321,test
3122,33.45917203291284,-122.77157798352343,train
3123,39.41321256948397,-121.79778590250946,test
3124,39.2699648782757,-119.79831675062084,test
3125,34.81259629570336,-119.71615090894865,val
3126,35.574243728213574,-114.13229098720079,test
3127,36.46022895924665,-120.98180482373962,test
3128,35.0651190167775,-123.57006454592671,train
3129,35.26576659642909,-119.03530604908158,val
3130,40.12106101241668,-121.12197663887859,test
3131,39.65002523149603,-115.39012264788356,test
3132,39.08919863736051,-122.27182581684185,test
3133,39.033745583320716,-115.61811363154273,test
3134,37.47222188338689,-117.59851805422201,test
3135,35.853224502291226,-122.50182867275045,test
3136,39.35356063367101,-120.26190177146538,test
3137,33.63200247445616,-119.36302071797473,test
3138,33.865937684307376,-119.06025172203297,train
3139,33.725731519246345,-120.34595146664388,train
3140,39.46883995007556,-118.41248726348576,test
3141,38.13189217492435,-117.05039703335088,test
3142,36.79301879262299,-119.22124498754899,test
3143,37.039910803330756,-118.22891466791572,test
3144,40.366986828310765,-115.57757213840195,test
3145,33.682307506811256,-119.30817884716585,test
3146,36.159323334872646,-120.14795498559025,test
3147,39.72877396609137,-121.88568831903383,test
3148,38.759738839308035,-123.08562790620407,test
3149,36.65083945239553,-121.42682957700714,test
3150,34.65451125520569,-120.25245282506,test
3151,41.49279828999796,-116.56050319010706,test
3152,36.39299636625114,-122.19830919067866,test
3153,40.84309748696693,-117.20087400843809,test
3154,39.89605464591512,-123.62516048403627,test
3155,40.68868941260754,-122.80698639156343,test
3156,32.690251285440276,-121.07555263553645,train
3157,37.050896822970536,-119.59613555546355,test
3158,34.98683833996304,-122.57462812378799,train
3159,35.12498223398297,-123.28496102219148,train
3160,35.085387852412076,-118.60633947371224,test
3161,36.216800472381294,-120.19240441873477,test
3162,36.41937271497051,-120.15215008317043,test
3163,38.5343611499639,-121.26506963184629,test
3164,35.37445231073628,-120.6124379252643,test
3165,35.11319957381171,-122.54219091128805,train
3166,35.944959679119165,-121.65028065424696,test
3167,39.03129224809918,-118.84916622129721,test
3168,32.531621033163965,-119.05517102731679,train
3169,39.60340775493714,-115.09988835414008,test
3170,35.74003408136841,-115.85651343847496,test
3171,37.98699065268551,-124.36678426582976,test
3172,39.74161610749916,-122.07113404074748,test
3173,37.367609037487156,-115.28786257213756,test
3174,38.65852232358832,-121.19489421211095,test
3175,41.24183871436034,-119.51485475092248,test
3176,32.812833599578475,-117.48090541220749,test
3177,35.84003807856769,-118.83798782425256,test
3178,41.30730888856481,-124.38981122149127,test
3179,40.46046048729907,-122.31033067113039,test
3180,38.37136098339942,-123.40446696713656,test
3181,34.701498949739374,-122.71157739670474,train
3182,35.66014786917768,-122.92062877670772,test
3183,40.65484688324494,-118.01915040090562,test
3184,39.142630700460245,-120.24831863564138,test
3185,35.2351076748897,-123.75385627979173,test
3186,33.78236490209565,-123.59158571041307,train
3187,39.923895063967045,-114.64182551083206,test
3188,37.98684771695362,-122.84440408941569,test
3189,41.65375965842899,-121.82290851649027,test
3190,36.379471447424834,-118.51901931073186,test
3191,35.835285346771194,-122.51093875176205,test
3192,35.28346067383006,-122.40347196394038,test
3193,37.093404899214605,-123.69162123998322,test
3194,35.586249714206225,-114.32773397630277,test
3195,33.223114979983286,-118.19161902688285,train
3196,35.485862178244965,-118.97833969081357,test
3197,34.602849788380006,-115.27780634541753,test
3198,40.25169591475795,-118.31147655237126,test
3199,34.76106128869629,-121.72761154685176,val
3200,36.87551377754933,-119.57101690623975,test
3201,38.90083115517268,-119.51616383040121,test
3202,33.94317848477627,-120.33579944890687,test
3203,37.561245127608515,-116.67006964219536,test
3204,40.55286043201753,-123.30917036314236,test
3205,38.06124471922489,-122.79849568033178,test
3206,37.09819957703831,-120.60265648957008,test
3207,40.4741831328612,-123.70620632175792,test
3208,41.50047575227792,-114.25995196734556,test
3209,40.304731732350675,-119.32835971110296,test
3210,36.397637478249145,-123.92340539404785,test
3211,38.322733549698206,-118.17259023261552,test
3212,37.5172968519349,-116.38681180689588,test
3213,35.402332656818594,-120.23644545961399,test
3214,36.652481621243545,-119.48571289603039,test
3215,40.38315640133599,-117.2168139736629,test
3216,35.375544111950774,-122.02933860354973,train
3217,40.95410533088486,-118.27808532503282,test
3218,41.91883565290114,-117.93495369022213,test
3219,35.43508629061509,-116.14412382246104,test
3220,33.69232937730985,-115.25305138872221,test
3221,41.59444108366013,-114.73944325249377,test
3222,34.14998706213229,-123.13757490366498,train
3223,39.8357622706256,-116.0242812469997,test
3224,32.90040464279847,-117.47630870694188,test
3225,34.76080148251236,-120.61779297979068,test
3226,34.99367079545377,-114.92581680652609,test
3227,35.34481575354471,-115.57219357067714,test
3228,41.23580661073391,-116.45636021749189,test
3229,34.19018294621787,-123.84733661793179,train
3230,34.17436098991913,-122.61505959071567,train
3231,39.08016165064487,-114.97202609638337,test
3232,41.54844300328808,-114.31314248966827,test
3233,36.21652287434682,-121.58099582409692,test
3234,39.85152837375729,-121.58013998410566,test
3235,32.82390990202794,-118.14775651019241,train
3236,40.33388341710294,-123.65456681297368,test
3237,39.38056865362931,-118.30229750481308,test
3238,41.02095022307123,-114.45281547983217,test
3239,38.56669206510772,-121.37841590161116,test
3240,41.44445802019961,-116.7822985910601,test
3241,36.221949667915226,-119.02827334308196,test
3242,39.4670727815055,-121.47782017166698,test
3243,39.401093051757606,-120.18734411257353,test
3244,35.07371644068633,-118.75834521419571,val
3245,41.24788823523096,-116.58799840810586,test
3246,39.90880421270765,-118.86440360787792,test
3247,40.73435138997762,-114.90180365060546,test
3248,35.963736777561486,-123.23425882390842,test
3249,40.49668279970309,-114.56613695702546,test
3250,35.51282708216358,-118.76278391818762,test
3251,41.66287794350425,-120.40038479214788,test
3252,32.756779381384256,-123.65591352776485,train
3253,38.393706073427225,-121.38568087143375,test
3254,33.592908172452724,-119.92489507724022,test
3255,39.33640315141447,-114.77884220586155,test
3256,35.97412823579314,-116.64125482304844,test
3257,40.77496641976408,-123.8312466402891,test
3258,40.79449277827375,-121.05941852312505,test
3259,36.01581110208169,-119.37333281122378,test
3260,40.20052742782567,-115.6756218744408,test
3261,38.9803662267002,-116.43503259826389,test
3262,36.56958881435066,-122.21162013655172,test
3263,35.78044912424251,-123.91976189783655,test
3264,34.52158770101352,-123.07520967636069,val
3265,33.12858404855114,-119.25108340063906,val
3266,37.42939322066628,-123.51336188659735,test
3267,37.64418388610508,-121.86499746223063,test
3268,36.734856695619435,-115.97190521493029,test
3269,41.532155291886255,-120.29586353315605,test
3270,32.65964541048219,-114.1697296414325,test
3271,40.58238797097829,-116.64581780668347,test
3272,40.11377910340324,-121.70869265149328,test
3273,39.71538517358556,-124.3619497668657,test
3274,37.5009480082447,-119.00449093141287,test
3275,34.33266543162939,-117.16262695246503,test
3276,40.701467622284454,-119.59756779796302,test
3277,39.58131137871447,-115.09393695044271,test
3278,40.4168169001832,-116.52242594166955,test
3279,34.7629083188966,-119.07602534461535,val
3280,37.77993118469428,-124.24489445088943,test
3281,36.46913399290442,-120.95267436695332,test
3282,38.58768849170602,-119.34265211124968,test
3283,39.65719485778563,-121.86008394004239,test
3284,34.17508453917403,-115.80380869027518,test
3285,34.17814205812859,-120.06370236598342,test
3286,32.94295711514018,-122.3388168696209,train
3287,34.01854231299583,-116.40748523385211,test
3288,34.804440484592966,-118.16859421581489,test
3289,33.216750944071855,-122.40812121304589,train
3290,35.898393342951486,-118.9473882438968,test
3291,38.9238248159755,-117.27948604209396,test
3292,40.04040251973711,-119.81665241542849,test
3293,35.8048800092681,-121.32244111345062,test
3294,33.32382178370293,-117.32951590217691,test
3295,39.721255928720126,-117.35428665766823,test
3296,36.23450952886041,-124.26537511153802,test
3297,34.91101932516207,-122.02616806405871,train
3298,36.987443537486385,-117.776481464096,test
3299,41.714614694421726,-122.12906727531688,test
3300,36.05889925305611,-114.5150284787468,test
3301,41.61602061444212,-122.76162544314379,test
3302,34.92751194216764,-116.7258924083355,test
3303,33.52950887737899,-114.14729371688814,test
3304,34.01848326443266,-120.86677600714152,test
3305,39.85771307630539,-118.22175672295546,test
3306,37.62119621277102,-123.3501095914206,test
3307,38.04080371112758,-118.02899980958856,test
3308,41.69419851819022,-114.25864013888427,test
3309,37.3108098988146,-114.40982196454732,test
3310,33.63818781830447,-120.19456686422458,train
3311,39.334339269389126,-115.97940310658532,test
3312,34.49835241773952,-115.91775707004146,test
3313,38.0371650001789,-121.06588112419166,test
3314,40.62096690892509,-115.95747187056578,test
3315,37.04795778434671,-122.7656087674626,test
3316,35.5062799055381,-114.34775548387938,test
3317,37.9804261808507,-115.53040657209193,test
3318,33.73222872844162,-119.17578364279727,test
3319,35.44263161295038,-120.46732959297476,test
3320,37.30423219156777,-114.68726959988359,test
3321,34.93681151949313,-123.70668964651622,train
3322,32.90177441081646,-119.30160354975956,test
3323,38.071285075125,-119.41957745643649,test
3324,36.329812544762845,-120.50854236512428,test
3325,36.22907915684784,-123.2788096575216,test
3326,41.96981717715382,-121.84825862342812,test
3327,33.58859478196951,-114.30405090265381,test
3328,33.99004329002481,-116.11002118430726,test
3329,40.828199411577806,-115.79730065080679,test
3330,33.76357791124183,-119.18672925379803,test
3331,41.21988821980818,-117.61657980568049,test
3332,38.89346935636146,-119.23338885412653,test
3333,37.53170270962898,-117.45642453673874,test
3334,35.166454454084096,-115.53764054515872,test
3335,35.934213875215576,-121.93884860633935,test
3336,40.351789777080185,-114.63629037272352,test
3337,33.074568071945784,-115.02066216945646,test
3338,39.80815530834923,-120.11710675663547,test
3339,40.3694618903315,-114.36904543507934,test
3340,39.2155066271282,-115.3411760343356,test
3341,33.04615917508948,-124.02680206187702,train
3342,39.562942095853465,-124.0058029392644,test
3343,39.37836212453534,-117.14789598865252,test
3344,32.65399900603177,-116.36034200719192,test
3345,40.979923469276336,-121.87603785777922,test
3346,33.78189446584403,-119.2980251502782,test
3347,41.62860716904879,-118.88034882562344,test
3348,33.200197402961976,-119.84590770787827,train
3349,34.78432809126586,-123.72734775511326,train
3350,39.06659355179711,-122.18318118723901,test
3351,33.829675248096144,-116.04239427941535,test
3352,34.28164276460913,-123.68647421899715,train
3353,32.63579546543234,-118.02572987660064,val
3354,40.3567663178571,-117.90182895836205,test
3355,32.886235837905666,-114.5785867320312,test
3356,38.52046645893938,-114.25937771751245,test
3357,38.04445039832782,-114.69661155754149,test
3358,37.37144526744442,-118.85897600228391,test
3359,36.0827436541839,-124.00929230398108,test
3360,35.36685748539273,-121.58103069089732,train
3361,41.5922930594877,-119.53764094630047,test
3362,39.96734286802086,-124.0366744263652,test
3363,41.26827770936605,-124.05752650392377,test
3364,39.480013612632206,-121.09932229548451,test
3365,40.38071448365053,-120.44647589471883,test
3366,41.660741245098876,-118.45149453276558,test
3367,36.8260139511277,-114.82223763348212,test
3368,41.118307709298904,-120.40696582511603,test
3369,32.937912320674236,-123.94418613684398,train
3370,33.55154912077887,-118.87215024314703,train
3371,37.1738449538265,-120.7494071634182,test
3372,36.82912668250018,-115.14962213074392,test
3373,36.679877867971406,-119.9912549091955,test
3374,37.617204942312924,-121.12226859428746,test
3375,37.628390348185185,-116.97679455341664,test
3376,40.774248071725886,-119.35456210494408,test
3377,35.80579433606703,-118.71692848697526,test
3378,35.524801850417994,-122.87218494674488,test
3379,39.17694791612602,-120.57176318786897,test
3380,38.67107659964083,-123.96136793981624,test
3381,40.388650938700955,-116.65719957638127,test
3382,35.458863862166695,-121.90805305653979,test
3383,32.59055322792241,-123.19748250556128,train
3384,41.47028308829364,-118.36213096256441,test
3385,32.948814478703675,-118.4660802598209,val
3386,38.96972257362361,-121.18412705844494,test
3387,35.57774896221132,-114.51815935540846,test
3388,36.540858034551945,-117.88777528794024,test
3389,40.466170402065735,-114.8888790287363,test
3390,36.50341774888384,-121.34085850508963,test
3391,33.89719837113878,-118.75091045884844,test
3392,39.67450025433814,-120.17660128544784,test
3393,32.72140306655858,-120.17904864298877,train
3394,35.13172140046899,-123.94751891060707,test
3395,37.62555710461353,-122.17554884287516,test
3396,36.67562219652364,-115.47725461849211,test
3397,38.40356237045455,-115.6779918430951,test
3398,36.14136264999978,-123.35643951808117,test
3399,36.22883722544451,-124.25289362828448,test
3400,35.83178425318613,-123.38790811500054,test
3401,40.93245134079442,-117.85395755981872,test
3402,32.69379796006177,-121.96742584187528,train
3403,41.42840943072685,-116.57734437354826,test
3404,35.92235926416036,-124.37990151749445,test
3405,35.98543969638721,-117.06038464585463,test
3406,39.40420527103177,-115.30131111318337,test
3407,36.2069807157339,-123.97804524814794,test
3408,38.36962646529862,-115.49715818304105,test
3409,41.08738253094576,-114.97677255510195,test
3410,40.543495510070926,-118.9154880531505,test
3411,37.410522436958914,-121.50650892234218,test
3412,39.31669565133175,-118.63738612305367,test
3413,36.24635703614806,-121.237851353815,test
3414,39.87913816518818,-114.81860576370553,test
3415,34.14163714601885,-118.83515669383848,test
3416,32.96213297019491,-116.20535728162835,test
3417,37.65073844095063,-118.15120718226832,test
3418,34.56925734511725,-121.46652128532074,train
3419,39.43103467891415,-119.28366252045673,test
3420,33.48953362734447,-115.3683203733571,test
3421,32.610448958456494,-120.49257988173136,test
3422,38.928910722055406,-120.92086876915782,test
3423,37.27257067708504,-114.57920187840617,test
3424,41.545585902681836,-120.99583137294937,test
3425,34.87368870646825,-115.57854389906356,test
3426,33.69723543273079,-122.60192577519632,train
3427,32.748815541819866,-116.27731564098184,val
3428,36.73702239451282,-118.09623998495032,test
3429,33.48473590469928,-123.20077327320168,train
3430,39.87534336098136,-123.78072534269886,test
3431,33.21170547283164,-121.3644517935174,train
3432,41.249548054964635,-117.6616285284711,test
3433,37.65188665310232,-120.72722747410297,test
3434,39.12464235649502,-121.64441919587529,test
3435,33.769784991971214,-118.44098184995472,test
3436,33.377615435180616,-114.61916016792347,test
3437,35.87938536361797,-123.18369833215392,test
3438,37.458515086897705,-117.79436667534463,test
3439,37.98000347909158,-115.0331337875373,test
3440,35.65309670000342,-118.86125426179983,test
3441,35.11211193539568,-114.49923945252709,test
3442,41.82395783581301,-118.27570688507396,test
3443,35.11210838186957,-117.50547296278845,test
3444,33.83614888145498,-116.2819029050853,test
3445,35.934083021741785,-122.38084987090758,test
3446,35.40766134718804,-118.66441939027054,val
3447,36.52383235352492,-118.10694404800569,test
3448,38.43656908345081,-123.20127757370904,test
3449,38.24181092787093,-119.74367336047334,test
3450,39.14280521488181,-116.49430599740494,test
3451,34.013807618715354,-124.02031873877232,train
3452,32.965093127022975,-120.17689740511584,train
3453,40.01896880342846,-122.93765109209961,test
3454,34.58643549708416,-122.62803195928667,val
3455,35.51934758683519,-119.15535675452499,test
3456,36.84528689545454,-124.13604244770622,test
3457,39.313421308217414,-120.05869620455405,test
3458,34.07914455272505,-124.1749797884846,train
3459,41.07574944940113,-114.89747532665915,test
3460,35.57486385479385,-115.33674459817323,test
3461,41.83581570118597,-122.25800988642531,test
3462,35.23285697150228,-123.76155696381936,train
3463,39.401934059167466,-121.85594638785594,test
3464,36.09705649066054,-124.147279403709,test
3465,40.45248585872602,-116.86432750929801,test
3466,36.90899043025148,-118.52314842558154,test
3467,40.77393695991611,-118.83301411051647,test
3468,39.669798780374194,-115.6561664246737,test
3469,38.07969080228661,-116.09598855003232,test
3470,34.897404633859466,-120.22443092599532,val
3471,34.99094729950682,-118.1474266432433,test
3472,41.91876720682393,-119.88496020826008,test
3473,41.293424331273535,-118.00645999619333,test
3474,33.84082215099941,-122.87777874829978,train
3475,34.46249096726977,-121.34617276419375,train
3476,33.541532237702526,-121.84308016858574,train
3477,34.436668951972486,-122.71341508666816,train
3478,35.27854986573354,-120.17332931056411,val
3479,40.462327043911245,-116.9497912098996,test
3480,33.43137591690242,-120.35665570299079,train
3481,40.88368176004485,-114.30902655854517,test
3482,41.73417834461322,-121.32544511362106,test
3483,35.19807844787243,-114.66478194713919,test
3484,36.8505345191777,-122.4444615038297,test
3485,37.5427396982196,-121.13281401740585,test
3486,34.477877982159,-122.74832005479742,train
3487,39.458028308531006,-121.98714634691832,test
3488,38.02258863210753,-122.82017970895077,test
3489,33.59231955193976,-117.99803042168256,test
3490,41.014952500615735,-122.37165779845394,test
3491,35.3917647940858,-123.56228751194132,train
3492,34.00966208982495,-121.69320228578668,train
3493,41.82816118353462,-117.44569529671996,test
3494,33.50454820170077,-120.02081128110001,test
3495,33.09532760352537,-122.83001014992634,train
3496,34.77962697468156,-123.78582855186923,train
3497,35.55343876774816,-116.92035297668,test
3498,36.638111248447146,-117.18062937240056,test
3499,39.01856196497622,-119.68168020782754,test
3500,35.99330574865719,-118.99890789544428,test
3501,37.82688929335722,-121.96051860813105,test
3502,32.58503420071638,-119.43617730240496,train
3503,36.17499998714026,-116.92806580613465,test
3504,41.478853356260366,-116.4854987150341,test
3505,39.867798302647714,-120.92949787606688,test
3506,39.54538138953358,-117.44105076919683,test
3507,35.41376629741731,-119.42434559549115,test
3508,37.15302835996118,-116.81744776373635,test
3509,40.527637566667444,-117.31805147471032,test
3510,40.865074192622515,-116.70382243439077,test
3511,39.258842487387,-122.74005239328439,test
3512,36.85344735222587,-121.11892141715823,test
3513,33.222872978469496,-121.70801759807244,train
3514,33.66027583198887,-119.83072011409705,train
3515,32.53277396968193,-119.64675253957947,train
3516,35.931621817192784,-117.56006278290657,test
3517,32.75144613434119,-118.56735044831196,train
3518,36.649656358182696,-118.46149005934386,test
3519,38.188719171869174,-117.91392629987817,test
3520,38.17298492938223,-121.62650713373174,test
3521,37.78866749736299,-122.10858299996812,test
3522,34.671838051988196,-122.22140600709693,train
3523,37.446718898994654,-116.40388866045983,test
3524,41.80904626104943,-123.43723177709654,test
3525,36.74053044313381,-121.18108420281376,test
3526,40.811436269687405,-121.55038564452705,test
3527,36.141909527803605,-118.33724547648801,test
3528,38.430230826105266,-114.91158476325741,test
3529,37.09301444530796,-115.3816891539259,test
3530,39.051254851145,-123.35345671582641,test
3531,41.028168141096415,-118.87043255096293,test
3532,36.705330094986294,-124.05649490885544,test
3533,39.70257286971877,-116.270292351751,test
3534,40.88765048425738,-120.57665528268386,test
3535,40.00698685260775,-122.22474405573966,test
3536,32.762545309353754,-119.44890919045446,val
3537,32.53179601881777,-119.95408474191497,test
3538,40.89162813785884,-114.71634668927861,test
3539,39.436598014971345,-124.09784499113911,test
3540,41.60351034465378,-114.64566337023247,test
3541,35.29980827151116,-122.02363247603877,train
3542,39.992059353212234,-122.94471841586567,test
3543,40.12041407030402,-116.79179654399002,test
3544,40.64888185791061,-119.0522318592603,test
3545,39.08350434275316,-115.20587522699924,test
3546,33.83977668819156,-118.84541149357177,train
3547,38.97852774329475,-119.2286289261346,test
3548,38.25446059011342,-122.3144710317696,test
3549,35.68987471612088,-114.6478322522033,test
3550,34.505569766720654,-117.58910584894036,test
3551,40.91189647264915,-118.2378264826973,test
3552,33.874233307272995,-116.29452523463102,test
3553,36.52821408169178,-123.39589612502341,test
3554,38.427902010023175,-115.50727736691655,test
3555,41.73291220550492,-119.28002325132091,test
3556,38.884146057333645,-116.1691833641144,test
3557,35.41719654378683,-117.09277624252218,test
3558,33.10446851813027,-119.78751032673586,train
3559,35.53864857335849,-116.50429171579829,test
3560,35.30268871670022,-117.00967433740419,test
3561,40.28668269277614,-124.40162738765521,test
3562,36.09625573129021,-117.12765891219014,test
3563,33.462305712409865,-119.19438851773025,test
3564,40.768686571697074,-115.78505548203246,test
3565,32.700973906436026,-116.09256560574809,val
3566,32.55849897565342,-122.68061382045323,train
3567,37.02591321577091,-124.21566813675132,test
3568,33.185516146214596,-122.41588483462627,train
3569,34.20715495534296,-116.79899845393261,test
3570,41.86064499269402,-115.45636718118574,test
3571,40.526136578342026,-117.21708189231448,test
3572,39.76543679107345,-115.97974086186485,test
3573,38.8824102137775,-118.38554656467905,test
3574,32.982812302214114,-119.21777182281086,train
3575,40.44605550100233,-114.4355469166242,test
3576,36.99215347986095,-123.60911546577974,test
3577,33.4610901527858,-120.09583749362073,test
3578,35.37811207559068,-121.5732299307716,train
3579,37.283638094359645,-123.18165445476318,test
3580,32.65968783757856,-118.19650115476284,train
3581,34.920412409796604,-121.72588861288669,train
3582,35.71119676413717,-119.66683552881042,test
3583,36.92210398539263,-123.03177144958353,test
3584,32.548765804784246,-120.41923907097434,train
3585,37.88474161311679,-122.37537255542063,test
3586,34.40159124192727,-115.19257867832124,test
3587,38.185962526189016,-119.05409559788413,test
3588,34.794753408412255,-116.19670563797531,test
3589,36.34374364177045,-119.43216151360474,test
3590,38.43577798686227,-124.00301775412323,test
3591,38.74774258299456,-117.27915279872704,test
3592,32.81974121383399,-123.94694041549513,train
3593,37.59715597031024,-120.36713318122997,test
3594,40.263596608515456,-118.801055253466,test
3595,34.48482624140054,-116.39997006728207,test
3596,37.56793239945014,-115.17543640629782,test
3597,36.76891066340362,-122.3283699172669,test
3598,40.57888357787569,-117.59857114849112,test
3599,36.68508631683531,-119.59194186008851,test
3600,41.468169634062335,-116.52691304357722,test
3601,38.70849724196095,-114.75021091347199,test
3602,37.8462991064748,-118.94510905336196,test
3603,35.294478053053865,-121.48339083678913,train
3604,38.179097569157,-116.20737017625635,test
3605,33.77290362077251,-119.0093530717837,train
3606,36.47183158406001,-115.34370974489137,test
3607,35.22353264658162,-118.60378593241421,test
3608,38.877518487871804,-114.77826234832389,test
3609,39.76504194508203,-124.25919746014785,test
3610,41.32411525481598,-116.82133447021641,test
3611,34.6332942992963,-120.86719364949387,train
3612,40.90858911259194,-117.54652394284237,test
3613,40.54116056474186,-114.72440481497188,test
3614,40.697227014803616,-117.69817576346013,test
3615,39.542306408733666,-116.75920077365882,test
3616,35.06532207067655,-122.81049985394063,train
3617,40.84344949736868,-122.68195893689713,test
3618,38.207723935641155,-118.52797395573617,test
3619,39.54359283539068,-120.00046788101781,test
3620,34.47378716125399,-123.29403789159825,train
3621,34.020677771317814,-116.93086254659676,test
3622,35.15178498415764,-117.23375738541742,test
3623,37.372681256065924,-123.49585371065493,test
3624,36.47543966025381,-123.93834852620085,test
3625,40.935648101286304,-120.53443464993714,test
3626,32.65328522485467,-117.91444848522929,test
3627,33.28805828119813,-115.22731888895808,test
3628,35.61163137701906,-119.9602475411586,test
3629,34.11842424126532,-123.57289820272823,train
3630,36.38192833532062,-115.77479497482837,test
3631,39.32560666159436,-123.15228249139516,test
3632,41.937667245955986,-117.86849579742041,test
3633,34.443647856217204,-120.17729551210755,val
3634,35.04877978947683,-115.06233192280462,test
3635,39.80995501122761,-117.17236851060339,test
3636,35.10631072813354,-124.43852983473668,train
3637,39.19451224182483,-120.59682441292533,test
3638,38.055641287234145,-122.58101340761023,test
3639,40.62584711592685,-121.51679021870783,test
3640,32.84569925826809,-120.32676609663275,val
3641,41.8082037108402,-118.85831960664746,test
3642,41.66145384083747,-116.20868483069384,test
3643,32.74201241560942,-123.54892489666133,train
3644,37.260354223290996,-119.89222428234856,test
3645,36.331505214058105,-115.66909516846931,test
3646,34.93692504189883,-119.98422175913348,test
3647,41.79001147347351,-119.08606849242521,test
3648,34.18346642071491,-116.41257252389474,test
3649,35.025861042093545,-117.09005849343211,test
3650,32.607871560091915,-119.18192330802832,test
3651,38.024713023398206,-114.46927043396448,test
3652,40.681763110698526,-124.06663828444862,test
3653,38.41951550063846,-123.87799923957103,test
3654,38.70072043016025,-120.03389277708096,test
3655,33.15805389986873,-122.81257353551369,train
3656,39.299224364978535,-122.20779888152983,test
3657,36.4032718459741,-122.89264907246164,test
3658,37.016057023405395,-117.30167616212736,test
3659,38.070097442286446,-120.0967216874956,test
3660,41.766700525567714,-115.83965850075609,test
3661,39.61529543164418,-121.85853798955789,test
3662,39.00678954073331,-118.01247381015847,test
3663,36.62002703941695,-122.23941474734934,test
3664,32.856246391528295,-124.29066811576728,train
3665,37.631343847301366,-117.33725148394895,test
3666,38.78854525166765,-122.9396895067436,test
3667,39.19867631418679,-117.28681214378648,test
3668,38.286633858616604,-117.3191775286005,test
3669,35.37447572771597,-117.55143521323802,test
3670,34.62316737394883,-118.33689479391474,val
3671,33.38319038548166,-115.31645135203883,test
3672,39.18581310121631,-123.66018601920506,test
3673,41.723342863576455,-114.83294608789491,test
3674,37.50196274176538,-123.75985596425086,test
3675,38.90503984102278,-119.33321612948282,test
3676,39.08894569926407,-114.92146797091891,test
3677,34.05885674214179,-121.66733911091035,train
3678,34.34635943655712,-115.80120396877284,test
3679,34.501438371605744,-118.32421995515398,test
3680,41.36400932424014,-115.56117498841532,test
3681,32.67754317346816,-123.93927043976156,train
3682,37.65486828040007,-118.70824468119406,test
3683,36.10187208365652,-122.49500745047547,test
3684,38.7740476834679,-124.25371329423928,test
3685,34.6180608003636,-117.33688073674935,test
3686,41.632287662791775,-116.71075799135518,test
3687,35.666609214304835,-116.84878641062348,test
3688,41.29852662190895,-116.94488450053798,test
3689,38.10972738048496,-116.19259976587195,test
3690,36.454946607260155,-119.59852953927769,test
3691,39.47989590535127,-120.85649236611748,test
3692,37.767522465296814,-116.49137026007526,test
3693,33.842376520948406,-117.56879143765227,train
3694,39.201512720852286,-122.37793436374038,test
3695,38.01780734954071,-119.9521271767446,test
3696,37.88665801424563,-122.56179987778748,test
3697,39.520240540062176,-116.40950618886225,test
3698,38.71845737641042,-121.89207992384407,test
3699,35.99831707610413,-118.02000824693567,test
3700,35.5460886486161,-116.85836241305448,test
3701,34.905254568347225,-114.21656256494933,test
3702,37.97662722630402,-119.97430028205908,test
3703,35.36993707905296,-115.44493210631883,test
3704,33.670361223331184,-117.59051100618767,train
3705,39.94214525076268,-124.35289718657071,test
3706,34.51048233346664,-120.40591258344698,test
3707,34.09138511276729,-120.3766423063537,train
3708,40.570039212660845,-123.20666470311336,test
3709,39.17915224202687,-119.93360249422608,test
3710,39.78550646528249,-123.23930139926247,test
3711,35.84791437173996,-115.82718591726689,test
3712,38.37712088712834,-120.70883974719376,test
3713,41.357879549572374,-122.55201493733121,test
3714,35.207143075347446,-118.23520586996628,test
3715,33.183071045279306,-115.59832831403098,test
3716,34.1482152196057,-114.80089688622498,test
3717,41.02900569379822,-115.21991423272588,test
3718,35.19609934837253,-115.34603758654936,test
3719,37.18216502721762,-120.85158914707395,test
3720,37.59236780561002,-119.2291049765213,test
3721,41.62132902891737,-120.61180628520358,test
3722,35.3850062749352,-114.93148255359273,test
3723,37.46757552567561,-123.48296213197038,test
3724,41.60343739147399,-118.72496415432349,test
3725,34.436735445994536,-121.89440139206805,train
3726,38.19197380811559,-115.67264150772057,test
3727,33.13235597966045,-120.94265902839965,train
3728,35.0203749418919,-115.53541566918913,test
3729,33.1854654778616,-114.87187756416898,test
3730,35.65654652035673,-122.66701355754377,train
3731,34.4849281598331,-116.66365479858196,test
3732,40.09099689512644,-120.83172414504136,test
3733,36.91835490313051,-120.28222268156505,test
3734,36.36535202425514,-121.61112903659202,test
3735,39.08630001731507,-118.08216678238601,test
3736,41.49997751542411,-120.90194691894985,test
3737,35.385615931352795,-116.80425071473864,test
3738,33.16213241835921,-116.41374720839569,test
3739,33.56961818389731,-120.36618618350673,test
3740,40.6478262755818,-124.39108905952165,test
3741,40.540246767162444,-123.75870154098452,test
3742,37.031710403472275,-121.61699596191139,test
3743,33.92817886250722,-114.60556754804622,test
3744,37.51585439630901,-120.37982580223276,test
3745,38.85995530000263,-116.76693428336509,test
3746,35.676279561508466,-114.789036651538,test
3747,33.311445732933244,-120.91729198395537,test
3748,35.57878734716552,-118.6531005935843,test
3749,39.06973546374149,-115.65257419184799,test
3750,41.79514201315236,-118.10143383992006,test
3751,34.330153682081836,-123.28300552612316,train
3752,41.19084293003915,-116.50566190643488,test
3753,36.85421897428136,-115.11880579384545,test
3754,38.81067564801933,-116.51392144438105,test
3755,40.70922888263284,-116.68132519757417,test
3756,37.809150114083614,-116.64877092429975,test
3757,33.112039306761424,-118.12472417478386,train
3758,35.046924024976796,-121.8850796060456,train
3759,40.13351723860342,-115.04925252279145,test
3760,37.76588568599112,-123.11096582492992,test
3761,35.646333249098255,-115.91058085469525,test
3762,38.05386734289691,-120.73485111826021,test
3763,35.0733589051746,-117.49291486928395,test
3764,34.81236753943376,-116.13944878633397,test
3765,40.374881937951564,-116.20654714494503,test
3766,36.318640231372065,-122.77861967646703,test
3767,35.12467532554796,-118.14143456728301,train
3768,36.40490081168814,-122.22785909358771,test
3769,41.24839762526431,-123.2842048376411,test
3770,34.24206889820393,-119.14518288591803,test
3771,34.28412192414374,-114.25859610280288,test
3772,35.880153283152055,-114.31904482954117,test
3773,33.10235529374317,-118.52823381939855,train
3774,33.239504010468316,-116.47888437007126,test
3775,32.633967191181576,-121.8658201650047,train
3776,33.91439167506997,-122.12682586859299,train
3777,38.59446848162797,-117.15574639983348,test
3778,34.39015550430114,-116.3363447413177,test
3779,36.10767096377377,-116.79165925352395,test
3780,39.21189313483412,-123.36252712658289,test
3781,32.83136534190484,-120.76682997940799,train
3782,34.50978792391544,-123.98450248921677,val
3783,41.96106138174065,-116.33466705261252,test
3784,38.1832282531316,-121.2258949815518,test
3785,38.780007287059085,-120.00943406016609,test
3786,37.41697463580581,-118.47166117071899,test
3787,41.67700162072528,-124.43430362557365,test
3788,33.896492782612945,-120.78902063372378,test
3789,33.168020331014205,-116.94171112387784,test
3790,40.259093605869815,-121.49066691523862,test
3791,32.56879261942909,-118.55837765325474,val
3792,37.847990291965814,-114.3653631675544,test
3793,32.54337530618883,-123.2218086460641,train
3794,35.827876790180675,-121.67443572418848,test
3795,38.69389486358149,-117.3883052165542,test
3796,37.71318069838078,-118.27072780421699,test
3797,37.831896000050726,-114.35678511964596,test
3798,34.02006847042002,-124.08324660173358,train
3799,35.32111868887513,-115.38788044051338,test
3800,39.25397570390579,-119.4031004978551,test
3801,32.75062413557568,-122.10067127691701,train
3802,38.167332864232,-119.25031435942891,test
3803,37.42661134434702,-120.19025716581179,test
3804,35.787274827395926,-122.59105855703126,test
3805,35.70032218221679,-122.17802996834443,test
3806,40.096030152538525,-121.46926031555292,test
3807,36.147510290293134,-118.7468298873298,test
3808,33.2862712631288,-123.58324558210732,train
3809,41.64051348695679,-123.52400346337394,test
3810,33.764596914141215,-121.01969713949443,train
3811,40.081887770749546,-117.1478309223225,test
3812,32.66204337008966,-114.35367427612616,val
3813,35.980853054425864,-124.31624618597799,test
3814,37.40875977677129,-114.41516795760344,test
3815,32.81204012451246,-117.36691190790795,test
3816,39.48180036146338,-115.15083592195401,test
3817,34.99770672169228,-118.9103515299284,test
3818,37.65486526904609,-119.66709583767205,test
3819,40.03334267865567,-116.34500361087385,test
3820,38.12784785596708,-118.75804677762899,test
3821,36.84465771170251,-115.18816174367106,test
3822,35.712984068281145,-115.23251821263034,test
3823,32.957146517890266,-118.97100399441379,test
3824,41.17630889620678,-118.52448654900377,test
3825,38.13559094613416,-119.73580091355562,test
3826,38.51064168860298,-117.33222207926019,test
3827,36.701653163780726,-117.40490847439837,test
3828,36.059584117246416,-117.7323840915207,test
3829,32.97182039536457,-123.79717237744016,train
3830,34.130350720524916,-114.50546208804428,test
3831,36.559944343247665,-120.97994082274802,test
3832,34.8189429161545,-121.90150692067772,train
3833,32.95086589387624,-122.26408050132656,train
3834,37.7007529626756,-123.72568604184573,test
3835,36.92515678071574,-119.72792426921879,test
3836,36.52040236027421,-124.01144802999124,test
3837,39.95665258275612,-122.78107447035586,test
3838,38.20752869598897,-124.3856130165384,test
3839,32.543401454678076,-122.63903576775698,train
3840,39.74528673956288,-114.17901901615126,test
3841,37.10010429158923,-118.85761209227942,test
3842,37.424228327683736,-123.74769801324575,test
3843,40.95425410145988,-118.62364699749551,test
3844,33.56431011532678,-118.24584172940092,test
3845,38.206354423306344,-118.79293617748627,test
3846,35.20205265230956,-120.97596382217326,val
3847,32.877656114706745,-117.66384293426243,val
3848,36.672003938774154,-122.96969921863742,test
3849,35.215815403196075,-122.17630607258147,train
3850,32.54413833904443,-114.18443047647422,test
3851,37.19818907081951,-120.15528940579982,test
3852,35.47633877989505,-122.91626605213789,test
3853,36.64114746018777,-122.20246801039278,test
3854,32.64109394577702,-116.97419803209132,test
3855,36.33487560235259,-123.2414606118288,test
3856,36.98473095528472,-120.7904730633399,test
3857,36.943220264162846,-121.05423183989947,test
3858,39.31929105177416,-122.08951450647156,test
3859,41.91748386985113,-119.52380046039679,test
3860,32.79385647094223,-123.304580937317,train
3861,36.28037143288243,-119.73279275680012,test
3862,40.64311409590701,-124.10368426416319,test
3863,38.45534832870912,-114.43577481801243,test
3864,41.84470611424572,-118.20375092683123,test
3865,39.28604898695278,-123.66602661424604,test
3866,39.38862215156717,-122.47362490060941,test
3867,33.250520511497164,-116.84720466250579,test
3868,35.13666248488959,-116.89646545266895,test
3869,38.05867794565969,-120.67702111550295,test
3870,37.47705865368347,-122.90961184183662,test
3871,39.75174080819383,-118.91458972678404,test
3872,41.93993834686212,-121.59034424507774,test
3873,34.48843638494966,-123.44190364246482,val
3874,36.58693968529759,-120.87275503141507,test
3875,40.73897456740893,-116.69706033686688,test
3876,40.467273034503435,-120.78881598267886,test
3877,40.2688218025632,-124.01955616631703,test
3878,38.405127573017445,-123.19870399023334,test
3879,41.93554242756069,-118.29167222345535,test
3880,35.919345664371235,-119.05660453422857,test
3881,33.63131217396517,-117.48216546481595,test
3882,33.78534233029232,-118.54525433365843,test
3883,36.65600253830867,-119.31357145172603,test
3884,40.15287635604353,-119.54151114577975,test
3885,36.81845397889029,-114.5265460874007,test
3886,38.31979874023817,-115.54978806859255,test
3887,35.920464650526874,-120.49252249461557,test
3888,39.299451503560164,-117.70271100841866,test
3889,33.980251516375645,-124.22933778128953,train
3890,37.45549490588812,-124.22399740735489,test
3891,34.28317662104192,-121.15552077503392,train
3892,36.96756753459248,-116.65835220614129,test
3893,36.606778410840015,-114.89852215809026,test
3894,38.25520346610095,-117.39851879957162,test
3895,37.355393384788016,-117.15712465856919,test
3896,41.7702684888168,-124.10885956985359,test
3897,41.05595080590086,-114.85005727709849,test
3898,35.31491854572416,-123.54515971823861,train
3899,33.67754435212095,-114.67737689852186,test
3900,33.14319907912983,-122.97900806306026,train
3901,34.40500127459693,-124.09580563721785,train
3902,34.633357166039666,-118.62918141211486,test
3903,40.94581256590689,-123.26828574822122,test
3904,41.28824313212736,-124.14291584256225,test
3905,34.712553671587216,-117.5546992417246,test
3906,39.71518352317545,-116.82856379589965,test
3907,40.44468468766429,-121.41977075409358,test
3908,36.105025210245714,-118.9395302164891,test
3909,40.7839961968994,-118.3978743410143,test
3910,41.89253704429724,-122.7816625806784,test
3911,41.695020400851845,-119.90294767085348,test
3912,39.555857668424835,-117.87285030052851,test
3913,36.04964644123679,-115.30851085214735,test
3914,34.67974196356915,-120.12153317828464,test
3915,41.93247954712349,-117.22987190092879,test
3916,35.14537277980177,-119.26767154527921,test
3917,36.68148413821444,-117.14995190160305,test
3918,35.031259361939334,-116.30556305598422,test
3919,37.22824559954641,-118.97001435854499,test
3920,33.57530858768104,-123.81002837744116,train
3921,40.19176547062819,-115.41458436363243,test
3922,37.313364435185974,-118.24375421029889,test
3923,36.50268719595847,-118.24737233673237,test
3924,35.96897936250949,-119.18741588162584,test
3925,38.02055745542781,-122.6463570615739,test
3926,39.91553993090993,-119.42754255459896,test
3927,41.077252342331924,-118.90534972290881,test
3928,40.49917863662277,-120.48337811386557,test
3929,36.74900966989312,-122.90274838790135,test
3930,40.42790483799007,-116.58133745920526,test
3931,37.535987780472105,-119.73256252625055,test
3932,38.57354715764539,-117.21617581412143,test
3933,38.91808702060446,-123.95563613155284,test
3934,36.31498696844079,-119.23985987640826,test
3935,37.132923096038084,-123.67933425206408,test
3936,39.08881779164484,-116.87722057868072,test
3937,35.44608047958535,-118.45029059999035,test
3938,39.603268872527245,-119.78615769238782,test
3939,35.883356766483885,-114.40999612080759,test
3940,38.074585387771556,-121.0787688982452,test
3941,40.4622871385635,-120.0800078907538,test
3942,32.74975058858788,-116.83606511445313,test
3943,34.80602022789317,-119.02672111189142,val
3944,37.844257865300264,-117.65064715022878,test
3945,33.53479010818799,-114.37455421785002,test
3946,34.47704842469192,-117.26757165007191,test
3947,39.62387721918871,-122.88619320864439,test
3948,32.774544235982155,-122.28163066040602,train
3949,38.307048114148266,-115.47178037060064,test
3950,32.85346730566884,-123.94538718661826,train
3951,33.62779741034603,-119.19038950260148,train
3952,36.22652727499573,-115.09959836078939,test
3953,41.66635950404398,-116.43709132506227,test
3954,37.699176296098685,-123.2474722744839,test
3955,35.48676291326041,-116.8058056411724,test
3956,36.42526059337535,-120.50087431083652,test
3957,37.91627278804678,-115.14775365250033,test
3958,38.39587444346542,-118.53447744846103,test
3959,35.067044138201425,-118.78215265155515,test
3960,34.398378327450665,-124.35018560450783,train
3961,37.2205792922307,-121.86604508599488,test
3962,38.63674133968224,-120.18450336303822,test
3963,40.26301253952293,-116.97640367411604,test
3964,38.14377164277382,-119.07828787249431,test
3965,39.08735077841571,-115.65032355592079,test
3966,37.113283602754,-124.08584885590227,test
3967,37.89683137129647,-121.11101248330237,test
3968,38.54768844761695,-118.27885130252494,test
3969,34.76805688159462,-117.64822567187917,test
3970,41.375682260444634,-119.26016073023213,test
3971,35.800359286040496,-120.3278301923846,test
3972,38.25639664141752,-123.70225837523847,test
3973,37.84223635690387,-117.26174055367696,test
3974,40.61118164763059,-115.12258237977929,test
3975,33.605833431916004,-116.10087983140858,test
3976,40.90366772953955,-117.21031873721397,test
3977,33.8275325304566,-117.90180120673577,test
3978,33.89870267190301,-116.48026015104172,test
3979,40.69555326810403,-116.43189648482124,test
3980,34.964755053562264,-124.36844409462786,test
3981,38.32361788091035,-120.75058268120867,test
3982,36.9203936884466,-115.490367087848,test
3983,41.37750141156584,-115.66842143575182,test
3984,39.9363353670615,-117.12035957128235,test
3985,35.70239107564557,-121.25348357648339,test
3986,40.233283870077145,-116.21352291691942,test
3987,34.668216991163064,-122.05267064876062,train
3988,38.3594607011626,-122.12953876816152,test
3989,39.64749831823204,-118.91658681542168,test
3990,39.18891077447245,-118.54947449401412,test
3991,38.74877856901203,-120.81780638063381,test
3992,40.389804826548655,-118.21507765565792,test
3993,37.79729395195465,-117.12905306831685,test
3994,41.321454669912065,-122.5819539360814,test
3995,33.901348537449145,-121.46437714409142,train
3996,35.89856037938173,-117.22466900381936,test
3997,39.944934351579555,-114.88004039973376,test
3998,35.44728755321192,-115.3214021557757,test
3999,36.72472804595234,-123.10333778654878,test
4000,39.849169411677465,-118.56613159676887,test
4001,37.630256505894145,-116.19019023015142,test
4002,34.30673854136949,-121.99316324246158,train
4003,34.18572091657573,-117.80870403560849,test
4004,35.38266982243326,-120.03105254266418,test
4005,35.399529043387055,-117.60723967192159,test
4006,33.82430795138834,-124.10898428358676,train
4007,40.43423647114279,-121.21345469837442,test
4008,35.206474165910436,-121.27145247300696,train
4009,40.12727437956573,-120.12347943229261,test
4010,41.7485732244818,-123.25911328296858,test
4011,35.67367451676728,-119.93845862887895,test
4012,41.71808751127273,-118.85715305520282,test
4013,34.34067156685867,-124.16514684430052,train
4014,38.66138282383079,-121.33756549596062,test
4015,41.91647601247762,-122.61212776896403,test
4016,40.18528203066561,-114.4170029005204,test
4017,34.70526645054773,-123.09747082715906,train
4018,34.96694021520802,-117.97134679740881,test
4019,35.01521784517396,-120.29689527289877,train
4020,41.46014027788235,-121.47761461028671,test
4021,34.85404756437639,-115.6344801349259,test
4022,37.356057024528305,-117.5932611778805,test
4023,35.84345162425072,-118.04468665457495,test
4024,35.951221220410275,-123.47439031906862,test
4025,36.39582327431578,-121.77002651184353,test
4026,35.79757562164366,-121.58936500818218,test
4027,38.21131398281911,-119.96154476213813,test
4028,36.55921598643674,-114.9396637441383,test
4029,36.70637953005405,-120.27834069134266,test
4030,37.32176297942207,-121.05810336971582,test
4031,35.903010620797524,-123.70864097913224,test
4032,39.67567924614476,-120.47108422144805,test
4033,37.29797789837899,-123.90019347766923,test
4034,37.352229419622354,-120.67474201970846,test
4035,34.51723350640135,-114.46214290691262,test
4036,32.8220240917485,-118.70701363341323,train
4037,40.19383534932598,-122.28654493195286,test
4038,40.63141309303764,-121.35504365117767,test
4039,34.814607164319604,-118.55195919130513,test
4040,35.93950589519805,-124.24116706283979,test
4041,35.920429672880516,-115.1654212408028,test
4042,39.009490814649695,-118.47939607577376,test
4043,34.30312416763931,-119.36455238232773,val
4044,41.798415730916304,-117.05562908375742,test
4045,33.1158281704119,-122.37530797884766,train
4046,41.751578168043096,-124.21685631393188,test
4047,33.181366372661685,-118.09706307451526,test
4048,35.53685782736808,-122.79037514878385,test
4049,34.904065081593885,-124.31380602587991,test
4050,34.98873663559414,-114.86286855405274,test
4051,41.949520038356525,-116.31140224531791,test
4052,36.87059108963088,-123.2625867591778,test
4053,33.661765049254456,-115.19862256638062,test
4054,41.83219126822678,-123.74331290818635,test
4055,34.82804297932873,-116.16117545043218,test
4056,33.217020486719385,-120.16679807479623,test
4057,32.758990561911276,-119.09755335254061,train
4058,36.916795314472424,-117.54953188003344,test
4059,41.22660752684705,-123.42176827639237,test
4060,32.690615691317014,-115.0810308194052,test
4061,39.397420801844866,-122.9590625814185,test
4062,34.996194746678185,-114.73226670645255,test
4063,34.604502608457835,-123.49681187623685,train
4064,39.19488926745141,-122.66659371181946,test
4065,39.612359814942565,-123.84660071477803,test
4066,37.8238744667267,-120.33883731223246,test
4067,34.44535896945263,-118.34817020721908,test
4068,32.58973809811262,-117.99548002602688,test
4069,39.51202069950668,-115.8979695638203,test
4070,38.208349261896196,-118.99240391339899,test
4071,36.53151283728532,-119.18074915781534,test
4072,34.55262108347996,-121.07743557129223,train
4073,39.745518715331876,-117.72710217248053,test
4074,33.201378204136105,-115.07306681813891,test
4075,38.616391777355524,-120.77685393620628,test
4076,39.049133011163455,-120.765982948619,test
4077,34.644246535177,-120.90032377417702,test
4078,37.10708692864754,-122.09536923874428,test
4079,37.45628802821331,-118.59721395640372,test
4080,38.129439816402794,-123.35152055009459,test
4081,41.06425005423121,-115.8332416818074,test
4082,37.70455099709734,-123.01976892394437,test
4083,33.16750580724238,-122.64678284822818,train
4084,35.796883941943484,-123.73299959825316,test
4085,38.48025523970735,-120.50831066306174,test
4086,35.68484278345038,-116.62867693779991,test
4087,39.80239396026279,-115.0569294869806,test
4088,34.32840419571278,-119.96256514716582,test
4089,33.88425843356061,-122.01574234703642,train
4090,34.7178793823051,-116.95850062601755,test
4091,40.826525000170804,-117.34523694309226,test
4092,38.97845161899141,-117.4122426403957,test
4093,37.45486072988237,-119.86830517679336,test
4094,35.37419409412621,-118.61177492384364,test
4095,41.22905525426532,-123.80112133508379,test
4096,40.946712539463526,-121.86236934582807,test
4097,36.31232230570062,-114.88319589056826,test
4098,39.65829474274206,-124.00925113344161,test
4099,41.18145028256351,-121.33050411659175,test
4100,35.49745679810854,-122.10329714538358,train
4101,35.64296271414956,-123.09723665794128,train
4102,37.69878559238715,-114.90993307549702,test
4103,36.39723159664721,-123.14201165462957,test
4104,39.741211581903784,-119.39458153880715,test
4105,37.614729626940886,-115.78465719095635,test
4106,34.53627119313474,-124.40007957035658,train
4107,35.904987420201394,-123.32107963501971,test
4108,38.88663382644745,-120.91507078121809,test
4109,33.03602228898048,-122.91912031226757,train
4110,35.770323148619624,-122.55677953006489,test
4111,32.68243017679217,-118.34518356477045,test
4112,40.30361007636069,-122.6807922356429,test
4113,33.63978865365303,-117.85348504374946,test
4114,33.26112870646252,-115.00100411288358,test
4115,39.97903586782963,-122.07459014448443,test
4116,33.377629988906214,-122.25134160010839,train
4117,39.00996627975678,-124.32253207569019,test
4118,36.12730806244098,-124.28878948504374,test
4119,40.31149387596237,-120.35078015652556,test
4120,34.261601379985635,-119.39797615557835,test
4121,33.32942968658991,-122.55522076952289,train
4122,34.69301857275178,-121.10999404003316,val
4123,41.35731877965365,-122.99340440243401,test
4124,40.38177561586608,-117.41634190500284,test
4125,35.236405801395925,-120.38879630537205,val
4126,34.48190091708186,-116.8690153134784,test
4127,34.01529267820266,-118.76627235672568,test
4128,34.624796255095205,-120.55004585548296,train
4129,34.47176614421865,-117.98215950570768,test
4130,40.94113911462975,-124.36608654950692,test
4131,32.71926655220865,-117.32234250138217,val
4132,40.86476016601142,-120.61449031296102,test
4133,32.92229198795191,-119.1450281262149,val
4134,40.360125844962624,-119.04364516249525,test
4135,36.56182632910183,-118.68276851873722,test
4136,33.26113660222748,-117.19839504702439,test
4137,40.09657931211263,-123.29923841139268,test
4138,34.95848404042836,-119.39863929344004,val
4139,40.844925658319916,-123.5826924879022,test
4140,39.6538799853464,-122.0258797434705,test
4141,41.827366379000296,-122.48868287203791,test
4142,40.40783627427464,-118.2673066795956,test
4143,34.8119044906425,-118.1911349123692,val
4144,36.40526794741179,-115.8734269134513,test
4145,39.12708895521813,-119.05985873471064,test
4146,35.523135135919624,-116.76236450252448,test
4147,37.70538926860269,-115.27360602144861,test
4148,34.78051821524004,-123.06323959384714,train
4149,38.80814465449036,-117.0068061049577,test
4150,35.77000880264981,-121.05897883703898,test
4151,33.052536023052134,-121.57316273172205,train
4152,41.694820370420544,-114.51164900089715,test
4153,40.521766797310086,-122.31143077097052,test
4154,35.40619783660549,-115.01095814661062,test
4155,33.75754685779971,-115.94748314802295,test
4156,39.49259186082252,-115.38129940056866,test
4157,34.61977124343174,-118.39851038625163,test
4158,38.26365007824609,-118.41168314570746,test
4159,39.90787934540798,-120.2893787195222,test
4160,35.109853986239386,-120.30652109654743,val
4161,35.2255089346346,-115.66962118147111,test
4162,33.11347193437965,-120.44224428995855,train
4163,35.5589620518355,-119.42215518804987,val
4164,38.18786161836192,-114.16718966612767,test
4165,34.005395942915506,-120.78702412826253,train
4166,41.55569406199412,-115.95907974326262,test
4167,39.371276994861006,-121.5820914358069,test
4168,34.46094140244251,-124.18149087785275,train
4169,37.554939888163005,-118.32175873064394,test
4170,36.23694517226203,-119.49794296855589,test
4171,36.15088439762977,-116.32940529146565,test
4172,37.83308825102848,-124.39718700285218,test
4173,33.554186740619045,-123.71252240066433,train
4174,34.56902003681279,-115.57671038778692,test
4175,33.94747248519127,-119.48263251782342,train
4176,34.177582970560906,-119.21928988845411,test
4177,38.73490923299123,-122.1191473821193,test
4178,41.96368148706755,-114.8937533926503,test
4179,38.69597491181379,-115.0123236947595,test
4180,41.855331753874076,-119.11288676600611,test
4181,37.99425965743536,-122.1942392348379,test
4182,35.21293262751831,-114.30742023113106,test
4183,40.79072674423936,-115.23877440721343,test
4184,33.16629967136192,-119.06425249805051,val
4185,33.499992576780194,-117.9818310436453,train
4186,41.50400315206377,-119.90702493603935,test
4187,38.687253837880085,-122.31554433730093,test
4188,41.327270366341864,-117.41424181749076,test
4189,33.78843534545233,-117.5412270254491,test
4190,39.80543123019104,-118.79706797484364,test
4191,34.75365496705579,-116.04306206105913,test
4192,35.78156412532436,-119.78156468709632,test
4193,41.043448334836015,-115.56394856767898,test
4194,36.424588157649126,-122.20254078519092,test
4195,38.87998157308577,-114.52378581232271,test
4196,40.93250423367028,-122.32562246560065,test
4197,40.77717610168107,-122.78917186738829,test
4198,32.61435169370681,-118.2189717028052,test
4199,34.028298660648765,-123.4803459163086,train
4200,41.22934692261475,-122.70862930237703,test
4201,37.85607827301181,-116.92365447451628,test
4202,37.077493894690285,-121.26295772842792,test
4203,33.14799191782019,-116.19074935723985,test
4204,32.76724472167766,-122.83625023821712,train
4205,41.55883755955763,-120.46754207589284,test
4206,37.0173697513218,-120.45737125931402,test
4207,39.97737197782862,-119.48711038633388,test
4208,34.613413195019525,-120.20885638157532,train
4209,34.77507139010119,-120.45223922256984,val
4210,37.835617884133136,-121.05380857032358,test
4211,40.8259646673785,-124.28379693095494,test
4212,35.26285199017552,-118.08295311245372,val
4213,35.64373584616763,-119.55830400647858,val
4214,37.74445005990029,-120.59145588997782,test
4215,32.90885276464039,-122.26031357912153,train
4216,36.11687754388272,-115.24976823694466,test
4217,37.79799896490686,-121.987314670593,test
4218,32.575709817367574,-114.94526845957776,test
4219,38.571893307561645,-122.20000833965567,test
4220,33.012600463125416,-114.42459785914333,test
4221,39.34801096985939,-120.11135534899196,test
4222,40.121895024915496,-118.94768359772587,test
4223,40.47338635643533,-121.35926359932127,test
4224,38.906985371628444,-114.75704498065083,test
4225,37.84807362535335,-121.52669455871306,test
4226,35.44260735017999,-116.91151617401142,test
4227,36.55109191482609,-124.22873949816076,test
4228,33.35442086007599,-118.679609770099,test
4229,39.22625174855213,-116.79435578363012,test
4230,32.763760965286515,-119.58529666708066,train
4231,36.44524919056931,-117.8074005408414,test
4232,37.323815344847056,-116.5213335223517,test
4233,38.68634773549283,-119.2825462171876,test
4234,35.78009350161933,-122.19147162946707,test
4235,36.72320077746017,-120.34928055302905,test
4236,38.09245083308507,-116.90566842917575,test
4237,41.27246526920558,-121.64504211975415,test
4238,38.89357608218778,-117.92372301418547,test
4239,34.93949379234083,-122.91110962004507,test
4240,40.55358648707578,-114.84867676581528,test
4241,33.05146054796858,-118.22324397928693,train
4242,35.10867211699482,-119.61213021084134,test
4243,33.554197394657685,-116.07319749495468,test
4244,36.76345592487455,-116.221166451855,test
4245,38.56170049643593,-123.43659946016761,test
4246,37.55852569245408,-121.27417561369909,test
4247,40.2126530542468,-119.71206832712295,test
4248,37.904112916272084,-120.92903302652408,test
4249,34.733355981053755,-121.16862957128808,train
4250,37.609915025265,-120.8089180330706,test
4251,39.495085768914635,-122.97547141356546,test
4252,37.29296835953121,-123.2088072606349,test
4253,36.7154516231907,-121.75619566458303,test
4254,37.54055193669729,-123.71745736468186,test
4255,37.7201108922448,-119.17963187042865,test
4256,35.47097602924072,-122.86116508149242,test
4257,40.61952354452233,-123.74338252915112,test
4258,34.496758149937335,-115.80902690448568,test
4259,32.84092019257748,-118.38277699069698,test
4260,39.5519312841702,-115.17790811828657,test
4261,40.506711411359944,-114.30122054893523,test
4262,38.616712505025504,-118.32069163787116,test
4263,36.97091050338201,-116.23347381038681,test
4264,41.765195575928175,-122.79512218796374,test
4265,36.04109944480384,-117.23981869532716,test
4266,36.373852670699215,-118.77409617850063,test
4267,38.1278377165648,-117.46638950917442,test
4268,36.606142585824955,-123.36029352481485,test
4269,37.788675627238874,-114.79174614354747,test
4270,41.68335835769104,-120.13570542995457,test
4271,34.779112615617294,-116.44150934948982,test
4272,33.936890907273344,-114.22679015118499,test
4273,36.541030180247354,-115.43615332236199,test
4274,37.30286639353885,-121.22631646054536,test
4275,39.2839716540302,-120.29562528221139,test
4276,41.57549002057438,-117.75237609999465,test
4277,39.0517080920488,-118.89298122668167,test
4278,41.878548723667606,-120.20980226272974,test
4279,34.86282742596414,-117.703758354689,test
4280,34.5081891398059,-115.0627625120954,test
4281,35.432884091011395,-121.24909711978911,train
4282,39.984063547092795,-123.11683173782048,test
4283,34.29629442192319,-117.47302199348843,test
4284,34.38791977036007,-118.3612755548078,test
4285,36.42913765301894,-115.10338740641825,test
4286,35.537144401643204,-116.7831832747949,test
4287,38.65214750419189,-120.34587055314431,test
4288,40.95988180103749,-117.91037439628235,test
4289,33.84311561534279,-115.54899582493668,test
4290,37.70776915821116,-120.85755172898867,test
4291,33.367154796743186,-124.2974482842893,train
4292,34.62754259329467,-117.98242954424512,test
4293,35.45719164436409,-124.1727092672071,train
4294,38.01410489622154,-114.77458221415581,test
4295,37.78470405663661,-122.70586986021273,test
4296,38.61983740340757,-120.58134254196541,test
4297,40.28504377114668,-114.68381073175577,test
4298,34.30306694586677,-123.61591556778745,train
4299,39.56983206155382,-124.3952284758275,test
4300,38.84668844332341,-123.37150709804605,test
4301,33.28486350074258,-114.27394339824723,test
4302,35.7942646808988,-114.42147643306329,test
4303,32.792312833909456,-120.47478321245478,val
4304,33.38404609508838,-116.78084918249989,test
4305,35.21746099653658,-116.8525261580773,test
4306,34.83231007719332,-123.41089491350851,val
4307,41.05464559658536,-122.01591358107763,test
4308,40.994177690424394,-115.27459206391238,test
4309,38.00240539145121,-122.73166589233841,test
4310,39.49078674454541,-119.06998127089999,test
4311,41.99622443536717,-121.92278834756355,test
4312,36.4145248481426,-118.69099392063268,test
4313,37.47736878481572,-122.41376849195476,test
4314,38.69638992275763,-122.21563555161849,test
4315,41.24768627160492,-123.95750171915763,test
4316,40.07774673535752,-114.23133299169615,test
4317,33.140074233178225,-123.27398818089763,train
4318,39.28163919061923,-120.15496999589588,test
4319,34.91582947152281,-120.13497721007533,test
4320,34.94391906624847,-121.30961345596654,test
4321,37.71234618064713,-116.25396010757072,test
4322,39.12396906115357,-120.95839639147052,test
4323,34.03788747915453,-117.99160755388463,val
4324,35.50842372472849,-118.84166606793296,val
4325,39.31166591024804,-115.53186221676712,test
4326,33.96945887569812,-115.99113407546847,test
4327,40.57673927103143,-122.19296315202021,test
4328,36.848725260718176,-116.70634739680048,test
4329,38.07932766947462,-116.26861919704417,test
4330,33.291372832615934,-114.96319580730062,test
4331,41.56912678353344,-114.50922651287769,test
4332,41.12433045457843,-116.84184959786663,test
4333,34.330045441657006,-119.8012096177346,test
4334,38.80957855872866,-121.41947240230728,test
4335,40.040820061395095,-115.52532519865824,test
4336,33.6850312953872,-115.00063322091856,test
4337,37.99848520760573,-123.4341442090256,test
4338,40.583798718410634,-118.72493276360339,test
4339,37.328582502763574,-123.10800699319765,test
4340,41.278247169087955,-121.84621313356557,test
4341,32.982683963838205,-120.48924788095873,val
4342,41.23492516776069,-121.23189693990288,test
4343,41.784254911980575,-117.05805095885262,test
4344,34.00677169621541,-123.62585808453562,train
4345,36.61109836188808,-118.11199478612905,test
4346,38.40864381760283,-118.44561620620695,test
4347,40.98896659009448,-116.3240197221917,test
4348,34.040712857265824,-123.44324472525915,train
4349,35.69324476293056,-121.01084631415353,test
4350,40.086395316808655,-117.2528636999867,test
4351,36.41274320888184,-117.10250592615195,test
4352,38.25881470611395,-119.8043580647405,test
4353,37.83325230486179,-119.67915714256569,test
4354,41.74593595805736,-114.49126951789509,test
4355,33.870300690492265,-121.07658945358367,train
4356,41.51173212296972,-122.89231747484382,test
4357,37.87250727756423,-114.61619830993924,test
4358,41.09232188378394,-116.0929400429774,test
4359,33.6469120359604,-121.99588120743576,train
4360,38.60503354144254,-115.60168102184078,test
4361,40.48584204418283,-121.83877240335086,test
4362,39.98176781838679,-115.90901653228259,test
4363,32.62411591439931,-117.95951829533044,train
4364,36.81238576502954,-119.46459792719853,test
4365,33.62233347977019,-114.87156832862802,test
4366,33.977253770655174,-116.09541664015698,test
4367,39.21854461351866,-123.10047247754832,test
4368,41.588808144661314,-117.16558405222818,test
4369,38.53490276800492,-116.30023487274823,test
4370,33.49951076581918,-118.8609741944177,test
4371,34.84064772486835,-121.59373502020007,train
4372,36.11794054360447,-122.0225836308099,test
4373,33.717136009639034,-114.3965550423573,test
4374,40.56025792949183,-119.93665937709524,test
4375,34.37196408510072,-119.0909141704403,val
4376,33.75684870140357,-118.27291130096094,train
4377,39.40223384529189,-123.40249023241482,test
4378,33.73110236648496,-123.60184447151113,train
4379,36.41572516449642,-122.39720847885542,test
4380,37.41186364599358,-123.7664573206461,test
4381,33.28977141129068,-115.17675071514984,test
4382,37.79331429252897,-122.91386976840685,test
4383,37.077153104148294,-122.1040718375451,test
4384,38.85990215954426,-118.90033019385498,test
4385,34.60531195685063,-115.20013443092125,test
4386,35.90727799427958,-123.93448815547644,test
4387,38.776936060897995,-122.21330334177462,test
4388,32.86710001262288,-117.04411721672305,val
4389,33.62657810825615,-119.08725613919414,train
4390,35.215235842553845,-118.3105157433002,val
4391,33.537194860901074,-124.26520627073656,train
4392,32.90418308148027,-115.50323804827383,val
4393,41.88051154247357,-118.47318308582487,test
4394,36.84604703126557,-115.83766758790756,test
4395,37.58398752829342,-114.50379031752398,test
4396,34.94394936873803,-116.89141499402876,test
4397,32.602798180986944,-124.12028187117737,train
4398,39.6393580358155,-117.10413120758282,test
4399,39.38394074170182,-118.63061734738942,test
4400,41.739960835162584,-123.37250678891074,test
4401,32.72983672037356,-121.65189698081957,train
4402,33.82758635467945,-122.6992497205953,train
4403,39.27397573179772,-114.90488528584709,test
4404,35.655797345634,-116.2406289109272,test
4405,33.13393155540388,-117.2141962850968,test
4406,35.380073549659414,-116.57016420936846,test
4407,33.36067928443104,-118.24115311240872,train
4408,40.46212650563749,-115.62220148009655,test
4409,40.83455698168156,-122.08304998922225,test
4410,38.561347561217595,-121.85729790061961,test
4411,36.18160601467391,-118.33906105196667,test
4412,39.81043415712241,-116.08750403524733,test
4413,38.51115979382165,-115.82302102267407,test
4414,40.03006934296894,-114.37483022346825,test
4415,37.36829264872354,-116.58084294297667,test
4416,41.605526245526775,-122.04042017214115,test
4417,35.27661908680605,-122.06199282829546,train
4418,38.25163126295365,-119.84598003952175,test
4419,40.182258124942855,-117.73694555495258,test
4420,40.9949755948222,-119.1510523012428,test
4421,41.495706305261685,-123.7443537385502,test
4422,36.27075391095414,-119.47160260348758,test
4423,39.15277564524717,-116.01571258161408,test
4424,35.27816674515442,-121.96235428343662,train
4425,38.67962204310905,-117.89281365669044,test
4426,34.27462310966662,-121.65919173993406,train
4427,36.52114271988817,-118.71105245768207,test
4428,41.24464510670775,-117.21290762207592,test
4429,40.20928282340918,-122.30353858220933,test
4430,37.2319132297418,-116.81526908546421,test
4431,33.92062523768216,-117.465094375529,test
4432,36.30447305544832,-121.21544481548196,test
4433,33.843289927236896,-115.21281090402928,test
4434,33.17895673330238,-116.39289912168297,test
4435,41.114662801226046,-119.067121004838,test
4436,37.183856040209456,-123.58752185218732,test
4437,33.37651111070876,-119.89719214561562,train
4438,39.31685156050894,-121.03924106650899,test
4439,33.23249881559668,-121.73418782291617,train
4440,36.281686500350474,-117.80475658290256,test
4441,34.71085144043472,-114.93696210093474,test
4442,34.08904878188711,-122.92902556734279,train
4443,37.58271099980741,-116.7937200152338,test
4444,39.34546063757292,-118.0301195851623,test
4445,37.143686788345654,-117.5628974213946,test
4446,40.30299924783119,-115.72613682095007,test
4447,41.217654184850744,-120.56907069643741,test
4448,40.17400505993114,-118.46479459368466,test
4449,41.58797597420907,-121.58594859917149,test
4450,41.32797064997126,-121.5097781709515,test
4451,40.41393446344758,-119.1480578056771,test
4452,35.301230727712046,-124.3647354550547,train
4453,34.18092465302803,-121.8819313345662,train
4454,39.414797669542345,-122.87670731632262,test
4455,40.53715995456132,-123.20416166372664,test
4456,40.32497972147816,-120.47447828394493,test
4457,38.62510451350543,-123.36402974751694,test
4458,40.388851520199324,-122.84927750732193,test
4459,39.2268638611128,-117.54554151740858,test
4460,38.831014706538625,-117.72466270401912,test
4461,32.97107943281711,-114.69686204885708,test
4462,36.8906937796104,-114.95198291030852,test
4463,32.85052269569283,-115.42967501669982,test
4464,33.40474435408423,-117.31626053405687,test
4465,37.6533140651705,-121.69146367885729,test
4466,32.97962645097833,-122.60319369121837,train
4467,41.17819702431744,-114.65150226242928,test
4468,36.79472886436655,-114.54622511320619,test
4469,39.15868417279678,-119.23927997807073,test
4470,33.92962037792502,-118.78585497828804,test
4471,40.55672701849399,-124.38460560936382,test
4472,37.05729369767092,-122.90808250190432,test
4473,37.821607958733814,-118.81079878242579,test
4474,38.67114518331401,-122.56571297874255,test
4475,37.64283645474407,-119.504300485127,test
4476,37.86338204775338,-116.24441806670221,test
4477,39.58063592521295,-116.18397921510007,test
4478,40.1672838814494,-115.55630280229848,test
4479,35.42939262057355,-122.0098085120953,test
4480,41.261806824115055,-119.98713905478938,test
4481,35.88140155103679,-117.97722372768438,test
4482,35.108923490693556,-118.44900259731583,val
4483,35.47924609753661,-114.13955550400276,test
4484,35.92513854046274,-121.5915385988942,test
4485,35.5313328370169,-123.70449026629207,test
4486,40.52031417509902,-120.44114266367886,test
4487,37.84411588450529,-119.09928001616643,test
4488,41.69360176694674,-120.44756366205195,test
4489,33.325059298808135,-121.14735545055605,train
4490,38.34439224825081,-121.78765542458144,test
4491,33.43935009574359,-120.03263624272653,train
4492,36.8753103019246,-117.33432625212413,test
4493,36.15450066339118,-122.90519493899524,test
4494,38.97693844611033,-115.51634525513523,test
4495,39.58936238177293,-117.83002971932952,test
4496,34.78474688506216,-123.33301011175831,val
4497,34.36447931198893,-124.19751303462155,train
4498,36.50276379603304,-123.91050853260904,test
4499,34.82161973576222,-123.5083017917992,val
4500,38.9376293474379,-117.80511210931043,test
4501,37.43259674325446,-114.73976938405227,test
4502,40.361472359810335,-123.065641491006,test
4503,41.82264624037904,-121.5085334703604,test
4504,36.1106814770089,-115.51307865367528,test
4505,41.166608914495946,-119.22650704565072,test
4506,39.889821085851565,-120.03626200895349,test
4507,33.94219870695606,-119.56098707303556,train
4508,40.44624106910829,-123.39744848337891,test
4509,37.08987424750691,-122.17603117936956,test
4510,39.24575345026582,-114.5216076187414,test
4511,39.18373189290755,-117.80629020538245,test
4512,40.92009426976372,-121.48839927460848,test
4513,39.738229741670466,-114.67666037781272,test
4514,40.33918679997644,-120.34182379466426,test
4515,35.56903606362935,-122.9876925366437,val
4516,41.74561237086011,-114.48758734017115,test
4517,38.79527777439364,-117.57424558613656,test
4518,39.85685987321297,-116.67847249637882,test
4519,40.663605773805344,-124.20790303550754,test
4520,33.702227087821214,-121.52077056735483,train
4521,35.71581098141463,-114.69264069233948,test
4522,40.4463136499779,-122.83653204449789,test
4523,41.26116945602251,-115.43444491411672,test
4524,39.6902047068407,-116.49647537760741,test
4525,37.09746558178473,-120.53748436615835,test
4526,34.90812783635043,-115.29788553045414,test
4527,37.50201032960689,-114.92689166968252,test
4528,36.29243312839753,-115.50260322818178,test
4529,40.9169236408883,-120.23888019844992,test
4530,37.90199963656784,-118.38663760564104,test
4531,36.242868352074815,-121.2838100060508,test
4532,37.25060484718767,-123.10018275906923,test
4533,41.37088463905948,-115.13922618316526,test
4534,38.33755779169217,-114.32427711749287,test
4535,34.69843491909504,-123.83597742693453,train
4536,37.2657346735057,-117.3494260260401,test
4537,36.93978350433553,-114.65324637651402,test
4538,35.469528485259296,-118.17236835433759,test
4539,39.50275637646752,-123.95444347424062,test
4540,35.07067741129901,-124.28623848808762,train
4541,37.19443898229209,-119.2427042584923,test
4542,36.70671227679509,-114.74916696534989,test
4543,36.95118945881756,-121.56489569466915,test
4544,37.897364529276636,-120.82813647060473,test
4545,39.000825109565454,-116.2333008837842,test
4546,33.88420851023412,-116.17486784189525,test
4547,35.26043871313527,-114.71108161990077,test
4548,39.84876418566397,-115.79329283139235,test
4549,41.12634848710128,-118.31667387096742,test
4550,32.95290165777534,-114.76144007161163,test
4551,33.224771996206975,-118.1053496504516,train
4552,41.37336707777529,-118.23771878628702,test
4553,33.931000271733545,-124.28016880512135,train
4554,41.80386806618641,-119.74423615465514,test
4555,40.37326358808854,-123.99717335737722,test
4556,33.6730709184593,-115.17368578981923,test
4557,33.500912254022424,-124.33204798109121,train
4558,41.78500192582036,-121.27481038799694,test
4559,34.94317191299108,-114.18086310465172,test
4560,37.6311783996787,-116.24287952991877,test
4561,34.767152109019875,-116.62843207962547,test
4562,38.21838763934786,-117.09019970954466,test
4563,40.48507031083736,-123.9117102195345,test
4564,38.75092999518695,-121.46866152350775,test
4565,32.971459760205754,-116.20794539802695,test
4566,38.166443084211615,-115.20685945369259,test
4567,38.78982752966168,-120.83092306563853,test
4568,34.43250407213246,-121.76541857287768,train
4569,39.74725652001532,-122.00791909965668,test
4570,38.466680210388795,-118.789461324006,test
4571,32.6204117665125,-121.43477068235913,train
4572,41.53175654149943,-124.22001767235618,test
4573,36.74963872070331,-120.41136867194994,test
4574,34.73062873241283,-118.73100762010041,val
4575,33.34629261595252,-117.90095404221998,test
4576,36.07584205802452,-120.9041369096925,test
4577,35.44457348165839,-121.20377302208375,train
4578,35.351616249955576,-121.51323070110737,test
4579,40.041614808348555,-118.01351531006308,test
4580,38.64687334259799,-121.51582266576187,test
4581,33.79001201351661,-114.98724746307694,test
4582,39.23546176199313,-121.53580310800882,test
4583,39.38137459126352,-116.28545005082451,test
4584,37.40012392857031,-121.14357291810825,test
4585,41.95991363540189,-117.89582401305678,test
4586,35.21454871652315,-117.23314786970046,test
4587,33.08357489451524,-122.64221076295013,train
4588,32.802794810113454,-120.52255010578227,test
4589,35.56559010842551,-123.1246294995121,train
4590,37.24528319563219,-119.1751403220485,test
4591,33.270848129600125,-115.0638734243995,test
4592,37.88811282889553,-118.29280853326978,test
4593,41.061244252882446,-117.20588407474756,test
4594,40.076290855578286,-121.52171494339647,test
4595,38.8982773003744,-119.61259450865421,test
4596,38.79659914733209,-116.8025708775063,test
4597,39.445946358436814,-123.08628170035794,test
4598,37.210134459149955,-123.18518642631476,test
4599,36.3350442772918,-122.12607923302721,test
4600,35.434027614492116,-121.99859648733818,test
4601,33.473385914634115,-114.51767730133581,test
4602,37.85367930131959,-122.80474708609398,test
4603,37.004746257177494,-123.3558539555488,test
4604,33.65601041885564,-123.02049330502989,train
4605,35.07051451885086,-122.34798713800967,train
4606,39.984811559409,-120.63850080376776,test
4607,34.95057034345927,-122.40734839019963,test
4608,36.561560284645466,-123.53478015902205,test
4609,34.0575835009713,-123.03146587069504,train
4610,34.138447415596424,-116.29852267618547,test
4611,39.69259395554603,-119.07802111159118,test
4612,33.16140468484513,-116.74996589386981,val
4613,35.22919758300942,-122.61822905550729,train
4614,41.81859732022144,-121.29366963696096,test
4615,37.036705894526605,-114.31243081732055,test
4616,38.2708403556986,-123.55676106740485,test
4617,38.59827751925882,-119.9173083427694,test
4618,34.38743329302632,-121.39060492109559,train
4619,36.02766962987861,-124.36438160441635,test
4620,36.324691859609395,-118.74422121242539,test
4621,34.714569912509454,-118.76944533865272,val
4622,34.745826699067365,-121.13605090078723,train
4623,38.286522332573234,-119.57101425428156,test
4624,33.557263846879984,-120.399020906128,test
4625,33.753007378347874,-119.6540391963977,train
4626,37.95917040265836,-115.69661928267645,test
4627,36.785231495694866,-117.0789352027102,test
4628,38.325009921374104,-121.55067792802433,test
4629,32.78530660116062,-121.97033233699455,train
4630,39.20555193730815,-116.96300600019973,test
4631,40.57845490819658,-122.12525245906885,test
4632,37.493608628986486,-115.08278974351609,test
4633,40.49275782654205,-115.85366194820236,test
4634,36.31480532134989,-121.83652861964606,test
4635,33.27741273098817,-116.17653239228417,test
4636,36.10534329481624,-122.46720711388029,test
4637,36.757108637405665,-124.18368295807473,test
4638,40.72664203803329,-114.53084655671213,test
4639,35.6997653796743,-116.59047465011574,test
4640,35.51400481586484,-119.39816857062226,test
4641,40.93952510456709,-115.74651089371667,test
4642,34.906648050933484,-123.658281987487,test
4643,38.613968692141164,-116.8138740644674,test
4644,35.62322126136414,-114.58028168102521,test
4645,41.54028727531312,-116.00033002701872,test
4646,34.3257480502939,-119.9894234231132,test
4647,39.38569554829323,-120.86953434650592,test
4648,37.7391071147482,-115.2391919345639,test
4649,41.79836305294794,-121.43456231413131,test
4650,41.943714465959744,-114.77490924746672,test
4651,40.04632101101461,-121.14235169820786,test
4652,33.509728941358254,-123.15109728650566,train
4653,36.97149576277395,-122.00797541901659,test
4654,40.62223785531883,-119.08412732782632,test
4655,38.576436766634316,-123.08829675096572,test
4656,40.85384015629462,-120.52264172373079,test
4657,40.09999800865719,-115.10062825420732,test
4658,35.493735751616086,-123.47201840431609,test
4659,34.37726914264922,-118.10404904400815,test
4660,35.58468012680666,-120.27718664070935,test
4661,39.12059906527739,-117.76474047165297,test
4662,37.08568532406699,-119.39214059170082,test
4663,32.94524249512054,-115.40117106724072,test
4664,39.56125701846215,-120.29024291833647,test
4665,32.95327932534649,-119.19810208099648,test
4666,36.406111357805564,-123.09828697746484,test
4667,36.90783302293078,-119.38493904590396,test
4668,37.293664284129335,-123.25712497203091,test
4669,33.8471907116367,-118.42793101956894,test
4670,39.61157301699096,-120.033570359017,test
4671,40.573555021144195,-116.3634449548654,test
4672,39.13911822544474,-120.12550236235964,test
4673,41.53663909471626,-117.93856122951756,test
4674,34.968531054924114,-123.83178866487928,train
4675,34.05211398910779,-117.11970965992107,test
4676,33.1672861224018,-114.5688577059103,val
4677,39.3627918991061,-119.8234012753213,test
4678,34.065155851922356,-124.33845622107249,train
4679,41.41457809230188,-118.21640297862305,test
4680,38.196379012710125,-122.9432222969408,test
4681,40.1451647598349,-119.61524507462585,test
4682,36.64659397161673,-124.10538222626074,test
4683,39.48899033086739,-119.87461199320659,test
4684,36.73137621425866,-115.42405083010928,test
4685,37.63209325999881,-123.04416251947845,test
4686,39.855819011690514,-119.30226179564606,test
4687,34.785314170987306,-121.82257891103293,train
4688,40.9063050891677,-121.74877406148305,test
4689,39.31334991034224,-117.80754518237717,test
4690,39.59973507462375,-116.7252619085328,test
4691,34.78540367347267,-115.43642796652912,test
4692,33.383506320281725,-121.57128163332032,train
4693,33.21995059339151,-123.71029699802287,train
4694,38.65724682160593,-119.88007059847197,test
4695,33.95052256163763,-118.41286399783468,train
4696,41.99234303523642,-116.81492414504652,test
4697,41.631121350054315,-116.64490090340429,test
4698,32.80630388832305,-115.53610641511109,test
4699,39.3962953625199,-124.1186964437333,test
4700,34.999511348687996,-114.32590999789683,test
4701,35.758320963102726,-114.4721304442492,test
4702,34.80573983877083,-124.07350981715854,train
4703,40.39526705084108,-121.20992305879113,test
4704,40.99383452489578,-116.54725555404993,test
4705,32.912602742472124,-119.50655798105423,train
4706,35.08726093178668,-124.39214378892174,train
4707,36.77917443815227,-120.78288022350077,test
4708,37.471654639100564,-118.47113948731848,test
4709,33.36001593601863,-115.37152892010809,test
4710,40.390366987480625,-115.89041687081122,test
4711,41.374789648786525,-114.68344689597298,test
4712,36.345132335693705,-119.61566040757549,test
4713,40.64800673538414,-116.20979706342469,test
4714,38.93508080890196,-123.40141603663321,test
4715,38.13381199693287,-119.09469934838503,test
4716,40.28640491992953,-114.99005232132538,test
4717,37.00959047386623,-115.79148115827496,test
4718,37.71687114483949,-117.68066245290184,test
4719,35.13108569050113,-122.90171375355646,train
4720,39.27438967455883,-122.56274221081205,test
4721,34.0363190505543,-117.44309498338481,test
4722,34.83274001799745,-121.08339577764548,train
4723,37.07485143640151,-121.04339166259271,test
4724,36.178909240886185,-115.70100907153676,test
4725,34.798806852911206,-124.22898386201715,train
4726,34.34718453560726,-120.39314072920504,val
4727,40.68269626437758,-121.98394675221441,test
4728,38.125433758276984,-124.16059614439045,test
4729,36.10390848084411,-122.20713102205264,test
4730,40.539540870492694,-122.54040833192312,test
4731,40.34426980915821,-119.23887053701426,test
4732,33.58010042887924,-119.95317325896227,test
4733,37.90219488213329,-119.57677789180397,test
4734,35.42415432145595,-115.38873458028714,test
4735,37.65170626332331,-119.34244348789814,test
4736,39.329448798351066,-117.85186149648999,test
4737,32.61056687696729,-117.76444735289103,train
4738,37.39348432515183,-119.11102498029518,test
4739,35.29270526036579,-121.2977771549852,test
4740,37.58708322449765,-115.12843483293628,test
4741,33.57020510442187,-119.92241039142898,test
4742,40.27235398068778,-118.55167049716559,test
4743,37.678540240449756,-118.67522201230247,test
4744,34.52877087563522,-115.90705178957073,test
4745,39.818914383156724,-118.92805919139013,test
4746,32.88779959618558,-119.72933127944556,train
4747,38.14403749965833,-119.69677083282816,test
4748,37.28168260405035,-116.39872999417291,test
4749,32.90543829451287,-121.03795663571258,train
4750,34.89471083147518,-114.80168474254653,test
4751,33.26051997514203,-115.71151319747636,test
4752,39.4657042508154,-123.01363625121688,test
4753,39.213651085463994,-121.16926569355715,test
4754,33.37565175741731,-115.10305918272987,test
4755,33.56419203871745,-121.56999138870134,train
4756,40.86627256238718,-121.16494338824887,test
4757,34.4320252852381,-122.19802879095009,train
4758,35.40567034443136,-123.87919730981895,train
4759,39.01013315680866,-119.50711732455056,test
4760,33.10504891791913,-116.65746540704441,test
4761,41.504307166350934,-117.63542671536547,test
4762,32.74789529719088,-124.15518653671359,train
4763,40.57137958168682,-119.04392223537594,test
4764,35.947780355603825,-121.034719005834,test
4765,33.950878064439856,-117.82315864920103,test
4766,36.10484051879684,-120.26280221203659,test
4767,41.74280947362803,-114.33073482056088,test
4768,37.53941962658398,-115.89867878507857,test
4769,33.09138336668027,-117.2191758905271,test
4770,41.44640146695386,-119.12347259779169,test
4771,33.889527922369886,-118.34562622708566,test
4772,33.047891670489946,-119.88158259986203,train
4773,32.96018335015754,-116.24708456854115,test
4774,40.35539148147489,-115.0761060456031,test
4775,33.979091912935345,-114.13932938059784,test
4776,34.22496801298589,-118.26605962310377,test
4777,41.47077236955109,-117.40976121942255,test
4778,38.32195754688382,-120.31741749973395,test
4779,35.232919456896816,-124.35264133638555,train
4780,38.08372643294942,-117.18962890913485,test
4781,34.83208615028371,-114.81009466445722,test
4782,37.210691234741574,-115.5772708764498,test
4783,35.698874640168974,-115.38141982945078,test
4784,38.42627330624309,-120.29408150629217,test
4785,39.71591811123195,-117.08328372165589,test
4786,35.83036620161994,-117.85778691309484,test
4787,33.8928563717338,-118.86296214945999,test
4788,35.89886353093547,-122.87679963036796,test
4789,39.70972674957256,-118.50719238878672,test
4790,39.98366389462363,-121.3615275898018,test
4791,39.96916756549959,-117.18599565923373,test
4792,41.75920074890975,-114.69857146760128,test
4793,40.34069326170441,-116.93784805515057,test
4794,41.70238659968949,-121.76425689180249,test
4795,38.46572387789415,-119.64329476402963,test
4796,34.701929050258286,-118.61623447716097,test
4797,38.28961890649737,-116.9533643130699,test
4798,34.403488507137745,-122.91569216547173,train
4799,33.33803961986706,-119.02114107671466,test
4800,35.38354308277624,-115.5719928081215,test
4801,35.96548451424204,-124.15556718387303,test
4802,39.24316875994765,-116.93864642522277,test
4803,35.96833645564022,-115.3626997224814,test
4804,32.55981535932611,-116.2356761857944,test
4805,41.21343411733439,-114.83273868274226,test
4806,38.11165768780845,-116.37025486887653,test
4807,34.52587897405429,-119.09918114581548,test
4808,34.91916381375051,-119.52280750021465,val
4809,33.705608040577964,-124.11173289744126,train
4810,41.114997705652186,-124.2482405253984,test
4811,34.710075328789664,-117.84707579384748,test
4812,41.437928373491744,-121.60060007588699,test
4813,35.03302856255666,-121.27384680992652,train
4814,40.09890883039272,-116.11915307392266,test
4815,32.628981883385435,-123.2927919779221,train
4816,37.106600946707005,-121.51366498272051,test
4817,36.02646162755664,-117.37725230592858,test
4818,35.698527137103845,-124.12486220873464,test
4819,41.92572010124694,-119.08097317012299,test
4820,39.35660775667964,-123.55889789131308,test
4821,34.95221689387708,-116.58731857945553,test
4822,39.655623418342095,-117.89745498518943,test
4823,33.75701627313695,-118.1658294322064,train
4824,41.29854246071023,-122.15855107593283,test
4825,36.56787754761632,-116.96835640436616,test
4826,34.33557777624391,-121.3296879157612,train
4827,35.11360998490579,-118.55489954796371,test
4828,33.999259513861944,-123.49117330237361,train
4829,41.34238420929669,-123.44934799098567,test
4830,35.426812510672264,-122.43996072753325,train
4831,33.882797901532435,-122.21298781730268,train
4832,40.22817033794625,-123.13648171436793,test
4833,34.549563882280275,-123.22085850069648,train
4834,33.4216038148877,-115.37719036003541,test
4835,38.8596998133196,-118.72172967266079,test
4836,32.60013183661199,-118.02535486822978,val
4837,40.413023022104305,-121.47255760789596,test
4838,37.858859580658525,-123.86792522222889,test
4839,34.867370452360184,-114.45709780394756,test
4840,37.014932880914536,-123.88296986091214,test
4841,35.01506957751475,-115.95872036795369,test
4842,37.576156940361805,-117.58295888906616,test
4843,37.94346982780331,-120.2384583409063,test
4844,39.83783005454156,-116.74258179732873,test
4845,36.943847868116094,-116.5556091430787,test
4846,39.97946007908497,-115.3848119095435,test
4847,33.1857375395326,-118.82182003592453,test
4848,41.25511756423094,-122.23667864274394,test
4849,34.28676760674079,-118.53671273943614,train
4850,40.452387406072866,-123.41606143757475,test
4851,37.214162991874595,-120.56107912570378,test
4852,33.52167383666206,-118.1471209447518,train
4853,35.93732879986683,-121.84304375159374,test
4854,41.22659091940402,-115.52099685923827,test
4855,40.43474115763578,-114.37690547459722,test
4856,39.37033044467814,-123.65736717609755,test
4857,36.127140492944676,-122.31724650812887,test
4858,38.10584900390234,-119.5632503664051,test
4859,34.72819506477289,-124.04882389836696,train
4860,38.6650780709253,-123.48191817774224,test
4861,35.00110488336793,-115.15440032558165,test
4862,40.380694580919375,-123.97058730319017,test
4863,39.20159818883522,-121.88843735501351,test
4864,36.18626867782259,-120.0723467928349,test
4865,38.77529389385454,-124.22906547452142,test
4866,35.60903937541281,-116.08277791579444,test
4867,34.00403343043244,-115.88261991089814,test
4868,34.75719199279668,-120.37094982201982,val
4869,35.10288568213368,-122.35960744177675,test
4870,34.67605934920637,-115.23978864639585,test
4871,38.95403132090217,-117.44408676095377,test
4872,39.5345930670309,-119.03898504680372,test
4873,36.859108258810444,-120.39437860195366,test
4874,41.88440809329112,-118.88005570653696,test
4875,40.96796513198779,-121.86753602943215,test
4876,33.35436525206889,-119.80462320934387,test
4877,36.8904677152381,-117.36839448219717,test
4878,41.13327442978054,-120.19889010367325,test
4879,34.61590205340353,-117.37811835787184,test
4880,36.113410361791544,-116.82373941603294,test
4881,41.49759240959339,-116.66923016172392,test
4882,39.879310688305104,-118.571775571959,test
4883,40.41211775809412,-122.53895992903492,test
4884,40.85871137196183,-117.2172295584364,test
4885,34.15103361775012,-115.99321228306718,test
4886,39.15212494398279,-123.4678820757901,test
4887,40.13252821739692,-115.20259081500932,test
4888,34.67476084948753,-114.73518986734017,test
4889,32.940617850203196,-117.55048746075441,test
4890,34.21902956123144,-123.29492104895492,train
4891,39.55108519034228,-117.70044789931154,test
4892,39.1049323352976,-120.76893470690374,test
4893,40.97464662029741,-121.30941419962714,test
4894,35.53154511198865,-124.06096305193559,train
4895,38.41791625989469,-116.96696056712014,test
4896,32.78373354836253,-118.59752990564797,test
4897,41.385248370557804,-119.79232316201717,test
4898,37.78104498067858,-120.43262249993548,test
4899,39.6172092427033,-120.19380358508685,test
4900,35.217737073358784,-119.76859410745685,val
4901,33.30610791342994,-119.51709239995901,train
4902,33.124924896340964,-123.43291300145576,train
4903,40.244833920126815,-120.51889043699401,test
4904,33.96892815982361,-123.77978173524971,train
4905,40.33329753310181,-116.44015242851445,test
4906,35.04206584127595,-119.05571131097241,test
4907,37.655846301632025,-116.19699842614845,test
4908,35.01035013417097,-120.01371078542105,train
4909,33.00429371494199,-122.8615557635474,train
4910,37.66538125148845,-121.35137612811873,test
4911,36.006630288716245,-122.02889665896458,test
4912,36.650491537294194,-119.9045904249683,test
4913,38.22676282064886,-116.3063291076479,test
4914,35.50036689877039,-123.23751322837963,test
4915,37.869237447927425,-120.31496719941411,test
4916,38.75911207549312,-123.49363296808633,test
4917,33.37799052438686,-120.40408846636282,test
4918,35.84541448904351,-118.43419366048545,test
4919,33.381800913699436,-123.72887005004712,train
4920,32.59566107502148,-123.75292267338936,train
4921,33.015149546116994,-116.90844074991796,test
4922,38.13827405373056,-120.23869811110444,test
4923,33.328370912263566,-120.81724880698111,test
4924,40.754710071645036,-117.36404356243357,test
4925,39.72193544124081,-123.5660898546971,test
4926,32.613509025571084,-115.57633872074825,test
4927,37.95863200852054,-116.44535782908706,test
4928,32.62708561182132,-120.42276249508879,val
4929,33.5640748845875,-119.60762629705421,train
4930,41.888720648748325,-120.33955265778393,test
4931,36.858009649985505,-116.34427650287195,test
4932,32.78769008009492,-124.14107249115636,train
4933,40.5824784910662,-117.51798300710551,test
4934,41.217255543642416,-121.32073267008242,test
4935,37.723191174968754,-116.40286917390644,test
4936,39.215271708119246,-114.29589988880956,test
4937,39.91774716613607,-121.56373441140744,test
4938,39.48734163894105,-119.84326856110786,test
4939,37.213124490070264,-118.79433874890259,test
4940,40.41552163991255,-118.75868403931248,test
4941,37.523801092103525,-122.82575641483027,test
4942,34.987495940254846,-118.42673203345207,train
4943,32.56851557761608,-116.97646198603212,test
4944,35.9258465848159,-114.70706632981127,test
4945,33.312086308535555,-116.96133102174116,test
4946,33.129227684475616,-118.21990536597603,val
4947,36.973553472340676,-122.03518453703897,test
4948,41.46659672753245,-123.43044315862781,test
4949,33.529221633673465,-117.90000995087834,test
4950,35.12241249996956,-117.99436610702006,val
4951,40.39084017583028,-115.78621028264209,test
4952,36.335326750937135,-119.84068757353923,test
4953,39.71587133481631,-122.66623257160715,test
4954,37.66590611222739,-122.12306713601173,test
4955,38.24922953266667,-119.52832729515015,test
4956,34.05602765464905,-121.22273702434498,train
4957,35.86611248984574,-122.58144583504526,test
4958,38.418024019030085,-123.32805338545165,test
4959,32.78349482150621,-120.18866200614521,train
4960,34.31345209460091,-120.96018640735855,train
4961,36.190103944651305,-114.4880099035801,test
4962,38.91841075573578,-115.61038449351705,test
4963,37.355805803821156,-122.54820358099336,test
4964,39.336393297057214,-116.67292700982797,test
4965,39.413383569665854,-119.48916031831615,test
4966,32.82408837259344,-114.89192302676639,test
4967,41.06921655361195,-118.16940434546319,test
4968,40.33531749079275,-122.33682775887361,test
4969,35.09701698415474,-122.41956710054467,train
4970,37.11845099428124,-114.4671454538977,test
4971,35.44818004107612,-114.97256990192004,test
4972,41.11590124705556,-119.46172172609728,test
4973,36.15529584988016,-118.62577471246539,test
4974,36.28062316748325,-118.79942117845059,test
4975,41.165806994938805,-116.56855150858107,test
4976,38.21857118237311,-119.5480501212756,test
4977,33.83562526580171,-123.17568315085147,train
4978,38.458379485166404,-121.09663778329535,test
4979,40.05342013417643,-118.58107403535539,test
4980,35.7293558509584,-120.82042305462893,test
4981,37.52074254251484,-116.05231521891146,test
4982,38.46618951767433,-114.66709941784544,test
4983,37.36364629161778,-121.94499957014686,test
4984,41.99170910467454,-115.27290371793826,test
4985,37.32932826177923,-117.06106251982254,test
4986,38.622742236475,-118.38848879984724,test
4987,40.04529196424022,-123.09567279015016,test
4988,33.82344275690015,-120.2031033152122,test
4989,32.94583073021335,-114.17791567472194,test
4990,41.74421396243134,-117.7554969992362,test
4991,39.46449414814642,-118.33974414223101,test
4992,36.25438030821362,-124.0727864099452,test
4993,32.69732349570031,-121.13164128063048,train
4994,34.10580516806974,-119.40711380489697,train
4995,32.62231159670766,-117.82443558198649,train
4996,36.28445031144811,-115.60313467535384,test
4997,37.78448002333374,-119.71731384418352,test
4998,34.0507229143689,-121.61038485156296,train
4999,38.5894487229516,-121.53998136715055,test
5000,41.566664661422294,-123.01916945236928,test
5001,41.9095658749758,-122.93949501279513,test
5002,40.42008610629976,-121.29216429881028,test
5003,36.73358061151659,-116.53651309278462,test
5004,37.713966810350406,-120.17969518947118,test
5005,37.29631706592744,-115.57786613643937,test
5006,34.00416388991632,-114.65423089491198,test
5007,40.6213021996102,-123.66241826245039,test
5008,38.92974017269913,-117.11141615908281,test
5009,38.57125028530936,-123.56090870750508,test
5010,34.61653616414645,-123.70048265903309,val
5011,33.98041855933338,-121.59681901648109,train
5012,40.79756073751718,-123.39247762427703,test
5013,34.22905009345237,-117.6047604868618,train
5014,33.228113890608185,-117.05680729526928,test
5015,38.45448125469816,-117.84918535304143,test
5016,39.20013064672119,-118.50807069327787,test
5017,33.66282422564841,-116.38542484506429,test
5018,34.488958568370784,-116.47471660126692,test
5019,39.99959313923278,-115.46766039030851,test
5020,41.33317184148591,-117.29315127175414,test
5021,37.0423481503671,-120.77093530746248,test
5022,40.03028709291223,-119.03054363304206,test
5023,35.55471911631489,-119.38191375753887,test
5024,39.189625418751085,-123.32789271832361,test
5025,37.80687775072131,-116.07092871166756,test
5026,40.51520735158832,-115.02847674640005,test
5027,39.8777833777112,-114.29074433648961,test
5028,35.220766800511086,-121.88345342343251,train
5029,33.945340942388334,-123.45394959259275,train
5030,40.17850963627944,-123.29515850858061,test
5031,32.840545647324674,-116.14769820487416,test
5032,38.96049755349191,-117.92674322809088,test
5033,37.03690789197869,-116.64440131386611,test
5034,33.24308442428601,-115.10742508003169,val
5035,39.050674773981115,-122.1071639408025,test
5036,37.102817601983595,-120.6862804180763,test
5037,40.67515959741396,-116.27065399050227,test
5038,34.50574436867837,-121.7656695453127,train
5039,32.55177694527588,-119.22271876537872,val
5040,33.765710165152186,-119.86802355804306,train
5041,35.08320701082326,-118.30240379256028,test
5042,38.706754168893795,-114.25162841422264,test
5043,35.96423136457459,-123.37069828349868,test
5044,33.64979826900114,-119.44333702603434,train
5045,41.82550069621672,-114.55284596637372,test
5046,33.55491390615288,-120.85338939165518,test
5047,35.89298964852558,-116.8044417244315,test
5048,40.83144230897664,-114.85922192078564,test
5049,38.71026758785135,-121.95933746564661,test
5050,35.55848622514519,-123.60096958233724,train
5051,41.71918400322592,-123.65960487395216,test
5052,37.275403309294234,-123.68743573447566,test
5053,32.6068007138844,-120.82613000790029,test
5054,32.58836679335316,-123.13872715968772,train
5055,41.44135835118642,-120.26418366124553,test
5056,35.19278057060571,-116.66494467345719,test
5057,40.220255228361566,-121.36528790415655,test
5058,32.94251340724686,-119.49719854440706,val
5059,33.92130502489349,-123.12682770385463,train
5060,40.6437019581836,-117.24063306988545,test
5061,41.944044770479834,-121.16477295383069,test
5062,33.02171016121286,-123.045822359468,train
5063,34.11752213780383,-114.59734655889277,test
5064,39.37597560589394,-116.50519252078894,test
5065,37.54439299600473,-117.71450138058559,test
5066,36.37449845670471,-116.98587367369086,test
5067,34.37160758440686,-120.05317417874862,test
5068,41.48327284614191,-121.36420636863504,test
5069,34.161383191860295,-119.28513752141126,test
5070,35.041913388175715,-115.93158984696893,test
5071,35.601103236266205,-114.50329739259959,test
5072,33.84238287008773,-118.19954975308329,train
5073,37.60812704253773,-120.55973220541375,test
5074,35.76234846713336,-117.03529622830136,test
5075,38.28631583007234,-117.25323107678992,test
5076,36.013616090377724,-121.88864335457517,test
5077,33.6325308198963,-119.94985038862576,test
5078,40.79349716142879,-123.05831960281077,test
5079,37.35640513256271,-120.29251033522587,test
5080,35.57792414014537,-116.57605982191515,test
5081,32.68497420404026,-121.20366271336889,train
5082,38.191606079264545,-117.91343276731314,test
5083,39.940316004902996,-121.06193185415624,test
5084,38.6860800395562,-122.92336113612681,test
5085,39.98970191146433,-116.7962943055168,test
5086,33.9977158850969,-118.3641907674115,test
5087,41.732027207491285,-115.92953149722622,test
5088,34.53132623795268,-117.4399831539944,test
5089,35.05640280796045,-116.01474887843804,test
5090,37.38176095923068,-122.84248529896823,test
5091,32.5792016404408,-118.10364232930573,test
5092,36.71998718248237,-120.65232673715701,test
5093,34.383518356265405,-116.74351830015846,test
5094,39.623201581439815,-118.4593128755378,test
5095,39.705924548200834,-123.88140318603413,test
5096,38.361008978745055,-118.93914098537796,test
5097,36.52335861028264,-116.76635634647313,test
5098,35.46791614031678,-121.73065169362398,test
5099,40.366064901820145,-117.69183171448898,test
5100,37.33217657395402,-115.77005531255699,test
5101,37.23154046290714,-123.76812262400601,test
5102,33.60420945771874,-118.4805893550196,test
5103,34.598087463195526,-115.2888347427039,test
5104,35.94383359446654,-123.13661093874624,test
5105,39.14813642116298,-121.66405647110837,test
5106,40.534716286629994,-117.98672315323611,test
5107,41.93238682157971,-118.40675409263875,test
5108,36.57778200075614,-116.26008598025085,test
5109,36.821845168284895,-117.9544648577989,test
5110,39.78459332442556,-118.50303789223582,test
5111,35.5720194667449,-119.78141220083393,test
5112,37.64870523285372,-123.63324990445388,test
5113,38.94135405009834,-118.34587951490128,test
5114,34.767284760372874,-122.82518768186961,train
5115,35.17771682067927,-114.17279174782087,test
5116,35.90312533418045,-123.63066415399524,test
5117,38.00067538772883,-123.65936490841096,test
5118,35.09083434460925,-116.32263355541293,test
5119,34.5013489003507,-123.39698620558623,val
5120,33.94584280336855,-120.26366356626917,train
5121,40.19416473267206,-114.87748502285237,test
5122,40.920150079088266,-116.31693175688267,test
5123,41.097716826063234,-122.03939696551937,test
5124,40.31087086068854,-121.85188208110475,test
5125,33.830128943477945,-118.33369367209097,test
5126,33.45571088415593,-119.424812476679,train
5127,37.2570861977489,-123.23634501649312,test
5128,37.4679132454624,-122.80434592253485,test
5129,39.469835632596855,-116.16213881886215,test
5130,34.6406807371243,-120.88520723997419,test
5131,41.34609337355424,-116.20218368314514,test
5132,35.46503513966471,-122.4828805890415,test
5133,38.001850765150635,-118.2598506306406,test
5134,40.714102862284335,-119.23232901394884,test
5135,37.48705358737421,-121.07496573419598,test
5136,39.666189002571706,-118.16557073087702,test
5137,39.62327811785715,-123.15604577186421,test
5138,40.01150120444909,-115.60981076639928,test
5139,40.21062706999451,-116.77571770976759,test
5140,36.24662411110768,-121.48130500934283,test
5141,35.97287761767028,-118.45863522881152,test
5142,40.13912700856384,-115.13863859656368,test
5143,38.01985742012423,-120.08603760744613,test
5144,38.285044797912484,-120.69394800132578,test
5145,36.43085636501984,-116.20285520251244,test
5146,34.4392908176381,-124.42777212484197,train
5147,36.85713249085753,-117.36349193587394,test
5148,41.71255203083308,-122.21503950886235,test
5149,35.28450934647834,-117.28231348897779,test
5150,35.105918045813084,-119.92524064362192,train
5151,33.76852614377547,-124.23075622972533,train
5152,37.08677877636306,-115.42638093796518,test
5153,35.26238284911767,-118.80517510118874,test
5154,39.03706173253637,-121.20677118493724,test
5155,33.809629788403086,-117.18815593304343,test
5156,34.87204921112701,-119.32685342814428,test
5157,33.11572943857172,-124.07967998562094,train
5158,32.92272946712806,-117.73585650592283,train
5159,40.239938684597334,-114.44412905024787,test
5160,41.10866565080372,-122.15139207282203,test
5161,39.76402727094243,-115.54323196509358,test
5162,40.7230980630383,-118.03754244192135,test
5163,33.350065517175615,-123.63686764034354,train
5164,41.03533164277035,-116.91395796762828,test
5165,36.9433972513783,-119.88823650833544,test
5166,39.80905700315514,-116.25660271263263,test
5167,38.361221521314306,-117.88546326219202,test
5168,35.843267158259984,-124.41129010770035,test
5169,35.037646839853714,-123.13787580136909,train
5170,33.64869263691823,-120.8063475176571,train
5171,36.43780593102544,-119.47208198622432,test
5172,37.20915272174678,-114.82976766837568,test
5173,41.840099942490085,-115.96546653648537,test
5174,32.883140810833055,-116.17534462528874,test
5175,38.11871256621462,-118.87696736678257,test
5176,37.50170096366167,-123.48257519966276,test
5177,32.74682692224002,-116.75072455453015,test
5178,35.652659874593866,-123.54768679853618,test
5179,36.53512269584936,-123.49717405953969,test
5180,37.21073464367031,-121.81006373148904,test
5181,34.74082913432965,-114.92836789114769,test
5182,32.852929082428645,-116.70833732518437,test
5183,35.312694278782345,-123.64971219692717,test
5184,40.45034664784608,-114.96603321429703,test
5185,40.180414088413116,-116.36340189308555,test
5186,34.24170983453078,-118.21644285288572,test
5187,38.65046256877803,-123.13102149334634,test
5188,41.27694063910667,-121.13953343143567,test
5189,34.15985983328245,-121.33997039751831,train
5190,33.74856494176831,-117.84111398356437,train
5191,32.739725146185975,-118.379064202792,train
5192,34.16273657067332,-121.58164535415386,train
5193,40.23813091200832,-121.23256683670998,test
5194,40.23848283933512,-119.0948659150252,test
5195,37.648081169464724,-115.72385798560951,test
5196,35.6888555965643,-123.13861988666946,test
5197,40.17021056794878,-116.95764048460951,test
5198,34.37679435552428,-114.17459875592166,test
5199,33.85441728622845,-116.71025400646603,test
5200,33.374820763823244,-119.88740180298642,train
5201,40.59205671356723,-116.8964351859783,test
5202,39.29956302267666,-115.56632247976435,test
5203,38.44483210786461,-116.51676397173757,test
5204,39.41911686713698,-124.30847015482443,test
5205,33.88874321515529,-123.08430185978848,train
5206,36.17395265854163,-123.33535968328931,test
5207,40.239671222551884,-124.11187450078515,test
5208,41.211769374786016,-117.07326785496151,test
5209,37.38901565324457,-121.68337978098982,test
5210,33.68592189440581,-116.99662738630003,test
5211,41.796559137948265,-117.57252508690566,test
5212,36.270920286970494,-119.0415690012115,test
5213,35.55087946890795,-123.82434635491452,train
5214,33.666313971820834,-121.29229284400459,train
5215,32.64960251081995,-124.1604469347841,train
5216,38.24678652176926,-115.05769131301159,test
5217,38.32972174646795,-121.2579874173303,test
5218,34.74826356475791,-123.46107010572742,train
5219,34.064014580713575,-124.4140382204091,train
5220,37.5302433407249,-118.1353044216555,test
5221,36.65330291740512,-118.0378090981878,test
5222,35.40560374013651,-114.18232023284378,test
5223,34.59666520289588,-121.46443927607314,val
5224,40.66762647770304,-123.96032522351321,test
5225,41.846850772729084,-116.40456791890827,test
5226,35.89735900566439,-121.29976002587861,test
5227,39.14129854434964,-121.03090529163796,test
5228,40.72673211969334,-115.08125896664248,test
5229,32.78509131432242,-118.50793244477103,train
5230,41.129374418298866,-120.31239512526308,test
5231,37.25694096247693,-114.63975003139905,test
5232,37.80241549601016,-121.70484812535541,test
5233,37.64260033706182,-124.21856272873296,test
5234,34.83052052158274,-122.0596758278794,train
5235,39.937826446182044,-123.9850612932622,test
5236,39.465244387913096,-120.23612488027723,test
5237,33.437153545203614,-115.87170378124291,test
5238,37.859636210529615,-114.38589859562889,test
5239,41.59303813014721,-117.21969131518131,test
5240,40.7798609892462,-114.89175528581175,test
5241,38.457314396672615,-120.2280347592953,test
5242,34.41162596541731,-121.31906523110939,train
5243,35.818203041352874,-122.84993789342168,test
5244,33.95389091779588,-119.27591998946792,train
5245,40.3136829239515,-121.0692686459682,test
5246,39.90401277215069,-123.33128634680492,test
5247,41.15109317046886,-114.83195581428755,test
5248,33.130355834549704,-123.16461375900366,train
5249,41.66583667122069,-116.81328666229052,test
5250,41.68206687743431,-123.73814601436412,test
5251,38.916660744921934,-119.00542922536904,test
5252,40.88015592409088,-117.48278589652735,test
5253,36.682006659039615,-122.02194949449199,test
5254,35.497938730522776,-123.66005212334615,train
5255,33.99186927836578,-118.32241093873436,train
5256,32.82905758009272,-118.22402989482221,test
5257,32.92771493030326,-121.22346043621708,train
5258,39.07913672101079,-120.5614465594971,test
5259,35.71736208238246,-123.9698045592323,test
5260,33.0419640580572,-121.39041965801755,train
5261,33.59255587178088,-115.34036848228432,test
5262,38.830237254210026,-122.67395360147488,test
5263,41.41930163891128,-119.61438496879165,test
5264,36.393553481250606,-117.46192165978864,test
5265,39.89441716417291,-116.16228391769654,test
5266,41.74981974178034,-123.60335206475614,test
5267,39.237594360528874,-118.3381695605711,test
5268,39.37687092367851,-117.97263830647942,test
5269,38.36258052090089,-122.40499819493195,test
5270,41.78859659409945,-124.1219517891327,test
5271,35.36916314534827,-115.73457727724437,test
5272,39.944900630598,-119.90288003131963,test
5273,36.46078924914887,-123.81336574456847,test
5274,34.00182401059794,-118.48052401304214,train
5275,39.531856388707034,-120.55402737786325,test
5276,40.38443613231459,-123.61312449210897,test
5277,40.708283661145,-121.4798831947939,test
5278,41.260189347153606,-121.0703711186923,test
5279,39.58431278790391,-118.51272964249759,test
5280,37.52654771718244,-120.28163122313228,test
5281,41.419445688003314,-123.33691064652395,test
5282,34.51458695315764,-117.8896918317245,test
5283,33.262123459629194,-116.92608036907227,test
5284,36.61749557195944,-119.2097063561301,test
5285,38.04361002405514,-123.78685383569957,test
5286,38.96949947562642,-123.37575237429948,test
5287,40.25204604149705,-114.70070098462537,test
5288,32.78338542773867,-122.48764316378177,train
5289,40.12537884937173,-121.26973112221229,test
5290,38.213218594690524,-117.35173359017462,test
5291,41.55441472314545,-116.27617479925647,test
5292,35.82458859552968,-115.04739493185535,test
5293,38.37278601116763,-120.36563486826014,test
5294,39.78921340750886,-114.20946943676185,test
5295,37.420264634533886,-123.3688886139368,test
5296,34.00644471980966,-115.91843182048846,test
5297,33.00160384102921,-121.6345855637114,train
5298,33.58496426288196,-114.77859259953385,test
5299,37.21674639483346,-115.4785860460209,test
5300,38.587095085104586,-116.58099004255389,test
5301,37.93283449327923,-118.21536373901067,test
5302,39.28131586324736,-122.2289551469855,test
5303,32.89927927465018,-119.67754953290775,train
5304,33.821146632880556,-124.08135814685659,train
5305,39.737996831743146,-117.1260491541546,test
5306,39.92779702948248,-123.24528475255745,test
5307,39.18072261098893,-121.77704831213187,test
5308,39.58922250972153,-121.9135387100698,test
5309,41.65377761917706,-116.3162493584526,test
5310,41.4717508404412,-120.30932107777933,test
5311,38.63324303096195,-118.92888252096546,test
5312,35.55409846064481,-122.28914268618495,test
5313,32.66362066659506,-120.99540720372845,val
5314,38.51132890500712,-119.16232189691179,test
5315,36.614447429547035,-122.43775789922938,test
5316,33.92234996852906,-117.32803311019136,test
5317,34.5684908736035,-119.80805332984518,val
5318,41.39893262166758,-114.29856420335018,test
5319,33.15712746001244,-121.89827161131234,train
5320,39.987348245053845,-120.35662552277829,test
5321,41.07240716595334,-114.90672567951277,test
5322,39.04865105870335,-115.30536692674332,test
5323,33.11090534325874,-119.44820938953504,val
5324,40.54022717907898,-123.16575036146597,test
5325,38.716646271846834,-120.22546398011619,test
5326,35.15350155705178,-118.3846212892148,val
5327,38.49283647564645,-121.81889759069581,test
5328,33.823060173648656,-122.46942002659128,train
5329,39.231422326561145,-118.96087769926565,test
5330,41.08136850396229,-122.62519264133242,test
5331,37.470321575936005,-115.42354685298551,test
5332,41.54644335638855,-123.67457660083657,test
5333,36.67875934525946,-114.25989903580697,test
5334,40.651159790970375,-118.89380756676806,test
5335,39.85645049835778,-114.2994724752511,test
5336,33.36742750083088,-116.69186951831706,test
5337,41.17281991302318,-122.86362074276282,test
5338,41.15174988188008,-122.0951190883563,test
5339,35.85790825003228,-123.33737742133029,test
5340,40.04386620946473,-116.92313063734933,test
5341,34.657316604011996,-122.7011311446923,train
5342,32.81782252354842,-117.07268334591232,test
5343,34.49916463167515,-115.5785705616128,test
5344,37.113364836691034,-120.1952240830811,test
5345,33.07705825799056,-117.62470327292007,test
5346,34.045258554065,-115.2105314901246,test
5347,41.530647797323596,-116.67527495995155,test
5348,37.20667342874828,-123.09185801242742,test
5349,40.324762017030466,-121.4241988681033,test
5350,34.48671743532733,-118.91757617253491,train
5351,33.368300433569665,-121.71538521046675,train
5352,39.92179009042153,-119.22392558629365,test
5353,35.83345635683129,-114.61631493716655,test
5354,36.884348002835736,-119.76784754821048,test
5355,41.92546187106428,-121.7421838554461,test
5356,35.52754455400239,-122.92877382178843,train
5357,37.010690652954644,-115.14968474379688,test
5358,38.5416633113672,-122.07083222036577,test
5359,33.373481353495166,-122.44377678529888,train
5360,39.3146120155483,-118.75777462288296,test
5361,36.807892762004585,-119.67975905500022,test
5362,34.1873871022444,-120.46379496954093,test
5363,36.60723141136329,-118.4741011520696,test
5364,36.89252451678633,-118.56942530828098,test
5365,38.597779152381804,-123.73477003770847,test
5366,41.40465724118047,-120.16218859322859,test
5367,39.77517112652322,-117.00662798854756,test
5368,36.15180188268606,-120.50488799528557,test
5369,41.71256859866112,-114.15413212590957,test
5370,40.01917120190162,-122.01318002138994,test
5371,32.79470360350773,-119.32248420892026,test
5372,33.6340733398233,-117.49178911781426,test
5373,34.594565704564104,-118.79153571282646,test
5374,33.32077893107502,-124.03715611294405,train
5375,37.126995765984816,-119.14410161205097,test
5376,35.75659985955981,-114.47613588592596,test
5377,41.74360414153596,-120.24729536456535,test
5378,37.00681084096861,-123.24219576040105,test
5379,34.5391065258642,-124.22082582728343,train
5380,41.722821094963955,-120.18954971550087,test
5381,37.396460564785926,-122.52958980007757,test
5382,33.22187603455817,-115.83425592199006,test
5383,33.295882661045425,-114.62222544698,test
5384,38.92502169800379,-114.74313495075134,test
5385,37.21571706909057,-120.57860050306763,test
5386,38.44146581283104,-119.75145470308097,test
5387,40.576280277580274,-121.19152800381882,test
5388,38.98270279594468,-123.10946917255329,test
5389,40.69114995550128,-118.67630994794752,test
5390,39.56325999987527,-122.52022384645419,test
5391,38.91656566085229,-123.82750148329092,test
5392,33.80559708063804,-115.68234241085145,test
5393,37.102377493925665,-116.2073001216006,test
5394,36.63138779955814,-114.89002822427486,test
5395,37.6503849484187,-121.06444653780844,test
5396,36.234122885762005,-115.46287117736547,test
5397,38.40554074311092,-120.33196060145318,test
5398,36.246557130911164,-123.68964410090842,test
5399,37.810641380380716,-119.7196582087838,test
5400,36.26946918459059,-118.7304647621416,test
5401,41.069736835968584,-119.98512613055723,test
5402,36.066246496227265,-116.34215621865036,test
5403,39.45193084822897,-120.81265562572392,test
5404,38.34207205458788,-114.94386091712003,test
5405,36.18090780960917,-123.67537562449392,test
5406,40.17826621819813,-117.01260034020868,test
5407,41.31406109430012,-114.86223703308346,test
5408,39.731786623527526,-118.73689763324582,test
5409,41.51312879452564,-115.38082675829597,test
5410,36.66182437195896,-117.30722046692986,test
5411,41.183118336454555,-124.29020255836453,test
5412,40.82783153494058,-117.51946771609177,test
5413,39.749807876177364,-117.67084929028246,test
5414,40.439350583106766,-124.43971683756497,test
5415,39.44436556710936,-120.22155289734891,test
5416,37.38156113786973,-124.03997801009173,test
5417,37.76140936131417,-121.41918239780202,test
5418,36.48549378447856,-114.26833464213522,test
5419,38.82085175999146,-114.74567007109589,test
5420,35.60576014261076,-117.37910090730323,test
5421,39.53457525155563,-120.65775498785868,test
5422,37.31344246455522,-120.35258060182008,test
5423,35.87468955794641,-124.04600657372465,test
5424,33.92424838540396,-120.95228249350296,test
5425,34.949830358209724,-116.3529954813562,test
5426,38.59269743696345,-119.08547104761558,test
5427,36.03247292360588,-119.52545212883294,test
5428,32.84411162503655,-123.500780438024,train
5429,35.652619141372845,-114.96510508069295,test
5430,35.9994074093355,-121.52151510793924,test
5431,34.74882934089381,-120.49227203035169,val
5432,35.2414033221452,-121.03038141870837,train
5433,39.20566274532723,-121.05075140317335,test
5434,39.59714331824691,-118.26097002651657,test
5435,41.610773207943566,-117.97529654105344,test
5436,33.648295874004674,-118.26882469162668,train
5437,35.48203579137234,-123.73378431031992,test
5438,33.25961166103851,-114.44406855603299,val
5439,38.33798636004927,-117.07878685356243,test
5440,32.68519713758704,-115.33906727233276,test
5441,34.4747245525223,-122.79380925261364,val
5442,38.08870102341271,-114.82996579661126,test
5443,35.92725499045367,-116.9994723280691,test
5444,37.685243173589235,-119.27762075699799,test
5445,38.59304920515631,-124.20150379735544,test
5446,40.47476244261851,-121.82965471050608,test
5447,36.25052834587214,-115.7925764921956,test
5448,35.17115378162773,-120.5306366764017,test
5449,37.63248461435673,-117.44696694069248,test
5450,33.18988198367684,-116.90552386095975,test
5451,32.92692768955333,-116.44305151128852,test
5452,36.81268661554374,-120.49794796261084,test
5453,34.595205762814665,-115.05961787058236,test
5454,32.598340967270595,-121.42741842183622,train
5455,38.96363826099545,-115.82017399130073,test
5456,40.25899293297922,-120.06100204412945,test
5457,33.930410062217824,-122.02510052632628,train
5458,37.87015453668724,-120.89903718590544,test
5459,41.84833750321751,-116.19650094590769,test
5460,35.07511632178607,-118.10068444967214,test
5461,39.45081551317678,-123.03084250817146,test
5462,34.0651114099994,-123.16189755213357,train
5463,41.35692053559318,-117.35495968183422,test
5464,32.53410605170882,-121.97083465854345,train
5465,35.32109480677251,-122.2887207104995,test
5466,41.77681594946901,-116.7126367830262,test
5467,38.881436553875425,-121.11344063244323,test
5468,34.536177826302286,-123.73577277014111,train
5469,40.0242320598017,-120.0599524739725,test
5470,41.03487043843635,-118.57176755923737,test
5471,37.14445798688229,-118.23864637886659,test
5472,34.007543995876404,-123.83680924240512,train
5473,34.97887592054471,-119.76380351740627,test
5474,41.46129069079066,-120.73291584917176,test
5475,34.05564348802247,-119.81148269759663,train
5476,35.483757745934795,-124.01010081166082,train
5477,33.908241778662095,-121.39229275275595,train
5478,33.53008797878495,-117.80594246546801,test
5479,37.47357730484786,-123.14180231342336,test
5480,36.286836988558484,-114.55043779123382,test
5481,32.9672150967261,-114.19278016638212,test
5482,33.904995482410136,-120.72383988487557,train
5483,32.88662485469325,-117.41934945147402,val
5484,32.76286682307211,-117.88960827923908,test
5485,34.2201117883535,-122.7165307505465,train
5486,39.572358798561204,-120.43771873132457,test
5487,32.669871598940254,-114.32953672361042,test
5488,35.4134012134257,-123.12367830488809,train
5489,37.878543032728274,-118.50992748175265,test
5490,39.57287279308839,-118.2624465280992,test
5491,38.94963628314225,-122.71281284112541,test
5492,41.890379463851865,-118.92159161119642,test
5493,35.140190175132346,-114.98096581624714,test
5494,32.53131375418457,-123.24758445658271,train
5495,32.891936542571656,-122.48374972675008,train
5496,33.453502187677636,-121.80446932742058,train
5497,41.765500910890516,-116.69740048276732,test
5498,37.928357347037554,-118.48853788168736,test
5499,40.10002001625013,-119.24843014839001,test
5500,41.858698281527765,-116.27381799247877,test
5501,40.525216869899566,-114.35406573576631,test
5502,36.39012234918049,-122.41967249059057,test
5503,40.82459719438596,-116.06776018187966,test
5504,36.63762117931576,-120.62438889794504,test
5505,33.60927738116305,-122.93483048304563,train
5506,37.72080389373962,-121.79527775943441,test
5507,41.202127317261116,-120.32325325932695,test
5508,39.95957769749048,-115.1696512017864,test
5509,36.33625028425312,-119.50759773336921,test
5510,40.625583711096056,-118.10653542458604,test
5511,36.92580822569904,-124.09735266303797,test
5512,39.012922663913166,-123.78009080221503,test
5513,35.68479004817401,-114.76579054391317,test
5514,34.373941644028996,-115.79694334963027,test
5515,35.49856472385983,-119.39180489149177,test
5516,40.81779959001444,-122.37389395224241,test
5517,41.90313122592627,-124.0257893458355,test
5518,35.029292384327334,-114.38415333717882,test
5519,34.09599151981185,-124.38151871195237,train
5520,33.20315344386301,-121.98985133325948,train
5521,39.66867119758201,-117.38896034935757,test
5522,37.53016241922495,-114.77026897847416,test
5523,37.796268902876115,-123.23311852265189,test
5524,32.95810447961496,-116.4611838006323,test
5525,33.29760970942464,-121.01947057160903,train
5526,41.19147971192454,-117.43210302299308,test
5527,37.99164090767287,-123.44371139459574,test
5528,34.60588727128508,-115.52373851468448,test
5529,34.49465847812117,-117.14852124086826,test
5530,34.81135317280528,-114.58774503524337,test
5531,33.133787227319104,-119.26005848554894,test
5532,33.001257992903625,-115.28790238545496,test
5533,39.348261260959404,-118.86849015256351,test
5534,35.02777703282449,-119.15314349317127,val
5535,36.17088350519416,-123.46456655726371,test
5536,37.61882690152088,-116.04591269228348,test
5537,35.561006974250965,-120.19019203087542,test
5538,37.06410733346019,-118.25374179285166,test
5539,40.72165089522851,-117.73136930759972,test
5540,34.84162208937749,-116.45169547459454,test
5541,40.023229104468925,-118.50820013444917,test
5542,35.02959376031832,-118.04872224773844,test
5543,34.30039384622221,-119.07101940796966,test
5544,33.218078356825266,-118.11015773590591,test
5545,39.0093884061529,-119.85999887245498,test
5546,36.42817215990535,-116.43519728043816,test
5547,39.825942874816704,-116.08367027356479,test
5548,33.786395610883126,-119.10862091495868,test
5549,38.243729739373606,-122.92826491473352,test
5550,32.652987313546255,-120.58923590438455,val
5551,34.74436995491097,-115.78023231592996,test
5552,38.303359012376326,-114.98831778773149,test
5553,33.060686269490326,-121.68668355208469,train
5554,36.102356247937095,-114.73723219137582,test
5555,37.84894690565257,-121.58708646729002,test
5556,39.42024476072591,-114.96637975128317,test
5557,39.21256284055085,-114.79565972655325,test
5558,33.933270281152645,-119.23518302008387,train
5559,33.24186324480542,-114.6398072897967,test
5560,36.09411404610411,-118.7770019079408,test
5561,34.810433203631426,-120.53364113043071,val
5562,35.424897508915905,-116.08725550084478,test
5563,35.77332962473767,-123.32113713341141,test
5564,36.29127383513821,-122.20628624531844,test
5565,37.4411459432929,-122.24139141202886,test
5566,32.61810635840013,-118.0264219203635,test
5567,35.35208239133188,-117.13152117257229,test
5568,35.03355681456486,-115.80614398653309,test
5569,34.76703211832596,-115.16242314501197,test
5570,39.998223803917256,-115.41826010503506,test
5571,34.90979202829736,-117.40863570580989,test
5572,33.9596351507971,-115.00813695538639,test
5573,40.59679227811749,-121.5991357753203,test
5574,36.15645597121564,-116.96240520059672,test
5575,34.272801953185564,-123.64955877902113,train
5576,39.64393839309412,-123.14889494093147,test
5577,38.753440890629705,-122.10868069481384,test
5578,41.48198879366656,-123.38140278609433,test
5579,40.84272413851923,-114.48398512149892,test
5580,39.105166477626696,-119.63302199419122,test
5581,34.05458595871016,-115.09187804347388,test
5582,37.105726328008934,-119.52592461637343,test
5583,33.65492889629167,-117.22633849242311,test
5584,37.73280171749349,-121.1231204538531,test
5585,41.211940284282626,-114.63863918055699,test
5586,32.5662033086309,-124.08023809889167,train
5587,40.82586012062629,-117.24975876761178,test
5588,37.63734216323148,-114.64158227228977,test
5589,33.96233295337263,-116.31418762717078,test
5590,40.63504857369573,-115.907482363084,test
5591,37.6144084120098,-121.35562926420862,test
5592,36.77412919903853,-119.78144722190879,test
5593,37.26233106223629,-123.03597460771279,test
5594,33.92560882186636,-120.55925862095627,train
5595,33.59763051780652,-124.35303238556298,train
5596,38.794939701899544,-116.41088536487163,test
5597,40.867500399858415,-114.6144426998285,test
5598,39.106523994213816,-117.21424319417655,test
5599,40.49223574873371,-116.08583180943815,test
5600,40.529987432660626,-119.1461271303497,test
5601,32.83342423382635,-122.46389807121268,train
5602,39.83094289357948,-117.00839259081272,test
5603,39.84171664287647,-121.35438397152502,test
5604,35.84428186806897,-119.70229720100885,test
5605,36.41127012476284,-115.15411452108742,test
5606,39.589790301190064,-120.59501816406903,test
5607,41.87267339604322,-121.45660027296049,test
5608,41.884704278836516,-124.1132296664769,test
5609,37.017291897576676,-117.20797963515669,test
5610,40.007045512099296,-122.22108263600452,test
5611,36.94360233521247,-117.84761453157316,test
5612,40.730633135398854,-120.6603109670804,test
5613,38.68292094984611,-116.31906369136544,test
5614,41.39998450205479,-115.26518790230276,test
5615,41.973864327986156,-122.00989961029826,test
5616,35.65687714344703,-116.271272552712,test
5617,41.80419651206581,-122.86448985252021,test
5618,39.08809779588679,-122.98703906947728,test
5619,34.78467631616894,-120.02272532324717,test
5620,32.55947016574077,-121.09430704089212,train
5621,39.00595052258925,-114.26240338074773,test
5622,34.63593557490634,-116.15097667613527,test
5623,34.72115554131126,-115.26165770243318,test
5624,37.759031574148494,-123.03786415772002,test
5625,32.82286847843778,-117.07906253580126,test
5626,36.47301684665124,-118.20982880613192,test
5627,40.10006678126747,-123.41684332357568,test
5628,32.78815446151923,-116.25732834397941,test
5629,38.438726753570435,-115.63750963151462,test
5630,34.02985536392842,-115.01570121016391,test
5631,40.701088875416986,-114.7504502701673,test
5632,36.22980521669315,-123.32847303216619,test
5633,40.22079845579572,-115.34480371117235,test
5634,39.38457790025859,-114.69333820233237,test
5635,40.8430986428222,-117.3179118493525,test
5636,37.42466320454936,-122.5444927265831,test
5637,37.13349015903727,-120.30736361008393,test
5638,32.884467141502505,-123.5109633762294,train
5639,37.58521941061228,-124.39621914710521,test
5640,37.47311620001096,-114.9541599089858,test
5641,38.27255859077388,-114.41519099731713,test
5642,33.77077491878576,-114.96209029950043,test
5643,37.64349610481109,-121.82164576923488,test
5644,36.829685925888406,-118.03634630654619,test
5645,38.17389263710501,-119.28811748584471,test
5646,38.78540928670089,-119.32574953699911,test
5647,35.95267968163585,-120.02387829589132,test
5648,37.30338252002646,-114.7364295025693,test
5649,36.27157634877638,-116.28593032896816,test
5650,39.77918966980311,-115.70878507007728,test
5651,40.0721324242684,-124.08316393628661,test
5652,35.304155030442224,-120.1927937770146,test
5653,34.98790003514367,-118.27484408730541,train
5654,38.953719815150144,-117.64858122638138,test
5655,39.85993346435502,-115.2137895497945,test
5656,32.6328962052454,-122.71819988500867,train
5657,36.57781874454198,-123.51172148209561,test
5658,35.44421141857518,-115.23111970959594,test
5659,39.78894869867545,-119.21675561688745,test
5660,33.8893306621593,-118.88068754415407,train
5661,39.899994383417514,-115.2640932090035,test
5662,38.793520662530305,-116.70945918551695,test
5663,40.51254306317473,-116.90592121601588,test
5664,41.90760449994382,-122.52204656507126,test
5665,37.042976986875615,-118.0332598835371,test
5666,39.1534268550485,-119.7997656489416,test
5667,39.25333008722182,-118.1401621481489,test
5668,40.52810867138986,-118.50476829854418,test
5669,37.436645472221336,-124.16905345867632,test
5670,33.549424103179334,-120.89464456959803,train
5671,41.80456718469746,-119.7200489351778,test
5672,33.06824965311457,-119.28271198799862,train
5673,41.64368658006556,-123.41447182997277,test
5674,34.94824239723974,-115.17606392695018,test
5675,37.193822731991304,-120.99320520821078,test
5676,41.532764440453654,-119.39405943348402,test
5677,38.93797531504492,-117.5969703581887,test
5678,38.07526593909296,-117.02626833197652,test
5679,35.61620537362648,-120.54253631444331,test
5680,35.2990852425929,-123.10884676087731,train
5681,32.8404044789568,-122.30255483020542,train
5682,38.082566189229006,-122.73831534979746,test
5683,36.603058985054865,-121.92293923540274,test
5684,34.65413233512225,-118.21640632395884,val
5685,36.16850775794655,-118.91632656104731,test
5686,41.4407227109064,-122.70142008292588,test
5687,40.5643491216587,-117.41356483981579,test
5688,36.60595712202395,-123.7832045505803,test
5689,41.81015516160723,-115.0619516050615,test
5690,36.90625530998665,-118.60257252435214,test
5691,35.83637358669698,-118.35279738051473,test
5692,36.20360817242664,-121.4924344949968,test
5693,40.81262002125651,-119.16502249886527,test
5694,35.0656374880966,-120.04528733279992,val
5695,34.63331316520636,-114.63780414085915,test
5696,41.626383159729244,-123.65415677411943,test
5697,39.48352655875742,-119.71043559653783,test
5698,39.763004315835296,-116.27945611656561,test
5699,39.540550077151266,-118.82541019339571,test
5700,38.99713272646092,-118.61260281421579,test
5701,33.3941182529295,-115.045367012889,test
5702,39.66733868319821,-120.5666073887844,test
5703,34.88729039428716,-124.41871649447623,train
5704,33.78387785205552,-114.89632772525464,test
5705,41.83903833249572,-124.09915399496522,test
5706,32.793870028882615,-116.21876348251794,test
5707,32.82959380614122,-123.00078360796331,train
5708,35.46487168222653,-124.22674602437827,test
5709,40.52459353875449,-120.78334985351665,test
5710,41.79113082901095,-115.53157824014606,test
5711,33.65245753569698,-124.05917056990324,train
5712,36.274815226530606,-121.73176809203086,test
5713,39.48383831608222,-121.56300245809413,test
5714,38.64315250665388,-123.46254052581891,test
5715,34.74007714933324,-123.48572657107461,train
5716,35.6475802525284,-115.07665785774215,test
5717,38.15872795311331,-117.2715017972518,test
5718,32.86530009587283,-121.2321720118434,train
5719,39.71042841555041,-121.98291274314839,test
5720,35.13808458553343,-123.99789469513777,test
5721,40.37443836553601,-120.740903646021,test
5722,39.00434393204285,-121.33530262273064,test
5723,38.642075512606816,-114.98490717356269,test
5724,39.79690981534094,-122.16655669364069,test
5725,33.241523919710836,-120.26293191207374,val
5726,34.99192283091204,-117.4084347720707,test
5727,37.470853818557686,-121.12863033559184,test
5728,39.88967047969282,-116.37978675353123,test
5729,40.57055797767328,-116.95229625922867,test
5730,36.14852161034447,-124.0743151250668,test
5731,40.0458432559969,-115.61638622727267,test
5732,34.61599582299564,-120.68819026083891,test
5733,33.31066175285851,-123.45172728877117,train
5734,34.865145035386455,-117.24005687861464,test
5735,41.082813098154006,-116.73691805536203,test
5736,37.682024902973595,-123.70789001517004,test
5737,37.08837607259972,-120.79107804460163,test
5738,39.569379513772134,-115.20759616277384,test
5739,32.625580061258184,-117.53809453594917,test
5740,33.650330534062206,-118.93526727766158,train
5741,33.47323781296019,-119.24259509013525,test
5742,33.68218754187933,-118.16722761114252,test
5743,36.82417495369776,-117.70735415794633,test
5744,35.188067200928224,-123.73029487285382,test
5745,39.97081582379905,-120.99493112998212,test
5746,40.47570044516254,-119.01021837264332,test
5747,41.28917561811028,-116.91017941320402,test
5748,34.38671092042968,-116.78199256781747,test
5749,37.292005451184764,-118.19719878487322,test
5750,32.99116834727956,-118.39292899592859,test
5751,34.80192994502094,-120.64848871764366,test
5752,38.3547826988791,-115.83424231417172,test
5753,36.53005522606007,-114.99191363115736,test
5754,39.070921870413805,-115.71446749492728,test
5755,40.47748329384707,-115.45049455324596,test
5756,33.09379748113417,-115.07016809168951,test
5757,41.4186648101993,-122.35672391791641,test
5758,32.93155952246983,-119.14193254594744,test
5759,41.82640280260042,-118.92888953037281,test
5760,38.56837243662237,-119.43526923866227,test
5761,32.94005118265053,-115.69208336324166,test
5762,36.2576649081237,-121.08884859832597,test
5763,34.9752340898488,-122.77685568819318,test
5764,40.092480131934465,-121.61196067481816,test
5765,34.66506045319141,-122.96435392148786,val
5766,40.35423250240079,-120.2666146352023,test
5767,35.48787306213314,-123.23567755954855,test
5768,41.89719056662928,-123.53709388018369,test
5769,35.090774244098675,-119.7901358775291,val
5770,39.01657880654293,-118.24223888559042,test
5771,40.10783487694192,-118.17521222566133,test
5772,34.57987065921019,-123.48852460497977,train
5773,33.24740690502854,-114.42306226101866,test
5774,37.75031365046204,-123.1847957635309,test
5775,38.941938726993065,-117.63062168344483,test
5776,40.26960546171612,-115.27811647802716,test
5777,35.113074570653076,-115.31806210600838,test
5778,40.79054740062917,-119.15995035820848,test
5779,41.20231016513359,-121.57946161885818,test
5780,39.90890068069231,-115.9046656698122,test
5781,32.601942167538745,-118.12419920109247,test
5782,33.355939288307866,-116.28430960918317,test
5783,41.97857274063297,-120.31608213118587,test
5784,39.48049413516478,-115.02255051437884,test
5785,38.465716801390904,-114.85589958135475,test
5786,41.06589821680313,-116.83795144321395,test
5787,32.90540467583577,-114.72213597171584,test
5788,39.70236835704212,-119.76443348003502,test
5789,38.72979658713577,-122.43508007687802,test
5790,40.56265127378342,-117.67762927941862,test
5791,39.89675309249841,-117.70380592784879,test
5792,37.12229520363178,-119.37446991523575,test
5793,33.202071248918585,-121.75302262719931,train
5794,41.142032588279086,-118.00302415737217,test
5795,39.76036626875009,-122.5761608936918,test
5796,35.90507073313503,-116.67348779008842,test
5797,41.84780050131085,-115.09076794414156,test
5798,35.4761948453186,-122.72213536758011,train
5799,36.03920899811267,-115.98300284175633,test
5800,41.76017886841205,-122.39375350447027,test
5801,38.85701189975379,-119.28062561455192,test
5802,40.85597576205661,-114.85947253389334,test
5803,40.93703176958048,-123.58725250191789,test
5804,37.61016574116091,-123.51450511623825,test
5805,35.05817578141082,-114.55556088468482,test
5806,40.5553122999341,-122.80226314603723,test
5807,37.28287526029187,-120.91348894780268,test
5808,37.874404317863565,-119.70777185785822,test
5809,37.65675461323596,-124.370964455074,test
5810,32.620798932077165,-122.50089115846173,train
5811,32.96438042353447,-115.8991401150953,val
5812,38.367159566502835,-119.09061691543232,test
5813,40.05332178683431,-120.37891172156394,test
5814,36.85815539193766,-117.40889262261577,test
5815,34.3331665790568,-121.09162991661803,train
5816,36.3808372967217,-119.91866860933725,test
5817,39.80602403491524,-114.1946813055454,test
5818,33.55864453720717,-116.45710979860769,test
5819,37.83508345599159,-118.72853522403419,test
5820,39.1799551819187,-119.00925430516948,test
5821,36.467937958166786,-115.7355561027334,test
5822,38.22395227357889,-118.24506175196377,test
5823,40.89652667692165,-120.94203706961645,test
5824,34.54534130426817,-120.13256750633624,val
5825,33.80923749256755,-122.54925224263235,train
5826,33.1062334121854,-114.54734281857574,test
5827,39.40723780528126,-117.7157529326567,test
5828,41.058026983211974,-120.33073896198442,test
5829,39.06802764112799,-120.729555533319,test
5830,41.77700867072991,-115.08890924147397,test
5831,39.235808671131245,-120.72514664162318,test
5832,35.26204546993366,-116.64187896919297,test
5833,34.95043141786597,-115.82675459737466,test
5834,38.84335890661614,-115.05995850331348,test
5835,38.929936582836426,-120.59383538166188,test
5836,37.490502780451244,-116.54947962691584,test
5837,37.51963960692818,-121.06984898392086,test
5838,36.475594367891226,-114.70716281783993,test
5839,35.843752147486214,-124.32493873303224,test
5840,38.534477285850144,-118.56133646531599,test
5841,39.60898879351531,-119.18239553062358,test
5842,40.23295229725249,-115.39171225705807,test
5843,35.445214683878135,-122.20982068244324,train
5844,40.652743217619246,-123.5400617377251,test
5845,35.39696873773666,-115.71320811026564,test
5846,35.41719670157155,-120.83044945817866,test
5847,40.16284173955628,-121.09008255793891,test
5848,41.7099853653057,-123.35424908044004,test
5849,41.358177331302244,-114.95419261382236,test
5850,33.58192128039064,-117.91420477674335,test
5851,35.26187353796386,-117.30358526408617,test
5852,39.726220099905035,-115.18225924030679,test
5853,40.1651268526292,-115.73985982608592,test
5854,37.305404030077156,-119.78179899213465,test
5855,32.68249330804367,-122.79275025171604,train
5856,37.28249651931679,-117.50844366365565,test
5857,32.82496136146494,-117.73112596974394,val
5858,35.19481486220437,-123.95460947831123,train
5859,38.750464676951644,-115.16717212462508,test
5860,33.80468472476357,-120.9836834203134,train
5861,39.27727597898499,-120.01928080335718,test
5862,38.414527658351105,-119.14291381196807,test
5863,36.59920425010701,-115.03708167262815,test
5864,36.05430834033136,-122.68224943449385,test
5865,41.1918908096178,-120.63880822081961,test
5866,37.7685261682808,-119.27117938139318,test
5867,40.9478786729295,-114.21352413026928,test
5868,36.435828139821496,-119.90616670415093,test
5869,38.16124250808296,-120.33107515639355,test
5870,41.57014440633189,-114.79987358257311,test
5871,33.70509439213744,-117.61998798006734,test
5872,35.018532904316544,-122.75354936305425,train
5873,41.21109164169627,-122.62748280747925,test
5874,36.52638178364137,-117.79569280957227,test
5875,35.10617512776216,-119.62465938119274,test
5876,41.97480706857055,-124.34753933518093,test
5877,33.49792214768525,-119.81501564478432,test
5878,38.32131231044942,-114.75174135046797,test
5879,39.99306585686551,-116.73452369173006,test
5880,39.980418310849565,-118.68080813080343,test
5881,36.71424392221329,-122.42752804983162,test
5882,32.94631099391726,-120.9795509699816,test
5883,40.49452654741151,-114.16464899085676,test
5884,40.13192388120011,-117.64515673389934,test
5885,34.777995724764835,-121.59147508046574,train
5886,35.75479470236753,-116.83131446770055,test
5887,37.38424937565979,-123.49802817668598,test
5888,33.61094091157297,-120.61929574412989,train
5889,40.30074607163212,-122.07766122870302,test
5890,41.26228672638559,-115.20215664536585,test
5891,35.44860031825891,-116.86064975207334,test
5892,41.28055903673046,-119.31077641966361,test
5893,40.11423428030562,-120.23558076378899,test
5894,39.42250695471463,-115.58796598299591,test
5895,41.7078856716425,-122.42509926975333,test
5896,35.604437031138715,-123.66919547201661,train
5897,41.20113728933219,-115.65824323357238,test
5898,33.4618820693565,-115.60952500824315,test
5899,37.05679400348559,-121.93388199280001,test
5900,37.75754662790294,-122.42662375221772,test
5901,33.693016543610284,-117.00332305089722,test
5902,39.51274243743589,-122.96169887697404,test
5903,37.02994478748972,-118.02768522092121,test
5904,36.84396796214739,-117.21027112015678,test
5905,38.036233635532646,-118.02738670175324,test
5906,33.80571961360069,-120.03836846740732,train
5907,34.42423826805938,-116.02520773367851,test
5908,34.24108152200597,-114.85187042964878,test
5909,41.544801697923226,-117.16414349208294,test
5910,39.852108190265454,-120.12061258236784,test
5911,37.5414953563706,-114.17431941432254,test
5912,38.77504009410132,-119.80652268314421,test
5913,38.68529266514825,-123.24132408130012,test
5914,35.01440724576539,-122.55757724747632,train
5915,33.35017621557344,-120.8526928534623,test
5916,37.785270074436596,-122.6757871776122,test
5917,35.0210123738,-116.41580495801189,test
5918,40.80177651425083,-124.29457024509945,test
5919,34.765422328638635,-120.25534317398895,val
5920,37.95499817009942,-115.38568483362663,test
5921,36.50827978098399,-123.22613426439605,test
5922,39.56528977132232,-118.50057582863263,test
5923,41.53356667738905,-114.81201697109931,test
5924,36.42757802954333,-123.70184190548066,test
5925,32.95003737544242,-120.83432742021323,val
5926,38.793755274054114,-124.0517071856594,test
5927,33.75338074998482,-117.40657650992131,test
5928,33.519629245019736,-120.13558207382225,train
5929,38.7949555510158,-114.67311652121107,test
5930,33.503632816927976,-117.31280077229233,test
5931,33.749519437742826,-118.2339926967842,train
5932,36.68809451613459,-115.05457684919257,test
5933,36.813528036635844,-123.10318192325342,test
5934,41.18287447718978,-116.36268226152592,test
5935,35.14499099706576,-116.915713253116,test
5936,36.32685547016429,-117.49878253726878,test
5937,39.23022411960122,-117.86142840579953,test
5938,40.36187879594839,-123.15771437042446,test
5939,35.83616988349882,-116.04721280691464,test
5940,38.506303167571225,-117.8915615906009,test
5941,38.44104035298976,-116.48611358630288,test
5942,35.40137618277787,-115.40751120171282,test
5943,33.65334271565841,-118.84758810259396,test
5944,38.993436784533266,-114.57451320737786,test
5945,35.06860460292436,-123.31413376805503,train
5946,35.54413397620468,-124.39836960771481,test
5947,37.9502034952673,-121.03828133823662,test
5948,34.05286065499612,-122.20736852281807,train
5949,34.81698888893821,-118.73228204158019,val
5950,36.754366396480584,-121.5501544628205,test
5951,40.849236652922606,-117.34530096894125,test
5952,39.84326550054813,-114.69366311891665,test
5953,35.537642203879734,-116.50896585278507,test
5954,35.39059235726145,-120.107203409668,val
5955,41.88015631751492,-114.27946471158515,test
5956,38.71754906895898,-116.48910960274465,test
5957,39.02200728713679,-116.07981088716873,test
5958,33.052027361418766,-122.3290373307181,train
5959,33.52408989444489,-117.35806650717473,test
5960,35.31847592348494,-123.7117493093611,train
5961,40.5038453285853,-122.01395994738093,test
5962,41.15403855153652,-124.27052632719341,test
5963,34.33904790612301,-117.16901536852617,test
5964,39.29344338562731,-124.22404445252305,test
5965,40.808083366793085,-119.80898743648298,test
5966,40.85319156543413,-117.75017758530437,test
5967,36.87490479929271,-121.29549582250671,test
5968,34.980632288277285,-120.65333862982477,test
5969,41.586009002928535,-115.48928061887406,test
5970,35.14924232114471,-115.14643153962389,test
5971,34.92302222859087,-115.58680240173996,test
5972,34.47781687931704,-116.70817601468197,test
5973,37.57311081199937,-121.57867237504811,test
5974,33.545035807428235,-123.67007872591303,train
5975,37.934412233727215,-119.40155065129575,test
5976,41.466737582432515,-114.90950863143686,test
5977,37.31205848580683,-122.13701773958454,test
5978,41.671841617273074,-122.27954579146946,test
5979,41.107011631805584,-116.40182084692326,test
5980,40.033096783379705,-118.3366017975018,test
5981,38.28830214994717,-120.27166827556594,test
5982,40.870019408460834,-115.5458694619685,test
5983,37.785696511951244,-118.43413360150325,test
5984,34.49219643978236,-114.95204155256874,test
5985,41.291449626809005,-120.64437096307715,test
5986,37.28573816367479,-119.86158157241456,test
5987,41.126374264687804,-123.67393079829903,test
5988,36.253091353788946,-120.64912205766714,test
5989,35.70930926896666,-122.58714586399599,test
5990,39.783937834746766,-124.10150097837975,test
5991,38.538198481136185,-121.80309474895044,test
5992,36.694195134237916,-119.38163935047538,test
5993,40.85023853263593,-121.88974149980467,test
5994,37.42198052982199,-123.31529647471342,test
5995,32.65113197901328,-119.78468407197344,test
5996,39.09464052323564,-122.91569412175811,test
5997,33.12809367813225,-123.55340997776926,train
5998,37.08603869534261,-114.54051682377808,test
5999,34.34899312914446,-119.53289084147026,test
6000,34.82158373076316,-116.16800507915006,test
6001,41.808849942942416,-122.67921636338791,test
6002,33.6046490936872,-119.68142070535764,test
6003,39.70548722972065,-123.5128771142962,test
6004,38.56660535176618,-120.19433437125006,test
6005,34.377054352729886,-115.9198183335318,test
6006,41.387650218556615,-115.2357719542437,test
6007,34.43741379246249,-119.0890471399982,test
6008,37.412587123576486,-121.4871924911587,test
6009,40.016242773634076,-116.87793257672931,test
6010,39.761018804284134,-117.85264836437771,test
6011,35.55763480944398,-119.58938682742988,test
6012,40.47790930982768,-119.53900194012972,test
6013,41.641054991536095,-119.35496162146197,test
6014,37.01896773756932,-120.94241218848795,test
6015,38.707425887618406,-119.08941117042392,test
6016,35.98194831433822,-123.84847501451193,test
6017,35.883164409923154,-118.56140476634889,test
6018,36.97820924931245,-119.32413050166817,test
6019,34.39685041728136,-120.10399897412971,val
6020,39.058632411162804,-121.09962520302594,test
6021,34.09799567379692,-118.02944468630893,test
6022,32.579064089970885,-119.43990467539771,train
6023,36.6918387028902,-123.40034347778784,test
6024,33.253700064034426,-120.57939278475313,val
6025,37.85629508878725,-123.65122941113037,test
6026,37.45789493800954,-120.53076335192,test
6027,33.82989384755862,-118.94650312201192,test
6028,34.859590529528454,-120.40849138960506,val
6029,32.761562508305516,-120.91779448563229,test
6030,38.15473588508101,-121.54135079852715,test
6031,35.303442863314395,-120.50392548950595,val
6032,39.28196500695331,-123.72540669069319,test
6033,38.49445108036513,-114.19288324024366,test
6034,36.067874482824564,-118.71445349896102,test
6035,32.73571846280813,-117.88102801582211,train
6036,35.561957230952444,-122.55181987524999,train
6037,35.60645995261479,-114.91969690719314,test
6038,35.68071705225501,-118.55129884146257,test
6039,41.55910935744451,-120.16780464989353,test
6040,34.08837969755937,-117.08676337967206,test
6041,35.08746429415404,-121.30214749621727,train
6042,40.41281808239579,-114.80385450718362,test
6043,41.29124175394307,-122.69437137725112,test
6044,36.964664662099864,-115.85063064464146,test
6045,37.64426199991789,-114.47426826341679,test
6046,33.03056889237186,-119.3701338908071,test
6047,40.18212392342508,-115.40163643621955,test
6048,38.16048670025636,-123.70218708056603,test
6049,37.06622526225179,-118.04172827726258,test
6050,35.395390762338224,-120.7672415654919,test
6051,36.73251122858546,-120.6839497282031,test
6052,39.493404941907684,-119.79675409558773,test
6053,33.29493118445842,-118.28723555115684,test
6054,37.32953042631598,-118.08890075303738,test
6055,32.85802247537304,-121.57100928755733,train
6056,39.84323539016654,-120.4815171343641,test
6057,34.52833940590967,-121.86738430290657,train
6058,41.08508139402964,-117.9185095320569,test
6059,37.03861565372969,-123.38802086775661,test
6060,36.860287489326595,-120.07294708791359,test
6061,35.94253298974304,-114.3517951410585,test
6062,37.41993772974491,-114.2456955288302,test
6063,35.73112427497722,-119.09979885728069,test
6064,35.93848624698294,-121.88868729927817,test
6065,34.38245259764172,-118.42415694363181,test
6066,35.799180839212674,-119.40396930007742,test
6067,40.21694199060719,-124.00196201415994,test
6068,34.85669217114967,-114.24243371071229,test
6069,40.30740904713678,-121.06690564539329,test
6070,40.686631461154136,-120.32342693986769,test
6071,38.8401867226184,-119.14518580885141,test
6072,32.82057676786712,-115.36338583949983,test
6073,37.842987307540206,-116.20107696051834,test
6074,40.41992010940261,-122.32077799306361,test
6075,35.993968257519704,-117.05343856241974,test
6076,35.20832711388182,-115.42323782569667,test
6077,35.57343834299389,-117.07593902531399,test
6078,36.53653348148322,-123.00500962357467,test
6079,33.19450209143951,-118.88395643804027,train
6080,34.78087789040955,-115.79446769023166,test
6081,38.65647493822426,-122.42318788432866,test
6082,37.00442577161859,-118.88768049694858,test
6083,34.87232251348435,-117.5369344639753,test
6084,41.345425621975224,-117.88933549375125,test
6085,35.32878638859713,-123.3409123622029,train
6086,33.754640255979,-121.57943048925299,train
6087,34.41782902799818,-118.74751021333074,train
6088,35.338658118621716,-122.28765137958194,train
6089,37.4786344098528,-120.99942876387277,test
6090,33.15805683925658,-120.16056288407005,val
6091,40.62630145501989,-124.29953654657339,test
6092,40.83970382212916,-119.17753940975278,test
6093,35.544780106807146,-114.18405983362898,test
6094,39.87220866648734,-120.23075855418242,test
6095,38.20909017567556,-121.61198358229116,test
6096,40.536354753503296,-121.83161756320105,test
6097,35.1528708605441,-119.12855161367673,test
6098,38.30893246324891,-119.73853238232316,test
6099,33.218419826850756,-115.55293309261717,test
6100,32.6195109419648,-117.84938671155467,train
6101,40.813388973233444,-120.32989633084168,test
6102,35.31936747997437,-120.462949805452,val
6103,36.748039886748444,-118.7984650101734,test
6104,34.724950767542566,-121.82777526466958,val
6105,40.83336661066976,-120.08046179461587,test
6106,36.17153884532804,-121.50123647522788,test
6107,34.22625460426356,-119.12554344966281,train
6108,38.28769262783265,-118.80452952510227,test
6109,34.475737698008004,-115.70939652521619,test
6110,34.9987332227334,-121.85036349851066,train
6111,38.901369166881665,-115.11228596560467,test
6112,41.613808165723114,-118.92138333920863,test
6113,39.67804945084361,-116.94634680860142,test
6114,33.70562833987036,-118.133666025787,train
6115,35.48991679368805,-115.89260931293741,test
6116,40.07157608420044,-117.60302994514802,test
6117,35.13564550304371,-124.32583188654544,train
6118,39.538458672249405,-120.41626175834878,test
6119,36.99787442197686,-114.76546482439406,test
6120,40.90534875505333,-119.7855237337647,test
6121,35.931141934970576,-115.89935436450432,test
6122,41.380391694722135,-115.48102444889143,test
6123,36.38840643005388,-121.01112122658297,test
6124,39.40745218310309,-115.59685824984513,test
6125,34.37849245876829,-120.54864519492271,test
6126,37.55657609650477,-124.17853397690716,test
6127,35.46697858619583,-117.28065886838056,test
6128,32.650520423297415,-115.98281750542564,test
6129,36.67098246396278,-119.78392651484484,test
6130,34.163541014259806,-122.65214947372405,train
6131,41.60780228725475,-118.09641389556332,test
6132,40.18733563551636,-116.82857235189658,test
6133,39.53330293868842,-117.6888372218739,test
6134,36.82305434016291,-120.77177788027855,test
6135,34.98372268489762,-120.64252389516734,val
6136,35.60171808633043,-118.77880555980393,test
6137,34.465328628386786,-122.44611120632653,train
6138,37.75638561625304,-115.71592077017463,test
6139,40.21278750391473,-123.38509063840036,test
6140,34.30478100550207,-119.42367280445634,test
6141,32.57306434710339,-115.57918365782288,test
6142,33.71949371293282,-118.98170045058876,test
6143,36.89502745408916,-116.59461112929563,test
6144,32.7061044191806,-121.96995556664821,train
6145,36.34894680038543,-119.84676643147934,test
6146,33.58266696228814,-117.08835019459387,test
6147,33.55054798693145,-115.28131534073978,test
6148,39.27842632970276,-117.81019962370982,test
6149,41.99523857260654,-121.9370773329011,test
6150,34.37174092920099,-122.93172107912838,train
6151,34.70420893937709,-115.7637244368376,test
6152,35.33708067468547,-118.72788998827014,test
6153,39.96498546683118,-122.54427903802123,test
6154,37.32081394987668,-119.43267285537301,test
6155,37.93431131106775,-123.13761348789363,test
6156,37.70542271444049,-123.35568030172178,test
6157,41.406906714970106,-114.95503790831712,test
6158,32.860057623399015,-118.82489385575057,test
6159,34.02546078146752,-121.87371079833362,train
6160,36.14860994053322,-115.35413940273281,test
6161,37.15165328079377,-114.1415035062304,test
6162,33.60898253654272,-115.32387716576868,test
6163,40.98831667398681,-116.7323336447658,test
6164,38.949323887705965,-114.5210901740416,test
6165,41.358344598930685,-122.40493765133246,test
6166,41.43938774238476,-115.3909787477771,test
6167,37.383688025190644,-120.74139602260323,test
6168,40.60798801980715,-124.10762721002182,test
6169,39.507065982863814,-124.106183412887,test
6170,35.94401238655601,-122.5034278442636,test
6171,38.755097679671884,-116.40346983965992,test
6172,41.552518050856825,-115.19531398052708,test
6173,39.76516558592735,-123.120708722489,test
6174,39.24813276372992,-115.72410530864612,test
6175,34.63112304269162,-116.6510791863628,test
6176,40.400786808836806,-123.90156952524808,test
6177,36.22012521054605,-116.89937372535093,test
6178,38.44001788212734,-124.04431012816308,test
6179,38.94807566081975,-121.73276894738032,test
6180,37.40933631058519,-118.96632408640778,test
6181,34.09809231894992,-115.06554035960669,test
6182,39.134910716286996,-123.35382306912706,test
6183,34.87138480851916,-120.84897173437759,test
6184,35.043002425588845,-118.49198729092525,val
6185,33.73071546177583,-116.80848383342072,test
6186,38.40085326380152,-115.00234310399225,test
6187,33.64183237046672,-119.60615528686745,train
6188,35.79920333089951,-115.77032657931501,test
6189,40.953775217081464,-118.07850631045237,test
6190,36.82053530106811,-122.33620355537626,test
6191,41.00095966570047,-118.46445168285382,test
6192,37.19602966710244,-121.20454045662858,test
6193,34.22355616512578,-117.1854466961276,test
6194,39.71693164857822,-121.5063835547551,test
6195,35.87714724375135,-121.73007674153017,test
6196,41.681908429253326,-114.69330451624937,test
6197,35.01236376498327,-115.07130870727686,test
6198,40.31573609190925,-119.78250677096393,test
6199,37.206857519936875,-116.54803035437587,test
6200,40.50499255936458,-114.31493546245235,test
6201,34.263353105988166,-123.52627501804193,train
6202,38.5308405329579,-118.19043627692247,test
6203,33.60186819106845,-121.82644039717493,train
6204,40.15823506374308,-116.19184494624564,test
6205,34.76163983349412,-123.39445400116163,train
6206,36.579139778037636,-116.30736414224599,test
6207,38.74208757203277,-122.37171783158527,test
6208,37.058692538236315,-119.73844040859628,test
6209,39.906153943387515,-116.04950774868435,test
6210,39.0469747261528,-123.74445144721443,test
6211,33.764942485073895,-114.87056961905633,test
6212,39.85469282022101,-122.19913838961715,test
6213,36.54037752192551,-119.27749336286777,test
6214,38.19076565652423,-116.86659190407725,test
6215,34.58094820058163,-123.16674494840638,train
6216,36.536677379806044,-118.16383251431628,test
6217,40.26851579603007,-119.12449972203129,test
6218,41.30169517784144,-118.40004910139326,test
6219,41.41944962753284,-117.60967331595238,test
6220,39.15984130502583,-120.10332492866567,test
6221,33.277281344622715,-121.35968944574972,train
6222,36.7217374162892,-122.54447069782184,test
6223,34.358384154941966,-114.75822966157926,test
6224,39.13640992641448,-120.30181561457955,test
6225,34.05818471972037,-121.53026708009133,train
6226,41.787646780327556,-123.89824392080126,test
6227,34.37225292596926,-116.69506177841856,test
6228,33.029198952602584,-118.99894256303101,test
6229,40.518389169172536,-122.47115902030124,test
6230,34.44550910416932,-115.22931569908722,test
6231,32.75740072822697,-114.81272186291008,test
6232,37.72029428361104,-115.36022723182025,test
6233,41.708643817253545,-118.65638859565965,test
6234,35.06320272042834,-120.59148573056757,val
6235,36.400606621755514,-122.77095805582873,test
6236,34.77597059703528,-120.55062144754999,val
6237,37.81411755311646,-118.12852080554376,test
6238,35.58681344517865,-122.1042347569112,test
6239,38.130212573757575,-119.65654433724201,test
6240,37.05685823639171,-118.53141251282487,test
6241,41.32682762181511,-116.89891041945477,test
6242,38.87506569523826,-123.49816999057622,test
6243,38.99416571982681,-115.50126855598913,test
6244,37.136840425439786,-119.7378728548162,test
6245,35.40078392242788,-118.44029087906054,test
6246,35.503231793949325,-114.74533398324839,test
6247,37.30279953315257,-122.7081394650218,test
6248,34.34739886609857,-115.32094911788043,test
6249,33.78408169420151,-116.1463223230351,test
6250,36.05629733577267,-114.19157785301866,test
6251,33.76560260426352,-120.3877340461317,test
6252,34.71531220445237,-123.13220633238947,train
6253,37.59667520815029,-124.29384385412955,test
6254,40.01219782969803,-116.26833639429245,test
6255,34.65858692900146,-123.03169325579712,train
6256,40.027062657547965,-121.28501506650652,test
6257,32.677179095565926,-114.26078196282964,test
6258,41.9718052711349,-119.88200107604449,test
6259,37.42541186541292,-122.05626919993959,test
6260,37.03665321893394,-116.67416201766801,test
6261,38.69076392305027,-121.64028151527732,test
6262,37.029915903370195,-118.96516446512463,test
6263,36.393971050800005,-122.8179072094672,test
6264,36.04321177440387,-119.68881254961828,test
6265,41.79007861090965,-123.32015140946609,test
6266,40.688373922527795,-116.4693934906401,test
6267,37.287828220202584,-120.67541669891513,test
6268,40.451206313888235,-121.15313393505708,test
6269,33.94187642406227,-114.19406834852188,test
6270,37.54384383080817,-115.88576695308248,test
6271,36.79312156207052,-118.7290306165122,test
6272,35.60663377237455,-114.7051718391655,test
6273,41.227626275505116,-122.26047907858067,test
6274,40.41371120379694,-118.52736520053382,test
6275,41.120103964668246,-114.86141971274432,test
6276,38.54550433615709,-118.56632567685965,test
6277,36.09281479409659,-121.26462533967722,test
6278,39.697015036132946,-116.07182651176399,test
6279,33.55812925506954,-123.00886759211379,train
6280,40.60866362151968,-122.87287692599241,test
6281,32.80254012149393,-116.90210238458559,test
6282,40.27847128014744,-123.72518863152048,test
6283,39.196316575996846,-123.91799662981217,test
6284,33.36772021488826,-120.5317396215713,test
6285,33.9220696199266,-120.3375840104167,train
6286,36.814147069208715,-119.59790523513885,test
6287,35.369815242332855,-116.80305148769305,test
6288,40.743261462383956,-118.57512602062582,test
6289,34.35613418989046,-117.08331416842263,test
6290,36.47974723151299,-123.92558722357263,test
6291,34.99666064228434,-121.185099460255,train
6292,33.73441508808716,-114.47634473193064,test
6293,34.98975122980717,-120.02974024824948,test
6294,40.674077804479964,-122.1461108699376,test
6295,39.30578633286487,-114.21159134474057,test
6296,41.187852897885726,-120.1993099763587,test
6297,36.36799524422327,-119.50375908205417,test
6298,34.80670814946041,-122.13265095121018,train
6299,32.77922706765198,-117.67299980826371,train
6300,37.21914559413033,-122.30345794490762,test
6301,32.90622741385043,-118.15168799675826,test
6302,32.57048412876228,-116.6308013843553,test
6303,38.256586088666346,-117.71377834732465,test
6304,34.09090192559702,-123.50815880207934,train
6305,37.83110573331633,-123.61752906629383,test
6306,37.96125999079022,-115.75535554606233,test
6307,39.38475684996649,-115.11399566077587,test
6308,36.158228336754966,-123.04134160156532,test
6309,39.20782264236455,-120.56900546936389,test
6310,35.99569293877192,-117.69657065969963,test
6311,33.45604381028718,-115.82619138938773,test
6312,35.46560613458042,-115.0683624949164,test
6313,32.60166260879865,-117.23658079182802,test
6314,36.90950843199808,-122.91953771633709,test
6315,39.54074675662431,-116.51830159295821,test
6316,39.96155935949197,-115.58345293219172,test
6317,34.72795593705092,-120.81803544625517,test
6318,33.530440403930754,-119.34528588486731,test
6319,34.28602278146427,-122.72459530004932,train
6320,41.84576192316739,-121.30040395866503,test
6321,35.48561312914362,-115.47236596822157,test
6322,36.59532378980361,-123.52398505064052,test
6323,33.246183575170285,-116.57941760289114,test
6324,40.00495797177094,-123.43336176640004,test
6325,36.77720361941939,-121.42308351612229,test
6326,33.35765805486974,-118.4353280960719,test
6327,37.008760005811894,-124.40583897747948,test
6328,39.28471067004594,-117.47690960328534,test
6329,37.00966881931063,-121.18002781632127,test
6330,41.70295223510293,-116.72224010360979,test
6331,40.78465573598252,-114.38530905924958,test
6332,37.40522219889808,-120.14599747125378,test
6333,41.43660799976318,-124.13074232746163,test
6334,40.213842443459306,-115.68792784287847,test
6335,36.017517002667525,-121.60909722139793,test
6336,39.835251155724215,-122.90776404858089,test
6337,37.32042160299049,-115.37532446496876,test
6338,37.63538803345037,-122.04261876011924,test
6339,37.46028106146753,-118.19950864207377,test
6340,40.14083577758031,-121.82142861687693,test
6341,41.22889995358986,-117.09455600972176,test
6342,35.55583248908469,-117.75142263483613,test
6343,38.6089925739409,-119.19047572049041,test
6344,38.481031955266005,-118.71769324275483,test
6345,40.93459902899014,-122.0971191984102,test
6346,36.76509467479664,-124.2139346498728,test
6347,34.33082023736444,-116.1846911945618,test
6348,34.45322327454084,-115.27130375331839,test
6349,33.01558834358691,-116.42016760755146,test
6350,33.48389884603123,-117.14129390362433,test
6351,35.382549345507265,-119.57446223828934,test
6352,33.50127089380489,-118.41995900825277,train
6353,40.77923582446125,-117.30932351192418,test
6354,35.95831561561286,-124.16958759974996,test
6355,36.01938556672064,-120.0719567925107,test
6356,39.70358535463617,-122.1234821111799,test
6357,35.38366731252589,-120.68252985997103,val
6358,39.30277615923809,-116.71542105186937,test
6359,40.318345862548895,-120.69348673348186,test
6360,35.94088602394869,-116.81993316278498,test
6361,37.054879035634606,-114.42041736175588,test
6362,35.58150819088418,-114.91992343189379,test
6363,36.53736508091938,-115.90615673697206,test
6364,38.0296755010644,-115.6456647552938,test
6365,35.84108810468877,-120.37855778538429,test
6366,36.9253394016655,-116.89738559386767,test
6367,37.22923841731622,-117.56308919462118,test
6368,32.76205089531594,-114.3063819488377,test
6369,34.07975572231911,-118.51279638326264,train
6370,37.65681518854183,-120.00911161794622,test
6371,32.55510179273563,-115.80777887796015,test
6372,39.198713790026346,-116.71189877413777,test
6373,41.10475344802627,-123.1526757843234,test
6374,39.67576959555935,-118.29235125016616,test
6375,35.50501189816839,-118.33331818615159,test
6376,36.78999398752561,-117.9279477486065,test
6377,38.692288058787355,-114.73315469588078,test
6378,38.973737808831835,-118.23301274243846,test
6379,41.78689564095794,-115.47010560139508,test
6380,37.19852864239655,-120.74509379879478,test
6381,34.8930948698075,-123.84842297760025,train
6382,35.959956746836504,-120.57145355890974,test
6383,41.265534805045604,-118.94817840582856,test
6384,38.521759689278895,-115.84845659473157,test
6385,40.71446080693951,-117.92563878287108,test
6386,39.38709054264862,-119.88089666836689,test
6387,41.6726253750259,-119.67809341411211,test
6388,37.27664863888308,-114.16446345728912,test
6389,41.52560280637691,-122.9827450292893,test
6390,40.919380359141144,-122.32112923744116,test
6391,40.51410459619728,-117.99334780007722,test
6392,41.42321301011114,-117.20850944292472,test
6393,37.5068414675857,-120.36776442205732,test
6394,39.56459175713912,-124.1087210619488,test
6395,37.789029739173046,-119.05805684800097,test
6396,39.88119127393327,-122.95164687833676,test
6397,39.76273613439143,-123.86214190804432,test
6398,39.7120876978585,-120.8855281807862,test
6399,36.58741332620109,-123.04142047787013,test
6400,40.07084616986869,-119.91394131356319,test
6401,40.83035402375839,-116.58693007965094,test
6402,38.55533508070803,-123.9549553620586,test
6403,36.83556329269424,-119.28611853531761,test
6404,40.61026098069788,-119.31613194531236,test
6405,39.90192452634672,-124.4216959509122,test
6406,36.97711289438764,-116.82863142486568,test
6407,38.021359936475704,-123.51482277942522,test
6408,39.024765146534484,-114.83050953174255,test
6409,39.04840538910741,-117.84815180285644,test
6410,35.47552168881282,-121.47261568148205,test
6411,35.30179010353353,-114.90035275273041,test
6412,40.93317510596806,-120.31125202695985,test
6413,41.403495495932525,-121.75671339551393,test
6414,36.33755675144286,-120.47579720126645,test
6415,41.17967918656164,-118.1345386377815,test
6416,36.98745568828303,-116.9797150639361,test
6417,34.11340653706386,-117.61661489570774,train
6418,39.470377831071424,-114.94204966940136,test
6419,32.96453179300593,-114.5818744141406,test
6420,33.608788026846426,-122.40828243691773,train
6421,41.44132283406038,-115.03168784184155,test
6422,37.43187786069761,-123.34010996407217,test
6423,35.05258422227497,-114.57444572732126,test
6424,37.079477772983516,-121.76615462658981,test
6425,38.005342184027874,-121.69971383120043,test
6426,38.580529703495976,-120.09386536866421,test
6427,35.8276653724165,-122.56623700572055,test
6428,36.19870603187113,-115.90622069451982,test
6429,37.736257840073684,-123.15395657971716,test
6430,38.46451327994791,-119.91093243424322,test
6431,41.25524566023767,-115.08722152903592,test
6432,36.24485506998533,-117.88913839349324,test
6433,40.81328799014251,-118.18013045239977,test
6434,41.935775794838676,-114.18521805129332,test
6435,35.74036306055446,-124.20751896048321,test
6436,32.78838386869928,-121.14292710656544,train
6437,38.25339547327452,-123.1510621734908,test
6438,41.08754339816021,-122.53700825381554,test
6439,33.03559359534892,-122.21299362018152,train
6440,34.39700901705721,-117.9767629600511,val
6441,38.933144571320696,-121.63457658468677,test
6442,40.19741287965196,-117.59225771595382,test
6443,33.350482922134454,-116.83050190297897,test
6444,35.974597537171945,-120.29627900939781,test
6445,34.790853915990546,-118.91046580095733,train
6446,41.66737991491908,-123.07812968500292,test
6447,38.99297980578902,-116.68028814716054,test
6448,37.03429660235661,-120.11889049455286,test
6449,40.696476180790796,-115.83491104019365,test
6450,37.62166220729861,-119.01467675193328,test
6451,41.16033405197965,-117.25635652660114,test
6452,34.79151539414124,-120.74301243050841,test
6453,32.788894628771715,-120.60705512364687,val
6454,36.590153395805146,-119.9395979674723,test
6455,34.46450549348032,-117.88248733936847,test
6456,40.44437323429144,-119.2176387751413,test
6457,37.57678647302974,-116.14790980849355,test
6458,35.26364454477226,-123.87503898889221,train
6459,39.85574477841255,-115.15540450261068,test
6460,37.51960457732474,-114.89256197067593,test
6461,37.291465765278765,-121.92357964788252,test
6462,34.242079230590534,-123.40099582900704,train
6463,41.95468827113054,-118.54416230182473,test
6464,38.77090113325605,-123.77840554129668,test
6465,40.62517854733046,-122.07163167412298,test
6466,39.72466527114922,-119.2069942408562,test
6467,37.29278368209347,-118.11160413853612,test
6468,32.622158127919874,-122.43671724321835,train
6469,38.84336681112965,-114.82347161135603,test
6470,33.48404864412552,-122.57055886968391,train
6471,41.6350738819049,-122.85580873148547,test
6472,34.89053920554339,-122.76648095953789,train
6473,36.00864313613577,-114.85659970810725,test
6474,37.75326789111692,-115.37987078614132,test
6475,37.289758996309125,-124.09934868952413,test
6476,38.73425101086851,-116.94859603464077,test
6477,39.94924895343549,-123.6823312832759,test
6478,39.70488833903135,-123.66354829270756,test
6479,41.12957063853581,-123.65623171596332,test
6480,36.98010903267512,-115.88660771356606,test
6481,37.58861494088429,-120.03313862801137,test
6482,40.80751112976712,-118.69702597713369,test
6483,35.20367572307664,-124.1223110952296,train
6484,34.85886414395779,-115.15180658189841,test
6485,32.6163996134876,-114.31534635141718,test
6486,39.5234105544767,-122.01530896252724,test
6487,39.04143619420379,-117.67132846380454,test
6488,35.15054142516717,-117.4415415289768,test
6489,33.76029951493219,-114.47765069824284,test
6490,32.93276785486702,-119.45237100528783,test
6491,37.15006154828678,-121.98710052089031,test
6492,34.36227727234723,-120.72548604054039,test
6493,40.04347074917848,-117.84560326753491,test
6494,41.52681941412032,-119.56865781273568,test
6495,39.88685882412833,-123.6213093957932,test
6496,40.594608375579355,-116.1160541520053,test
6497,41.912803164458154,-115.52938903577541,test
6498,39.54547494257214,-119.50839535442668,test
6499,37.90255512899626,-119.04302035454228,test
6500,40.20080634478233,-119.37187948702305,test
6501,37.86967527726525,-118.97831671795004,test
6502,36.625917877157214,-123.38196369005871,test
6503,32.83782216372826,-119.96924493168035,train
6504,38.61902432173729,-119.82240563741102,test
6505,41.02949577224048,-114.15356520590093,test
6506,39.094144535262075,-123.938385780754,test
6507,36.35726523088173,-121.2218476792511,test
6508,38.372037232963635,-119.32628878442691,test
6509,40.228694962217546,-115.70500358890231,test
6510,39.767354075519734,-119.68464534417663,test
6511,37.18145988354259,-121.43972352214621,test
6512,35.95508066884905,-118.92138473421208,test
6513,36.28829994762695,-121.3776536476839,test
6514,41.12789961047577,-118.78680561896289,test
6515,34.13851432479455,-117.3275407312644,test
6516,40.702416738319236,-118.96763392409957,test
6517,34.379336785547345,-118.15466092139158,test
6518,41.81902593093219,-124.04082317615574,test
6519,36.77580759952,-117.64777118115781,test
6520,39.47558641618034,-114.44264668082235,test
6521,39.43717591373226,-119.37114258515766,test
6522,39.84586907236662,-116.16407812504919,test
6523,40.005578777951726,-118.78078594171589,test
6524,32.90003771381206,-117.1817731595382,test
6525,35.1184764206858,-121.24480568637928,test
6526,34.70534884766083,-114.47163063632274,test
6527,39.145677870264024,-122.22185523131374,test
6528,39.001016299099156,-122.79970350817563,test
6529,35.34290709512414,-123.97064351789685,test
6530,40.04484210937837,-118.8603253013644,test
6531,35.48104684387777,-118.05913161338461,test
6532,35.777596538065566,-117.74342845807455,test
6533,36.30711764182204,-122.66429339198578,test
6534,39.581264547573454,-117.72368358601982,test
6535,32.641537010661416,-122.73775131870723,train
6536,41.114225929376374,-116.65602056090593,test
6537,39.083760245692794,-121.60222824180127,test
6538,38.085086656660714,-120.08870659152869,test
6539,34.77753066018347,-120.65388917243715,test
6540,39.96881112145301,-120.64877540213351,test
6541,40.79530375053538,-117.00707269667146,test
6542,37.27964743925494,-114.1529611937782,test
6543,35.29960400567669,-119.00323026155746,val
6544,36.133840376201576,-120.3052890063271,test
6545,36.471897089378665,-121.4119621472192,test
6546,35.42701865724488,-118.00162945806974,test
6547,39.27442525491407,-119.78830105131152,test
6548,35.77039069600043,-116.47206219659067,test
6549,40.30692697025191,-118.18503497675427,test
6550,36.92115414809218,-120.1930904870695,test
6551,38.4862529075959,-114.61445397865569,test
6552,41.507108453425985,-124.323862226299,test
6553,36.754128267415624,-117.3313784662211,test
6554,34.14317858399271,-120.20474007846379,train
6555,37.7377643694215,-123.18607890938347,test
6556,37.23351723410346,-123.48430989112077,test
6557,39.94106385752679,-117.74552124537617,test
6558,40.67608891740918,-122.91645881892514,test
6559,39.278509219032145,-115.61385597254434,test
6560,41.72967607586716,-121.234332461197,test
6561,35.079273609280094,-120.89498010585396,test
6562,34.79518195406692,-117.6341170693895,val
6563,35.28848609491858,-122.17011037233533,test
6564,38.883492029875995,-124.36742574817119,test
6565,34.7321634151175,-119.84349950322519,test
6566,33.367313006396365,-118.99755948515113,test
6567,41.789029078613396,-119.84281708114783,test
6568,35.5093639256118,-119.71810552149466,test
6569,34.636077581492096,-117.57623195964146,test
6570,35.92735305116996,-115.72094860504001,test
6571,34.0302861047536,-120.67163765023761,train
6572,32.86872119932806,-116.29413547020465,test
6573,35.42198238494376,-123.79373037001037,train
6574,35.72956200171448,-119.48851057574728,test
6575,40.210323773281715,-120.5618736941317,test
6576,36.655480172342514,-119.63615263747478,test
6577,39.50704405567925,-123.49686330055935,test
6578,39.497198410816814,-123.00866966136147,test
6579,40.00175498303186,-121.41422160999448,test
6580,41.22827913533856,-121.6198889327252,test
6581,37.25203873679854,-120.46965423400039,test
6582,33.51443773334041,-119.72566097689399,train
6583,32.896138068150805,-122.15971135972977,train
6584,34.300033319934364,-118.05583730014354,test
6585,40.382634295635256,-120.56527969879272,test
6586,37.969089755828136,-123.82000525623364,test
6587,33.85691977366867,-121.92748690841044,train
6588,33.78606517333525,-118.66488140037592,test
6589,40.97253282224588,-118.18309650160239,test
6590,37.45468750656142,-116.19549643194686,test
6591,34.157870816327744,-121.90911501512319,train
6592,41.02219991280496,-118.64356390611319,test
6593,39.35528634068934,-119.53135519106749,test
6594,37.05446968673995,-115.69180855449481,test
6595,36.93416968570254,-116.91378520816238,test
6596,38.900012474349126,-123.07922993068422,test
6597,35.733788080769585,-114.55503850117505,test
6598,41.99914925018058,-120.77773707054858,test
6599,39.959731822769946,-114.59816278155216,test
6600,38.59988982739169,-121.4993709971487,test
6601,39.040174611457914,-119.6052407140407,test
6602,41.9629142874345,-118.76471807391984,test
6603,32.63210217320168,-123.7843695435157,train
6604,32.74614961555235,-117.06148729640776,val
6605,39.9642139297241,-123.36043614237978,test
6606,34.512941863680794,-122.7474817679794,train
6607,39.01852737331241,-121.44760287928237,test
6608,37.29663397786758,-114.53470570451663,test
6609,35.54780608910137,-114.40717113805935,test
6610,34.72078994260988,-119.39514748039524,test
6611,39.885783613545705,-118.94145939441195,test
6612,34.14919873256787,-122.25589746009967,train
6613,34.03308797663778,-120.12999063449384,test
6614,36.715101816405856,-114.29064759141774,test
6615,33.65955126218844,-116.28693371686312,test
6616,38.605117248775755,-117.24981639120443,test
6617,41.92396328244256,-121.569542234509,test
6618,39.61273886510597,-116.57285914190712,test
6619,38.242635018401515,-114.47482921672848,test
6620,36.267226536506286,-114.2542019421974,test
6621,41.88626206369191,-118.2561429147011,test
6622,40.86306258581273,-122.78285258734473,test
6623,40.30099482786591,-114.50043771374212,test
6624,34.70816325653454,-118.85838509548299,test
6625,33.70030916891006,-124.04470865670397,train
6626,34.215101949542,-123.5997656663441,train
6627,34.979785724120916,-118.48847068784363,test
6628,33.303687892692494,-115.82812053934047,test
6629,40.94335945721983,-114.73291407798668,test
6630,34.28385424295315,-114.70286369631128,test
6631,34.675992800279445,-118.4744849809048,test
6632,40.94085962892318,-114.32167103534788,test
6633,41.603616112807345,-122.89766426961005,test
6634,34.63026726024222,-123.46397652158723,train
6635,35.31592336062124,-124.12783498280773,train
6636,40.10697443682523,-116.45869797104292,test
6637,41.71839901523302,-114.98988549055923,test
6638,38.68243264130936,-115.78131447075774,test
6639,36.721276958699804,-114.75235087567678,test
6640,38.91826826502039,-118.78942046831459,test
6641,39.919284847436835,-116.57304272938927,test
6642,33.596851407882966,-120.9685212063242,train
6643,36.652275422346314,-116.53657160413097,test
6644,40.64865054199959,-116.67609575282006,test
6645,39.21037166388056,-119.94893433379198,test
6646,33.986242706348804,-123.98877615283816,train
6647,39.68186893065772,-121.69482889566277,test
6648,38.8506673505884,-115.31374226128302,test
6649,35.03622383934231,-118.38528074783544,test
6650,35.78770729545077,-120.2634886132806,test
6651,35.50742950693145,-114.67235415330636,test
6652,41.93606364826381,-120.66198404695974,test
6653,34.26984141959715,-121.05746499822914,train
6654,40.38456289829738,-116.49618601783317,test
6655,37.55511742431413,-120.77680926582144,test
6656,40.86854035513141,-119.8393354810477,test
6657,41.82822495073895,-116.99145768709548,test
6658,41.6314568900919,-120.00546093024947,test
6659,40.619776386234115,-121.11721132297089,test
6660,36.44652886309074,-124.28134109823345,test
6661,35.098945265752135,-115.56752675459533,test
6662,35.55564030878035,-119.00968389403981,test
6663,38.715217157252894,-115.66276839341224,test
6664,35.7674194676694,-118.0700476804412,test
6665,36.64839545736965,-122.37112960435971,test
6666,33.28510364426187,-120.69581059507243,test
6667,39.8314800664044,-120.1380682049977,test
6668,33.58561482905425,-116.81342507798634,test
6669,35.72164145066298,-118.78833438575639,test
6670,38.1214097169906,-117.87764884689385,test
6671,37.56022583967427,-116.67574345350202,test
6672,40.98794642614631,-121.61648974176794,test
6673,38.767776657867024,-115.34666455990657,test
6674,40.00225405312509,-119.76671464586217,test
6675,35.40363291367064,-117.62383329601892,test
6676,33.78247697938627,-122.19033430029165,train
6677,39.56933509149045,-122.03393096851764,test
6678,33.98439292184273,-116.8622592495386,test
6679,40.429553949248216,-120.82731334878653,test
6680,41.46037518706947,-115.40887541450613,test
6681,35.20932682800629,-117.5864575058592,val
6682,39.73671770265269,-117.5794278542101,test
6683,36.67159387659602,-120.5194440916892,test
6684,35.36150486416327,-115.13346900321241,test
6685,36.6129273671119,-114.7007671181902,test
6686,38.65488617703964,-121.78064633625625,test
6687,41.88700654734899,-119.13485989482895,test
6688,35.371414157908184,-115.08953265263386,test
6689,39.21528205525908,-123.3957975800875,test
6690,35.701219876932065,-121.37196052484056,test
6691,34.910701888920705,-114.59986259379696,test
6692,38.513545082434256,-119.43992230532287,test
6693,39.739397858846914,-114.62965169576174,test
6694,39.32364572038305,-120.52046504680865,test
6695,41.45628637627844,-119.00147871715575,test
6696,33.54678604726418,-119.7579930235759,test
6697,37.65008489871624,-119.72612189144901,test
6698,35.28429072308508,-114.9783797179889,test
6699,40.26658353454664,-117.27823243816698,test
6700,33.11739144503036,-114.68950847959105,test
6701,34.194858690082654,-121.04252501699662,train
6702,39.841110479745275,-114.19295400945823,test
6703,35.8884533047632,-117.14397950964288,test
6704,38.98664706830925,-123.08619177005068,test
6705,41.98584876788119,-120.18255657884322,test
6706,36.884771006050734,-121.87623499153042,test
6707,37.57736075628619,-122.01241412382097,test
6708,41.76635675861091,-114.85631024374992,test
6709,39.59834633948721,-114.54292071561883,test
6710,34.393288766078804,-124.29394132187882,train
6711,40.14672304383707,-123.01684122348418,test
6712,37.415179158585346,-121.57541614294634,test
6713,39.986388339821005,-115.69984863477235,test
6714,38.19829241053816,-118.13949973216916,test
6715,34.68282885850581,-118.6104402063685,test
6716,40.24274281707726,-118.27179137825956,test
6717,32.54919127442399,-114.63944782349817,test
6718,40.93964618681089,-121.5966005765386,test
6719,40.282229367636276,-123.16854905471749,test
6720,41.71722572208558,-118.1734235541948,test
6721,32.866542404511534,-114.45095980526261,test
6722,36.67439874228744,-117.11985604493441,test
6723,34.131675706442195,-115.24228031595055,test
6724,36.07168090405682,-115.20028269678551,test
6725,35.93722465108966,-122.17945939291162,test
6726,38.188903260648665,-117.37147992172076,test
6727,36.67246204111426,-115.5505026036455,test
6728,41.67397833236075,-123.39517545206057,test
6729,35.160517610020754,-117.72325879933341,test
6730,36.495566853644156,-121.63564737439926,test
6731,39.16520095904005,-115.96857704446924,test
6732,35.148865533135336,-122.1387294888923,train
6733,39.3844910633787,-120.5900346543673,test
6734,39.24150730934853,-117.46278388321683,test
6735,39.274895966265944,-118.70943229688623,test
6736,38.92297375153218,-123.20304724889056,test
6737,40.27134956238924,-122.11720710353465,test
6738,41.95200316661989,-115.30698894934797,test
6739,33.054036231369835,-114.24568241297804,test
6740,37.23797869856327,-117.28514826675668,test
6741,40.229876407285445,-124.33932622548511,test
6742,32.53044707708273,-116.77553921758393,test
6743,37.69260122545885,-117.81246821997786,test
6744,38.77828910177526,-120.19413213537366,test
6745,34.34580311859683,-122.08884767298497,train
6746,36.325770166419055,-122.73165512451195,test
6747,40.00610280296972,-123.57873495084044,test
6748,33.16148536823264,-117.84912242852347,train
6749,33.807187962775345,-120.96269914638664,test
6750,40.27711789646217,-119.09928329862106,test
6751,40.19317612622997,-119.02510172608386,test
6752,38.121119854560604,-118.17871139211678,test
6753,36.47128759650752,-118.31023062741575,test
6754,33.5305220258823,-119.08831877603743,test
6755,40.21431117272622,-122.84073584781183,test
6756,34.81932856999915,-124.1611849814838,val
6757,41.177917421277556,-118.49953470115963,test
6758,39.87718572427653,-120.07660181122385,test
6759,33.29646238435259,-120.21167663245008,test
6760,38.54811970403779,-120.00602307603398,test
6761,41.248328250920586,-123.26938177256467,test
6762,40.85572287142806,-122.59174731249556,test
6763,38.33845176617381,-117.61318776288641,test
6764,34.1584518608053,-119.14291300693911,test
6765,38.97189006685804,-118.15438136932538,test
6766,38.838365291057144,-123.10649817969417,test
6767,38.10531778147837,-116.04622050175213,test
6768,35.04658481927133,-120.59808442958796,test
6769,41.05581091200878,-118.11922780570737,test
6770,37.28940326777604,-119.63911530509877,test
6771,35.343681177207685,-119.61158914150928,test
6772,34.94695304025152,-116.41283534867975,test
6773,35.19123885630694,-123.30230318631757,test
6774,36.896561550725814,-123.66891283388173,test
6775,34.71616367109114,-123.39808889137691,val
6776,37.429915931889546,-114.17845557204609,test
6777,34.34846244937838,-114.881102787364,test
6778,35.095914897645414,-117.21729366332943,test
6779,33.663231847183496,-119.82580267893586,test
6780,35.91452742874295,-123.56291581778382,test
6781,36.37453278567534,-115.97656541776472,test
6782,36.35320564109166,-122.48684679898349,test
6783,39.39468461864201,-121.62699847821487,test
6784,37.10743031997324,-115.77143507752172,test
6785,39.09276025089773,-121.78688226283062,test
6786,32.84383675145477,-115.73241639832737,test
6787,36.664494499426496,-116.33697341346948,test
6788,33.380385137962925,-115.80753761765348,test
6789,36.90610598141581,-117.48805770761949,test
6790,38.35593936076235,-120.80958277929889,test
6791,40.07512195182718,-117.7058392090739,test
6792,37.74057499863724,-115.89189944704138,test
6793,36.12388652895839,-116.71348436938945,test
6794,35.0344592615844,-115.55249069625805,test
6795,41.59698353618576,-114.29979562677804,test
6796,34.407763378052344,-117.32460229341312,test
6797,32.931682915817866,-114.87100851227723,test
6798,33.722077845613455,-121.63797082930617,train
6799,41.976373290252994,-114.40339294186425,test
6800,41.110956681860834,-115.05455371872188,test
6801,35.562842052290435,-124.01478489865326,train
6802,32.56645170736159,-118.35248331447755,train
6803,39.79544107443596,-119.2543618256281,test
6804,35.37607835662707,-116.03110984553634,test
6805,32.73975418603667,-123.13743322155824,train
6806,36.85404546904293,-119.0000390911052,test
6807,36.546756901351415,-119.2719702609318,test
6808,35.955853793512276,-120.36199260827233,test
6809,38.7173892570927,-114.2105957924986,test
6810,39.40535588845925,-118.87727665643371,test
6811,37.825470318489735,-120.17945019342908,test
6812,32.662454744820664,-115.61048111380302,test
6813,32.742279388007425,-123.00634913226978,train
6814,40.88011349874625,-121.47523268158238,test
6815,34.29561189089305,-121.56462429927582,train
6816,36.29966959623264,-114.8135459344442,test
6817,33.510403427920984,-115.36380062805691,test
6818,34.701480233856174,-118.18508434841706,val
6819,37.1262991483289,-121.1446205958167,test
6820,34.76062600277532,-119.61385011157569,val
6821,38.77151270703811,-118.55147918393737,test
6822,36.0084105703224,-118.87170468525217,test
6823,39.99678028102804,-121.80130659663473,test
6824,38.23047078429426,-123.09467280255056,test
6825,34.93504908919696,-115.08226915523221,test
6826,40.18538668857244,-117.83286389422179,test
6827,41.356864555607416,-122.94409752686823,test
6828,33.66681951168244,-114.23471371549125,test
6829,38.87171315521075,-120.19973087055142,test
6830,38.50363328949159,-116.88307808245231,test
6831,38.8721795971451,-122.61807122500828,test
6832,32.825329057202914,-114.8231856692618,test
6833,32.796351907393394,-123.62337266535603,train
6834,35.3218649055486,-114.58547885912056,test
6835,33.2898072259835,-116.94336607933275,test
6836,35.99675844744552,-122.09710841794924,test
6837,40.79182403685242,-122.57486181634707,test
6838,35.8865115830863,-115.80948957438571,test
6839,36.25025396611815,-124.02838406157065,test
6840,35.06343366410709,-123.26177198572111,train
6841,36.52258240151099,-117.50285382010607,test
6842,40.08243988338194,-123.64234630549883,test
6843,40.39854093702024,-118.85975997693863,test
6844,36.5174284149595,-118.52151544273173,test
6845,36.288269521778844,-124.25574490487016,test
6846,34.37727001109914,-120.55144760596313,val
6847,41.768947615505255,-124.14584912806865,test
6848,35.47512566000781,-114.471412061483,test
6849,35.77482577798658,-122.22003311953522,test
6850,36.600740533042185,-117.32908960851634,test
6851,33.29170534153339,-117.49347640565112,test
6852,35.64125132605205,-116.47828928607827,test
6853,41.34263715037499,-120.98277266894635,test
6854,33.23486892484753,-122.53885654959626,train
6855,34.80739537601382,-118.97052219230054,val
6856,34.592101978386246,-117.28138855618351,test
6857,34.75610842927118,-116.65284319619198,test
6858,41.57021133764343,-123.93568220316386,test
6859,39.24002045212552,-116.68007801120189,test
6860,41.24042780942146,-123.28082345786247,test
6861,40.65157224349484,-119.03090158386622,test
6862,38.44634549983306,-118.71371201495079,test
6863,37.83138792222537,-123.13011251133602,test
6864,37.35117608217159,-114.5011813853886,test
6865,39.05987872204444,-117.86205072722589,test
6866,39.17628085013031,-122.13167921397225,test
6867,38.206862550817256,-123.9152449425491,test
6868,36.78147519187766,-116.44950849273624,test
6869,38.92569273927003,-115.76603573235829,test
6870,34.013799079754335,-123.50560402780404,train
6871,37.753024005952255,-121.78588953292191,test
6872,37.44776965656734,-117.8170840573148,test
6873,37.59337090740835,-120.12034573018899,test
6874,37.36745334666175,-120.90869830514019,test
6875,39.634993987052304,-120.06390725400503,test
6876,39.70345768398026,-119.23031011498908,test
6877,35.6511486842347,-122.53612870562694,test
6878,35.85162922293654,-120.43906841663518,test
6879,32.68612279838706,-123.7200997165262,train
6880,33.60291406677614,-124.37756634479894,train
6881,35.014218474312365,-114.38575675054892,test
6882,39.7812769061812,-123.8749309563906,test
6883,40.08601211276323,-123.99174290474268,test
6884,34.87870330436766,-115.26449203064305,test
6885,40.76658231747332,-114.37706048607312,test
6886,36.0878597670389,-115.73284594439937,test
6887,40.08755197922764,-123.00123483241413,test
6888,36.951105177608454,-117.84642848383027,test
6889,39.278327287613706,-117.25470815611563,test
6890,35.90428476728754,-116.48415956859836,test
6891,33.19864411275607,-123.27611576488604,train
6892,34.935868046029235,-120.41133934304504,test
6893,39.13143359970957,-121.59344071582476,test
6894,41.22305274513589,-117.69193991007153,test
6895,38.47992110974252,-120.89746837728445,test
6896,39.811989617843444,-119.19403895986537,test
6897,32.66374868460964,-117.981429803995,train
6898,39.72779698032804,-115.513492712783,test
6899,40.442540138778064,-114.94534745777233,test
6900,36.43780736397413,-117.29055276734718,test
6901,37.207151027773556,-122.8276055622118,test
6902,33.02597310773744,-115.27526424884277,test
6903,34.18379966531391,-122.33144443661715,train
6904,33.064838727145116,-123.89162872094965,train
6905,39.456058128300974,-119.93173442989807,test
6906,40.10471249780429,-117.38137968702462,test
6907,33.55907509206946,-122.90005358049594,train
6908,41.25751433797185,-121.35353942818806,test
6909,40.48031748316469,-123.61458201223788,test
6910,37.98741869120801,-118.06629197943262,test
6911,41.79438835530884,-117.13806815272099,test
6912,40.88696856645036,-119.08202965101664,test
6913,34.638417688315215,-119.8579051706904,train
6914,41.56471795533403,-115.70019551688458,test
6915,36.724825555846756,-120.11819491408328,test
6916,33.996580186021816,-119.88535502663882,train
6917,34.424849993611225,-118.48774731252098,test
6918,39.00932217980759,-117.18331243944111,test
6919,41.88217817255416,-116.42881504474191,test
6920,36.74672294621303,-124.0191461202437,test
6921,37.95758591068288,-115.664575695852,test
6922,35.37326890666506,-119.78687178950136,test
6923,40.5364826948443,-115.10045486395991,test
6924,33.62052690654767,-118.91030154557598,train
6925,38.04388243408737,-119.53416068449836,test
6926,38.081507986591035,-122.42556573932777,test
6927,32.54079331971291,-119.59838147261486,train
6928,41.43712580345116,-119.357895177576,test
6929,41.75702238952005,-115.21792886397931,test
6930,36.9569734762109,-115.29414154669132,test
6931,39.40182578763056,-119.42506478674672,test
6932,40.567302087707816,-115.49538047242149,test
6933,33.63519616225247,-115.63123151534361,test
6934,33.33134096612314,-114.66214988704698,test
6935,39.05776399455674,-120.71186983316395,test
6936,37.828392197068396,-122.2519279358495,test
6937,38.963858104138424,-114.70813852519262,test
6938,37.94680692812513,-118.41007950845848,test
6939,39.40893008738257,-119.62876014615915,test
6940,33.99699067633645,-120.19786503327279,train
6941,34.571903777214736,-123.56620606573465,train
6942,34.77460938230952,-122.33578607870461,train
6943,36.47444533465944,-121.43378284616882,test
6944,39.72303640858072,-118.75592259912399,test
6945,40.40332780343788,-119.11270245931266,test
6946,36.3302788479016,-118.8430471903908,test
6947,38.23141141368326,-123.6516819418485,test
6948,35.325339452396655,-124.3392383573327,train
6949,37.035607294461485,-119.66490320671667,test
6950,41.4404227073198,-122.44519509618682,test
6951,35.08013753482247,-115.24677781499388,test
6952,39.99182654689649,-119.99729140451996,test
6953,32.929579213805034,-120.81095905530348,val
6954,35.799450816602594,-118.83130295982878,test
6955,38.76865865182381,-117.95911490878733,test
6956,39.878729077795484,-123.59491649021317,test
6957,38.137993958873516,-116.79680324132144,test
6958,40.761533617747816,-123.02156181451328,test
6959,40.3028417711162,-120.45278636277092,test
6960,38.37777266801328,-120.76069483531734,test
6961,35.826724793500176,-118.57194128446402,test
6962,35.97433860592355,-117.33158790298664,test
6963,38.35496779565984,-116.18356192481028,test
6964,38.74754454826527,-119.00512957313747,test
6965,36.2667366401675,-122.83791047185802,test
6966,36.29448971565418,-117.26471644432792,test
6967,34.20410397350557,-119.50357700010838,test
6968,32.53272284078817,-118.36809742154041,test
6969,36.900324722654226,-119.86537622152099,test
6970,40.39806665025686,-120.14800895842403,test
6971,39.789145650429376,-117.20898975049795,test
6972,41.94261500171699,-119.03644059309755,test
6973,38.86927273050101,-115.49300771440168,test
6974,34.745155977787924,-116.77507201974588,test
6975,38.94449315328738,-119.52922510407211,test
6976,40.37569416589314,-122.2315122215276,test
6977,38.60024168799558,-124.25880565425321,test
6978,37.091928369156605,-122.32232769495738,test
6979,38.387313164955465,-121.54010669307999,test
6980,32.77435072102937,-123.22225290382688,train
6981,35.040615442846786,-117.54167141366538,test
6982,34.02377218407242,-121.07813870766016,train
6983,36.44504417387003,-124.12816801557342,test
6984,40.98705602028436,-119.9357936739761,test
6985,34.30988153431314,-116.35372425168529,test
6986,33.20222425870972,-120.93719964045418,test
6987,39.88745076923465,-115.1369604632931,test
6988,40.74904159577062,-115.64770000971731,test
6989,37.562308936235354,-115.27050912646689,test
6990,36.09608543512719,-117.55508609127234,test
6991,36.60716618577125,-116.12400229597331,test
6992,38.7706515292716,-120.42966664841873,test
6993,40.401951539587664,-117.29291179366408,test
6994,34.32400086689771,-122.13158449464724,train
6995,41.074386442176774,-122.32934962427726,test
6996,38.75548402027804,-114.71132920327864,test
6997,39.52161148094222,-118.78169592047257,test
6998,33.35305917845498,-123.70100430506615,train
6999,41.22672424558171,-122.40582646943633,test
7000,37.532002739894004,-119.68359056471873,test
7001,35.95915434780432,-115.71884776201045,test
7002,36.30793667107783,-115.20272275559925,test
7003,35.30503227426083,-123.27025076889056,train
7004,34.073348879013,-123.80048511445075,train
7005,32.85821961700779,-123.18539480290812,train
7006,35.03394532313088,-117.51791556441944,test
7007,37.232912883649455,-118.94652766199457,test
7008,38.844223059526456,-116.83234257408003,test
7009,39.47479139561879,-118.32245997070316,test
7010,38.1703706442185,-123.45142257200668,test
7011,33.629108623605354,-121.78381445613726,train
7012,36.616764977219475,-121.02170376893235,test
7013,38.85033104399755,-117.14364969574815,test
7014,39.56787385144981,-118.28645570173407,test
7015,35.60307966425268,-114.67824902410811,test
7016,41.322339570001965,-122.9396611522796,test
7017,40.062263120467236,-114.7627626378311,test
7018,40.59589191501719,-122.17024918134616,test
7019,38.842181066381784,-120.89885514094976,test
7020,36.44831170947328,-124.0834879437288,test
7021,41.3765758012459,-121.38280268406854,test
7022,41.06668608344542,-122.38102374561308,test
7023,40.37566197147255,-122.20014053145765,test
7024,40.968973908266335,-118.54057846390857,test
7025,41.21030428765875,-116.39008394807419,test
7026,39.59800330643097,-116.7594901131339,test
7027,34.42718372666632,-115.89148640796778,test
7028,37.63004266729377,-116.89992618669021,test
7029,38.363462884442335,-114.37222737261327,test
7030,39.853846598977846,-124.24953942624285,test
7031,37.2190442648006,-114.25479137740756,test
7032,37.386889704147805,-120.21466666381443,test
7033,41.958000683382934,-119.51383913473191,test
7034,36.81238364597034,-118.48752123469438,test
7035,33.76119318381507,-124.3521250844871,train
7036,39.250705626920656,-122.56657007376138,test
7037,35.96326952055955,-119.84204322865727,test
7038,34.883663827748116,-116.50627637162887,test
7039,38.481534829384714,-115.46939178624885,test
7040,41.56786185530733,-122.91686678762532,test
7041,35.49229985794814,-121.72860859449519,test
7042,36.05540870985117,-118.1780113177217,test
7043,36.93819065549796,-120.7182647371402,test
7044,39.045307499835914,-121.36851569242722,test
7045,36.279635634014426,-120.48796165635656,test
7046,36.55560011287686,-117.20654746172367,test
7047,39.167574117437766,-122.39243313279381,test
7048,41.85922927459683,-123.80174907090468,test
7049,35.527293538451524,-124.40435936578717,train
7050,38.07305119598144,-119.0100331507451,test
7051,40.05300766547779,-121.86232090887599,test
7052,34.53885159051173,-118.64950562488687,test
7053,40.27948229641857,-115.35697743519627,test
7054,35.89119308309847,-121.41238644959176,test
7055,33.581387146199376,-122.54738853024381,train
7056,32.76582895146815,-124.42375858319281,train
7057,32.843332421093926,-114.32225136087303,val
7058,40.08367335275558,-119.11151658008887,test
7059,38.92166878158479,-116.17040602617936,test
7060,40.04435150747451,-115.59299455292378,test
7061,39.66041582879164,-114.17933867836594,test
7062,36.137836441289856,-115.57718418875119,test
7063,41.36568562973913,-121.40825390016028,test
7064,40.84414461153979,-118.62138024384231,test
7065,35.828889938349214,-114.51419686426574,test
7066,39.84975136786811,-117.90987256178715,test
7067,40.29216300394718,-116.51095258368575,test
7068,37.15575781515041,-115.09231623201646,test
7069,33.670367139929475,-118.11323752242691,test
7070,35.69351808340325,-117.30066980882904,test
7071,41.894042814972984,-118.37489853771179,test
7072,39.30990800389432,-120.94864726295043,test
7073,39.866512023694185,-121.87492165465855,test
7074,41.16592323036016,-117.90826131955136,test
7075,34.45016443275879,-114.32461415894713,test
7076,41.70078617097498,-114.99462248321798,test
7077,37.43680481347117,-122.27635087726485,test
7078,39.58210567248409,-115.75117416974136,test
7079,35.54345180604718,-124.22237952197084,train
7080,35.64948357372951,-118.36278249993856,test
7081,35.935409429242604,-114.84823456637105,test
7082,35.82611759130691,-114.54925173744036,test
7083,33.12190527278974,-118.22247291715196,train
7084,35.46166876687774,-117.93630485262906,test
7085,38.66069542972656,-120.42006321068341,test
7086,41.07168378049647,-116.9792876016241,test
7087,32.92457075242437,-121.90674435570116,train
7088,32.687470525744665,-124.0907880453864,train
7089,38.140019617526924,-115.82801720227395,test
7090,39.15591556801053,-123.817665411178,test
7091,38.290018952476885,-117.58686287261706,test
7092,41.74472046206726,-119.93524267348462,test
7093,34.69738250347267,-123.99402111336131,train
7094,37.08738808905862,-122.7922985750307,test
7095,41.20359193489073,-123.40158620587327,test
7096,38.377699203734785,-122.2294805014667,test
7097,37.99534500897937,-117.89029462097803,test
7098,41.36401047234638,-118.556895359236,test
7099,35.73940961749265,-119.97642959747644,test
7100,34.01845513239846,-115.74811858290268,test
7101,33.753816526396214,-116.67576668868838,test
7102,40.31313063270544,-117.40129067086875,test
7103,40.64530124895023,-118.26571317388839,test
7104,34.74482790426282,-117.26310783616303,test
7105,36.85846563604237,-122.10381715654047,test
7106,38.068545935435075,-121.76123803392089,test
7107,33.84665292023224,-121.36643117754849,train
7108,40.56823656506578,-116.79964328640364,test
7109,36.496777080755095,-119.98324800262873,test
7110,40.70709644969383,-114.54751565582383,test
7111,39.72792592477475,-124.02551876582028,test
7112,35.323216984481135,-120.48955031563018,val
7113,39.315957828626196,-122.84476640042693,test
7114,39.544476675659155,-116.02373373038162,test
7115,35.47766133308201,-119.49523370811973,test
7116,34.932876037978986,-118.04762529631988,val
7117,40.32786114814109,-118.27513959979107,test
7118,38.950025895414164,-123.62482743943397,test
7119,39.53375851023469,-116.35965933617726,test
7120,35.494633249977056,-115.96541932150853,test
7121,39.36917740437095,-118.17730086234963,test
7122,39.29448321438625,-121.54343288944266,test
7123,35.68611359932382,-116.97461327958032,test
7124,35.09125669072855,-117.2161357213298,test
7125,36.61530925982325,-115.03172387290705,test
7126,39.52920315055451,-123.23029122022419,test
7127,34.36327340559444,-115.05992366729936,test
7128,40.80926494538252,-115.29428732274428,test
7129,34.94746392911381,-121.37249246359225,train
7130,40.4813311450324,-117.05600103002104,test
7131,34.00551652653342,-121.72116890829241,train
7132,39.53250338682943,-122.01616208744345,test
7133,37.84640991643963,-117.82577480986878,test
7134,38.794016610696005,-123.92415632403366,test
7135,41.75507356601375,-123.44531947095669,test
7136,33.02772311100579,-117.63391924701807,train
7137,33.94223243467315,-114.62622864001098,test
7138,33.27893307780222,-124.08906020466306,train
7139,37.45096200502261,-124.20371088069248,test
7140,40.13258459831575,-123.66910389870162,test
7141,33.04919077046506,-124.4228394761836,train
7142,39.91098128353436,-114.86909858795015,test
7143,36.63103864778251,-119.55262740427185,test
7144,41.44532934370295,-117.30430932073966,test
7145,36.15413225547676,-120.14705127235717,test
7146,41.854142569865246,-114.15840393116652,test
7147,37.800259037911985,-119.4919074081453,test
7148,41.90523538845245,-114.7561687112952,test
7149,38.513959963919746,-117.74251624915746,test
7150,35.80979987534279,-114.66881928758443,test
7151,40.13828024754242,-119.33508847364358,test
7152,37.14151240893174,-115.3787462263853,test
7153,35.45441173779087,-120.99762784405415,test
7154,37.059836275741084,-117.62304473875989,test
7155,40.78701226404062,-118.07682477535198,test
7156,39.464950941739566,-119.42071924471176,test
7157,34.17559069409773,-119.26971437247845,val
7158,40.471521518095614,-122.68605114345849,test
7159,36.615533896494284,-115.09886045980525,test
7160,33.3147646449408,-119.75709685696887,train
7161,33.92371983943586,-122.87835305988472,train
7162,33.15657049451283,-117.17837310928043,test
7163,38.93728649945297,-116.94296907760499,test
7164,34.969138036716956,-123.97484152492662,train
7165,33.44242505577246,-121.00862354397628,train
7166,35.992891639563595,-118.41627241662482,test
7167,40.740169258280794,-115.96948371752433,test
7168,38.48405469358506,-121.2376606813893,test
7169,37.13457385030855,-121.35055745755126,test
7170,39.47335343659286,-116.84598427579863,test
7171,33.248726022917914,-122.18000257611547,train
7172,40.88984808277425,-115.20225341609611,test
7173,34.21316173177588,-116.29081566248959,test
7174,32.73248400282047,-115.23259975164615,test
7175,35.96155301924091,-120.79288163854025,test
7176,33.08349628512145,-122.73126251781548,train
7177,34.112236300651766,-118.40805461414186,test
7178,39.528316953555574,-122.48141995634548,test
7179,36.36282228062426,-121.69637332394878,test
7180,32.59533199390531,-120.31014801701514,train
7181,38.626381068835705,-119.6692693965586,test
7182,39.22634216644743,-121.11591874763684,test
7183,41.071594181353916,-121.50453743810228,test
7184,33.99408671956474,-121.89624508323217,train
7185,40.647359535935436,-117.32469884750778,test
7186,39.24146427846907,-121.2863934493076,test
7187,37.867507824921084,-117.28075854297822,test
7188,35.008961742916235,-116.7808582972893,test
7189,36.86577068119844,-117.07629000887432,test
7190,34.407621996686075,-115.01215109736889,test
7191,39.32656599298277,-114.59925281080527,test
7192,39.19299539936202,-122.92586715591565,test
7193,34.343788253432415,-121.134746778887,train
7194,34.922280121933326,-116.31915635766399,test
7195,41.063529027364396,-116.37960954420853,test
7196,36.996855624267454,-123.70857723223922,test
7197,37.749079814866825,-114.52139758932765,test
7198,41.60818160831232,-115.61253085269371,test
7199,34.49051549148591,-115.16920498505658,test
7200,38.468923167757694,-122.33279276322783,test
7201,39.85992162422502,-119.2755151577022,test
7202,35.55509369353509,-119.89800980802876,val
7203,35.4544951151065,-120.72532044262908,test
7204,41.02287885487173,-122.09596843709626,test
7205,33.471374318317515,-123.0006563260463,train
7206,34.0201579799321,-115.46505811999734,test
7207,36.42174566237438,-118.97120847292587,test
7208,40.09076245584591,-118.24547753741714,test
7209,36.83877045289268,-121.74289202155694,test
7210,35.092259468004094,-114.79960273222501,test
7211,36.510193991755564,-114.78595674948184,test
7212,36.74851038557945,-117.51734956586616,test
7213,39.41492873545729,-121.13509874375609,test
7214,40.7570632675448,-122.03937659962199,test
7215,35.57224758089921,-118.30275266211882,val
7216,39.23987009657473,-115.85301655363997,test
7217,39.17214810221154,-114.47039701974232,test
7218,39.79299335017791,-123.73695692672509,test
7219,37.977718233578216,-120.99443402512833,test
7220,32.669194778983176,-120.40724987660714,train
7221,38.741063669472474,-120.63534839121077,test
7222,38.32845806029795,-117.5552274196801,test
7223,38.32108925038952,-118.79830113407638,test
7224,35.19389754539473,-115.24993233749072,test
7225,33.45697504297193,-122.14549709043733,train
7226,34.32316902437101,-120.32288925730334,test
7227,34.57746222642159,-118.86064331245802,test
7228,34.17408203683678,-116.01882547843962,test
7229,34.84576458688933,-115.95239919214055,test
7230,33.18051020347374,-115.57987231892307,test
7231,35.08051553003278,-119.08772095666657,test
7232,41.97997309864196,-121.94911000142143,test
7233,37.372780186025054,-116.95230562068815,test
7234,35.79168448890897,-114.59731595747351,test
7235,39.35301399998039,-121.49856045814444,test
7236,36.975790516918664,-122.39468688006531,test
7237,32.80934570741185,-124.20827409371348,train
7238,37.713780564592575,-117.56871631592497,test
7239,35.40951045441054,-118.82089448858234,test
7240,37.9391115278185,-123.05109491443676,test
7241,34.170374586873564,-122.38299294466674,train
7242,37.09974714714837,-117.61248517716957,test
7243,34.363772713528874,-119.94465968027633,test
7244,35.35978193302094,-122.03538930333467,test
7245,39.03745012571585,-118.19396259804998,test
7246,34.68587163087767,-123.89701588895541,train
7247,36.48029094507141,-124.2729489878683,test
7248,33.22262237549578,-121.7503505510648,train
7249,39.03742647592145,-121.45506168085171,test
7250,37.633791983721984,-123.36396155207656,test
7251,40.23659539410073,-123.25572812561673,test
7252,37.59716451609663,-122.7099507657576,test
7253,41.94520429426395,-116.96928346980759,test
7254,34.81351888625632,-116.12843083323936,test
7255,39.55774838699656,-122.5676529069189,test
7256,36.624133418678404,-117.66870049179873,test
7257,36.09038398180417,-122.03104269936627,test
7258,39.457582709377746,-115.36659585979197,test
7259,41.57912514815205,-121.6673545458429,test
7260,39.68531285625597,-123.10205673327556,test
7261,35.656262428954534,-119.91240495205811,test
7262,37.35867393136958,-122.85006535822721,test
7263,34.58631561085011,-122.39483777617954,train
7264,38.403661536543765,-120.94426223062959,test
7265,36.34249984204284,-117.627971440601,test
7266,34.69042033261201,-123.23523413827205,train
7267,32.72974790878236,-121.51083606938666,train
7268,41.29282120572421,-115.59026068425499,test
7269,33.27643328410172,-121.61743782368389,train
7270,35.64856013679359,-122.70331316157883,train
7271,34.333596267099246,-118.93841450892597,test
7272,37.20938530482405,-124.09651327945585,test
7273,34.376127685982766,-116.15126347267284,test
7274,39.50191851474208,-122.14642057979064,test
7275,34.65904040841407,-123.07023397423616,val
7276,34.28627465380147,-116.10742951155048,test
7277,34.58390301250135,-115.75119685005396,test
7278,35.34792457004247,-116.86491811721288,test
7279,38.60814322554667,-122.02130627340625,test
7280,34.51518077541809,-119.0067443966335,test
7281,39.12917223137457,-114.44892946287877,test
7282,36.60371827538385,-119.51423152017232,test
7283,34.39567123435665,-114.64921441812459,test
7284,34.80322155658636,-117.46664196614915,test
7285,37.52385123943818,-115.72809267743844,test
7286,36.11561553015633,-122.45635590129768,test
7287,37.39496003605333,-114.8853637834208,test
7288,40.22512870925645,-115.64201846918317,test
7289,32.964023141157696,-116.34613804551846,test
7290,36.25749267333697,-114.73598998997228,test
7291,36.464243211435765,-116.30665899422655,test
7292,34.906185500881975,-118.49373727700497,test
7293,36.714596051367636,-117.75200399137901,test
7294,37.89601535983651,-115.97658008332613,test
7295,38.0695542283138,-116.71618186214177,test
7296,38.87332155019982,-118.33862920995661,test
7297,33.25700119422924,-118.27380198404161,train
7298,36.88627150707678,-115.36429133889396,test
7299,39.70459098790927,-124.33781125709248,test
7300,36.83927919722119,-117.03789856479646,test
7301,38.7469227536673,-118.60803525338439,test
7302,38.12155075244899,-115.79718893297041,test
7303,36.93088816563454,-122.32194491057548,test
7304,33.27745332345557,-119.02370783722479,train
7305,38.52664067714789,-123.12398713681715,test
7306,37.59183815284333,-117.64184711952876,test
7307,32.58383292351702,-116.56555337558667,val
7308,34.488932897183844,-118.01138021588777,test
7309,33.11145398466777,-118.72030810581155,test
7310,37.930118443421684,-120.89976292632608,test
7311,32.67345109709714,-117.84382403528897,val
7312,40.50772640673867,-115.1660989524221,test
7313,41.50238937056014,-117.00217751360702,test
7314,41.76873308600305,-124.20335414751322,test
7315,34.67575484153909,-119.19508210245588,test
7316,37.21898390082473,-116.84754130250238,test
7317,40.969368297964664,-119.24207918233789,test
7318,39.03906267285946,-118.34318103066579,test
7319,35.359125144325034,-115.04156474380699,test
7320,40.42752434096273,-115.42957483568486,test
7321,37.965175718171906,-123.60164845330195,test
7322,39.44295350600942,-119.17619643320506,test
7323,41.71030727040626,-118.0239187839855,test
7324,41.97641352654272,-115.6555565437317,test
7325,37.31066209429647,-121.7026886696297,test
7326,34.01312055614536,-122.99810588099841,train
7327,38.39722564768028,-118.28333603606691,test
7328,38.62729263084022,-119.61891895637294,test
7329,37.94821212975068,-121.78305937337657,test
7330,36.52680261460352,-114.71841086149303,test
7331,38.037375473052215,-121.16599784180204,test
7332,37.58736167201758,-123.87000206404532,test
7333,41.476239198747365,-123.83377993967714,test
7334,40.46207609760866,-122.36684208856758,test
7335,36.25823597563518,-123.23645364556154,test
7336,37.936106146164676,-120.37075942995892,test
7337,37.89052095045476,-123.6104087747828,test
7338,37.36650119605149,-118.65438676743828,test
7339,33.07988073545165,-120.22948647535875,train
7340,39.27826987873049,-118.27539161294558,test
7341,39.45513266988135,-114.2409712012133,test
7342,37.115230211162796,-114.21349456583052,test
7343,41.067895991614265,-120.14043058078987,test
7344,41.84774292723185,-120.65567394365547,test
7345,40.22828420849443,-117.41318978606549,test
7346,41.31686320691839,-120.64922317705,test
7347,37.14665036687053,-116.41591695161614,test
7348,41.18786499288578,-118.23702982285776,test
7349,41.3847038246268,-122.38328673173031,test
7350,38.43518046259344,-120.16306331704583,test
7351,33.95732905720665,-115.53568551789299,test
7352,33.97235367969863,-118.73492764990081,train
7353,37.00273631485569,-117.12073794451423,test
7354,39.49594740702962,-117.12143925074596,test
7355,37.27820315525093,-119.46897914487509,test
7356,40.1045778180729,-121.39348389822304,test
7357,39.81989644362628,-118.2917465615811,test
7358,34.458168917326994,-123.27437137220423,val
7359,33.78727956496199,-118.28110890998435,test
7360,39.21425300598142,-123.38076466725421,test
7361,35.56400286786329,-115.14246230827541,test
7362,41.35032858762167,-116.77068489419992,test
7363,40.75476835839777,-122.57172512892097,test
7364,36.80322435036742,-116.35015162828373,test
7365,38.02739015760878,-116.95645750188203,test
7366,40.552074347971335,-116.9297345768168,test
7367,40.78186628813647,-120.98324481222215,test
7368,37.804546927968936,-119.0505413919789,test
7369,41.73401756122697,-118.4006617595032,test
7370,37.46357319351618,-120.55335387011826,test
7371,32.91928955124511,-118.66228754533861,val
7372,37.858723227059926,-121.9241908534544,test
7373,39.88825534323388,-115.419938867208,test
7374,41.857335898916475,-114.53893038383721,test
7375,33.52784043123638,-121.07138327696309,train
7376,36.701887252721,-120.90988087246114,test
7377,38.08557433362465,-122.2108736317331,test
7378,40.877460247460206,-115.52412513523787,test
7379,39.309478153405195,-122.75573989557482,test
7380,34.719902149625206,-116.20376526140961,test
7381,40.66841557366249,-115.85869173866388,test
7382,38.82038393695557,-121.17978245482622,test
7383,41.007136000041776,-116.4312786657604,test
7384,40.43152059823173,-119.76985875999146,test
7385,33.754115709200754,-120.84745361462119,test
7386,41.62565693272172,-115.22926847678748,test
7387,36.83218714468713,-119.76412535408468,test
7388,41.83477218856419,-123.87058190012637,test
7389,34.30095760242387,-117.89808435666266,test
7390,40.04272189385386,-117.65599602454331,test
7391,35.41732345912997,-117.89675348999377,test
7392,32.95430622267772,-120.7251127618928,train
7393,41.943562826729696,-117.44348119169489,test
7394,35.404479484538534,-121.4388175640691,test
7395,33.29251734252715,-119.65242596604675,test
7396,40.6789083538325,-122.2057537170444,test
7397,36.62123222566444,-118.11736738336928,test
7398,37.9890044887964,-116.08373711675739,test
7399,41.85646977411789,-123.43305773594511,test
7400,37.08231492148385,-124.161502743857,test
7401,33.16542291748913,-116.5927042992416,test
7402,39.07553264146414,-121.11110909866211,test
7403,39.25937720397932,-121.10135931574195,test
7404,34.3691519974986,-118.6175354344875,test
7405,37.69505086894507,-119.42173570792136,test
7406,36.02652226849523,-123.18671608865863,test
7407,33.00275739800044,-116.59991379528027,test
7408,35.480874975093485,-122.62264107158347,train
7409,41.14327378741537,-115.92364901244866,test
7410,35.373342360322994,-116.55957580536857,test
7411,34.64240789310831,-122.71589370118525,val
7412,41.44044467453028,-116.62281705672277,test
7413,36.15063499381817,-117.62571345744563,test
7414,41.43709425663424,-114.31743453371718,test
7415,40.865819450789715,-117.10104410734674,test
7416,36.985298816180645,-120.41685805798764,test
7417,36.17558693874155,-118.04720569960561,test
7418,33.83418901471939,-117.6160973675843,test
7419,34.33513799128371,-116.75234506484847,test
7420,34.73123693298466,-119.60846752277008,val
7421,36.98425137483014,-115.90647041775435,test
7422,36.053914252332255,-121.48163030896575,test
7423,40.10963955692247,-114.50796144732898,test
7424,35.33952134247918,-121.2394601320092,train
7425,36.550201565001466,-124.05289912538393,test
7426,33.692039300900504,-122.3766089855904,train
7427,35.09845315603279,-114.8780892543822,test
7428,39.94520071413501,-116.2945702700891,test
7429,39.226240938970825,-119.91008624883244,test
7430,36.33902687097407,-115.1078489022237,test
7431,37.99867123302003,-121.8972132505694,test
7432,36.87041959838658,-122.03201450600174,test
7433,41.007738596444,-123.11043989792833,test
7434,36.26772141598238,-119.87852300428621,test
7435,39.36842413131449,-119.13936499927652,test
7436,34.59947098776337,-122.9435943746286,train
7437,36.6408997059612,-123.25841733744518,test
7438,37.54276856590651,-120.41444106009203,test
7439,33.52100510414563,-122.04169944013896,train
7440,38.09285296553149,-118.51933817141713,test
7441,37.97207744894515,-119.03410418811833,test
7442,34.03338988736212,-122.76479506452104,train
7443,41.9872108778331,-124.30311403018639,test
7444,33.405911440284605,-117.79221857306592,train
7445,41.00852403623014,-116.4715505148034,test
7446,37.18465317387865,-119.40590838144,test
7447,34.63901598225625,-118.50658528038812,test
7448,33.59820399078336,-114.52475515775991,test
7449,39.15350847020969,-116.52497292485612,test
7450,39.67464543243783,-120.9984202353387,test
7451,38.907483264446846,-115.67338974247797,test
7452,36.50617715970553,-118.78504501970723,test
7453,34.164272929850334,-119.05885593130223,test
7454,40.00692394071014,-117.30680047506364,test
7455,40.78055256097057,-120.01200986681853,test
7456,36.241017478933415,-115.35923515205778,test
7457,40.496330278287004,-122.71529752406168,test
7458,38.54913422704185,-120.09007395747592,test
7459,37.520484668314126,-123.77125592926699,test
7460,38.31243215170212,-117.16738487769562,test
7461,33.550401216967224,-121.65325622322553,train
7462,33.71752870881548,-120.05387162628239,train
7463,39.41188561514524,-115.30160565435756,test
7464,41.715398937600966,-122.51939609589323,test
7465,37.33890521905883,-124.4167867428596,test
7466,33.041386673659716,-118.47958485845469,train
7467,33.17465467859714,-119.92890857181114,train
7468,36.95594369353255,-123.87335490335182,test
7469,38.75808315593251,-121.38570710246861,test
7470,33.996681936471944,-121.97481691080199,train
7471,32.8428404413325,-121.75302705988912,train
7472,39.43807411084509,-116.29858082879196,test
7473,33.91386544818505,-121.29802951821146,train
7474,36.67956444856429,-119.39195075144445,test
7475,39.482269398155054,-121.70248793035009,test
7476,33.716543484597906,-114.63993080203862,test
7477,36.72287247122095,-116.45785553244205,test
7478,33.58548005842526,-120.07595625781542,test
7479,35.82090158874178,-116.94480140963314,test
7480,41.170743307931126,-121.19415200659337,test
7481,39.027681594534116,-123.59220985238488,test
7482,32.74869205954917,-120.00131607945987,val
7483,33.803495382520694,-118.61912499067282,test
7484,35.312480782443124,-120.8381533606611,val
7485,41.010850909059315,-120.30013921765902,test
7486,39.604907632411376,-117.07423882618039,test
7487,38.377658292264094,-115.20793749096659,test
7488,33.97507274090804,-115.22176669713444,test
7489,41.32644328739777,-118.5046173996513,test
7490,40.18298302055697,-117.94995441635014,test
7491,34.797361275596124,-118.94671585426362,val
7492,36.358966176081346,-120.61255973946464,test
7493,36.58679457243256,-116.82957353385586,test
7494,38.093685357603476,-123.29306112471275,test
7495,36.07945440679528,-115.22271389812161,test
7496,34.51895115796447,-121.51485227333177,val
7497,38.84639075052203,-122.18394361868334,test
7498,38.94644623324642,-121.61511972227494,test
7499,36.719391031408676,-116.07119840398897,test
7500,37.138598977807185,-121.66769758707427,test
7501,33.00984657523834,-118.15565719879903,train
7502,36.84925600614321,-120.90204341230037,test
7503,40.10977145949333,-117.6724777013141,test
7504,38.13133915482256,-118.34033035855349,test
7505,41.249019804269025,-114.15302715177224,test
7506,39.315381566122866,-121.23404374232253,test
7507,39.89422285176305,-120.83348597727829,test
7508,36.871196430954576,-122.39070654871522,test
7509,34.172565771481274,-119.6571067452003,test
7510,41.16839276819124,-115.80681621592106,test
7511,38.772590712934814,-122.26461025268561,test
7512,41.142724580319744,-114.52786467620322,test
7513,38.3779376494836,-124.30434841438735,test
7514,36.8339345068673,-116.13891659218541,test
7515,33.80597957488868,-117.3093386020692,test
7516,36.29626433895195,-115.1068366830709,test
7517,38.18883154968464,-119.06011300664468,test
7518,41.344337623882176,-117.41925738235012,test
7519,40.383542833721904,-123.93043792043098,test
7520,37.38945159959629,-120.37419794183164,test
7521,36.772473893058,-116.49408757018514,test
7522,32.8450988882252,-123.31639881369973,train
7523,35.85575424548219,-116.37348277549293,test
7524,41.823079276445085,-121.26170208316547,test
7525,39.54751015073037,-120.80068229693994,test
7526,37.49937354526468,-117.76556521466577,test
7527,40.695976987424864,-123.63412944332484,test
7528,32.74833873481181,-118.0001048981467,val
7529,41.59870137301491,-115.01950633250712,test
7530,39.155862875650364,-123.47329029607452,test
7531,32.656084974637494,-121.83159788770683,train
7532,39.21138622838019,-124.29894385039755,test
7533,33.31722073352559,-119.09952312947661,test
7534,38.58698614078968,-116.90380033890818,test
7535,35.37938700766341,-114.88883445704039,test
7536,34.53851351106105,-120.64561477013244,val
7537,38.47793158754452,-122.90637464146378,test
7538,36.640366124405816,-124.14013812770693,test
7539,33.14103298359173,-121.08918592073391,train
7540,40.3175870249923,-119.15893125324217,test
7541,35.05018231682462,-115.15302621594951,test
7542,38.384451192132744,-122.20838470786131,test
7543,38.3006453805918,-116.38480603509204,test
7544,33.0618461539107,-119.48171636479137,train
7545,41.97458773073882,-115.49571398575458,test
7546,36.769345341133466,-115.54179830705046,test
7547,34.47472737156067,-115.59716875013842,test
7548,36.66600060936932,-120.30213073055256,test
7549,38.24099663206585,-120.87058052772888,test
7550,32.55878672212717,-122.30285418135361,train
7551,35.372264795536374,-122.08489675023961,train
7552,37.60904747656729,-118.0866762728856,test
7553,39.10669700082981,-114.52238645091492,test
7554,35.4970074460482,-118.19256419401512,test
7555,36.35502441503963,-120.18900675356507,test
7556,34.62503322458016,-121.94062911709432,train
7557,35.30509188692173,-117.71819452487875,test
7558,39.03927483659715,-122.26515304347181,test
7559,35.72386979660649,-123.47729276864729,test
7560,35.177997776550875,-123.47560270821296,train
7561,35.3573624909358,-115.67176388187232,test
7562,38.331729607911136,-120.49894458845517,test
7563,37.84093503430142,-114.74509355843732,test
7564,36.383356176983355,-119.31859225244465,test
7565,38.51803530471292,-117.31057227572789,test
7566,38.617261907281474,-115.91412782198205,test
7567,32.65414756849141,-115.42401662639439,test
7568,35.74089358826719,-122.7641149069807,test
7569,34.84341567937504,-122.20609706650077,train
7570,40.38178141315722,-122.89255478729395,test
7571,35.13837979978119,-119.84637341163707,test
7572,35.53479399014486,-122.84159386249404,train
7573,37.62284713167432,-117.72957798360333,test
7574,37.71387136101603,-120.69925431727142,test
7575,40.209919125749224,-114.5004226281898,test
7576,36.20368081518572,-116.02098610998851,test
7577,35.19262537293441,-116.97267204901085,test
7578,38.29006426028293,-117.33937228435848,test
7579,39.42682145871407,-124.03167020069456,test
7580,41.929898396639345,-123.57720151228418,test
7581,38.38528982220895,-119.98493571077385,test
7582,37.1772469512998,-115.0094416477112,test
7583,33.790154065584595,-123.47056944417372,train
7584,41.876161613197176,-120.10836203205159,test
7585,39.01687248944165,-116.25473724419459,test
7586,34.092715120619744,-121.1429362296337,train
7587,36.883143941863935,-114.8580675714189,test
7588,37.836063118035256,-114.80324472899362,test
7589,34.58382809750067,-123.8525982091495,val
7590,39.466599170414305,-118.08488468602678,test
7591,38.68869665806437,-122.93915160716725,test
7592,34.74358744628091,-119.8931794290844,test
7593,41.902992830391184,-115.18363628376152,test
7594,41.51389089360523,-123.68358564110295,test
7595,35.04448490821801,-114.77581238144639,test
7596,36.713961104156006,-114.18711511370317,test
7597,41.003641806770794,-117.52976737066459,test
7598,36.377621635677166,-120.76683921609235,test
7599,41.57215029511848,-121.85205946624683,test
7600,34.42785936947459,-119.97981472562878,val
7601,39.38649104491648,-122.58598758513433,test
7602,38.20732245560334,-124.23321751154015,test
7603,35.8083713489501,-123.7931647647216,test
7604,39.3274954815217,-117.59863864339192,test
7605,32.75927352512637,-124.22601063674675,train
7606,34.71633747333311,-121.33192931557997,train
7607,35.004468655427246,-117.46642540574867,test
7608,33.64244475134727,-122.63803999389413,train
7609,32.851611659013216,-121.01422395968008,train
7610,35.87241289109869,-124.11583709132073,test
7611,34.59706103008943,-123.2809240545793,train
7612,33.78825001224288,-122.1107108997181,train
7613,34.01973274921368,-123.1391162186484,train
7614,40.354743461059044,-119.57306199116627,test
7615,33.42873019328872,-123.13117152481915,train
7616,39.39437899238413,-121.29357324240422,test
7617,33.0409483591828,-116.98001067549923,test
7618,32.91478514902961,-117.69877825577939,test
7619,36.718041529114714,-120.49127946140305,test
7620,36.14614804891122,-114.84048212897713,test
7621,37.69823847162808,-116.32373552000466,test
7622,39.18402993148899,-118.18000969055853,test
7623,35.46390748162035,-119.93681158141715,test
7624,34.371037593764854,-123.82102699362648,train
7625,40.315446201613824,-120.183488329714,test
7626,34.09545668872131,-118.81830495799768,test
7627,40.09134742329078,-114.2226094272634,test
7628,38.09028091264747,-114.62893897561291,test
7629,35.27033374171741,-123.28309861050944,train
7630,35.50603333620863,-114.34376608027036,test
7631,36.03986099827159,-116.65989223617993,test
7632,38.12752502223951,-117.40924337965612,test
7633,41.80706561402589,-115.12428643612111,test
7634,35.54404549009759,-121.08867802736219,train
7635,41.449489123876766,-120.32318788975043,test
7636,34.47274069127584,-115.4605369297433,test
7637,33.599713371175724,-123.36784968947458,train
7638,37.569117515364084,-117.12856197516338,test
7639,41.77727384561179,-116.0907332160209,test
7640,37.12166013705926,-115.31500095411766,test
7641,40.10519561997947,-122.18032852146413,test
7642,37.005013764198665,-117.43696867564779,test
7643,40.57951716950322,-123.55624777478938,test
7644,40.22665499456731,-115.56347836138998,test
7645,39.02824297335103,-119.4726484625276,test
7646,38.35793834358801,-118.00485901566775,test
7647,37.43681257311513,-115.6623195543353,test
7648,41.59050683121688,-119.22289524593442,test
7649,37.808387098956324,-119.19573061970381,test
7650,35.722697444659765,-119.64939537929656,test
7651,40.88459580730809,-118.24685389547608,test
7652,38.780530224859504,-117.0443973460342,test
7653,37.81589836031105,-116.13871549516827,test
7654,38.990155348895485,-124.13272602953363,test
7655,35.833818935454964,-120.85132335099222,test
7656,36.51547780843277,-119.98064122821928,test
7657,34.38228237680986,-123.42247109007496,train
7658,40.627047077647156,-116.69078416106959,test
7659,38.83315693796858,-119.04915134915571,test
7660,40.33575863408217,-124.42058851400309,test
7661,35.53568868829514,-117.93055526506653,test
7662,41.956791324449036,-120.94468321102295,test
7663,35.91278034904014,-116.94613169981629,test
7664,35.879662371682684,-122.58734312056444,test
7665,41.62721780106567,-124.42753008649404,test
7666,38.73346443434758,-123.5448453830179,test
7667,41.36969884997242,-119.89947521601746,test
7668,38.431153663259906,-116.72801953033888,test
7669,34.86411640963158,-118.2136462994309,test
7670,36.23027472720986,-124.28569434871646,test
7671,40.663900183742086,-118.34051850554536,test
7672,37.165204469900885,-119.46879098057049,test
7673,39.244037029156786,-116.22762081754988,test
7674,34.107027413854546,-121.79377256654872,train
7675,36.315808718707004,-117.02781824254843,test
7676,40.47965953261328,-117.92638167091863,test
7677,41.44136789819728,-118.01696149830747,test
7678,35.601127290561074,-120.25872341845766,test
7679,34.164264589923555,-124.30753393294901,train
7680,32.75179534273646,-122.50540797165944,train
7681,33.73633079580073,-115.73578745159297,test
7682,40.443774965145344,-118.08033618573702,test
7683,36.84532702233565,-118.47936869393837,test
7684,35.29165538728067,-119.02012476727717,test
7685,39.87550078357314,-123.64683601576748,test
7686,40.04393287116851,-120.85552943141904,test
7687,35.95965958680505,-118.05656538507897,test
7688,41.06595158921411,-123.14557855756593,test
7689,36.915673794875765,-114.94455077609817,test
7690,35.00385928336893,-123.69099877176347,train
7691,41.050688291122555,-117.43140594261664,test
7692,33.9784504952291,-121.33419513526975,train
7693,41.961585127524266,-115.53551472160444,test
7694,38.337498584606315,-115.91531040066656,test
7695,41.19834048789232,-121.00459114577257,test
7696,34.22357509621497,-119.6756120503108,test
7697,36.214883675221714,-114.55156148435653,test
7698,40.79968633205094,-118.17253351058615,test
7699,40.45734537053757,-124.37811597526131,test
7700,40.78643038899164,-116.42664383484407,test
7701,35.18594815006198,-120.71485290062769,val
7702,38.37884269593444,-121.5960820145335,test
7703,36.219498056917736,-115.86062726673991,test
7704,35.56773360077843,-114.4647949096912,test
7705,37.45560840298472,-123.80036682718845,test
7706,39.301551412459055,-120.4154273226381,test
7707,37.44036385763444,-121.55613703341749,test
7708,34.71281518867906,-115.18415696866087,test
7709,40.17695524043388,-115.49406492662752,test
7710,41.78965879448698,-115.14948233863996,test
7711,35.96646055481905,-124.00017925317786,test
7712,40.572424195536925,-123.92336851964872,test
7713,40.71078044870441,-118.75506203383426,test
7714,34.997136148211695,-122.71924558840927,test
7715,39.20925850014515,-123.27849006942733,test
7716,41.41681090020603,-121.75570536145189,test
7717,39.53643576443738,-117.12607976439378,test
7718,32.81430610116477,-117.51524649066161,test
7719,38.2547971261137,-116.34466920307062,test
7720,39.90193492041518,-123.79301883864727,test
7721,38.38375343364451,-116.53827918611678,test
7722,32.80216632818599,-119.38173335092318,test
7723,33.66800122019803,-121.2130193487965,train
7724,40.121363063483535,-118.14796561923515,test
7725,37.15186532822478,-116.19684427305786,test
7726,41.60204101039408,-123.36904903253408,test
7727,36.45987565027672,-116.11681507455303,test
7728,40.3115772675784,-118.56907479971554,test
7729,32.86611436166669,-118.04724296905363,train
7730,40.49440949536882,-115.37800321088379,test
7731,40.665276491710515,-117.12002793183235,test
7732,35.95885810264676,-118.423865867228,test
7733,35.460510832657214,-120.97560647572023,test
7734,41.146836123084796,-119.17870223448911,test
7735,39.89486373944747,-115.81499847194516,test
7736,38.192574463756756,-114.17528951103374,test
7737,36.662186500225076,-116.64407169021524,test
7738,41.167460275820474,-116.29342395450381,test
7739,39.606193266913714,-117.2289998942132,test
7740,36.477436072239186,-116.53274045094912,test
7741,37.23393965983902,-121.93281778092374,test
7742,33.462147776131324,-120.07028204757171,test
7743,40.20775514096245,-118.70768140222106,test
7744,40.500920545408874,-118.7750248162221,test
7745,35.897932021816324,-118.28216906262061,test
7746,35.462420860208454,-114.40285628489434,test
7747,34.918657441043564,-115.62216077464994,test
7748,34.17265406469494,-115.9050397924756,test
7749,41.50552506071335,-115.87888381406009,test
7750,39.718047122309045,-116.26073468705819,test
7751,36.63435009387233,-117.43741181459532,test
7752,33.573314721376065,-121.79504664727446,train
7753,33.85046922676828,-115.61704647920976,test
7754,39.251696309220144,-121.55597511823875,test
7755,34.45317744425118,-116.96639876885345,test
7756,35.824366456857945,-123.29575792265925,test
7757,41.59287642758367,-118.79755874157844,test
7758,38.03394414810074,-121.15316596055317,test
7759,40.18504870216374,-117.17704579802245,test
7760,33.51375627659087,-115.62199323801049,test
7761,35.65875724134368,-124.27991492222965,train
7762,41.01139878882883,-123.2613410407186,test
7763,40.2050854079339,-114.89792154501687,test
7764,39.38107134869072,-121.97311602905697,test
7765,38.092724105219574,-116.90556114428696,test
7766,35.076862404563514,-116.06264346589913,test
7767,38.074500829591244,-116.804926088795,test
7768,33.01069680743115,-124.10897345494902,train
7769,34.445726015196406,-116.85778226457663,test
7770,37.4379720177817,-114.52620051570803,test
7771,32.54872532471071,-120.63774240880691,test
7772,34.72918812978962,-117.1172697382318,test
7773,33.97178883155587,-121.58959734991933,train
7774,35.802006034767714,-114.15623523720899,test
7775,40.658604908294535,-122.29201418767605,test
7776,41.502058884554984,-121.28961474976589,test
7777,34.093103142504866,-122.70889338793418,train
7778,34.71827656959766,-114.59212230026512,test
7779,40.549927684253205,-118.54859405118812,test
7780,34.165243557260666,-121.89358506125754,train
7781,39.550266725726,-123.05324658599953,test
7782,33.3394810037198,-115.42074173413283,test
7783,38.6694493042728,-123.79397967363265,test
7784,35.04618016062411,-117.80795830640763,test
7785,39.628344891842445,-118.1495729592412,test
7786,37.44846448685377,-116.48279398867034,test
7787,34.22413582920186,-117.41016544408987,test
7788,36.33910907896928,-115.81594099774075,test
7789,37.4009213561908,-124.04789607076033,test
7790,41.961900000684835,-120.00369631349376,test
7791,37.079031875246834,-123.60523952561563,test
7792,33.96223977671793,-120.2622094590345,train
7793,37.7880071812698,-118.6578865260118,test
7794,34.61541300699975,-118.31818112764553,test
7795,40.85948644532743,-114.90563893604161,test
7796,40.428625540423646,-114.93704499339069,test
7797,33.74828823864148,-121.24610018467071,train
7798,38.10191406374698,-117.2326014719529,test
7799,39.12592349079136,-117.09198688641712,test
7800,34.91326266942656,-114.5717630001247,test
7801,38.46177251509309,-123.57463824753233,test
7802,36.91166109967457,-118.07716742031813,test
7803,37.09528524494914,-120.24111260220384,test
7804,37.75072153631165,-120.8590459323311,test
7805,37.9292016433564,-118.0736356827357,test
7806,39.251787617677664,-121.55797366347274,test
7807,36.81449184769651,-124.07021561498793,test
7808,39.373359215190504,-116.4209577082451,test
7809,37.13180984392494,-123.54511686307039,test
7810,38.80687147210093,-121.05627595320668,test
7811,35.021650862676864,-118.30631394062382,val
7812,37.659912303669394,-118.00928254463395,test
7813,36.961919773719636,-117.57080708009168,test
7814,35.391798893282484,-114.18666853673822,test
7815,33.120094641739385,-120.30169881376091,train
7816,37.361512532229156,-123.02243241643333,test
7817,32.6223804296407,-123.01774505595752,train
7818,36.22169250043545,-119.17933658249603,test
7819,36.04010192817908,-120.48364619478045,test
7820,38.531643297703326,-115.02528240362338,test
7821,41.88095202525338,-119.1722931121465,test
7822,40.65527135325257,-119.78035362805986,test
7823,41.764043692166844,-115.54909960504659,test
7824,41.535374188655716,-116.23212298415837,test
7825,33.23184766444883,-117.07990830761176,test
7826,35.20004172761064,-119.00297483268848,val
7827,35.342472389133924,-122.02053034894132,train
7828,33.202564565642916,-118.58933716728575,test
7829,40.547780959296944,-123.24646109088563,test
7830,41.00876881359042,-118.90546398484469,test
7831,38.25910376740951,-115.66164172067441,test
7832,40.967684078160104,-119.1302168831835,test
7833,39.29507598173401,-123.73400951482333,test
7834,36.70204584158964,-124.11711212240698,test
7835,33.94921582967011,-115.56836011202239,test
7836,41.60696342279445,-122.12763736410871,test
7837,39.085879294025254,-119.02004313799038,test
7838,35.88412161786309,-116.43130582796033,test
7839,33.74784451742587,-121.82939392378323,train
7840,40.09624366513294,-116.83692986302047,test
7841,40.12508183875555,-123.66373379990472,test
7842,37.672296955227786,-116.72179698760569,test
7843,41.999593654422455,-123.7802636042401,test
7844,36.18940028479264,-121.58269108195447,test
7845,41.45135507323459,-121.79337944746754,test
7846,38.49858178826437,-115.24951185162492,test
7847,39.50392000806774,-118.92951113105859,test
7848,41.21471967370153,-115.7478903833135,test
7849,40.4010035358986,-118.4366971551343,test
7850,35.26368503265702,-116.12080854161583,test
7851,40.74271288097794,-118.75566625144197,test
7852,37.6410418093211,-119.80139143124057,test
7853,32.95452922238126,-117.65625620645567,val
7854,38.911055935418474,-121.48671165659502,test
7855,37.26213672107663,-114.96781994846191,test
7856,37.61182729393647,-115.07711037900972,test
7857,36.42714495911466,-123.69012406821341,test
7858,33.136887066842654,-114.98791664606169,test
7859,34.23662043843102,-122.56497206701539,train
7860,39.69362507414533,-117.41607508525414,test
7861,34.74814641716446,-115.95379383465615,test
7862,38.47457178353478,-121.95283015645441,test
7863,37.66141669426227,-123.27852364789211,test
7864,34.626643728457424,-116.64379731049073,test
7865,35.18701024351597,-119.8785586077138,val
7866,36.16238533766524,-119.42229364748243,test
7867,40.86536514950798,-116.58521170763844,test
7868,41.44416955887542,-121.82336334824095,test
7869,36.19257440860969,-123.43836465979945,test
7870,32.96704964914489,-114.56570344493326,test
7871,38.22050754666266,-117.22651419772649,test
7872,36.48444286344137,-117.71649249815471,test
7873,37.19222587328669,-121.00736595487906,test
7874,36.71527052189844,-114.17427092644755,test
7875,38.72881158052536,-122.14556999521403,test
7876,35.413047916200185,-122.60380092889397,train
7877,40.98321923249847,-121.15849252794918,test
7878,36.51923130810873,-116.82137868874597,test
7879,35.76553364754247,-121.99642324751518,test
7880,41.27028901429356,-121.21542922647195,test
7881,35.92161333844728,-118.97954268795402,test
7882,33.31670130048644,-117.73905175475592,train
7883,34.00103252109058,-122.90158173815288,train
7884,39.29437361221451,-117.6906697581691,test
7885,37.85522260721436,-120.51132107988933,test
7886,37.59282432144816,-120.87113948788696,test
7887,33.30645575349073,-123.62532412932963,train
7888,34.08380166464526,-114.39845917966531,test
7889,36.282150937605756,-117.29392716447965,test
7890,36.77261385209549,-123.4102246607026,test
7891,36.09623311370145,-120.66409850239596,test
7892,37.29098804186006,-123.61449985140341,test
7893,39.47670306079134,-118.8568040926273,test
7894,38.550120057364644,-117.22149046718582,test
7895,38.31887313362982,-123.85694764060433,test
7896,37.8121653994632,-114.93244483885252,test
7897,34.43279067498098,-120.5826666634178,val
7898,38.25590757098963,-122.01928183472057,test
7899,34.0305790955783,-123.10118444193182,train
7900,39.281303724797766,-122.93858626000475,test
7901,36.81316277853992,-115.67859752328823,test
7902,38.03643202674122,-119.49068682642667,test
7903,40.70066477217779,-116.20799242539869,test
7904,36.063231354781564,-122.0988246883877,test
7905,33.474750587326774,-121.1619074686209,train
7906,40.971529648069655,-120.18594172687769,test
7907,35.98639646959115,-119.753918102017,test
7908,36.379777756032986,-123.43292643378139,test
7909,35.333342270174896,-123.97602285074954,train
7910,36.509005078544845,-114.17231623535342,test
7911,37.46359311533856,-117.56794171055125,test
7912,40.51615790588132,-123.8753253562072,test
7913,39.349917904855786,-116.47485342754364,test
7914,37.390770232795845,-120.71691502294956,test
7915,39.76362929836201,-116.22849312030598,test
7916,40.55858568899316,-114.64754063473288,test
7917,33.080667112784155,-124.16603020154433,train
7918,38.13840711436413,-114.49814180806302,test
7919,32.939749414094926,-122.73100591309694,train
7920,35.447853796855576,-121.37553222803608,train
7921,39.75008206906777,-117.97619347293549,test
7922,40.023472084412205,-117.05877665628009,test
7923,40.899843688854446,-122.68491489855502,test
7924,37.24831313521156,-123.02932241639152,test
7925,33.32678229119566,-121.48570978050253,train
7926,33.730656108604514,-121.08307104025053,train
7927,34.84361071946003,-121.15913005841536,train
7928,36.054570274034106,-122.67377523714283,test
7929,37.51653101848612,-114.43097371657967,test
7930,38.64702681572085,-116.21187699982269,test
7931,34.06890820605505,-114.33598707601749,test
7932,34.31953216605609,-123.37128918251346,train
7933,34.16821349266799,-123.66079181352865,train
7934,39.67925388267205,-118.91410238833912,test
7935,35.39077191868585,-118.10483618154676,test
7936,34.10875710635918,-117.89153040451922,test
7937,36.61512808420761,-123.47851974879183,test
7938,34.87398032163841,-115.74046496057527,test
7939,36.02726216040636,-119.39105267308341,test
7940,40.33341279013477,-120.6444874883347,test
7941,35.69200128756778,-119.23924344917995,test
7942,34.18591848945421,-124.02285591151819,train
7943,34.731326828007425,-122.22256054393601,train
7944,32.85536347918264,-114.1455678005794,test
7945,41.06369475162086,-118.74311529145425,test
7946,39.13028393889627,-123.6302432266153,test
7947,36.91802861687343,-121.42086705271389,test
7948,37.84138986575128,-122.53497246198728,test
7949,34.936241590502505,-114.90633715224084,test
7950,36.35292593979143,-116.12797086087119,test
7951,35.55884329813691,-118.80142420723872,test
7952,40.33842589186514,-114.62713100578125,test
7953,39.57023821927457,-120.59571593165691,test
7954,35.21834824557688,-115.52218301090541,test
7955,39.748486930320105,-119.61964188674855,test
7956,33.419551342569235,-115.69060441021958,test
7957,34.44833395419802,-115.15390396293122,test
7958,33.53741188526295,-119.66683629749103,train
7959,34.786192715855016,-122.60480559328109,train
7960,34.67205599591518,-122.45662555665376,train
7961,41.05825150854416,-121.46182283956841,test
7962,35.63037892754877,-122.14147587498378,val
7963,35.89391421017328,-120.43710492351421,test
7964,33.4746384210423,-119.21611758650104,train
7965,33.15485376628887,-123.54185865306742,train
7966,34.607600129572496,-115.06157841525949,test
7967,33.804151931815035,-124.41492779511643,train
7968,35.79345647885296,-123.01422653464178,test
7969,34.29184011723682,-124.35329005404326,train
7970,34.21728245691547,-114.2688936766642,test
7971,38.662172386094255,-120.20619559296406,test
7972,41.451743179561184,-122.41897512297345,test
7973,32.64820149274009,-123.2164964189348,train
7974,39.2116160767392,-120.62105344164684,test
7975,38.772601955751334,-114.37848016710589,test
7976,38.070465682419375,-118.78264390117552,test
7977,39.086063289308605,-120.78801732791277,test
7978,37.347384209991745,-120.68158383553964,test
7979,41.30791093550157,-123.23026016847214,test
7980,34.028389734817516,-119.1096555933454,train
7981,37.014532326681724,-120.06657840047549,test
7982,38.71427348624854,-116.9255442459248,test
7983,41.1353771579834,-122.46101978378941,test
7984,37.146014723506966,-123.02404977328682,test
7985,41.78215451958175,-118.44514063442973,test
7986,38.746892747178364,-116.78990304540015,test
7987,39.15154273753555,-119.31077231214995,test
7988,40.278422393005734,-116.29475899396284,test
7989,39.48020633950611,-115.76839828430839,test
7990,37.479276949472926,-114.98954817803215,test
7991,39.84668367069954,-120.54097389105645,test
7992,32.86839105924935,-115.11620074771321,val
7993,41.36330624022578,-117.12965452076949,test
7994,40.32522921695929,-117.99715248132325,test
7995,38.56865132869325,-118.73058729788409,test
7996,33.18110485013772,-124.23668963426839,train
7997,35.3229288434556,-118.66299272718594,val
7998,34.931858937577054,-116.40860049788937,test
7999,34.96402658262014,-114.2499298042,test
8000,38.89480914039363,-119.97458777060645,test
8001,40.827030400761416,-114.23147271880352,test
8002,38.985038453965856,-122.6760761627036,test
8003,36.21155469382921,-114.560958223679,test
8004,41.708668907146304,-118.36065585948127,test
8005,40.69865491649236,-117.60890750422095,test
8006,39.02091233673424,-118.52535751229792,test
8007,36.293999695006235,-114.30685367334677,test
8008,39.005845867717525,-123.98329462164776,test
8009,36.393713720602676,-120.20810616881951,test
8010,33.99962093417606,-115.4163546507122,test
8011,38.39036465247801,-122.71727300417751,test
8012,39.14102864113529,-118.5674857302661,test
8013,35.837906284007566,-119.04191463547228,test
8014,41.330545030211404,-116.11539591152874,test
8015,40.61983804609659,-114.9728121195604,test
8016,38.049613576310286,-121.7714110943578,test
8017,33.10043265344527,-117.29368478588229,test
8018,32.693033979460715,-118.79333685230624,test
8019,38.58972309365697,-117.6066727530425,test
8020,40.236741684839515,-122.37410469046077,test
8021,37.26834133278213,-121.62873735012188,test
8022,32.75243067976443,-118.77108332481407,train
8023,33.901529509832805,-124.40963107321404,train
8024,34.530489447962964,-117.05365542513933,test
8025,38.474846798308235,-122.77423189306407,test
8026,37.132983710588846,-114.8382778887964,test
8027,33.49789832591118,-115.567139903546,test
8028,37.280856611097576,-118.01324968073271,test
8029,40.764097037198304,-115.2531954166927,test
8030,36.68841911202568,-114.26150346396753,test
8031,33.94824992084634,-116.45019853347654,test
8032,38.003734760506205,-117.97941922199873,test
8033,41.33128489818676,-119.80790516255212,test
8034,33.62767190710324,-116.05217268382403,test
8035,34.01118137554032,-117.17726696441258,test
8036,37.89800047539018,-119.56708169923934,test
8037,35.7497689199012,-119.28464247609408,test
8038,41.010958988647914,-122.07967025453934,test
8039,39.279874103556466,-116.30963635460036,test
8040,33.922921524532775,-115.38440962616905,test
8041,40.77570312216944,-124.27005431359659,test
8042,38.61250563555655,-123.2863223065538,test
8043,37.20471718519052,-114.22035949036174,test
8044,34.95949480985652,-122.60371138258164,train
8045,38.68275945693828,-116.84639142302363,test
8046,41.038660848086266,-119.4825115185101,test
8047,32.89437015659439,-119.06486904471761,train
8048,36.082670539888255,-123.32262762190891,test
8049,41.390695580413706,-123.01878978945166,test
8050,36.156152452139565,-118.48174256694645,test
8051,32.869691757044706,-120.5466372241498,train
8052,33.49067585358536,-116.21816586498099,test
8053,39.07149752746714,-114.41890583164339,test
8054,39.16014123108217,-116.06501321795223,test
8055,33.619476515453776,-120.25500586355604,train
8056,34.605975619771336,-119.46871798582161,train
8057,37.86987672925054,-122.82454655568587,test
8058,39.03146736590551,-117.26741903356395,test
8059,34.01480362628297,-119.82773450519615,train
8060,36.85194077723441,-115.60037381352835,test
8061,37.85247332958785,-117.71757455983783,test
8062,33.000692467146884,-122.68169918370761,train
8063,34.648973969743494,-120.20276575022844,test
8064,41.23194263462728,-117.46065588180993,test
8065,40.86342530815544,-115.59482123746497,test
8066,35.58391511236107,-120.82318505120143,test
8067,40.7497429522862,-117.53751418942717,test
8068,38.52026742971659,-122.6502579380007,test
8069,41.82596198289878,-115.1124119006555,test
8070,41.680093426990034,-118.50999932799107,test
8071,38.37240096297581,-116.51573171164235,test
8072,36.96043941454611,-120.34846157295557,test
8073,33.877399199094555,-114.74302038413936,test
8074,37.55242112796689,-117.01569870644528,test
8075,36.30188846105193,-122.85579182598211,test
8076,38.64389725374912,-118.76758708398077,test
8077,33.37747859925337,-121.63823717045638,train
8078,40.43667119042724,-115.84806292494669,test
8079,41.68857423563201,-116.36908041512135,test
8080,34.512664962307134,-119.34123898618283,test
8081,38.52246113617361,-121.32713649934384,test
8082,40.124356952578296,-115.64879738296555,test
8083,37.78025593642664,-115.6715065735904,test
8084,41.388587457554195,-119.23101796612485,test
8085,37.377376520211385,-117.04508125588781,test
8086,35.09208380034957,-121.49648833793015,test
8087,36.996053828476526,-120.84335759531686,test
8088,37.15009343609258,-114.70678251813423,test
8089,34.9326475821737,-116.84898580435546,test
8090,39.9824429333571,-123.69643730497411,test
8091,38.38006044892518,-119.72076843404977,test
8092,36.03738929446857,-120.35987028344009,test
8093,36.5230844793034,-122.05850075625402,test
8094,36.05000959303209,-114.18215003454732,test
8095,36.771599151909484,-123.03999478193545,test
8096,37.53105548756575,-121.1999074205739,test
8097,35.66387842638891,-115.68971130141145,test
8098,40.277944653587824,-123.07624817301213,test
8099,41.32163670380223,-120.56200801794012,test
8100,37.48091883590588,-117.90147470090015,test
8101,39.266605658270784,-120.96660472540756,test
8102,41.34220604100819,-120.22505838139604,test
8103,34.34766723633435,-118.76833062990319,test
8104,34.326672439828876,-114.61779811740021,test
8105,33.2176264535917,-115.46094977618947,test
8106,36.716715338688445,-123.28566249300692,test
8107,35.665966480179264,-118.5691816856241,test
8108,37.83825747678272,-117.7045105849714,test
8109,36.801620531926105,-121.08139552862573,test
8110,34.33113630694962,-121.71612871734045,train
8111,36.23447758179438,-118.27737111937167,test
8112,32.80365303149365,-120.16157540072956,val
8113,37.61903364148595,-115.1087809838352,test
8114,35.0969396023732,-122.75375371537218,test
8115,33.59403816382417,-124.01642537639144,train
8116,33.153664501608425,-115.16495595439984,test
8117,39.295831152541496,-115.20095256142731,test
8118,34.87231469976601,-120.14309945559721,test
8119,38.76880736436025,-116.66740303684081,test
8120,40.252865635952226,-115.7206768990311,test
8121,37.26486504505815,-121.81208155302542,test
8122,33.790008640730875,-117.69268173474728,train
8123,38.34976830568489,-116.83998430523827,test
8124,33.20812315901094,-120.75425501781734,train
8125,40.26834924581226,-114.68679370433237,test
8126,39.741785825881244,-114.46865662288232,test
8127,36.337729686803925,-119.42183560275171,test
8128,35.07833208377388,-123.65644111557528,test
8129,39.24948067712109,-114.96543340060798,test
8130,37.90147689062171,-119.04813369148803,test
8131,33.90402277820561,-123.00869226477784,train
8132,39.71950158449548,-116.89207718455197,test
8133,35.69274487783915,-117.35544626228564,test
8134,40.99473575472368,-122.99806086043223,test
8135,40.385065416942304,-121.60624048160915,test
8136,35.14195081554735,-115.52946586077546,test
8137,34.94725290709109,-114.44357627110658,test
8138,36.298013635221,-120.26185115803418,test
8139,40.14845559563436,-123.05241602308242,test
8140,33.76729397811061,-120.81108522057626,train
8141,35.52300336010702,-119.20646566319864,test
8142,38.77175222888948,-121.3426293134322,test
8143,32.847155568270644,-118.13749437364291,test
8144,33.05937446400035,-124.35830837092284,train
8145,39.74776029467644,-116.0221281358384,test
8146,37.47658708744518,-115.73159489493334,test
8147,37.8104940267175,-116.36206243602155,test
8148,34.88674179019108,-121.31158856367391,train
8149,37.56599021074098,-117.9202459430952,test
8150,37.6912038272092,-120.67463226363328,test
8151,36.448415181551496,-120.42657871448716,test
8152,41.663088256604766,-117.12917627473874,test
8153,32.99653022315612,-115.74309600219986,val
8154,36.45936857911138,-115.8724762251548,test
8155,40.65039860763638,-122.05748708187906,test
8156,34.48337477232455,-117.65572372252109,test
8157,41.38442611768364,-121.6865134890506,test
8158,36.55939806226392,-117.96077648267826,test
8159,34.012992289877005,-120.65411806581658,test
8160,33.41165309473943,-116.29552570429689,test
8161,35.6273489436948,-114.77470208903328,test
8162,41.23978568157612,-121.45029471740486,test
8163,41.42323544831258,-115.4825242987234,test
8164,37.86411463536872,-116.81059436006574,test
8165,33.64926229146222,-118.60430094717509,train
8166,36.853930680544124,-119.0275599337793,test
8167,36.48618428552527,-121.14796112340852,test
8168,34.71821365192391,-122.34413099688352,val
8169,33.25002619968131,-123.58028817111999,train
8170,36.14350395778274,-117.09465101215405,test
8171,36.05146792030469,-122.14663102915529,test
8172,39.19668774873397,-119.33255209000515,test
8173,36.26332451652323,-115.26600826069007,test
8174,32.65437667350927,-117.5208931472473,test
8175,32.719576978476276,-122.69518927583488,train
8176,39.04077148729194,-116.8677809885475,test
8177,38.78764122790632,-122.22506268735582,test
8178,34.04853708062091,-116.39913366957208,test
8179,40.73315129189619,-123.63878704073936,test
8180,38.80503732950041,-122.97897866421076,test
8181,33.98890103018656,-114.80849721039095,test
8182,35.25369430096819,-121.55026605598852,test
8183,41.75058704023988,-122.88694487089077,test
8184,36.391358595405805,-122.22430018620904,test
8185,34.772232076836374,-120.71706175323442,val
8186,37.4935145083828,-115.80418023947573,test
8187,34.476574910167145,-122.86750587577619,val
8188,40.02755902336786,-124.2776101328279,test
8189,40.052042633014054,-115.52193785728205,test
8190,40.11398495956626,-121.35051895086873,test
8191,38.37554097112444,-123.64698426970102,test
8192,39.10260513664269,-124.15372517916707,test
8193,35.57368954341024,-115.16535791987263,test
8194,40.85306880577648,-119.0464225566633,test
8195,33.89521140871955,-118.1457538482077,train
8196,34.939993171256404,-118.08846183146983,val
8197,41.9307455180612,-119.05618153802688,test
8198,41.62495688163177,-116.50891620603619,test
8199,37.33716744793859,-115.09825331708575,test
8200,37.2565502474827,-117.8304926610034,test
8201,33.63628898632907,-115.73955451482327,test
8202,38.77688550165021,-124.34086092128621,test
8203,32.823877372914446,-119.48925951426912,train
8204,35.50686096904821,-118.21226951591916,test
8205,36.492158516560416,-122.36530274299223,test
8206,40.996040370675736,-122.78733892067402,test
8207,41.70124671982094,-123.03532722182347,test
8208,41.753761505110376,-121.50350491108914,test
8209,40.09498644972895,-115.95063188806445,test
8210,35.27627286720175,-124.15494129084264,test
8211,32.95947147142551,-118.22896962647036,train
8212,36.560599289858004,-123.73733364115014,test
8213,35.3463426557754,-118.32414608873964,test
8214,38.73464980212075,-121.83973717467268,test
8215,36.04392264162737,-122.81779927343942,test
8216,40.96545891187984,-119.63726410554776,test
8217,36.072092586566214,-122.05729363376287,test
8218,36.10962377606716,-120.54006632072677,test
8219,39.71885423232325,-117.9132475314445,test
8220,38.11755481984717,-114.78746890243565,test
8221,34.947581438439116,-118.07026127312268,test
8222,38.93825015596141,-119.21212667603311,test
8223,37.86155046299142,-118.69732911718353,test
8224,33.51544282677128,-119.57272134026636,test
8225,36.95498855111719,-118.63742224357651,test
8226,41.23012755218264,-118.56147097220064,test
8227,34.53568467125269,-119.36546902829014,test
8228,36.456425145265456,-116.3118846072288,test
8229,35.14324439108889,-120.41141579120146,test
8230,37.614635273484645,-123.32087680592203,test
8231,41.76431962856135,-117.81013216261012,test
8232,35.46431979573805,-116.23224651689341,test
8233,40.41694945915213,-116.39801679798481,test
8234,40.468661908366315,-121.84052282717852,test
8235,34.98666604987238,-117.7692138322463,train
8236,39.84658501734923,-114.14456141555398,test
8237,41.88751486659167,-123.36193409166144,test
8238,41.564579491975756,-119.05039279783438,test
8239,38.26636182480748,-121.29145544569216,test
8240,33.96696993738822,-116.28248838780227,test
8241,33.66016763734361,-121.09205743323686,train
8242,35.05679517641329,-116.8767548699881,test
8243,38.22443381798651,-122.78571618665384,test
8244,36.18755622383354,-123.74956545143316,test
8245,39.14972824752426,-123.36670496890687,test
8246,39.990261355644606,-121.75639139832761,test
8247,34.238592916495755,-115.68150774894644,test
8248,41.10313522110455,-122.88902770885811,test
8249,33.10362663587145,-124.09574417186674,train
8250,35.03886987861762,-115.64081883578362,test
8251,40.2461566432429,-120.57496393324527,test
8252,34.26994410435312,-118.37015270422066,train
8253,34.61470330558202,-123.57603705834606,train
8254,41.76946574980196,-115.08527775548929,test
8255,41.170090278402974,-119.23919161503524,test
8256,40.22683093155637,-123.51653753265126,test
8257,34.175896274632,-117.90540602735459,test
8258,34.946159308986665,-120.67101747681309,test
8259,34.75703820170413,-120.79637328731317,test
8260,34.32100748869833,-120.2312663323934,val
8261,41.72012844537697,-119.20124851070868,test
8262,34.102286787705935,-118.05474929496087,val
8263,39.601373758928666,-122.93048316998335,test
8264,33.013109838537844,-116.66248348231973,val
8265,37.679846470837994,-124.16015089571901,test
8266,33.20094885186398,-117.23152783722526,val
8267,33.11480595357404,-122.55020298507982,train
8268,34.7103017166121,-119.83324404089566,val
8269,41.295464132640106,-118.65040835221866,test
8270,38.5797216842518,-117.76551401248112,test
8271,38.69877224307408,-116.284425078612,test
8272,35.34879936012668,-119.11801396871242,test
8273,39.38264800939938,-115.36588906474223,test
8274,38.98430213736157,-114.59342320152328,test
8275,36.902161117562684,-114.37695687423555,test
8276,38.99427318387298,-121.14532122386322,test
8277,40.74177261353155,-124.10828419955766,test
8278,41.62480516264117,-117.06013530022815,test
8279,41.96774427099705,-121.84293473229442,test
8280,37.15431612954682,-116.5251520428367,test
8281,32.84017232693979,-124.38844437566574,train
8282,34.7003170895602,-116.42724118275663,test
8283,34.3941594511161,-123.71681467068713,train
8284,35.37610196332731,-115.37393209923252,test
8285,35.94395547838002,-117.72497049164971,test
8286,38.862373734825894,-122.77274771150454,test
8287,37.508274444411754,-119.20435578235092,test
8288,38.68308120677503,-119.23137387634083,test
8289,41.733320496210844,-115.37711223021054,test
8290,32.99471140679932,-118.95160834343878,val
8291,32.66635550503939,-118.76458293335664,train
8292,38.832336526847826,-121.15111130858547,test
8293,37.70302315492712,-116.929120797482,test
8294,37.1016345741244,-123.92142553575715,test
8295,40.61101156025024,-114.46040368906685,test
8296,34.034553373528205,-118.189553233585,train
8297,37.96217541503016,-115.72119086100818,test
8298,41.35535016931935,-116.3872004616809,test
8299,36.752232876653316,-122.19084830365735,test
8300,38.021801743008844,-121.45962579813252,test
8301,33.192893888932765,-121.57370420174736,train
8302,35.83676354248772,-122.11490879555012,test
8303,32.9220419682268,-124.27599581759549,train
8304,37.95040378025581,-115.91413054171686,test
8305,38.12179015009726,-118.894740929062,test
8306,41.53445791043936,-118.34489239218753,test
8307,38.57570504056096,-119.3705380174541,test
8308,32.558248684665124,-123.15781139272319,train
8309,40.42072973143569,-119.94377921796321,test
8310,35.65184498389288,-121.41264158587423,train
8311,39.29415293551001,-115.24287638406491,test
8312,35.03035014224024,-117.21054427393408,test
8313,39.72932909650986,-122.76300230474513,test
8314,41.31333667336621,-117.2032323110306,test
8315,33.28115142942046,-118.78632840772073,test
8316,37.6851076870225,-123.59790684358664,test
8317,37.647607113672244,-123.72292811528996,test
8318,35.24256523023544,-122.91992111146799,test
8319,35.76565617871904,-116.08377153583135,test
8320,38.933242473169315,-115.88322536397057,test
8321,35.30102691656407,-118.1696568795769,val
8322,32.820039648736305,-124.2788926605796,train
8323,39.814193325599696,-121.17047593364276,test
8324,38.45057686029739,-120.30663126273294,test
8325,34.90180729194832,-121.50798769077875,val
8326,41.63579319808962,-118.44857430109464,test
8327,41.03811344233556,-123.7986018597982,test
8328,41.662639366393655,-124.2341098956235,test
8329,37.38087803507408,-118.37909313136554,test
8330,34.75702665076785,-121.71269197614369,train
8331,34.17616231064332,-117.36188364580428,test
8332,41.512517718752285,-116.42301784677564,test
8333,40.96614686763351,-118.14000060785389,test
8334,39.546677342814625,-114.23623968374403,test
8335,37.36457546630499,-117.81142434383575,test
8336,36.17033955576705,-116.47294407402475,test
8337,39.19162529939058,-117.83111128963267,test
8338,32.62023874862297,-116.13589598582543,test
8339,37.49490896887282,-120.41289439280274,test
8340,38.956907983744316,-119.9617726343484,test
8341,39.668107048937124,-120.98421699533098,test
8342,36.80173840705438,-118.4965125074382,test
8343,39.58646806757851,-120.57743113341817,test
8344,33.43762089950931,-114.2551432009122,test
8345,34.739110911379356,-118.22303149104606,test
8346,33.89948245231048,-120.97892418057779,test
8347,35.748265235273784,-119.20080822046555,test
8348,35.78950795487356,-116.39188103523392,test
8349,36.07120861189753,-116.12893112017616,test
8350,36.941361722808296,-117.87148342355968,test
8351,36.66208047496645,-124.41597234060542,test
8352,37.174769186557,-115.48459896939171,test
8353,39.65709041285591,-115.05994123446743,test
8354,33.87489851862754,-115.45329769506064,test
8355,35.85119126714877,-117.52079396112283,test
8356,32.53127884826102,-124.1606046512638,train
8357,32.79733042798614,-114.63745554563765,test
8358,38.27280638023606,-123.74090446246369,test
8359,40.825734693658106,-122.89881744136699,test
8360,35.42696497351597,-117.96633964988068,test
8361,36.33595080774256,-119.678745402668,test
8362,34.51752968014048,-116.65844429958773,test
8363,33.882312868267555,-117.91228247843662,test
8364,40.902409936845686,-124.3968013408849,test
8365,37.947976523432025,-117.81257789793133,test
8366,39.205164195486226,-115.59175248632953,test
8367,40.88151222560205,-115.65437059592094,test
8368,38.102084364369965,-122.81712300754975,test
8369,34.23729090714847,-120.85870212329574,test
8370,39.28511032934418,-123.20765183236212,test
8371,39.61172329402308,-116.69221712693474,test
8372,36.45009298416633,-117.96985126322242,test
8373,38.371228832237406,-119.44548919459591,test
8374,37.11868692685914,-121.34948505395155,test
8375,35.683504484966704,-116.32501792349723,test
8376,38.89778062761907,-116.28032144065794,test
8377,34.87337421732729,-119.37593308986864,test
8378,35.63114848044423,-123.15722240930765,test
8379,36.371872465791654,-119.64214843954551,test
8380,38.350453801983974,-115.20155115523418,test
8381,40.600372703781915,-118.41807961080806,test
8382,38.35326045654737,-116.66625193314577,test
8383,39.40599045523809,-121.40197325462766,test
8384,35.30146459424556,-120.90198433723585,test
8385,38.09282059152031,-123.23248451064046,test
8386,33.51347625653763,-120.90567966263659,train
8387,36.9171858475319,-122.69128479503158,test
8388,39.06315257834882,-118.88311790999587,test
8389,34.23197227973328,-120.3798653850183,test
8390,41.07285934071911,-115.82340010042222,test
8391,36.48081473662641,-120.49407307716216,test
8392,38.88571346777025,-122.25079148794906,test
8393,36.97990089687409,-123.571538504594,test
8394,39.46448485619568,-121.83598925883017,test
8395,38.06335169618302,-117.25018423900138,test
8396,33.690761126398414,-117.98355976003891,test
8397,41.28704604734362,-118.04835735663902,test
8398,38.780774307084506,-115.59225984732937,test
8399,37.00052514362401,-121.83353506570148,test
8400,38.9374480484145,-119.58612834779312,test
8401,35.00068471718456,-122.70601854147762,train
8402,39.81205961349998,-122.18422513441017,test
8403,36.42430461877522,-120.61583061606531,test
8404,40.153672119271164,-117.15000623109732,test
8405,35.12528366807815,-115.8444561208616,test
8406,40.013951305913224,-121.27262368973827,test
8407,41.11637103294337,-120.33905009291301,test
8408,41.818372745353464,-115.28821857270188,test
8409,39.88544357840212,-116.3957245936739,test
8410,39.19700520737573,-117.32264575847867,test
8411,37.45385043704747,-120.24235156969644,test
8412,33.53130370687894,-120.92368135722882,train
8413,37.83181644002392,-116.98143997831872,test
8414,37.86400610853046,-123.47780405915816,test
8415,33.14302966254938,-118.83686243886245,val
8416,39.07023029739466,-123.8130980542334,test
8417,33.94048488877179,-118.0133893603686,train
8418,38.179914907522075,-118.57967814526863,test
8419,37.005836701770086,-123.82353715422143,test
8420,40.81676386416918,-120.11119073855419,test
8421,34.72935485129124,-122.45584131888086,train
8422,34.151330566115334,-116.21135996965972,test
8423,37.749590447707455,-115.02405459638214,test
8424,36.88850056509289,-121.19567136298578,test
8425,34.05748788151831,-124.13772166564627,train
8426,38.341854362606576,-115.18518148613067,test
8427,41.1080903853198,-115.73297507165695,test
8428,39.54020385257755,-116.22448952471738,test
8429,34.514505067939425,-120.76573426065819,test
8430,34.78770627526617,-123.61822526064694,train
8431,37.81010487184138,-114.38907997617724,test
8432,38.94608731398707,-119.35293679406051,test
8433,41.801086739955075,-120.7633382507149,test
8434,33.5226434237326,-116.42695894088263,test
8435,37.70388643913233,-117.52507164724506,test
8436,41.88043508874092,-124.00836587947875,test
8437,33.58019257131895,-114.55891992978049,test
8438,41.740225115279564,-118.70698298108525,test
8439,36.906825056532206,-122.49926035512104,test
8440,39.32368008442271,-124.27535280766527,test
8441,36.55732098752713,-118.74643068254692,test
8442,40.4946877497184,-118.31544504450038,test
8443,41.13366441375481,-123.41286983250276,test
8444,34.10831929327905,-118.82179172337413,test
8445,39.60638512656214,-119.9889301907433,test
8446,32.7264033386871,-119.92806631225235,test
8447,35.151865547677495,-114.38505254916811,test
8448,37.76068357199676,-121.38941827080284,test
8449,38.24235176083539,-115.32430455447482,test
8450,35.98907328543593,-120.88800712060177,test
8451,35.091049611219916,-122.58933743531286,test
8452,34.15552701019435,-122.87013765527085,train
8453,34.80007895430649,-114.74202165699529,test
8454,33.76325035278043,-124.19986000882642,train
8455,35.00324252650528,-122.18045381473351,train
8456,40.307515210816604,-120.92971330529548,test
8457,35.25283595647279,-117.66839290667886,test
8458,41.12581430016027,-120.56549470024035,test
8459,34.85231973521354,-124.22953605662119,train
8460,37.188898052234364,-119.11014554569397,test
8461,34.11688695824691,-115.32115874437514,test
8462,32.69188663811546,-115.29945264319497,test
8463,38.45386604003892,-114.21665301910738,test
8464,35.728642180710395,-120.9099330181621,test
8465,35.79786103562927,-123.17740852698371,test
8466,36.39141263241289,-123.72305772458971,test
8467,39.89538357359851,-115.5002846558578,test
8468,36.31555280097164,-116.72591582669999,test
8469,33.34827195420266,-117.96971524985764,test
8470,35.16979658492232,-119.31840079415137,val
8471,37.9859436435317,-119.72481777637137,test
8472,41.93832098913688,-119.34735598299027,test
8473,33.88560198282451,-120.68876178042888,train
8474,35.593086620699964,-119.54607846360878,test
8475,37.12856848277642,-122.27150302654974,test
8476,41.47577514242856,-123.22581241506492,test
8477,33.556755808374554,-122.2615468505937,train
8478,40.047493888385624,-114.42936133911167,test
8479,39.37638078903663,-114.2260222580142,test
8480,35.43196672024133,-116.69191675955564,test
8481,39.8574471508156,-115.80855864672758,test
8482,37.97405543334427,-123.37223081597735,test
8483,34.15278131868121,-123.17159567471754,train
8484,35.235955084510266,-123.4847306484704,train
8485,35.63938266017397,-123.78845266387394,train
8486,35.58908844345754,-116.7349081341159,test
8487,39.59808015975004,-123.85848432727651,test
8488,38.782992107968084,-114.6553917877131,test
8489,40.294028327920685,-117.69687806527588,test
8490,37.36723660556055,-122.67826568942706,test
8491,35.84953479044295,-116.01134220912502,test
8492,33.17160450020783,-115.94771731344119,val
8493,40.05289619142585,-118.62630665194618,test
8494,33.2380623740837,-123.50195509026409,train
8495,35.38486956195277,-120.30797746794043,test
8496,38.8643281669751,-118.78458030697722,test
8497,39.76669287571291,-116.77146598162592,test
8498,33.178815977769126,-121.36242649390428,train
8499,38.28413946695092,-115.4377497993019,test
8500,33.82870548492267,-121.85489151889757,train
8501,39.70106246283891,-114.14857355988715,test
8502,39.44170636872718,-123.25377982403285,test
8503,39.61410517895348,-115.85228962786438,test
8504,33.13378421496431,-123.07684395546245,train
8505,37.82775740470577,-116.6114824315524,test
8506,34.81084585432354,-115.54967433376456,test
8507,37.22530117524538,-121.21380995134209,test
8508,41.899725303479244,-123.39524721088902,test
8509,33.38677851485019,-114.13093657562847,test
8510,38.15567265636808,-114.42845137886884,test
8511,34.09254556899911,-116.63717454089314,test
8512,37.360182224751846,-120.4552843692496,test
8513,37.46292437940332,-123.0543293601231,test
8514,36.85045717754325,-120.12990149142678,test
8515,38.58715892650951,-117.01326802561087,test
8516,41.75560720398316,-122.8691274764069,test
8517,40.155421108809,-124.26678813032831,test
8518,41.60721903043077,-115.11939648174504,test
8519,34.32411960859392,-117.22310459584733,test
8520,41.93588206026695,-117.28650827286286,test
8521,35.41990090570235,-114.67451484372819,test
8522,32.85354891728343,-119.07152795485277,test
8523,36.6611558165483,-121.1606266022527,test
8524,34.86148586122836,-115.06382159676869,test
8525,39.747281518589965,-114.27628270243146,test
8526,33.353334150801,-124.22905822255471,train
8527,37.71959036987197,-121.03076262819827,test
8528,35.270586488836074,-120.7035982093843,val
8529,34.48776300834325,-123.2932413040738,train
8530,40.82229830903132,-122.15557976238517,test
8531,37.411834607738456,-124.1878421771551,test
8532,35.61196010695525,-117.25994942143156,test
8533,39.59573647572645,-123.33780790132636,test
8534,40.609713930812354,-115.28855965895026,test
8535,36.71657183894505,-118.41921305621729,test
8536,34.25471470778091,-120.76800023217463,test
8537,41.94637858280592,-116.10037456047449,test
8538,35.92950498347871,-117.7315880066926,test
8539,34.4761263685275,-116.6763348833857,test
8540,33.50833703556762,-115.39012563852698,test
8541,33.702896775258814,-116.11297351158352,test
8542,41.4606142819554,-116.40703996672917,test
8543,41.494874031368084,-116.91531406788236,test
8544,37.340125486533594,-120.54809451090685,test
8545,39.08452102669765,-117.71962093697452,test
8546,40.41511542113689,-118.60764451291786,test
8547,37.809094888452265,-114.50687291014043,test
8548,38.84631234069723,-119.27535465018192,test
8549,41.68724316607468,-122.15305827396753,test
8550,34.163918288305,-119.7208206643866,test
8551,33.84428003880765,-120.16495735223407,test
8552,39.66121083224877,-119.60959631239577,test
8553,39.190520160639096,-118.44957626554978,test
8554,34.29096748571104,-114.66588797249169,test
8555,35.39386829978605,-121.54206181265927,test
8556,39.01936545756531,-114.44828191337378,test
8557,37.211639357109966,-116.40250315578992,test
8558,40.99120956752086,-122.55408524503261,test
8559,40.45785499855052,-121.54865734656825,test
8560,37.14302418368016,-115.06485667503661,test
8561,38.84520648038253,-116.17815282871032,test
8562,38.62357624938833,-122.9619501587136,test
8563,33.40198484952059,-118.41309787342209,train
8564,36.56035494989069,-121.58419951409766,test
8565,36.69567561032229,-117.94727396289318,test
8566,41.028067858914746,-122.65036950303602,test
8567,40.91360845019892,-120.81177784055669,test
8568,33.075807901066646,-120.43427144744496,train
8569,40.53375024653841,-118.89622269977973,test
8570,38.32263302012803,-121.97264198046527,test
8571,32.68365990925628,-116.93693510636403,test
8572,36.14424773437679,-116.09646018668032,test
8573,40.94021661471329,-117.84170628705714,test
8574,35.92247218268698,-115.12922967955802,test
8575,38.93594867338631,-116.28999456229957,test
8576,37.88683246382094,-123.98621127852779,test
8577,38.115975149630515,-123.56652410256872,test
8578,37.08317909388388,-117.6357234839755,test
8579,37.09777746864953,-116.9974637975617,test
8580,41.07805236817296,-114.46090005953789,test
8581,36.44883921932663,-124.40564148450561,test
8582,34.34267421119217,-121.99693714838901,train
8583,36.50484904270216,-115.86464766989386,test
8584,39.470683372690935,-115.2482888597973,test
8585,37.03054320949574,-119.65170404576989,test
8586,39.46295560320976,-119.45248115739386,test
8587,34.80075303600775,-115.63918458657334,test
8588,38.04874837558709,-119.6977229083635,test
8589,40.7151633058445,-116.32161409086626,test
8590,37.542466580637466,-114.65859231035233,test
8591,38.56067823389966,-121.74036531724423,test
8592,38.95830141102263,-121.61093691643244,test
8593,39.53476547760959,-114.76300609886749,test
8594,35.84724270376695,-120.0654742965352,test
8595,38.466238324990876,-124.27785322423453,test
8596,36.47111546290928,-119.25933085272194,test
8597,36.232379727382614,-118.08120286993942,test
8598,37.03015887889861,-121.91675363150829,test
8599,36.39200296842094,-116.94039892766042,test
8600,32.77497571751602,-122.03836132546712,train
8601,39.55669337291822,-123.20641547005651,test
8602,38.063686824980834,-121.86903988543467,test
8603,33.832880368455086,-118.93538947151639,test
8604,35.00458654044688,-115.6168239088244,test
8605,38.316498100991446,-118.98258507402292,test
8606,37.435619599452856,-115.68695927478937,test
8607,39.380800005105726,-123.77823832789436,test
8608,37.16302648467399,-120.59863406316589,test
8609,40.52870270099061,-119.95330971543709,test
8610,33.263499051970726,-116.17420774550509,test
8611,38.33689332771358,-118.14423134997605,test
8612,36.048583320394826,-116.34627232118335,test
8613,35.43580141590506,-120.94947995771224,test
8614,41.46628852249873,-114.81012211501135,test
8615,40.710257016969145,-116.05120124032095,test
8616,34.269790795925445,-115.00134399730115,test
8617,33.07392853290676,-121.73057253426104,train
8618,40.74290395812584,-124.37227126174143,test
8619,34.13324237329752,-118.09438913434751,test
8620,41.32052787848727,-119.36151132023836,test
8621,35.156219013695306,-116.40898260696024,test
8622,36.42836215799267,-123.43483790128268,test
8623,32.95599774960535,-118.30094535029666,train
8624,37.62042210420601,-122.3893577171361,test
8625,34.317329660710335,-119.1344856485372,test
8626,36.6122896099596,-122.80770702056071,test
8627,41.2367720739511,-115.03374830797628,test
8628,34.921863941786214,-122.55041275248018,train
8629,38.54268176740999,-118.51095947497801,test
8630,34.44284202957842,-124.38216439665003,val
8631,38.30524868165236,-122.8271189116333,test
8632,35.26829057686326,-119.29186444597308,val
8633,38.98440707442751,-124.01768534871367,test
8634,39.82779558513488,-118.84391080997575,test
8635,40.870003281388776,-122.53951617223231,test
8636,41.229095784067646,-116.9493805239374,test
8637,34.81512903687102,-115.48791474753719,test
8638,33.751571060020375,-116.6193908176608,test
8639,32.98945777373101,-123.78644550950908,train
8640,39.351789002524924,-119.32267069415389,test
8641,34.299870373672384,-123.29376642089947,train
8642,40.1075770913662,-120.22261648982533,test
8643,41.666827920130224,-115.78427015672976,test
8644,33.93122419774117,-124.01563709299842,train
8645,35.21314263950734,-121.84546783462135,train
8646,37.492892732392136,-115.91806302454019,test
8647,36.60730113159154,-120.25488686858766,test
8648,36.563667271748095,-122.01348381422531,test
8649,34.58598995853191,-114.65157836290751,test
8650,40.95086628742928,-122.83442044967323,test
8651,38.98465074403835,-116.30945236738464,test
8652,33.98713270020247,-122.60401989407029,train
8653,32.5720377038797,-114.5109329168464,test
8654,39.75260751906483,-116.33560595759542,test
8655,32.68017166443535,-121.59002217797146,train
8656,40.86754521236498,-114.29893745534335,test
8657,37.54366856245239,-123.25992109933155,test
8658,41.337911603855915,-115.57755613905317,test
8659,39.839481319248414,-117.22888301978178,test
8660,40.99943391435245,-122.64725224399308,test
8661,39.573953719547006,-118.8069109076617,test
8662,37.990562566904295,-124.31705519247413,test
8663,34.16888078071081,-118.53105360318521,test
8664,39.42081254753039,-118.43748132285447,test
8665,38.139151777463454,-120.22809472060779,test
8666,36.83561440154764,-115.94027325159486,test
8667,37.819859516861314,-114.84399817194485,test
8668,34.729468005455814,-118.93691515029269,test
8669,36.35992585606625,-117.49153879267647,test
8670,33.706151575357346,-122.93622593085172,train
8671,36.41051840958775,-114.14960934744776,test
8672,36.95185035004644,-115.59488466920601,test
8673,40.653101669898305,-114.65552385989896,test
8674,37.522392989333184,-116.4181577748911,test
8675,41.1369851160092,-121.11075242706062,test
8676,41.696182014872946,-122.15446425131475,test
8677,32.99391279893259,-119.17109919639461,train
8678,38.18494850291785,-123.588400945995,test
8679,35.363742961716845,-118.75075140153237,val
8680,40.59205361438686,-120.62612475944036,test
8681,37.20891835895909,-116.93500058663794,test
8682,33.26946684382261,-117.98911326326173,test
8683,34.56611278261116,-121.89837760242145,val
8684,38.91172095501343,-116.87821427787189,test
8685,33.28395490144879,-121.23242577685323,train
8686,36.11987242253139,-121.87701391215462,test
8687,40.78425907122761,-120.1247127223578,test
8688,32.80653736861758,-122.81253128582844,train
8689,39.12301751167653,-121.08759972605392,test
8690,38.92683511740179,-121.76096082683085,test
8691,35.567378928578755,-124.21596456464168,test
8692,33.59742689865189,-121.33796546870944,train
8693,33.49979684000226,-119.6269475574326,test
8694,41.708589616540195,-115.88539732132254,test
8695,38.940397249036714,-122.5792870600403,test
8696,36.090636844964465,-121.06461895640244,test
8697,40.4236753502603,-124.13715585376075,test
8698,33.50859386265414,-123.66563433283014,train
8699,33.73200707903929,-120.76845535711021,train
8700,34.40092136178089,-119.28573847871377,test
8701,39.7609359447461,-116.72541893145568,test
8702,36.40224237087874,-116.57161336689931,test
8703,38.615197525052984,-115.01687936462685,test
8704,34.73131217742641,-115.08062209288966,test
8705,39.89101470640395,-123.39353828036877,test
8706,40.1217697178735,-123.28473872633006,test
8707,36.44355223846214,-119.3180816789216,test
8708,34.51190199766528,-118.36252631506767,test
8709,38.49657611233314,-118.27575149729377,test
8710,34.95560205924629,-119.42649226943733,test
8711,33.93433640084983,-114.32383523309109,test
8712,38.36160293275355,-119.19266679008335,test
8713,37.3872462616749,-114.79694393514916,test
8714,39.94933964496367,-114.25174700041747,test
8715,35.29817094706858,-119.86213418423092,test
8716,34.66361390224272,-123.06089080600819,train
8717,38.59575172143664,-121.07978490476293,test
8718,39.16903962635956,-120.7434542320145,test
8719,36.444552459848694,-115.28133867813877,test
8720,36.719146991179755,-114.52490138529953,test
8721,33.69997101766953,-122.6908660287651,train
8722,36.97539899461445,-124.23304084764013,test
8723,41.63377630383668,-115.87586382085503,test
8724,33.606718438166304,-118.6803585058176,train
8725,37.90865657856652,-116.69541414003261,test
8726,32.70416173989638,-121.02047084842518,train
8727,35.61129143734783,-122.80566113691889,val
8728,39.73803688217818,-121.71135150118847,test
8729,37.90101717979623,-123.94017803864318,test
8730,33.298323151203654,-120.46192335911839,test
8731,36.808843171583625,-123.41697088331021,test
8732,33.27884797394779,-119.65851552016818,train
8733,36.06732399615667,-116.1999957946956,test
8734,39.81199821450892,-123.94893149134066,test
8735,34.97562424832543,-115.19489444782194,test
8736,36.823597034406866,-123.17029903345158,test
8737,37.26821193487503,-117.67683773215413,test
8738,40.61052193907026,-121.96007646686512,test
8739,33.6806368247678,-115.72889296007668,test
8740,37.74246365167417,-124.33327065744014,test
8741,32.82158118577895,-120.09549804231192,train
8742,33.413902096559355,-114.52278938111256,test
8743,34.620245819969924,-123.27605579691516,train
8744,39.345694168388434,-116.59775677422942,test
8745,32.91930050121654,-116.94856934552665,test
8746,41.479804527213766,-121.14930799282719,test
8747,36.58001432772159,-123.81671311535062,test
8748,40.47203387567728,-115.85078668352389,test
8749,34.6311632251857,-115.11070087992313,test
8750,35.72906737463842,-123.12206557695855,test
8751,39.41483987962099,-115.69889537559258,test
8752,36.12099728892179,-115.84946717460356,test
8753,37.33591037356504,-118.49089412456257,test
8754,40.19361863019608,-116.3617876812427,test
8755,38.69587110317133,-124.03297273701466,test
8756,40.44574596688403,-119.3244152664072,test
8757,33.34902471411918,-114.47031420305444,test
8758,38.288426476352754,-116.44752855399548,test
8759,38.2234048413112,-121.67553436064918,test
8760,38.27922312167097,-118.01139333247076,test
8761,38.106032723670516,-122.24861139262941,test
8762,39.38474639962611,-122.14988538899132,test
8763,40.52302453486657,-122.48784419118161,test
8764,34.70429224697986,-122.48128975168807,train
8765,33.520219392416024,-119.29230917254347,test
8766,33.23054651505923,-121.24597827911872,train
8767,34.03031274135192,-116.41923842226052,test
8768,38.7418723623163,-115.22170793362142,test
8769,36.474239504141444,-119.4129373144472,test
8770,35.83966686250986,-122.46754317489258,test
8771,41.14723573838569,-114.15062944428658,test
8772,41.054665574503645,-123.95509762386567,test
8773,37.63330300826667,-118.7731699167293,test
8774,36.87199929744936,-122.17541699122728,test
8775,35.09107358503661,-114.772750237584,test
8776,36.88527235668081,-121.08962902278847,test
8777,36.42140447952501,-114.56257545793906,test
8778,32.5958339130851,-114.41041907820234,test
8779,39.71372088239665,-114.71792940820211,test
8780,36.68328905968135,-116.26700733940987,test
8781,34.640382893748885,-116.79806713801455,test
8782,38.83949808415217,-114.61692872179182,test
8783,36.7694190421647,-122.13396285678883,test
8784,35.501023509883154,-116.08990697210204,test
8785,34.715777757935555,-123.26994011132085,train
8786,33.09007158856184,-120.70903817079459,test
8787,37.29361929313232,-120.29711345641046,test
8788,36.0854570025332,-114.17818457923704,test
8789,32.91191741801526,-121.13073058125929,train
8790,40.223490787501824,-118.72069685202312,test
8791,40.18445197818164,-117.90871059134061,test
8792,37.17054216550882,-117.45148062799488,test
8793,40.474386832730744,-123.20125057850028,test
8794,37.08512239535767,-118.67540756601473,test
8795,34.12950920922384,-117.89601955960958,test
8796,37.4316547402582,-115.12647674152403,test
8797,35.49000910583072,-114.57030526931455,test
8798,36.813892842167675,-122.01686953126213,test
8799,41.7222439269096,-122.2695505596393,test
8800,35.89687735143269,-117.39057553665062,test
8801,34.5744768866283,-119.393424167967,val
8802,33.74738314377973,-116.77382555885121,test
8803,40.900795349726195,-115.69225424966099,test
8804,32.671466622586344,-124.32984123651215,train
8805,41.12358677603289,-115.38028853247465,test
8806,33.11498106922114,-121.70336706791097,train
8807,39.65768412191676,-114.44551767921064,test
8808,35.31087450375486,-120.00399870186796,test
8809,34.89662314911865,-115.65126649675143,test
8810,34.23398817296029,-122.37866518169947,train
8811,33.803858625503786,-119.02563147972171,test
8812,33.15724236994254,-123.78750021222815,train
8813,33.99827232691082,-116.86376978527349,test
8814,38.10288021283584,-114.7269506759835,test
8815,37.92485644886587,-115.74740146689744,test
8816,35.191777338871596,-117.42555980230604,test
8817,38.9684813133307,-123.21374821563246,test
8818,39.8183868540599,-114.29537457430477,test
8819,41.81225673816093,-120.89374713429493,test
8820,36.69461542894761,-117.91611183716277,test
8821,36.07735844023558,-121.62557529760737,test
8822,41.74596592287562,-115.91030871640098,test
8823,41.45218462026783,-120.53848653673522,test
8824,41.3081961976733,-120.41211494482806,test
8825,38.29520105781225,-124.39381091648633,test
8826,38.37992001901608,-118.50829337645001,test
8827,41.31797244455686,-121.85495755190013,test
8828,37.073886618940655,-114.93573086777754,test
8829,34.55161101907669,-116.36572454163635,test
8830,41.860400102995214,-114.62413746577045,test
8831,40.50440032538504,-120.42172604470241,test
8832,33.06082940282935,-117.61756308649296,test
8833,33.59504380126251,-119.78192166531846,train
8834,40.88365279706659,-115.06473083002149,test
8835,35.381290832011416,-121.09686728426439,test
8836,39.12477344583393,-121.05290005209157,test
8837,33.64577322998583,-120.66712229239047,test
8838,34.14495387685619,-119.30779316281905,train
8839,39.60756273108718,-115.28761434319057,test
8840,41.8038922760446,-122.30101015650668,test
8841,37.285822639851396,-117.7250155148515,test
8842,32.936415765099845,-121.28558022853687,train
8843,34.748982195485645,-123.58776262126163,train
8844,34.544278082061076,-114.60779653482705,test
8845,41.38702778082073,-116.33861739162157,test
8846,36.49935041691295,-114.62468590997355,test
8847,41.50446144464803,-120.31321970427581,test
8848,40.67026626387306,-116.63553366938157,test
8849,36.79913665907591,-117.72669688556628,test
8850,32.765424600680134,-118.0579326183367,test
8851,41.74384141504113,-124.02481261015072,test
8852,32.62537646573934,-123.70047277185677,train
8853,40.637547990904665,-122.42684060095176,test
8854,36.443305462573086,-116.71106768560728,test
8855,35.3833956133883,-116.20909155488746,test
8856,36.396606777314204,-117.7671528960468,test
8857,35.90993236701316,-122.45977169679853,test
8858,39.05595941217136,-116.42276601351098,test
8859,37.95368808692798,-123.27013987876362,test
8860,34.96288895912856,-115.22261876146906,test
8861,37.525435887033375,-120.47297888623346,test
8862,36.36487734643908,-116.9437258626842,test
8863,41.24852004357932,-122.69250596787779,test
8864,40.98082000831659,-121.1997471443908,test
8865,38.37626577025504,-119.33373367859106,test
8866,41.67203315746002,-119.32258007669675,test
8867,36.08245314560348,-123.43787055364531,test
8868,33.36307851366152,-118.78683196696845,test
8869,32.98126731756849,-123.66553428695046,train
8870,40.4227263696923,-114.91685938730872,test
8871,36.16165619609353,-120.09157745386103,test
8872,40.67679278031344,-119.91309535583616,test
8873,36.874222248244514,-118.49119673574752,test
8874,32.63581402230501,-116.38093363738705,test
8875,37.53630040736876,-123.7230958136615,test
8876,38.16035239449996,-117.19229635180034,test
8877,36.80578905125522,-115.05242698890555,test
8878,40.466184619338186,-119.91188169164107,test
8879,38.628757263211256,-124.30323415111818,test
8880,35.984080568087904,-121.88963052649594,test
8881,39.33895261470971,-114.73781587435728,test
8882,35.556739247635264,-123.223218454217,test
8883,40.471046106678074,-124.29964398450284,test
8884,35.18258208323926,-114.7912830374249,test
8885,38.84280691589134,-115.54220474186062,test
8886,36.4609216421647,-119.69335798549317,test
8887,33.48820562321398,-124.38437752923095,train
8888,38.49330411710751,-118.42132581782934,test
8889,36.15751954077833,-116.01918500308565,test
8890,38.53647437914393,-121.490610211448,test
8891,37.64288690176368,-122.65909741769563,test
8892,32.92390583274409,-115.11296858007168,test
8893,34.47114434324629,-116.52267973861336,test
8894,39.162987652973726,-119.82028250784921,test
8895,36.95870077320068,-115.1092976710182,test
8896,36.94746532523283,-118.16991185692574,test
8897,32.552714743812224,-114.7064465956256,test
8898,35.39749892837358,-123.37641002837404,train
8899,38.869842671545285,-119.94056206623671,test
8900,40.929777202826806,-117.43727527099857,test
8901,37.96584690593447,-120.23457790127819,test
8902,37.649911069420654,-120.8339132485326,test
8903,36.98388081365029,-117.27017981372975,test
8904,38.955216243236556,-118.1953623741258,test
8905,40.08830210467873,-121.52702132633267,test
8906,34.61987480392357,-119.86234023569791,test
8907,39.291356668333904,-117.15184836692148,test
8908,34.8393049678931,-117.9766007542715,test
8909,32.83107307812858,-119.76929873668749,train
8910,33.23721846540886,-121.75935066466873,train
8911,32.97074829476489,-123.25859101374967,train
8912,35.18324357824941,-115.77779425190322,test
8913,33.73433115834709,-115.98256706231732,test
8914,33.33688231529685,-118.11684920474708,test
8915,33.92765069699064,-118.549462439163,test
8916,32.89173792253498,-123.03443995382247,train
8917,35.783434166388005,-119.8341978388785,test
8918,40.322067603325905,-119.45134887924034,test
8919,37.774283185533214,-119.6828117846087,test
8920,33.14523388934251,-121.94403568600026,train
8921,36.0805234635504,-123.16350146075264,test
8922,36.60053444068035,-114.83749154144581,test
8923,34.16273630727835,-118.70408667020759,train
8924,36.06242248358071,-115.54690951707283,test
8925,35.71907015477978,-117.5118337259972,test
8926,37.20636509000004,-115.98261677495339,test
8927,39.13335672530935,-122.21306480462789,test
8928,37.06458597223634,-123.34678745833007,test
8929,33.23034486430086,-118.11099733580134,test
8930,33.05301584477983,-118.77623747530004,train
8931,40.93897581220063,-123.44546512504641,test
8932,39.10941568050854,-118.13754482149334,test
8933,38.753487565662056,-122.56462000790009,test
8934,41.17801609496033,-123.32479780890309,test
8935,37.658060533442196,-114.28229355701752,test
8936,33.22815977234299,-118.71056436272977,train
8937,39.295223311683344,-121.04009937848261,test
8938,34.06671840990473,-123.42904450188193,train
8939,38.83886213519408,-114.98859152261946,test
8940,36.32470170932508,-114.72200872921054,test
8941,32.797298412248864,-121.79079040705228,train
8942,33.055864950816414,-119.95489140485111,test
8943,36.248242972928935,-117.78440448619922,test
8944,38.16032343405723,-123.29397350464455,test
8945,34.14839660025698,-118.90397057866552,train
8946,33.54092138382598,-122.18580106214657,train
8947,36.09290209711104,-122.11752965850819,test
8948,40.14559149917899,-118.22243419451658,test
8949,39.95453225874338,-121.24312801082944,test
8950,39.0088070247809,-118.76586112011427,test
8951,36.55812900972006,-121.73559217013803,test
8952,36.71514907595588,-119.41192206084983,test
8953,34.66968838324792,-114.8286921789837,test
8954,33.828739483893756,-119.44248159874496,test
8955,32.68001228884718,-119.27106794270459,test
8956,40.67562088972883,-119.3588185225549,test
8957,37.22886826911987,-115.6088415293489,test
8958,32.55881704545754,-117.41127002978037,test
8959,37.54127214376837,-124.124253202177,test
8960,34.97632735740386,-123.22389304388223,train
8961,36.57712425870208,-118.48197712928611,test
8962,38.897732738699574,-116.60253510733351,test
8963,40.19827781493853,-123.23365714987574,test
8964,39.163562621396956,-119.25629074758078,test
8965,41.017948103853215,-117.81587404584441,test
8966,34.75304595734949,-120.30772834690868,test
8967,38.793317333211654,-117.28994110604847,test
8968,40.95670213312166,-120.90752224848396,test
8969,35.45149418934395,-118.01667699727324,test
8970,40.10080669885072,-116.54552652193854,test
8971,41.43384144731989,-114.58552787915511,test
8972,38.627514060601364,-117.8529908908864,test
8973,34.085585400673615,-120.81521605876821,train
8974,35.000345820306116,-117.00400903135764,test
8975,38.96941293319553,-116.14581589096551,test
8976,40.73268118047551,-120.16509990090887,test
8977,32.75497583791196,-120.70193402161836,test
8978,35.62035807077283,-122.86805497326945,train
8979,34.741907316387305,-117.4611646439373,test
8980,36.52691783550844,-119.85339848113695,test
8981,39.807484622696656,-123.06971154862524,test
8982,37.29156811396162,-118.65137572010474,test
8983,37.43821319338252,-114.23434978705272,test
8984,38.29747565557041,-123.91079112315336,test
8985,37.413430195494406,-119.12500556633954,test
8986,39.04783489102715,-114.79163803444654,test
8987,33.54364373814016,-114.55139685044563,test
8988,32.74592690172867,-120.91684551981747,val
8989,40.35970044128421,-122.67074102518079,test
8990,37.06525785005348,-120.10230641774554,test
8991,35.35654681623019,-121.15596614027716,test
8992,36.83226985752584,-119.4645398621081,test
8993,38.68636719014235,-118.29565108792855,test
8994,33.68252637834052,-116.51944267144236,test
8995,37.48860091622498,-117.90183730619337,test
8996,33.57840615279644,-115.24291958284887,test
8997,40.670121842433886,-116.85482731622614,test
8998,37.85577562183414,-119.09274495674413,test
8999,40.208840596999124,-123.21002482041429,test
9000,39.35792134813961,-116.15330908605064,test
9001,40.250470669649204,-117.07694887128018,test
9002,35.76691610776968,-120.97409549916814,test
9003,33.85071065715034,-122.04852056034923,train
9004,40.97349764910641,-117.65519987503102,test
9005,40.90753669100074,-123.57163303011839,test
9006,40.89459390639489,-116.32344271020804,test
9007,41.898403487712585,-122.10081878422102,test
9008,38.175706220566965,-118.32127050575052,test
9009,37.38334216476821,-121.3102759919242,test
9010,40.08072431525203,-119.51965447145525,test
9011,33.572973881867554,-116.18551024130781,test
9012,39.945455710362694,-121.48074134401585,test
9013,40.221778570850894,-124.09883498310333,test
9014,37.99600829576361,-123.64208271500085,test
9015,36.20360058642909,-123.67216238703867,test
9016,38.74447030600939,-119.7075055342806,test
9017,41.19521747314266,-123.58137363757527,test
9018,34.02592238135965,-120.1853803228268,test
9019,35.47614343218073,-117.24511182423971,test
9020,38.8883516715749,-115.36855416545778,test
9021,40.42056589558607,-122.15703843116943,test
9022,38.70509408171672,-115.40155391182,test
9023,38.12527853451131,-114.3559533141037,test
9024,33.34196915823277,-117.98895282189524,train
9025,36.63729600776352,-116.83925589959775,test
9026,40.95995439742506,-119.45988368551251,test
9027,35.954736982885464,-123.66831736294256,test
9028,36.13812298971595,-114.54301277454056,test
9029,35.916069383409344,-114.69430128249441,test
9030,35.96522864112576,-121.11218954006749,test
9031,36.36306564200982,-122.42190978674438,test
9032,39.853759184322236,-123.7648529855013,test
9033,36.83944430685712,-119.30748803549353,test
9034,38.27910100734251,-114.9056322845239,test
9035,36.71972030342857,-124.01789446851542,test
9036,40.805208971874265,-118.13494181153025,test
9037,34.22275509276702,-115.82535575221303,test
9038,33.69388541144802,-120.52526720246776,test
9039,36.391165902681436,-118.13051943987794,test
9040,41.756504311330964,-119.8642855599669,test
9041,39.157071612287695,-123.76573030902314,test
9042,38.36607551563907,-119.23900742379408,test
9043,36.22646833431702,-123.52181338482448,test
9044,35.32508914187787,-117.3779647723254,test
9045,41.58879425125828,-121.24289433468138,test
9046,36.57292851177734,-116.1661942930625,test
9047,39.26397440174922,-118.38765808364438,test
9048,40.204849225302155,-114.79983307977106,test
9049,38.75674206642465,-116.83387623481977,test
9050,34.732776847730264,-116.96676018734648,test
9051,35.25720560580056,-121.29944202081627,train
9052,32.747647956868555,-119.88383792426005,train
9053,41.71001496827967,-116.75318697078588,test
9054,40.43416390880843,-116.99609379678706,test
9055,36.35598927678218,-117.30249074423799,test
9056,40.98122515207628,-124.35802442812036,test
9057,33.98535312282528,-124.26141547696305,train
9058,32.92809749369668,-123.7444167616291,train
9059,33.81122745155763,-124.11437433035641,train
9060,40.89598120006273,-116.47192620522873,test
9061,34.049847500375414,-118.80151635863993,test
9062,33.175155826545726,-119.2345268496262,test
9063,34.28712893672647,-123.5574700390906,train
9064,36.460642104518946,-116.45363398663302,test
9065,37.23120334854391,-123.48277480166942,test
9066,34.76413524189807,-122.15310057799422,val
9067,40.160137534961805,-115.99704603753221,test
9068,41.619726736710234,-117.29952952209594,test
9069,35.28421841913873,-123.48515737696918,test
9070,41.34739962433062,-123.67815269118884,test
9071,40.27569746115297,-120.24901585250764,test
9072,40.92061200976768,-118.21901041849833,test
9073,33.095347329729044,-121.89589640604576,train
9074,40.42837707397868,-118.40685780424029,test
9075,38.07871060467386,-120.73455467734506,test
9076,32.89230877571471,-118.37121246864476,test
9077,39.667069242288285,-116.95997287578032,test
9078,34.819041888567675,-115.74699851000366,test
9079,40.078307008167386,-122.42082011705698,test
9080,38.458117149484394,-123.56240799952714,test
9081,37.19238187053255,-123.21950045785874,test
9082,32.75144170153441,-122.73493330123173,train
9083,40.955219710153784,-121.09590432811703,test
9084,33.92743465060519,-124.14476747492753,train
9085,40.3872102261822,-115.85652639848485,test
9086,39.04689905649323,-115.68624167356435,test
9087,33.188853736094096,-117.08736985871526,test
9088,37.66477699295319,-120.764667695412,test
9089,41.6378081641714,-117.15341957665686,test
9090,41.26899975106126,-118.51580578245924,test
9091,33.915445552054415,-117.61121766182544,test
9092,34.17004703370564,-123.5339188256277,train
9093,33.98491501013255,-115.42166997948311,test
9094,39.69097226774907,-120.84510876108634,test
9095,34.05233980501721,-121.66428726053425,train
9096,33.14158653767712,-120.41070463319699,test
9097,36.22644522079328,-121.89035684163689,test
9098,41.68644283731199,-114.19011443094705,test
9099,35.44922099122493,-117.77752662793613,test
9100,39.38851532544567,-115.19799887206187,test
9101,33.893311411814544,-114.63491916654583,test
9102,38.41225140152371,-118.44740942995907,test
9103,38.03364147487928,-116.186654472414,test
9104,41.0925199447135,-115.10646635337054,test
9105,39.31579665351574,-122.8934088255795,test
9106,33.673831943513754,-121.66497564106642,train
9107,36.36345532581114,-120.29935462844742,test
9108,32.53526878382139,-118.01849567147285,train
9109,34.812240359119144,-116.51885679219355,test
9110,41.72845812357641,-120.88300613766043,test
9111,36.845871594813104,-115.75187795733004,test
9112,40.74596023417561,-117.69353706630143,test
9113,32.754713911358564,-120.60445226446011,val
9114,40.86414774536608,-117.42184059422783,test
9115,40.95258069697465,-115.65552402231529,test
9116,38.718006805423386,-120.97634105543767,test
9117,33.6308960714679,-120.45021584024512,test
9118,40.825872267153606,-117.30719229888251,test
9119,41.051711111969524,-120.00853336095386,test
9120,34.43391221085806,-122.60824344440702,train
9121,41.43334993576347,-115.63354882649799,test
9122,40.87346312099426,-122.362076795388,test
9123,34.47017992243392,-121.90020584482029,train
9124,36.259482237405294,-115.49282277467547,test
9125,35.718348190873186,-117.82143424256975,test
9126,37.24820393341176,-119.99012040210698,test
9127,40.948832670914584,-120.50354553206967,test
9128,40.81006946494509,-122.55083295844946,test
9129,34.19362071795855,-123.73978396891852,train
9130,37.749227921743994,-115.06385967774882,test
9131,37.5873036975726,-123.97882894690271,test
9132,36.79527176092541,-123.80408922763233,test
9133,39.29830178128272,-116.68583247487233,test
9134,38.64733323872372,-115.22550033144378,test
9135,35.13526825067075,-117.12286285285859,test
9136,35.827183345693655,-121.94419141733042,test
9137,40.942847608903946,-121.64959681781842,test
9138,35.61505986624294,-114.52819389895484,test
9139,36.73548794968079,-117.2221493541875,test
9140,41.74333138906543,-115.90533514739643,test
9141,40.648449672736625,-119.83794921206764,test
9142,39.14917903203498,-116.43404554506519,test
9143,35.409095169901356,-114.32824580007518,test
9144,38.48426241479166,-120.76221559999614,test
9145,38.60993155876531,-121.13540874356588,test
9146,36.42749348156313,-123.99720937632799,test
9147,32.87204213450169,-116.84129770577866,test
9148,36.001024667392294,-121.95869314314386,test
9149,37.34202398554531,-121.8221752317322,test
9150,41.52784640112535,-117.92400577070231,test
9151,39.41938707256746,-116.82267891673831,test
9152,33.55206539783431,-120.23892046646598,train
9153,35.38446921563025,-114.70177479443734,test
9154,37.470346364062486,-122.7727520377751,test
9155,36.80206165928716,-119.00302159398697,test
9156,32.57851191042572,-118.07533152520678,train
9157,41.38539701996619,-118.07479864071097,test
9158,41.091256794904275,-117.66786174854323,test
9159,41.27786108205919,-117.9046634067093,test
9160,36.588414426865896,-116.27754638869573,test
9161,40.42206605061234,-116.04681364832925,test
9162,39.239847955115536,-114.36248213244458,test
9163,37.37622460734974,-114.75170965103086,test
9164,33.26044173285223,-119.07954732976742,test
9165,34.11955839562985,-117.16168056560659,test
9166,34.78606752385143,-120.2909604900036,test
9167,41.01427418180119,-117.73182203413367,test
9168,38.83103722450782,-124.36324795783973,test
9169,41.8393034975942,-120.65011935531231,test
9170,37.89411086064853,-115.01114240601649,test
9171,33.33215359385965,-117.48071420354304,test
9172,37.054417235584914,-124.2618455355999,test
9173,33.58859877070553,-119.05109948373641,test
9174,41.06591021197778,-120.66769100315365,test
9175,35.16677305804753,-116.10152522142243,test
9176,34.39814585467674,-123.2559538343267,train
9177,37.37515129933129,-118.21211018631696,test
9178,40.17311223282618,-117.09855637738468,test
9179,37.3629958548346,-118.30086018118128,test
9180,32.89191115161715,-121.61057443434335,train
9181,39.56578882719633,-116.26220728844459,test
9182,32.85265555150758,-116.2580420157386,test
9183,38.253463336184154,-120.71881542715109,test
9184,38.37235996968259,-121.69061777058126,test
9185,34.50467865742959,-117.59524178532406,train
9186,36.759068431498505,-120.64778160880013,test
9187,32.588637184728434,-120.87944861157851,train
9188,35.216443483406856,-119.79474194327584,test
9189,38.395256164306375,-119.71708627692539,test
9190,35.22108396597491,-115.88659344914214,test
9191,32.98106535900154,-114.61643560430456,test
9192,38.91528102854407,-117.08419748974454,test
9193,39.560482436168954,-123.53030316868956,test
9194,40.702480035605056,-120.95743669377016,test
9195,40.82142026077932,-122.48508308920627,test
9196,37.230120287475174,-117.60173735663562,test
9197,36.387690517649624,-118.2731687069834,test
9198,38.07814330686206,-114.31089796294675,test
9199,40.03657628224437,-119.82425011006856,test
9200,37.03139571488231,-123.35272181614053,test
9201,41.95422945761903,-118.2705637808989,test
9202,38.567272855168,-120.65680733103294,test
9203,35.44776915547935,-122.60498563041024,train
9204,40.04642530388922,-120.61510707177403,test
9205,33.95775683290086,-121.98432637359194,train
9206,41.3919043433477,-122.4067388806014,test
9207,35.75313275305801,-119.4536687090124,test
9208,39.0174013607002,-116.08878913785105,test
9209,38.45166854949664,-115.30879721279099,test
9210,33.43791814157154,-121.75614476929498,train
9211,39.36373863623811,-119.81691405915498,test
9212,35.48292285416819,-115.74978861601186,test
9213,36.13978302208624,-114.24673650686874,test
9214,33.44408665597085,-115.67720025398349,test
9215,40.20149869509742,-119.34648931428977,test
9216,40.676776763892114,-115.46889843577625,test
9217,33.8015115153337,-117.15467276886322,test
9218,40.225438388414844,-123.26965586831112,test
9219,41.03405625831346,-123.57250084121203,test
9220,33.451376726960994,-114.78711663129012,test
9221,41.97564231371651,-114.90899933062029,test
9222,32.57309173750778,-119.71425032594223,val
9223,40.50758184732199,-117.61658632022353,test
9224,37.81701297962781,-121.29759474283652,test
9225,41.59547564514073,-117.20857963385953,test
9226,35.731806225702044,-119.83983954240053,test
9227,35.94723016770992,-120.8471439536978,test
9228,40.48837828933201,-119.89736904762137,test
9229,39.26019640854626,-119.74323721408005,test
9230,38.21690941820881,-114.7201484497018,test
9231,38.632322215742654,-115.31585185094347,test
9232,38.99458298096157,-122.43538559424651,test
9233,32.98306038789483,-121.56899562756871,train
9234,33.64540843962157,-121.3534456126489,train
9235,34.24650208022681,-124.3207083963668,train
9236,34.204172266323674,-118.97126385648248,test
9237,40.5123262788751,-119.4634493775221,test
9238,36.26600793840492,-123.15534581317316,test
9239,37.16484592618003,-114.23065089939828,test
9240,33.37658677099146,-116.59114895552318,test
9241,40.77451640080295,-122.55237551973927,test
9242,32.62719567651268,-117.16803349241869,test
9243,33.318814096435624,-120.92806767814056,train
9244,40.2206757567772,-117.9153414035733,test
9245,33.76675410360229,-119.58923882159753,test
9246,40.043097787146905,-123.00837532463864,test
9247,35.848454333433445,-119.69650606495341,test
9248,39.87964711641527,-114.52500535201882,test
9249,33.00686509308684,-116.72677410274089,test
9250,35.76175131581723,-117.97993714713841,test
9251,37.08766370811329,-115.7432379372088,test
9252,38.45542171827956,-115.89588508330627,test
9253,40.44900400648279,-115.282617600023,test
9254,34.84511830437757,-123.31765544073787,train
9255,38.76967353638648,-123.1053644970743,test
9256,33.96726603317176,-116.2033993162332,test
9257,40.06024068487822,-114.17802204643093,test
9258,41.367604814037534,-118.64017803438277,test
9259,32.97773652557004,-114.49841703067275,test
9260,33.28625598350673,-117.60638255712993,train
9261,39.988011556535255,-123.56036132519733,test
9262,40.86577840961461,-114.89033190843732,test
9263,38.66862218417348,-115.78771943396396,test
9264,36.897442273564906,-118.91540698248924,test
9265,39.81306410609719,-116.77032245015559,test
9266,35.36824719011699,-120.8154794775963,test
9267,41.9219125543591,-118.09130528741042,test
9268,40.56049709223099,-120.17950201921748,test
9269,40.93114965526922,-119.00525651434494,test
9270,40.62573934423452,-117.87713846653837,test
9271,41.364430892847714,-123.88460591902259,test
9272,33.14076472144007,-123.44999838027444,train
9273,41.13470492118125,-123.59032754057408,test
9274,34.88426818219734,-118.30627721570657,test
9275,35.93136784027324,-120.18292131472926,test
9276,36.0393008386116,-119.28437781306249,test
9277,34.73114864986654,-119.28209833202116,test
9278,36.681892777862586,-124.02274778285492,test
9279,37.317274081482275,-116.23263303481251,test
9280,33.937849457394584,-117.21590671241457,test
9281,35.93464336882394,-117.34774037927728,test
9282,35.826946971809924,-124.08687301805608,test
9283,38.91912857832472,-117.720786375087,test
9284,38.030022726993664,-119.28028032935308,test
9285,39.31155399821505,-116.59854757474776,test
9286,39.953945160372086,-123.44125490851368,test
9287,38.846547783540146,-116.74143437753936,test
9288,34.81458377397684,-114.52499484001524,test
9289,37.28507239547974,-115.66632984069994,test
9290,36.94846420186662,-115.22110152787198,test
9291,33.23125533842735,-123.65849271525607,train
9292,41.00074079784179,-118.97937592092593,test
9293,33.395892827310924,-121.89691003106779,train
9294,41.77691131561281,-118.82183392583661,test
9295,32.83063326161129,-117.15511147371653,test
9296,39.440058707133176,-116.7402421815734,test
9297,35.253330539183494,-114.21664556710421,test
9298,41.09766844559719,-114.56687086998774,test
9299,40.333582266172016,-121.89184535266699,test
9300,32.76685325124653,-115.00000633442178,test
9301,32.73787286830604,-115.32581235671658,test
9302,38.242219077206535,-116.98137283133973,test
9303,33.94663232099655,-121.78354987088184,train
9304,32.66408227178246,-122.4991417488163,train
9305,41.69470669555871,-119.94888816870368,test
9306,38.52320813859517,-124.0373146190025,test
9307,32.63258541355419,-121.51282085371597,train
9308,37.17522230449272,-123.68340409183612,test
9309,34.02187377337049,-119.03232730732012,test
9310,40.15507472734738,-118.08339787593303,test
9311,32.80161950452369,-123.29244165249433,train
9312,36.04257469176932,-115.42975470334866,test
9313,34.78412821429929,-123.44199600164748,train
9314,41.81886766165742,-120.35507275422819,test
9315,33.269716975040474,-119.27487935507014,test
9316,39.34735007821259,-118.4383227995121,test
9317,37.05692420019649,-121.15002319904163,test
9318,40.26215916265927,-117.08810408424544,test
9319,34.55889595856449,-120.92058036622728,val
9320,40.629644766966656,-121.83476271865894,test
9321,41.52997783958462,-119.76775074686239,test
9322,34.548128262502196,-123.27051094628504,val
9323,34.82879355579277,-114.4789092247611,test
9324,41.655931945431405,-118.76849377449265,test
9325,36.64118619663945,-122.95480574082764,test
9326,40.43975224305284,-116.23253790730884,test
9327,40.507807609122594,-117.01288754267462,test
9328,35.47377372322462,-120.00147720552886,test
9329,34.22309459196836,-114.29803540989249,test
9330,36.001041605214205,-119.2786590214345,test
9331,38.13531980994482,-122.24653174720754,test
9332,37.23740203019398,-116.28215579295544,test
9333,39.50746677063998,-114.86466631662667,test
9334,37.727221223395375,-121.73493353369659,test
9335,40.158225185480326,-124.3707074747596,test
9336,33.51429155688437,-118.158322451076,train
9337,36.68822465864135,-116.88503779565909,test
9338,32.68211430230396,-121.75058692884134,train
9339,33.67404333292714,-114.50470606975468,test
9340,35.66937400629179,-122.71165991169923,train
9341,41.067328277354015,-116.18007459439961,test
9342,36.13007041157038,-115.40524245806068,test
9343,35.11973041953356,-122.67818310236062,train
9344,38.88236794013602,-119.27114504281478,test
9345,39.191870437781056,-124.15083733656786,test
9346,37.088182034808874,-117.82212311082377,test
9347,35.26227255319043,-118.80579852684431,val
9348,35.38814506761631,-116.41601693401066,test
9349,34.287121424470165,-119.27182734781371,val
9350,35.963721141777356,-120.79145325883846,test
9351,34.123360617635775,-123.03091398786815,train
9352,38.61847860304989,-123.91343100553118,test
9353,41.00271204594977,-118.98774180325242,test
9354,34.93777648566953,-114.96630530447914,test
9355,34.82377752889298,-116.5424902132543,test
9356,41.03550584451293,-120.38692582948008,test
9357,37.909273843283586,-114.29778605470452,test
9358,39.44097147703281,-122.54295921425012,test
9359,40.9501028886497,-114.15444546970038,test
9360,38.82729245531272,-122.06730012141234,test
9361,39.56108537190676,-122.70566621733394,test
9362,36.19438781922141,-115.59059397724107,test
9363,41.414453392587475,-119.6061202296083,test
9364,39.19593263939929,-115.24494813629262,test
9365,33.20894790094011,-116.72770505790288,test
9366,38.16670101145539,-122.82411335260701,test
9367,33.426399088982976,-123.18296068414867,train
9368,37.47446736669801,-119.83383670869813,test
9369,33.36797610055626,-118.65047271549572,train
9370,38.46997306426089,-120.07666237163365,test
9371,36.85178438492157,-122.254395889233,test
9372,37.76765950552547,-122.19726149680523,test
9373,38.675561782604696,-119.18283803700189,test
9374,34.90079619874701,-124.29257359797282,val
9375,35.555864763793856,-119.91444431005424,test
9376,37.09518417075839,-124.09744954337691,test
9377,37.892969552571024,-115.43797899520041,test
9378,41.276929735746485,-118.04664944524926,test
9379,35.86252212492444,-122.78845789964794,test
9380,38.13368599852619,-116.51607678384603,test
9381,41.26650295064289,-119.36112557305563,test
9382,39.32781878594274,-119.1746143939922,test
9383,35.63939728234012,-121.79932772079982,train
9384,36.45726721779692,-120.3803712079375,test
9385,40.85208568195056,-115.38623301830698,test
9386,36.67489187804479,-122.92236349164251,test
9387,34.916854207047294,-118.00957981433999,test
9388,37.48347853393052,-122.203768012747,test
9389,34.291402925458016,-119.8540669438876,test
9390,38.041968214292446,-118.94455102356335,test
9391,41.91952092783843,-123.18434787498539,test
9392,41.70908014033655,-123.6305583710189,test
9393,38.34268089278318,-119.44934915897687,test
9394,40.923066668233865,-120.21966709973867,test
9395,40.24949699260538,-114.94453769977375,test
9396,41.532835372463595,-117.24365923255368,test
9397,40.79822078064883,-115.19386255667459,test
9398,41.051412643877256,-114.86918024371226,test
9399,34.70381434277455,-124.24343439585151,train
9400,34.026437361288316,-115.36863161620812,test
9401,32.946413101287824,-114.55811286443137,test
9402,38.77362691707312,-119.77325101113685,test
9403,41.37029972120429,-117.88296756756736,test
9404,41.94175935154543,-120.87297379183721,test
9405,40.60168397355756,-123.42284039151878,test
9406,40.39966920710521,-121.73254462694328,test
9407,37.44382006739012,-123.60958979188757,test
9408,36.81004356033993,-119.42118657500242,test
9409,38.59379717786608,-117.7015183258747,test
9410,32.74503982944896,-124.386118553199,train
9411,40.05224433821719,-122.08041627971647,test
9412,38.75637038417756,-123.67944651676424,test
9413,34.14036432402272,-114.48319341589085,test
9414,38.55004923744962,-116.15992293403966,test
9415,38.206975705824675,-124.12050324039396,test
9416,39.99235951004145,-116.04778514213737,test
9417,40.46091193027187,-115.91092540363746,test
9418,34.92988229138983,-116.1379780838306,test
9419,40.24310283143252,-115.38349725874797,test
9420,34.25444748749655,-119.61052828256332,train
9421,36.2631950009004,-121.97164750610507,test
9422,37.195364135664875,-115.46568126776083,test
9423,40.15269911525577,-115.83479104874496,test
9424,41.06323522275892,-121.60774641824699,test
9425,32.69304151622893,-118.45278426243603,train
9426,39.511705415431145,-118.69796362647939,test
9427,40.840125044778674,-119.41358152810403,test
9428,41.56727143575843,-118.16520568458523,test
9429,35.06691064233238,-123.57427269429868,train
9430,34.167934864645495,-119.75262242018543,test
9431,37.25500781422148,-121.55452051371739,test
9432,41.0625013343261,-124.41553785456864,test
9433,35.51886045717409,-119.08730767424201,test
9434,37.31292486877015,-120.67990422072226,test
9435,41.957905572215815,-119.99393693272867,test
9436,36.84862571430489,-123.29197498214327,test
9437,38.47953317070085,-119.22705231315199,test
9438,41.95829132610732,-121.65500196339633,test
9439,36.00793853021943,-124.43399881510642,test
9440,35.114647030800754,-116.3980865877636,test
9441,35.207543522194186,-117.96698349482425,test
9442,38.37311581566123,-118.99718601037956,test
9443,34.070805111240226,-118.02659269026199,test
9444,34.08800518606461,-121.10299760987058,train
9445,34.99346269675311,-123.17149158932997,test
9446,37.65265813719077,-120.76008243011012,test
9447,40.524344956537924,-116.30666242032163,test
9448,37.542193945361575,-118.16877721808613,test
9449,39.94161455833291,-116.28228725999973,test
9450,41.59806572078208,-115.13747761723478,test
9451,39.53781435339347,-121.86603245400244,test
9452,38.61720744061832,-115.01224780762816,test
9453,32.60760103237741,-117.60860398657367,test
9454,36.77645562195488,-118.65837680551398,test
9455,35.06842863963642,-119.2519098484723,test
9456,37.38264390254049,-119.60749464349715,test
9457,41.536769900674194,-123.67811233117108,test
9458,35.564637294169934,-123.87665717805153,train
9459,34.052606259805614,-121.02764499224728,train
9460,40.351236962578064,-122.34134683591708,test
9461,41.91082087611727,-123.54703497818167,test
9462,39.91727257697734,-124.18805176715188,test
9463,33.84057217444853,-114.35282074720564,test
9464,37.74508025085922,-122.25331112107828,test
9465,36.36715168308921,-114.2878472605616,test
9466,38.528608065735426,-118.82618771423301,test
9467,38.86175609297204,-122.46220681204547,test
9468,40.173144278691666,-122.94194554657739,test
9469,34.80361931548771,-122.3697049462848,val
9470,41.66550569382165,-120.68944986150412,test
9471,34.563105958708476,-122.32653738509421,val
9472,33.705208170251325,-115.90309862062121,test
9473,40.379410679046984,-120.65589952468542,test
9474,36.916969701095105,-119.00719476330414,test
9475,37.17248066352938,-119.2723096474496,test
9476,35.548424840893965,-117.6401716386911,test
9477,32.969533306678684,-114.1567909439194,test
9478,34.36340226828722,-119.86686641825577,val
9479,39.74267694189277,-121.11347741969611,test
9480,34.655127762618285,-114.39727136116522,test
9481,41.93054623464948,-114.15451044972237,test
9482,39.97556751243116,-116.38858345818012,test
9483,40.5661486983246,-116.21602339678661,test
9484,40.799968135146436,-120.24048789558552,test
9485,39.33802534229335,-118.88391751244333,test
9486,36.944751151874236,-120.8128286182263,test
9487,41.21410675743839,-118.05963377719249,test
9488,36.56920856062152,-115.92662487665162,test
9489,33.43740667806,-120.58337944122083,test
9490,38.17831423613243,-118.92215695814345,test
9491,33.529698526014954,-116.45005982471237,test
9492,38.73652813972223,-122.28662472887852,test
9493,41.976578394942976,-118.14711477886931,test
9494,38.924219597527326,-116.44193539050949,test
9495,34.52392839350128,-123.90235561299244,val
9496,33.83552958089999,-121.82423857926265,train
9497,35.90497722001473,-124.17959401942308,test
9498,33.91039612289181,-124.37388300677551,train
9499,37.92499558143117,-119.51576717780037,test
9500,39.94594226132274,-117.21604594366734,test
9501,38.76257014270392,-120.49086383925119,test
9502,38.374870179774504,-118.03658768508356,test
9503,36.65519339341918,-122.46577245483715,test
9504,34.16574567965606,-115.8164621196599,test
9505,38.56977331268292,-120.70169022879529,test
9506,36.50122334626962,-117.14869082991981,test
9507,35.422720187674244,-123.10029711031977,train
9508,38.77344099644786,-116.00530590161131,test
9509,36.1147363696727,-119.09880048707697,test
9510,34.124088463199946,-114.43653592124254,test
9511,37.10887353323329,-120.26062648517585,test
9512,35.26856056258069,-115.43937444583175,test
9513,39.476138252710946,-120.19125438989218,test
9514,32.975725834995565,-123.32763006791161,train
9515,40.60643219777924,-117.35048929975541,test
9516,36.898949128540075,-122.55362017488821,test
9517,32.680988072902075,-116.1935229364766,test
9518,33.79294255437492,-120.98754975891467,train
9519,41.48332141394052,-116.6412624362373,test
9520,37.61545314013135,-119.47635055317679,test
9521,39.80812432746369,-118.90347837191713,test
9522,40.88990021592908,-116.86594716319779,test
9523,35.56329185491929,-117.58327500339419,test
9524,37.70930418425819,-117.59194089879603,test
9525,38.68856791900823,-117.64627569397318,test
9526,40.499810883723136,-118.40586650839637,test
9527,36.508246488881156,-116.11799744473613,test
9528,41.5430988219171,-121.34679288222331,test
9529,38.27943286915493,-122.56807547897257,test
9530,40.80557077261983,-116.86049986403113,test
9531,33.31940057886921,-118.87436587165357,test
9532,36.91785192992051,-115.15469413040758,test
9533,34.226734828586636,-114.48996950905482,test
9534,41.165533229176916,-115.49984839852026,test
9535,34.75532991427678,-118.79466726708807,val
9536,39.28192186627576,-116.66497129751608,test
9537,33.12537307079717,-120.99302577056703,test
9538,34.431998749223496,-124.28780946501303,train
9539,35.559002990439566,-116.39335631974552,test
9540,39.93434036726125,-116.38275658788534,test
9541,34.908549360042414,-124.35712331739175,train
9542,40.2658952013143,-115.53631281907734,test
9543,39.99814393573983,-115.35236840071222,test
9544,41.92616568331573,-121.13414559138081,test
9545,38.942520436727364,-124.262191227413,test
9546,38.566534314074595,-115.4082292443432,test
9547,38.22654515251918,-123.7129588069588,test
9548,33.56809323872824,-122.04597260563463,train
9549,37.390213671484716,-118.8460575650362,test
9550,40.59354293168538,-116.0215287023574,test
9551,32.72751390049433,-116.37946146178473,val
9552,33.72942397724804,-117.41707166199816,test
9553,38.21720151668379,-115.8963589058863,test
9554,40.55124013543529,-117.37320224326331,test
9555,35.440431785034235,-117.86542739152034,val
9556,40.78289894737972,-122.71103330350347,test
9557,35.72637711305114,-119.90440739567983,test
9558,36.93789083564603,-119.78624866014003,test
9559,41.55520041776635,-124.24928177348423,test
9560,36.484597067005815,-120.2590988062842,test
9561,38.207087494692104,-122.09871414768666,test
9562,41.38886022034494,-123.51552539083096,test
9563,35.03369918879931,-118.80743107690161,test
9564,33.40063325773169,-121.99640901642614,train
9565,41.60254288629715,-122.47720001976349,test
9566,37.83158633967964,-116.3281424955058,test
9567,41.67650989148112,-116.08793891011186,test
9568,40.73807158022753,-117.62656516395006,test
9569,38.16111300998356,-122.4845147538106,test
9570,36.99359618116419,-117.91693018688191,test
9571,37.077969655601294,-117.08564585427736,test
9572,34.10217621258844,-122.03457516953024,train
9573,36.82523230839876,-123.06935241140322,test
9574,40.31180155741275,-119.97033254551316,test
9575,41.893824399915594,-120.06539575336434,test
9576,41.624439345050234,-122.85944591048377,test
9577,41.641831252018406,-122.4634189601052,test
9578,32.710033109400044,-119.28894661501506,test
9579,37.41436138380253,-119.00227207960948,test
9580,34.42524166472955,-118.89467774757992,val
9581,38.35674162463195,-114.31523381173467,test
9582,41.48707552302415,-124.03164164808268,test
9583,40.831885542653744,-116.33334513935843,test
9584,40.736536055079725,-120.81285947757999,test
9585,35.993353321468156,-116.67752460651911,test
9586,37.27609224931213,-116.85761232124861,test
9587,35.2000126092679,-118.04939435155642,val
9588,37.77500051352621,-117.93280044636359,test
9589,35.403083021624774,-117.59831949514101,test
9590,40.188685264133426,-116.73222517709605,test
9591,36.92805099871813,-123.08299759601411,test
9592,39.1627765349988,-120.71975147066426,test
9593,40.79415844728415,-115.75889100528788,test
9594,35.36862389207609,-118.79131422041215,test
9595,38.42120662416364,-123.0281927766828,test
9596,40.53985092854224,-114.5254016938413,test
9597,41.53343770585689,-114.25540590253698,test
9598,34.07424094876872,-119.15429794122656,train
9599,38.98304951959165,-118.94276913805164,test
9600,36.65152213328334,-121.42923247059599,test
9601,35.23390372483202,-119.11837156840122,test
9602,34.023698442202466,-114.4518287225575,test
9603,38.073554609373595,-121.81539562676421,test
9604,35.69381169645816,-121.2994001354308,test
9605,38.85542672097935,-115.18676435828255,test
9606,35.19103990947208,-120.47688459316348,test
9607,32.53560167708318,-114.41324351497752,val
9608,39.79564710842418,-120.83574157697159,test
9609,34.05776839420243,-124.39224073808403,train
9610,34.92120682016383,-114.60708695887557,test
9611,34.75880433830323,-121.99664997409378,train
9612,35.77102242118823,-117.28361782959021,test
9613,37.126187993342754,-123.9514757257817,test
9614,40.22392236238269,-116.72551245016456,test
9615,38.68758313935001,-122.17108860269974,test
9616,33.912603870303215,-116.18940898300018,test
9617,34.26941219370348,-114.47435407341652,test
9618,40.5516832883945,-123.97371554436143,test
9619,34.89613118868386,-120.64600172745678,train
9620,34.600929072403375,-117.06032352323096,test
9621,32.56380904561991,-114.16675250742061,val
9622,39.86049715415447,-120.69700895721306,test
9623,39.52313878530363,-114.18175828882627,test
9624,35.821905993095186,-115.1694022517248,test
9625,32.599271622841734,-117.0238949856986,test
9626,39.96939845003596,-120.50264374351744,test
9627,33.47098856046091,-118.90440584584408,test
9628,36.890631350495376,-117.01322480721942,test
9629,40.48619793286896,-117.37013550871438,test
9630,34.84335163597566,-121.46659569019998,val
9631,36.12546256203725,-118.69508682273366,test
9632,38.78830874677557,-115.8308946191797,test
9633,38.90485128039606,-119.54197059949388,test
9634,36.91182938923056,-118.60203680948622,test
9635,36.637637212753496,-121.06311770927674,test
9636,36.50275217984002,-122.7893415824309,test
9637,37.13272971818641,-123.75975003938201,test
9638,35.81272831592339,-120.25356694909411,test
9639,34.95824485285116,-117.92645306236423,test
9640,35.52300659814682,-116.60425449471781,test
9641,37.0544561674471,-123.57339973261763,test
9642,36.14887408550472,-121.15639098647989,test
9643,38.075044974031286,-116.11049624212481,test
9644,38.506907160291256,-123.28264732073949,test
9645,41.963480966477704,-114.19927765610913,test
9646,38.35565485297948,-117.9169800053753,test
9647,39.486976207512605,-114.7484185613276,test
9648,33.458361048081656,-116.91080058832785,test
9649,39.7314502384111,-114.50242042792799,test
9650,37.349316001863016,-117.58041866899899,test
9651,40.73630509549139,-121.67613144126537,test
9652,41.724505953184156,-116.18919847596474,test
9653,34.711562323450686,-122.1092206531276,train
9654,41.32455330984811,-118.61479045002858,test
9655,38.890439104465365,-120.5939466174353,test
9656,39.529406283780496,-116.20119191705032,test
9657,37.00325929988735,-116.60965994268916,test
9658,35.889895221936264,-115.53324974688874,test
9659,40.10632223551619,-121.89397354396397,test
9660,32.738072882110835,-114.15519409822855,val
9661,37.64944154609293,-116.13662770674446,test
9662,33.22916796337112,-120.45309009442249,val
9663,34.941391866157446,-123.12378680379553,train
9664,39.397635647515656,-120.83742269858018,test
9665,39.677374655297974,-123.3452589269923,test
9666,40.94924037107282,-118.09551278615196,test
9667,39.30519061029376,-123.27577010331756,test
9668,38.91984439362161,-120.00141478665469,test
9669,41.4802608063109,-117.55737955332948,test
9670,37.6192689378634,-119.76884146573008,test
9671,38.72225921554009,-115.35018197804588,test
9672,40.7505552290385,-121.95536672414418,test
9673,39.7621930343523,-119.03867340987921,test
9674,39.821194948753615,-115.02510628662112,test
9675,37.613077396377214,-120.79850994711961,test
9676,37.528690321216324,-119.5663651541179,test
9677,38.6732523600424,-114.82237085490029,test
9678,39.16417431706264,-119.29207663448697,test
9679,37.70158443452254,-115.5296746751634,test
9680,34.2863719427764,-114.74385386877135,test
9681,34.882458206542175,-121.79958505523496,train
9682,37.19942130971757,-116.33798166302492,test
9683,34.4624942567199,-117.69978623376421,val
9684,36.54042549960934,-114.26692531659133,test
9685,33.92342547069682,-118.40276456795695,train
9686,33.9148211417639,-116.26646803697632,test
9687,40.51524768842504,-120.87590498639459,test
9688,37.66510745512631,-118.18810384903836,test
9689,39.92071838247106,-116.41283665512033,test
9690,32.63927787831356,-114.4711234617547,test
9691,35.23492525588527,-121.84352031100498,train
9692,32.697435643736206,-123.62659480800349,train
9693,32.562028917471935,-114.37429842951852,test
9694,32.83319534993135,-118.22676451243,test
9695,37.46883472124217,-124.26214364660176,test
9696,33.39008486386674,-119.07890790996468,test
9697,40.09060167733128,-114.78939368673633,test
9698,37.418296827081434,-114.29058146433147,test
9699,34.85349349098005,-121.08191789449967,val
9700,40.472083153604586,-116.37851720455443,test
9701,37.35626868095508,-119.71081787422459,test
9702,35.8520668924001,-120.33651905412097,test
9703,37.90849262562621,-116.6230256279391,test
9704,38.8996047027471,-121.65663415002165,test
9705,37.82187102475601,-120.04405018407444,test
9706,41.36347665243867,-121.89825710980759,test
9707,35.88213121817627,-122.96940615993314,test
9708,36.41222091738875,-120.52942840232522,test
9709,40.663351661164334,-114.55035530932243,test
9710,38.567007080666244,-120.1213346422396,test
9711,41.68054611604879,-117.39595415268975,test
9712,40.03179931145144,-121.50089926588556,test
9713,37.38743080004148,-115.5181688101694,test
9714,38.54078245915028,-117.99727740204821,test
9715,36.3756193552794,-114.64081910061996,test
9716,33.73880401420167,-121.07943389058032,train
9717,36.38533682707362,-118.8928738742479,test
9718,35.19567034016109,-122.47031924813545,test
9719,38.95141628504558,-123.03903353317551,test
9720,38.86729768044435,-118.40494217638819,test
9721,41.40687395182646,-116.15677334856802,test
9722,33.28246196137266,-122.38011875247786,train
9723,36.9578732731395,-117.19293098180735,test
9724,36.30511307504284,-117.5162690004404,test
9725,37.52484148688442,-119.46492155048826,test
9726,33.66226236452358,-116.53313984672678,test
9727,37.183809334375354,-118.31682454286167,test
9728,38.75189420500557,-114.68158613041254,test
9729,35.50155629695005,-116.56619531239767,test
9730,38.68968726776408,-115.29922326463105,test
9731,35.04591087062832,-120.71429460175493,val
9732,36.02732220932974,-116.07859844290661,test
9733,41.12202020401073,-114.21223061228125,test
9734,32.76730295950145,-122.75467752903286,train
9735,35.113637919179695,-119.16973991857972,val
9736,41.391321603959156,-115.54931601437792,test
9737,33.92249549096759,-120.35078215739625,test
9738,36.29345199925198,-119.20011597787379,test
9739,36.83028597124019,-116.73196192927134,test
9740,38.71057028439366,-115.93736918898074,test
9741,38.32349306094965,-122.38284071744697,test
9742,38.465439395361145,-120.40765605402581,test
9743,41.43568981549734,-120.37265132419972,test
9744,36.24967337040932,-122.86438196282538,test
9745,37.168527534157384,-123.5002264315141,test
9746,41.65883533220786,-116.76220267065344,test
9747,33.743604173164705,-115.65595811828503,test
9748,41.50956502548447,-114.62571871474097,test
9749,41.51021550072229,-114.58059862041236,test
9750,41.55940783860238,-114.18480627107068,test
9751,33.164765318107975,-123.58434058600689,train
9752,37.999553159233905,-120.34901895736365,test
9753,40.46748740973287,-123.59297076769708,test
9754,35.500753364713745,-117.45095433694894,test
9755,38.12261767875279,-114.41464299098618,test
9756,34.95853601856718,-124.06179158694503,train
9757,33.75743935140684,-119.01354092131953,test
9758,40.60086787001086,-118.94205505779955,test
9759,41.82215696643937,-122.75663560881522,test
9760,33.190498509197205,-115.84693869482146,test
9761,33.678908857733745,-120.37040800850883,train
9762,38.10410737964739,-120.1050101881006,test
9763,33.34736776486308,-114.52220966643729,test
9764,38.50713597480246,-121.88947414164163,test
9765,39.34352999336041,-120.46582472601567,test
9766,36.456540756743486,-116.49974987910527,test
9767,39.69162278924051,-119.49138008316046,test
9768,33.60606683008955,-118.21873993214415,train
9769,35.38270882887989,-119.51374655125379,test
9770,40.17834036029315,-121.51891386231733,test
9771,33.36665496526302,-122.76228301390424,train
9772,35.22975971625575,-115.67511687600582,test
9773,38.4124117744299,-121.60255723616324,test
9774,34.872801987895436,-114.15714230916635,test
9775,37.08389643358774,-124.33623702097343,test
9776,40.45820380448781,-115.34712350435733,test
9777,35.08374063522868,-114.67263280668334,test
9778,36.65750751502249,-123.83475201495035,test
9779,32.70284986080039,-117.96971884336473,test
9780,39.23825894881095,-116.37057833148278,test
9781,35.892410703780016,-118.09560307074612,test
9782,40.67470760864712,-115.36597453738553,test
9783,33.36867788685811,-123.07412843239194,train
9784,39.93772142798885,-114.65831595183016,test
9785,40.23663804080239,-118.76425896942511,test
9786,39.87937228139369,-120.88951415183206,test
9787,39.484573563313575,-119.02534753453244,test
9788,34.78186466348735,-120.94166168520256,val
9789,36.476456678429116,-119.74438172671344,test
9790,36.18496873894426,-122.82688225532411,test
9791,34.81263063903231,-115.73168536365097,test
9792,37.18630852483721,-120.42302511847976,test
9793,39.13563785063506,-119.62511059764557,test
9794,37.063542568720955,-115.06227228889703,test
9795,41.758177772877424,-115.08880910757465,test
9796,39.2419424442454,-116.31487320486798,test
9797,36.72236050254032,-124.13053976911199,test
9798,36.35547789535305,-115.09525650728095,test
9799,38.05675473376041,-122.4941336893252,test
9800,36.6188051128114,-119.92121019100267,test
9801,34.63175569965248,-115.13016419138458,test
9802,37.46430533013043,-123.46009827591139,test
9803,38.90060731001723,-123.06770764607327,test
9804,35.924473632920396,-118.50084534205665,test
9805,35.21307563941709,-119.61785624576305,test
9806,34.588707938318535,-120.42243294346608,test
9807,35.96592241346934,-116.09236725638318,test
9808,34.84416075651373,-115.21585235517014,test
9809,39.756544907464345,-114.21837256396296,test
9810,38.57862384677498,-123.17226943742452,test
9811,35.24724823083495,-117.46790427279814,test
9812,41.92264219181491,-115.45645573698197,test
9813,38.644515114807355,-121.9602623763431,test
9814,33.87921866578344,-119.49083210236692,train
9815,40.38382418050844,-124.36609807512802,test
9816,39.66755883804117,-123.05214381941165,test
9817,37.265271273506954,-123.1454323216627,test
9818,34.7408995757357,-117.14502801966674,test
9819,40.20899812105779,-118.02461050334817,test
9820,33.709187518487525,-124.04103143693509,train
9821,36.48879392916408,-118.29838919584049,test
9822,40.27004497036949,-123.73744780648136,test
9823,40.11964434871072,-122.3553180509631,test
9824,38.4950794833984,-115.14695052664338,test
9825,32.60331913117865,-119.82871263894519,test
9826,35.6846682738754,-116.38431974317255,test
9827,40.609784296076015,-121.19944669541617,test
9828,39.36133452227461,-123.29791617301464,test
9829,40.20633758351365,-115.28274389934325,test
9830,33.126432448091364,-122.75094288339126,train
9831,41.43908665047077,-120.83519570412608,test
9832,34.69910245153078,-117.21027234610379,test
9833,35.67681479887188,-118.33850418085296,test
9834,40.49032123427209,-114.87242257196446,test
9835,36.37689547552183,-114.25711672357514,test
9836,38.61993634971853,-122.92823525393732,test
9837,37.76088304003446,-122.10388989128627,test
9838,40.731742593445134,-117.85022911716254,test
9839,34.00848988277208,-122.92719651628705,train
9840,33.456082416547915,-118.84972020342555,train
9841,38.518389997803524,-120.59613156807606,test
9842,40.52875695954481,-115.28337997253539,test
9843,41.271772366860134,-114.9744425332673,test
9844,36.31729582823605,-121.77146172254554,test
9845,39.48909201323414,-123.45366178171344,test
9846,36.23074815754061,-114.2219672624019,test
9847,35.54974944243035,-122.89457806008132,train
9848,32.7592900240036,-122.6518871276265,train
9849,34.89854677232474,-121.84009349311953,val
9850,34.141531357456955,-120.92579440301927,train
9851,35.073761496723264,-122.9163969537001,test
9852,35.2642458932119,-121.11779796315591,train
9853,40.66387268978589,-124.21293222638423,test
9854,34.45597175630293,-116.18185807577166,test
9855,40.28875911122749,-121.72277804963318,test
9856,40.66797237273856,-116.00864411181458,test
9857,36.92196108924085,-117.77023662497952,test
9858,39.39116241424796,-119.48556974237746,test
9859,35.54721422086946,-114.4156608070838,test
9860,32.698290723709434,-120.45343014440782,test
9861,39.25039992151821,-122.60081774052705,test
9862,38.272729311612785,-118.48660085439649,test
9863,36.89911362898823,-122.99505629608586,test
9864,41.04059457366391,-121.58602702363213,test
9865,39.41713173854084,-115.08120946824582,test
9866,36.560254102907194,-115.24184485592568,test
9867,33.035497625835276,-119.63837304580295,train
9868,40.82653191081381,-119.50902849486717,test
9869,41.8545673804737,-118.59646022541138,test
9870,38.53891424019988,-123.57209715194247,test
9871,39.80485973780629,-121.82996109218081,test
9872,37.32205523066668,-118.46035139656648,test
9873,34.771007644686875,-121.1287767526664,train
9874,41.1672791395483,-122.23994117046198,test
9875,39.04868044751849,-117.76570993096331,test
9876,37.7248921802055,-118.600046974722,test
9877,38.98933882097684,-121.06787924622854,test
9878,37.37732741824777,-114.77549595951874,test
9879,33.082901159516894,-116.42201939251319,test
9880,38.78437763376442,-118.29377958869912,test
9881,32.5794039023227,-122.28041026182692,train
9882,34.61667464299453,-117.7581238028754,val
9883,34.00712366126731,-117.34941590431956,test
9884,35.75095775876084,-118.4471423181626,test
9885,41.13174910703016,-117.8626294129246,test
9886,33.28477437121045,-122.76742406806076,train
9887,35.91463722928975,-120.9862201000914,test
9888,39.72305167592106,-115.25641991733735,test
9889,40.70347763096365,-123.02637531240141,test
9890,39.50114292768668,-118.36028451953084,test
9891,41.67055414800756,-115.18517355381606,test
9892,39.12033802052621,-124.29405380318029,test
9893,39.583264279781936,-114.46897703662965,test
9894,36.52698145425459,-115.332743966819,test
9895,35.390444548078264,-117.06767477185835,test
9896,36.90395934841327,-117.12882165002006,test
9897,39.80217383351756,-115.4937739888857,test
9898,38.68799115429628,-122.67706745102535,test
9899,39.83988334013135,-117.22367580660868,test
9900,38.473244965886366,-120.89909966292625,test
9901,39.47246976306645,-115.41216386547293,test
9902,34.00418612341208,-118.9413567822079,test
9903,35.595046310099434,-116.54442988364472,test
9904,37.8444860338197,-122.7179640174576,test
9905,32.68670400601887,-121.9445707225975,train
9906,41.16945473955424,-115.79848644531603,test
9907,34.79796867051228,-120.36513256856597,test
9908,33.36811581359389,-118.99812767723243,train
9909,38.82044951633289,-116.9597226852607,test
9910,34.36470877599175,-122.69053049554684,train
9911,37.851521734026065,-121.32097859954715,test
9912,34.88780909716225,-121.08256216629474,train
9913,34.10146617355461,-114.98904296477818,test
9914,39.49041291484119,-123.02146032863106,test
9915,36.20789037831564,-120.61170867504728,test
9916,37.96992988224446,-114.54944455032322,test
9917,34.57669870860303,-115.83249024842355,test
9918,37.76136582076378,-117.52751120250103,test
9919,36.51905221832418,-118.78051125137983,test
9920,33.01509549466746,-115.79268747515326,test
9921,39.411771500342475,-114.6826529870963,test
9922,37.7608902656467,-114.91282289597062,test
9923,41.31190841739637,-117.85062907751836,test
9924,40.18128617830121,-116.93558074691992,test
9925,37.93849893780754,-116.44659248654737,test
9926,32.93777442573528,-116.09562862964603,test
9927,39.65066919313033,-116.88203324541222,test
9928,37.72944857856771,-122.58472497337794,test
9929,40.437748510772174,-116.60872711230891,test
9930,38.00124533107617,-120.41520844416978,test
9931,32.5492002306815,-122.38007783839936,train
9932,40.24721769438149,-123.38289153525447,test
9933,40.09912337870014,-121.96236353797326,test
9934,33.47134317349143,-119.2050988942794,test
9935,39.00580821946669,-121.89467889210353,test
9936,37.51217317289774,-117.57446740856238,test
9937,38.11651487985705,-114.49710760979421,test
9938,40.95217538332014,-123.98587864869896,test
9939,34.893413984859535,-123.09296153082963,train
9940,32.654624191378986,-121.89052984909846,train
9941,34.505083244142526,-116.14703073350353,test
9942,41.19624355372139,-121.64320182692097,test
9943,34.53217727701207,-122.46534624228816,val
9944,38.91761536347099,-122.86394853407371,test
9945,40.008323435258774,-122.89434725694709,test
9946,40.23110128959291,-117.01866821702679,test
9947,32.62883898949244,-117.1392592721009,val
9948,32.619040834092814,-121.23223313056742,train
9949,41.89592570858835,-119.80625095595583,test
9950,37.52473179847021,-117.96334927393715,test
9951,33.13327075854603,-114.3871426131486,test
9952,32.78388009764662,-116.77815798293499,test
9953,40.20800353406875,-116.1607700952751,test
9954,41.09992500080783,-114.35960969309136,test
9955,37.496943959779465,-120.51088864884824,test
9956,36.05013223032355,-123.7275814178138,test
9957,39.18131690960386,-116.73946720418465,test
9958,32.742017644832416,-123.19149687233126,train
9959,41.042732333774595,-119.91808141055257,test
9960,34.95517704420825,-116.8273668952813,test
9961,34.337905923045234,-118.68336606342207,test
9962,35.47320363115159,-120.6547311197525,test
9963,33.13350071033191,-119.13702386840612,val
9964,36.21913706092247,-121.91172451181129,test
9965,39.29866210216786,-123.67563036084418,test
9966,37.248014241306954,-120.18725602228658,test
9967,38.85576144240558,-123.83877656773954,test
9968,34.55442042740321,-114.33973867438029,test
9969,36.29802252413723,-119.82487158347087,test
9970,37.44948869221754,-115.34278418124048,test
9971,37.9521287271367,-114.62706815670141,test
9972,34.295174703122036,-119.8069907620513,test
9973,40.178626709841325,-120.10610722515611,test
9974,33.384347611901994,-115.22878676303455,test
9975,33.460780265352845,-124.08242914450872,train
9976,34.89466585560516,-119.41693209156762,test
9977,38.72597443631764,-121.67058325198981,test
9978,33.26001543186549,-116.67906056523888,test
9979,32.60316140468629,-115.81338839588854,test
9980,37.00155952081914,-118.04778072715642,test
9981,35.812842392523315,-120.24450637239553,test
9982,34.01438759559059,-118.71795021329683,train
9983,38.74159905577083,-118.52058873713248,test
9984,38.60435549656758,-117.89176609940617,test
9985,33.68432540769174,-114.93218991087568,test
9986,34.70621867185623,-121.87153929294485,train
9987,35.98635414695604,-122.36179657279973,test
9988,41.905677888627764,-122.47877526372325,test
9989,39.808552640970206,-117.25132792259781,test
9990,35.72295573957149,-115.11059594837991,test
9991,41.672696175150456,-121.07080133118174,test
9992,36.838207075323034,-120.10284971353909,test
9993,36.13174348239332,-114.45798685812105,test
9994,41.4723863925244,-122.94215602869369,test
9995,39.50158181176527,-115.37178958063836,test
9996,37.718085167326024,-114.54976954619946,test
9997,38.218596403114276,-116.19710516804003,test
9998,41.74251559753148,-120.9716555983041,test
9999,33.97797767816394,-117.7015787600226,train
